# Module Gain Results (Run: 0972)
# LMS Entries: 10001, Sample Rate: 1.00 Hz
# Current Run Time: 2.78 hours 
# Cumulative Time: 5.56 hours (total time up to this run)
# Formula: Gain = (Module LMS Mean - Module Pedestal Mean) × RefPMT Alpha Signal / RefPMT LMS Signal
# Reference PMT Params:
# RefPMT1: AlphaSignal=4461.52, AlphaError=5.06, LMSSignal=2344.11, LMSError=0.90, Valid=Yes
# RefPMT2: AlphaSignal=1949.57, AlphaError=1.11, LMSSignal=2342.80, LMSError=0.82, Valid=Yes
# RefPMT3: AlphaSignal=5503.74, AlphaError=3.00, LMSSignal=1360.23, LMSError=0.84, Valid=Yes
# G module
# module name	module signal(LMS-Pedestal)	signal error	gain1(RefPMT1)	gain1 error	gain2(RefPMT2)	gain2 error	gain3(RefPMT3)	gain3 error	LMS entries
G1	4857.304358	1.412478	9244.866686	11.404051	4042.027730	2.939469	19653.604519	17.180639	10001
G2	4280.113340	1.428330	8146.303857	10.137029	3561.715621	2.654998	17318.176643	15.402279	10001
G3	6675.398907	1.797827	12705.230808	15.610537	5554.963310	3.993514	27009.971058	23.424821	10001
G4	5140.281338	1.484507	9783.454400	12.063840	4277.508300	3.107312	20798.584787	18.167782	10001
G5	5223.206893	1.788622	9941.285915	12.394195	4346.515175	3.257161	21134.117822	18.866025	10001
G6	5185.573107	1.503325	9869.657845	12.172698	4315.198050	3.136593	20981.844154	18.335549	10001
G7	3831.861752	1.285996	7293.150365	9.079101	3188.701040	2.379651	15504.462947	13.800255	10001
G8	7126.915449	1.732487	13564.598458	16.592056	5930.694837	4.207825	28836.895394	24.784787	10001
G9	5016.072359	1.236457	9547.048492	11.684347	4174.147238	2.966460	20296.010938	17.463743	10001
G10	5581.698371	1.304126	10623.599740	12.975088	4644.835475	3.280733	22584.644534	19.351825	10001
G11	5966.936438	1.465469	11356.820126	13.897215	4965.413071	3.527244	24143.393186	20.768011	10001
G12	4658.662912	1.366158	8866.794087	10.942832	3876.727355	2.823079	18849.862335	16.493490	10001
G13	3267.134751	1.234157	6218.310196	7.815776	2718.760919	2.082988	13219.466925	11.987587	10001
G14	2965.167005	0.973713	5643.577516	7.014702	2467.477098	1.833474	11997.646299	10.646530	10001
G15	5861.134779	1.295716	11155.448715	13.598523	4877.369743	3.425178	23715.298958	20.241357	10001
G16	-383.574817	0.015176	-730.054736	-0.875658	-319.193514	-0.213135	-1552.018817	-1.280939	10001
G17	6631.650187	2.111732	12621.964234	15.655792	5518.557615	4.076626	26832.955168	23.713639	10001
G18	5876.265746	2.224121	11184.247357	14.059949	4889.961045	3.748253	23776.521811	21.568231	10001
G19	4676.438811	1.485706	8900.626805	11.038319	3891.519650	2.873486	18921.787101	16.717153	10001
G20	4689.679275	1.471775	8925.827270	11.060779	3902.537762	2.875160	18975.360612	16.738235	10001
G21	5001.537778	1.236657	9519.384946	11.651943	4162.052222	2.958958	20237.201179	17.417531	10001
G22	6677.438469	1.608607	12709.112688	15.540132	5556.660540	3.938298	27018.223524	23.205014	10001
G23	792.653077	0.564604	1508.649960	2.103721	659.609833	0.643470	3207.229556	3.494235	10001
G24	5281.132915	1.473733	10051.536026	12.371839	4394.718575	3.175679	21368.497846	18.597816	10001
G25	5386.780857	1.504994	10252.614871	12.620103	4482.633988	3.239780	21795.970110	18.972171	10001
G26	6648.753688	1.600316	12654.517184	15.472857	5532.790370	3.920989	26902.159282	23.103763	10001
G27	3240.479033	1.357498	6167.576593	7.832067	2696.579244	2.122928	13111.612672	12.124583	10001
G28	2469.373634	1.184705	4699.938147	6.068683	2054.900408	1.687604	9991.569240	9.530222	10001
G29	6364.877564	2.296276	12114.218137	15.165788	5296.561574	4.014408	25753.540902	23.174938	10001
G30	5780.162544	1.522504	11001.334938	13.502885	4809.988332	3.447379	23387.669439	20.240757	10001
G31	3309.497355	1.503482	6298.938586	8.075127	2754.013152	2.221515	13390.874317	12.604492	10001
G32	5007.879343	1.268686	9531.454793	11.678566	4167.329383	2.971620	20262.860392	17.475422	10001
G33	3146.837821	0.896462	5989.350058	7.379917	2618.655287	1.898212	12732.721992	11.105757	10001
G34	930.982046	0.702654	1771.930327	2.510104	774.720909	0.780101	3766.935649	4.210308	10001
G35	4863.624737	1.165181	9256.896210	11.316495	4047.287262	2.866698	19679.178010	16.894433	10001
G36	3344.359396	1.069927	6365.291216	7.897695	2783.023756	2.057641	13531.932959	11.966120	10001
G37	3972.041065	1.247134	7559.952478	9.368481	3305.351888	2.435393	16071.655896	14.177697	10001
G38	4001.234021	1.362100	7615.515186	9.490356	3329.644938	2.492084	16189.776313	14.439807	10001
G39	4560.345792	1.480272	8679.667935	10.779781	3794.912320	2.813511	18452.052014	16.348338	10001
G40	6476.274894	2.268710	12326.239741	15.394551	5389.261364	4.058133	26204.276310	23.471977	10001
G41	5967.667035	1.748640	11358.210666	14.016954	4966.021041	3.615852	24146.349326	21.126000	10001
G42	4385.309799	1.495020	8346.523397	10.402459	3649.255329	2.732120	17743.822116	15.829232	10001
G43	4610.986955	1.258248	8776.052836	10.789763	3837.053592	2.763638	18656.956075	16.201282	10001
G44	1673.882789	0.993173	3185.887086	4.261405	1392.929113	1.243023	6772.857518	6.879243	10001
G45	3646.946858	1.211214	6941.203397	8.634472	3034.823277	2.260074	14756.261078	13.114969	10001
G46	4590.811072	1.217277	8737.652246	10.727771	3820.264140	2.740500	18575.320501	16.085875	10001
G47	4467.798372	1.406595	8503.523206	10.539615	3717.898567	2.740710	18077.587031	15.952726	10001
G48	7823.751936	7.331367	14890.881506	22.657579	6510.570463	7.486839	31656.432267	39.509806	10001
G49	3450.647787	1.072254	6567.589020	8.133357	2871.472120	2.111764	13961.996601	12.300630	10001
G50	6002.331896	1.462824	11424.188005	13.975338	4994.867561	3.544916	24286.610140	20.878154	10001
G51	4204.413967	1.307286	8002.225875	9.910409	3498.722047	2.573345	17011.882158	14.988756	10001
G52	3223.041977	1.106598	6134.388790	7.649507	2682.068919	2.010977	13041.058929	11.646022	10001
G53	4810.813092	1.541071	9156.380249	11.361701	4003.339814	2.960607	19465.491753	17.216017	10001
G54	2626.856501	0.837834	4999.673968	6.202064	2185.950485	1.615275	10628.775754	9.395167	10001
G55	2843.417854	1.088517	5411.853377	6.810441	2366.162993	1.818789	11505.025394	10.457346	10001
G56	4261.879401	1.494626	8111.599354	10.131658	3546.542167	2.671195	17244.398556	15.448940	10001
G57	772.518830	0.614231	1470.328617	2.115068	642.855029	0.666986	3125.762451	3.580059	10001
G58	2341.360221	1.146824	4456.291291	5.770873	1948.373469	1.611637	9473.601905	9.084441	10001
G59	5310.681623	1.575884	10107.775835	12.482796	4419.307666	3.224430	21488.057706	18.827140	10001
G60	4843.550436	1.753113	9218.688962	11.544002	4030.582342	3.057145	19597.953458	17.644930	10001
G61	4120.335107	1.370635	7842.199285	9.756380	3428.755444	2.554258	16671.682627	14.820673	10001
G62	6840.503389	2.101532	13019.472784	16.111984	5692.355749	4.177894	27678.016119	24.350352	10001
G63	4635.511991	1.380001	8822.731131	10.897850	3857.462211	2.816008	18756.189172	16.439694	10001
G64	5933.465748	1.669086	11293.115642	13.905793	4937.560285	3.572237	24007.964220	20.912381	10001
G65	6548.397841	1.929489	12463.510742	15.385825	5449.278800	3.971308	26496.099874	23.196346	10001
G66	6455.520372	1.454394	12286.737833	14.987070	5371.990395	3.779737	26120.299449	22.322902	10001
G67	4251.820336	1.207166	8092.454020	9.969513	3538.171471	2.563418	17203.697609	15.000055	10001
G68	3903.851713	1.001976	7430.168255	9.109072	3248.607811	2.320363	15795.748425	13.638345	10001
G69	7094.689805	1.757336	13503.263660	16.529507	5903.878122	4.198195	28706.504130	24.710445	10001
G70	6113.048898	1.334383	11634.914747	14.177153	5087.001213	3.567960	24734.592809	21.093604	10001
G71	4206.391422	1.205213	8005.989549	9.867815	3500.367595	2.539612	17019.883328	14.854266	10001
G72	4105.610070	1.178380	7814.173246	9.632296	3416.501938	2.479437	16612.102244	14.501087	10001
G73	5769.081645	1.613464	10980.244757	13.516471	4800.767313	3.470242	23342.833954	20.320787	10001
G74	5922.518129	2.439265	11272.279130	14.288374	4928.450174	3.861614	23963.668009	22.083620	10001
G75	4236.023629	1.241917	8062.388280	9.949949	3525.026170	2.566865	17139.781040	14.996772	10001
G76	6345.159286	2.135304	12076.688504	15.037030	5280.152920	3.942636	25673.756889	22.860672	10001
G77	7648.111539	5.126775	14556.586608	19.993149	6364.410514	6.016444	30945.756826	32.880665	10001
G78	4384.855830	1.553156	8345.659362	10.432275	3648.877557	2.754263	17741.985268	15.919217	10001
G79	3823.158328	1.292498	7276.585212	9.063331	3181.458447	2.377783	15469.247191	13.783330	10001
G80	3648.792060	1.221416	6944.715355	8.643732	3036.358771	2.264788	14763.727128	13.136153	10001
G81	3207.997555	0.876596	6105.754867	7.507257	2669.549635	1.923121	12980.186252	11.273224	10001
G82	7463.494937	2.541348	14205.207378	17.702669	6210.780976	4.648716	30198.761909	26.935512	10001
G83	5030.159303	1.696489	9573.860054	11.922600	4185.869752	3.126940	20353.009471	18.128608	10001
G84	6775.501088	1.657259	12895.754449	15.777803	5638.263791	4.003261	27415.004081	23.574400	10001
G85	4543.157377	1.302759	8646.953369	10.658305	3780.608903	2.743282	18382.504321	16.044910	10001
G86	3714.300589	1.532410	7069.397189	8.962564	3090.871988	2.422957	15028.787462	13.854472	10001
G87	3250.167131	1.234038	6186.015868	7.778792	2704.641238	2.074756	13150.812614	11.935956	10001
G88	4448.882968	1.542678	8467.521676	10.566897	3702.158028	2.781640	18001.051602	16.099178	10001
G89	4736.730197	2.158382	9015.378896	11.561958	3941.691399	3.182610	19165.737856	18.052968	10001
G90	3576.026660	1.188883	6806.221579	8.467184	2975.806715	2.216578	14469.304072	12.861779	10001
G91	5279.166458	1.376147	10047.793286	12.326671	4393.082180	3.144195	21360.541178	18.468746	10001
G92	4446.434017	1.532826	8462.860609	10.556332	3700.120123	2.776659	17991.142669	16.076228	10001
G93	3222.669565	1.277231	6133.679981	7.744414	2681.759014	2.079654	13039.552077	11.927384	10001
G94	3149.676575	1.161040	5994.753034	7.518525	2621.017568	1.996415	12744.208146	11.508649	10001
G95	4816.761221	1.294128	9167.701274	11.262777	4008.289576	2.880622	19489.559050	16.898700	10001
G96	4186.160099	1.031411	7967.483441	9.750983	3483.532008	2.475521	16938.023434	14.573807	10001
G97	5771.884737	1.741920	10985.579857	13.580309	4803.099918	3.514399	23354.175811	20.502459	10001
G98	5775.796525	1.774537	10993.025131	13.604243	4806.355130	3.527652	23370.003671	20.560428	10001
G99	5374.082116	1.955731	10228.445463	12.814300	4472.066673	3.396221	21744.588517	19.594915	10001
G100	3811.792258	1.303488	7254.952266	9.044089	3172.000121	2.376322	15423.257846	13.765236	10001
G101	6340.713112	1.384156	12068.226137	14.705170	5276.453015	3.700859	25655.766795	21.879259	10001
G102	5459.450386	1.273708	10390.926175	12.690238	4543.106263	3.208369	22090.005250	18.925943	10001
G103	5816.006328	1.736179	11069.556113	13.675310	4839.815899	3.534753	23532.700410	20.632804	10001
G104	3691.129446	1.379957	7025.295747	8.821897	3071.590017	2.347439	14935.032482	13.519178	10001
G105	5604.590697	1.528854	10667.170514	13.114584	4663.885428	3.358997	22677.271371	19.691761	10001
G106	4569.738943	1.496046	8697.545840	10.808339	3802.728873	2.823958	18490.058542	16.400944	10001
G107	-364.684481	0.012113	-694.100917	-0.832400	-303.473836	-0.202533	-1475.584817	-1.217442	10001
G108	3416.486127	1.191962	6502.569420	8.118627	2843.044341	2.138940	13823.771838	12.374684	10001
G109	5903.198452	1.709251	11235.508150	13.856317	4912.373218	3.569960	23885.496813	20.870145	10001
G110	6047.313710	1.908522	11509.801514	14.267969	5032.299380	3.711296	24468.615367	21.599263	10001
G111	3469.207672	1.296856	6602.913894	8.291422	2886.916812	2.206249	14037.093530	12.706141	10001
G112	2990.789907	0.966365	5692.345370	7.067451	2488.799311	1.843558	12101.321576	10.715091	10001
G113	4578.071238	1.430873	8713.404629	10.794721	3809.662630	2.804656	18523.772641	16.331444	10001
G114	5535.123414	1.563103	10534.954015	12.974874	4606.077915	3.334383	22396.193139	19.516377	10001
G115	3562.054092	1.269095	6779.627706	8.478691	2964.179379	2.240326	14412.768324	12.943859	10001
G116	3693.266032	1.210416	7029.362293	8.735965	3073.367987	2.282806	14943.677526	13.257212	10001
G117	3846.995576	1.028524	7321.954445	8.993126	3201.294720	2.299093	15565.697361	13.490135	10001
G118	2736.674746	0.931322	5208.690114	6.490847	2277.336234	1.704367	11073.121878	9.875759	10001
G119	2460.569295	0.990806	4683.180921	5.922404	2047.573837	1.594536	9955.945158	9.134339	10001
G120	4230.474175	1.125731	8051.826050	9.887385	3520.408166	2.526628	17117.326860	14.828242	10001
G121	4155.429978	1.032140	7908.995060	9.682595	3457.959799	2.459752	16813.683347	14.476476	10001
G122	2337.838923	0.827957	4449.589233	5.562026	1945.443204	1.468420	9459.354043	8.487321	10001
G123	3780.533770	1.039678	7195.458248	8.849904	3145.988229	2.268443	15296.779884	13.293645	10001
G124	2805.255128	0.896172	5339.218580	6.623972	2334.405708	1.725491	11350.611532	10.035325	10001
G125	2753.501953	0.868868	5240.717195	6.496520	2291.339069	1.689804	11141.208051	9.834525	10001
G126	5100.460032	1.567448	9707.662843	12.013752	4244.370821	3.115319	20637.459987	18.156958	10001
G127	3822.784018	0.956956	7275.872791	8.910378	3181.146963	2.265016	15467.732659	13.326336	10001
G128	3763.832454	1.089205	7163.670774	8.834410	3132.090154	2.275979	15229.203089	13.305834	10001
G129	2689.219681	0.787089	5118.369286	6.316075	2237.846287	1.629115	10881.109392	9.518821	10007
G130	3998.226370	1.071612	7609.790750	9.347760	3327.142108	2.390297	16177.606768	14.023770	10001
G131	5281.013571	1.139769	10051.308880	12.243122	4394.619263	3.078984	21368.014958	18.209208	10001
G132	4939.582564	1.388737	9401.466106	11.576173	4110.495911	2.973621	19986.518252	17.408454	10001
G133	2984.888735	0.990816	5681.113719	7.066728	2483.888624	1.849594	12077.444278	10.733326	10001
G134	2647.651308	0.968684	5039.252550	6.316083	2203.254978	1.675277	10712.915617	9.662274	10001
G135	3264.890478	0.990645	6214.038691	7.684236	2716.893338	1.989765	13210.386158	11.604719	10001
G136	4501.154523	1.218221	8567.009688	10.528522	3745.656038	2.694650	18212.552548	15.802633	10001
G137	3738.614327	1.156143	7115.673324	8.809444	3111.104776	2.286034	15127.165610	13.319188	10001
G138	5775.511212	1.495559	10992.482098	13.481599	4806.117706	3.436797	23368.849241	20.193040	10001
G139	2967.153257	1.002721	5647.357932	7.033852	2469.129966	1.845252	12005.683062	10.696650	10001
G140	3547.094108	0.982344	6751.154494	8.306372	2951.730361	2.130557	14352.237300	12.481607	10017
G141	4277.581695	1.397002	8141.485398	10.115628	3559.608901	2.642169	17307.933111	15.347314	10001
G142	5186.536238	1.514289	9871.490965	12.179755	4315.999525	3.140732	20985.741172	18.353343	10001
G143	4880.919626	1.314869	9289.813426	11.414255	4061.679282	2.920083	19749.156515	17.128186	10001
G144	3100.058306	0.956800	5900.314999	7.303900	2579.727502	1.894923	12543.442914	11.041608	10001
G145	4155.103986	1.302987	7908.374601	9.799472	3457.688523	2.547060	16812.364318	14.828779	10001
G146	6635.199800	2.197933	12628.720184	15.706519	5521.511442	4.109820	26847.317600	23.852519	10001
G147	3750.239273	1.448592	7137.798985	8.989938	3120.778526	2.404212	15174.202415	13.814506	10001
G148	3849.817874	1.366783	7327.326102	9.161031	3203.643308	2.419418	15577.116932	13.981787	10001
G149	5644.363562	1.544191	10742.869874	13.209549	4696.982597	3.384251	22838.200168	19.837215	10001
G150	4607.689237	1.303872	8769.776316	10.802045	3834.309381	2.776561	18643.612861	16.249832	10001
G151	5287.462772	1.612121	10063.583591	12.448198	4399.985995	3.225095	21394.109689	18.804642	10001
G152	2443.656134	0.870884	4650.990244	5.816727	2033.499474	1.537018	9887.511198	8.880211	10001
G153	2944.179734	1.178427	5603.632618	7.082117	2450.012445	1.904877	11912.727689	10.917032	10001
G154	5878.153802	1.606425	11187.840880	13.755959	4891.532200	3.523881	23784.161259	20.656675	10001
G155	5000.698582	1.460378	9517.787710	11.743502	4161.353880	3.028313	20233.805626	17.696198	10001
G156	2623.773932	0.903719	4993.806940	6.228724	2183.385312	1.638167	10616.303078	9.485126	10001
G157	5712.242505	1.521239	10872.063296	13.351045	4753.468365	3.411979	23112.851661	20.023494	10001
G158	4497.289305	1.348202	8559.653051	10.577199	3742.439580	2.735222	18196.913120	15.962381	10001
G159	3721.194289	1.088052	7082.517911	8.739351	3096.608612	2.253919	15056.680723	13.170161	10001
G160	3808.477724	1.157823	7248.643741	8.964669	3169.241916	2.321823	15409.846591	13.539978	10001
G161	4580.077715	1.364146	8717.223538	10.767825	3811.332329	2.782553	18531.891237	16.243989	10001
G162	2661.948631	1.061531	5066.464525	6.400855	2215.152560	1.720593	10770.765385	9.863582	10001
G163	3858.527822	1.111276	7343.903674	9.054301	3210.891331	2.331478	15612.359089	13.633468	10001
G164	3261.187257	1.007920	6206.990380	7.684188	2713.811685	1.993900	13195.402198	11.617479	10001
G165	3756.047582	1.273938	7148.853892	8.906371	3125.611937	2.337600	15197.703972	13.547728	10001
G166	4214.315449	1.227871	8021.071284	9.895496	3506.961610	2.551144	17051.945494	14.909534	10001
G167	5030.146530	1.464673	9573.835744	11.810720	4185.859124	3.044711	20352.957791	17.794598	10001
G168	4593.689601	1.279498	8743.130928	10.760366	3822.659522	2.761531	18586.967596	16.173833	10001
G169	4568.163654	1.143707	8694.547607	10.647817	3801.417990	2.706703	18483.684616	15.924940	10001
G170	2428.088959	0.903391	4621.361372	5.800726	2020.545179	1.542411	9824.523362	8.885863	10001
G171	4316.365882	1.159437	8215.303016	10.092625	3591.883337	2.581288	17464.861525	15.142845	10001
G172	4444.197076	1.277154	8458.603058	10.427372	3698.258642	2.684440	17982.091568	15.699104	10001
G173	3624.266061	1.199608	6898.035226	8.578707	3015.949349	2.244509	14664.490132	13.027256	10001
G174	3874.906525	1.316565	7375.077121	9.189411	3224.520942	2.412446	15678.630528	13.980007	10001
G175	4276.339068	1.250737	8139.120316	10.043291	3558.574844	2.590291	17302.905198	15.135438	10001
G176	3850.863962	1.233752	7329.317114	9.094680	3204.513816	2.369915	15581.349612	13.781008	10001
G177	2782.053856	1.506564	5295.059793	6.965269	2315.098665	1.988224	11256.734642	11.102986	10001
G178	5204.529400	1.475188	9905.737199	12.202309	4330.972615	3.137001	21058.545028	18.357880	10001
G179	3358.295648	1.313320	6391.815968	8.059849	2794.620871	2.159702	13588.321763	12.398550	10001
G180	3191.342032	0.948406	6074.054549	7.501919	2655.689666	1.938132	12912.794743	11.315709	10001
G181	3631.443304	1.146186	6911.695612	8.568042	3021.921925	2.228691	14693.530662	12.970626	10001
G182	3026.719023	0.830200	5760.728955	7.084365	2518.697887	1.815441	12246.697813	10.640197	10001
G183	2703.288165	1.005555	5145.145713	6.458053	2249.553439	1.717136	10938.033232	9.892610	10001
G184	4381.713163	1.127837	8339.677949	10.225374	3646.262372	2.605354	17729.269420	15.311651	10001
G185	3019.457261	1.061935	5746.907705	7.179696	2512.654979	1.893661	12217.315303	10.950061	10001
G186	2314.283558	0.918813	4404.756505	5.562424	1925.841501	1.494135	9364.044425	8.568174	10001
G205	5283.048800	1.407588	10055.182515	12.348172	4396.312888	3.155818	21376.249894	18.519820	10001
G206	4538.245499	1.185095	8637.604633	10.597492	3776.521462	2.703546	18362.629903	15.879242	10001
G207	5454.651935	1.696511	10381.793324	12.857633	4539.113211	3.338735	22070.589780	19.446555	10001
G208	3406.892949	1.107905	6484.310804	8.054256	2835.061334	2.102630	13784.955960	12.216363	10001
G209	3605.468861	1.262394	6862.258672	8.570105	3000.307175	2.258994	14588.432980	13.066294	10001
G210	3453.051816	1.285925	6572.164589	8.250043	2873.472644	2.193987	13971.723775	12.638809	10001
G211	1856.438437	0.557732	3533.343723	4.366726	1544.843619	1.129486	7511.513418	6.590791	10001
G212	4461.696720	1.468221	8491.909982	10.556591	3712.821050	2.759965	18052.898552	16.024472	10001
G213	4787.311739	1.254279	9111.650320	11.180780	3983.783057	2.853181	19370.400678	16.755791	10001
G214	3642.875171	1.104274	6933.453790	8.573365	3031.435005	2.219759	14739.786237	12.946745	10001
G215	4660.009650	1.348495	8869.357321	10.937880	3877.848049	2.817878	18855.311498	16.473915	10001
G216	2380.401185	0.934456	4530.597631	5.715024	1980.861583	1.532324	9631.569292	8.794424	10001
G235	4079.281880	1.468953	7764.063022	9.718327	3394.592816	2.571769	16505.573230	14.848489	10001
G236	2353.746434	0.992342	4479.865865	5.692856	1958.680711	1.544807	9523.718947	8.818384	10001
G237	1952.223288	0.982871	3715.650226	4.831161	1624.551414	1.357032	7899.077678	7.630241	10001
G238	4577.988294	1.469160	8713.246761	10.813152	3809.593607	2.818288	18523.437031	16.386746	10001
G239	3713.042680	1.210621	7067.003021	8.779601	3089.825214	2.292730	15023.697717	13.318842	10001
G240	4079.372517	1.693396	7764.235532	9.849917	3394.668240	2.665656	16505.939969	15.235025	10001
G241	3229.361309	0.907669	6146.416320	7.568071	2687.327579	1.943991	13066.628181	11.380838	10001
G242	3428.122446	1.114007	6524.716727	8.104045	2852.727556	2.115440	13870.854661	12.291296	10001
G243	4564.644881	1.231974	8687.850355	10.675595	3798.489826	2.731586	18469.446970	16.021211	10001
G244	2851.852461	0.904442	5427.906894	6.730769	2373.181889	1.751781	11539.153467	10.192378	10001
G245	3744.377975	1.025123	7126.643225	8.763308	3115.901021	2.245287	15150.486455	13.160615	10001
G246	4180.886695	1.627429	7957.446616	10.029588	3479.143721	2.685519	16916.686209	15.422368	10001
G265	3818.390564	1.124749	7267.510766	8.971366	3177.490930	2.315566	15449.955881	13.525393	10001
G266	896.213024	0.610000	1705.754740	2.351449	745.787710	0.710486	3626.253379	3.876683	10001
G267	3128.367204	1.207169	5954.195088	7.498500	2603.284880	2.005034	12657.986260	11.521673	10001
G268	1122.243682	0.758962	2135.956997	2.939922	933.880142	0.886776	4540.817678	4.841849	10001
G269	3981.724977	1.564658	7578.383786	9.560526	3313.410399	2.563805	16110.838901	14.713292	10001
G270	5568.943525	1.619764	10599.323550	13.075002	4634.221473	3.370242	22533.035933	19.698222	10001
G271	3655.651372	0.900132	6957.770626	8.515031	3042.066778	2.161636	14791.481246	12.726221	10001
G272	3195.256667	0.888889	6081.505241	7.484171	2658.947247	1.920500	12928.634122	11.248696	10001
G273	2852.637140	0.829751	5429.400367	6.697562	2373.834863	1.726388	11542.328432	10.090280	10001
G274	2657.443314	0.817585	5057.889593	6.259841	2211.403440	1.623463	10752.535990	9.461435	10001
G275	2618.553987	0.996911	4983.871863	6.268666	2179.041511	1.672671	10595.182159	9.620964	10001
G276	3671.413543	1.110113	6987.770633	8.639218	3055.183339	2.236181	14855.258076	13.044248	10001
G295	4973.371995	1.253350	9465.777247	11.595505	4138.613938	2.949199	20123.236906	17.347187	10001
G296	4763.658836	1.257375	9066.631948	11.129329	3964.100186	2.841922	19274.696399	16.684432	10001
G297	5855.748358	1.718470	11145.196784	13.755264	4872.887408	3.548919	23693.504442	20.733358	10001
G298	4056.528662	1.721222	7720.757014	9.818224	3375.658623	2.667272	16413.509258	15.218200	10001
G299	4091.057518	1.104142	7786.475495	9.567984	3404.391966	2.448177	16553.219768	14.358975	10001
G300	3524.607809	1.235598	6708.356511	8.378710	2933.018286	2.208917	14261.253333	12.775651	10001
G301	4520.480402	1.027551	8603.792472	10.497917	3761.738156	2.649200	18290.748839	15.641379	10001
G302	2441.969188	1.108284	4647.779495	5.957638	2032.095675	1.638674	9880.685487	9.298319	10001
G303	2880.830840	0.916756	5483.061199	6.800685	2397.296377	1.770699	11656.405660	10.300490	10001
G304	1656.379541	0.750736	3152.573301	4.040366	1378.363706	1.111035	6702.035950	6.305050	10001
G305	2760.288271	0.869647	5253.633538	6.511872	2296.986335	1.693484	11168.666823	9.856793	10001
G306	2363.834956	0.856342	4499.067265	5.634324	1967.075921	1.492303	9564.539083	8.612622	10001
G325	5135.790432	1.626804	9774.906897	12.120222	4273.771173	3.154009	20780.413704	18.352195	10001
G326	3734.811812	1.284734	7108.436028	8.865404	3107.940495	2.331214	15111.779888	13.499010	10001
G327	4062.746398	1.161840	7732.591178	9.529857	3380.832740	2.452159	16438.667434	14.344063	10001
G328	3922.663249	1.298018	7465.972095	9.284837	3264.261916	2.429174	15871.863585	14.099291	10001
G329	4738.126040	1.345330	9018.035592	11.109826	3942.852956	2.856642	19171.385709	16.715823	10001
G330	5937.727806	1.494703	11301.227582	13.843261	4941.106976	3.520567	24025.209344	20.708891	10001
G331	4389.263807	1.168395	8354.049027	10.258675	3652.545675	2.621591	17759.820806	15.385326	10001
G332	2469.298323	0.967122	4699.794807	5.927134	2054.837737	1.588607	9991.264515	9.118978	10001
G333	3108.804367	0.881629	5916.961303	7.288966	2587.005576	1.873964	12578.831188	10.966257	10001
G334	2351.311292	0.789533	4475.231081	5.571343	1956.654297	1.460361	9513.865887	8.468767	10001
G335	3245.114420	0.966461	6176.399084	7.629274	2700.436601	1.971492	13130.368353	11.509222	10001
G336	2152.415972	0.946853	4096.675285	5.231264	1791.142660	1.430461	8709.096478	8.137903	10001
G355	4532.729777	1.224517	8627.106604	10.601437	3771.931528	2.712849	18340.312209	15.910650	10001
G356	7009.508813	1.705689	13341.139393	16.319383	5832.994375	4.139004	28361.845159	24.378485	10001
G357	5015.259959	1.508803	9545.502257	11.797879	4173.471196	3.052068	20292.723807	17.808204	10001
G358	4071.239202	1.962755	7748.755461	10.012157	3387.900065	2.786987	16473.030982	15.731864	10001
G359	2738.646058	1.298128	5212.442096	6.719353	2278.976670	1.863997	11081.098194	10.537509	10001
G360	4021.105677	1.209685	7653.336743	9.459218	3346.181226	2.447057	16270.180924	14.278110	10001
G361	3356.690478	1.052380	6388.760861	7.916366	2793.285121	2.057553	13581.826930	11.979055	10001
G362	3033.417299	0.972122	5773.477728	7.164227	2524.271887	1.866934	12273.800349	10.856018	10001
G363	1512.569101	0.711872	2878.860097	3.707583	1258.691200	1.027046	6120.150753	5.809682	10001
G364	2692.584248	1.423732	5124.773037	6.714594	2240.646126	1.906373	10894.723088	10.670175	10001
G365	2674.164013	0.996961	5089.713958	6.389740	2225.317645	1.699544	10820.191210	9.789760	10001
G366	2950.931615	0.814756	5616.483418	6.909252	2455.631054	1.771680	11940.047124	10.380618	10001
G385	3646.204806	1.369206	6939.791056	8.717957	3034.205775	2.321333	14753.258592	13.364755	10001
G386	299.195116	0.368466	569.455558	0.978693	248.976566	0.348652	1210.602025	1.794090	10001
G387	3265.267014	1.131839	6214.755348	7.755378	2717.206673	2.041432	13211.909694	11.815378	10001
G388	4954.805290	1.208694	9430.439393	11.536803	4123.163571	2.926590	20048.112382	17.235833	10001
G389	3965.146360	1.431597	7546.829843	9.448468	3299.614428	2.501295	16043.758569	14.439112	10001
G390	2585.777542	1.075381	4921.488730	6.244776	2151.766445	1.690548	10462.562246	9.660604	10001
G391	2871.163519	0.996128	5464.661469	6.819812	2389.251673	1.795385	11617.289788	10.390721	10001
G392	3083.117431	1.069347	5868.071573	7.323094	2565.630076	1.927801	12474.896816	11.157283	10001
G393	3180.727164	1.385501	6053.851361	7.721537	2646.856457	2.107598	12869.844911	11.999753	10001
G394	3017.428226	0.942153	5743.045860	7.114399	2510.966508	1.848229	12209.105431	10.762780	10001
G395	2770.774928	0.778250	5273.592705	6.493137	2305.712854	1.667764	11211.097893	9.764012	10001
G396	3939.646512	1.006545	7498.296197	9.190758	3278.394615	2.340260	15940.581193	13.757854	10001
G415	6288.002913	1.831533	11967.903258	14.764420	5232.589986	3.806281	25442.491012	22.245185	10001
G416	4908.684182	1.340831	9342.657474	11.486947	4084.783682	2.942491	19861.497346	17.248992	10001
G417	3663.975804	1.440181	6973.614448	8.797806	3048.993992	2.359371	14825.163530	13.539814	10001
G418	3759.110090	1.190529	7154.682736	8.871224	3128.160416	2.308486	15210.095476	13.432486	10001
G419	4229.411339	1.416694	8049.803163	10.019648	3519.523722	2.625519	17113.026418	15.227861	10001
G420	5457.776597	1.315006	10387.740467	12.701743	4541.713412	3.219013	22083.232773	18.966769	10001
G421	6006.301146	1.470026	11431.742644	13.986948	4998.170590	3.549045	24302.670501	20.899125	10001
G422	4159.849011	1.088110	7917.405768	9.714619	3461.637118	2.478681	16831.563620	14.557474	10001
G423	3668.232043	1.059647	6981.715312	8.609174	3052.535840	2.217543	14842.385106	12.965336	10001
G424	3002.715114	0.910664	5715.042517	7.066980	2498.722926	1.829836	12149.573300	10.672242	10001
G425	3190.885710	0.855355	6073.186036	7.460269	2655.309936	1.907677	12910.948377	11.192184	10001
G426	2033.055407	0.611641	3869.497321	4.782558	1691.816227	1.237233	8226.140260	7.218997	10001
G445	5064.442416	1.242324	9639.110816	11.794703	4214.398600	2.993322	20491.725660	17.625142	10001
G446	4835.151030	1.563225	9202.702442	11.426265	4023.592739	2.980780	19563.967816	17.324239	10001
G447	4278.954408	1.226978	8144.098071	10.038473	3560.751211	2.583743	17313.487376	15.111807	10001
G448	3490.237022	1.293426	6642.938879	8.335310	2904.416480	2.215042	14122.182397	12.764362	10001
G449	4292.441476	1.243480	8169.767895	10.075735	3571.974535	2.596059	17368.058695	15.176309	10001
G450	4368.002016	1.674900	8313.581637	10.463653	3634.852579	2.795125	17673.791434	16.069044	10001
G451	2727.619092	0.843470	5191.454563	6.427183	2269.800530	1.667835	11036.480929	9.717376	10001
G452	4281.620356	1.200915	8149.172148	10.032972	3562.969691	2.576612	17324.274324	15.085909	10001
G453	3204.745214	0.967649	6099.564713	7.540467	2666.843185	1.951477	12967.026641	11.384320	10001
G454	4002.658204	1.075799	7618.225822	9.359368	3330.830078	2.393879	16195.538835	14.043072	10001
G455	4990.851174	1.028081	9499.045221	11.554249	4153.159315	2.897494	20193.961084	17.159509	10001
G456	3575.776744	0.997326	6805.745916	8.376566	2975.598746	2.150039	14468.292864	12.591635	10001
G475	5982.413038	1.601872	11386.276608	13.986100	4978.291993	3.576042	24206.014539	20.981368	10001
G476	5441.066862	2.025642	10355.936969	12.999462	4527.808331	3.456870	22015.621915	19.914270	10001
G477	3991.753704	1.472899	7597.471378	9.529441	3321.755849	2.530748	16151.417092	14.587923	10001
G478	3519.526441	1.506669	6698.685186	8.526971	2928.789803	2.320142	14240.693123	13.228337	10001
G479	1862.432645	1.005152	3544.752448	4.660198	1549.831726	1.329220	7535.767155	7.425275	10001
G480	4013.074583	1.400808	7638.051229	9.536681	3339.498116	2.512715	16237.685546	14.536670	10001
G481	3170.166997	1.115128	6033.752284	7.538157	2638.068766	1.988252	12827.116407	11.496909	10001
G482	3885.637975	0.987864	7395.502199	9.062830	3233.451167	2.306727	15722.052074	13.563413	10001
G483	1739.165741	0.656614	3310.139582	4.160303	1447.254615	1.108674	7037.005124	6.380653	10001
G484	3231.303820	0.971276	6150.113486	7.600919	2688.944049	1.966144	13074.487963	11.472564	10001
G485	2683.127137	0.807142	5106.773398	6.311752	2232.776349	1.632814	10856.457767	9.527179	10001
G486	1696.240049	0.591018	3228.439473	4.030379	1411.533808	1.061656	6863.319371	6.142645	10001
G505	5769.830988	1.491135	10981.670974	13.467154	4801.390881	3.432527	23345.865941	20.169602	10001
G506	6478.763847	1.548674	12330.976945	15.073254	5391.332558	3.817718	26214.347101	22.500940	10001
G507	1174.448909	0.696615	2235.318768	2.989745	977.322957	0.872018	4752.050250	4.826158	10001
G508	3335.968623	1.161935	6349.321129	7.926264	2776.041337	2.087784	13497.982251	12.079995	10001
G509	4315.328498	1.343541	8213.328572	10.172697	3591.020074	2.641854	17460.664066	15.386694	10001
G510	4378.085021	1.377381	8332.772537	10.327511	3643.243197	2.685332	17714.589247	15.630996	10001
G511	3078.291129	0.993884	5858.885713	7.273849	2561.613847	1.897222	12455.368653	11.027469	10001
G512	3289.435120	0.852613	6260.754303	7.678757	2737.318272	1.957670	13309.698586	11.501914	10001
G513	2372.704159	0.778201	4515.947946	5.612630	1974.456468	1.466780	9600.425617	8.517840	10001
G514	2978.061662	1.012263	5668.119809	7.062743	2478.207445	1.854244	12049.820605	10.744984	10001
G515	3597.515055	1.164354	6847.120261	8.502152	2993.688380	2.218259	14556.250326	12.891682	10001
G516	2166.557767	0.682896	4123.591245	5.111334	1802.910818	1.329329	8766.316950	7.737068	10001
G535	4272.989315	1.428431	8132.744761	10.121423	3555.787332	2.651503	17289.351444	15.380409	10001
G536	4556.989998	1.362661	8673.280881	10.716024	3792.119781	2.770359	18438.473815	16.169530	10001
G537	5523.353690	1.391103	10512.552799	12.877464	4596.283686	3.275087	22348.570533	19.264526	10001
G538	4512.766256	1.726230	8589.110203	10.808019	3755.318795	2.886028	18259.535896	16.594479	10001
G539	4622.508453	1.177299	8797.981606	10.782329	3846.641259	2.744795	18703.574311	16.138074	10001
G540	2791.981486	1.112738	5313.954968	6.713139	2323.359987	1.804365	11296.903777	10.344264	10001
G541	3710.753251	1.124848	7062.645570	8.733113	3087.920055	2.261120	15014.434239	13.187981	10001
G542	3166.114283	1.053756	6026.038786	7.497195	2634.696281	1.962924	12810.718332	11.389204	10001
G543	3624.272178	1.008150	6898.046870	8.489006	3015.954440	2.178331	14664.514885	12.758905	10001
G544	3313.116076	0.834972	6305.826067	7.724599	2757.024486	1.964679	13405.516369	11.556224	10001
G545	3973.011922	1.099935	7561.800301	9.303606	3306.159791	2.386267	16075.584172	13.979870	10001
G546	3554.588756	1.284573	6765.418997	8.470820	2957.967067	2.242785	14382.562116	12.946021	10001
G565	3655.138276	1.515039	6956.794055	8.824174	3041.639803	2.387451	14789.405161	13.646563	10001
G566	6090.484942	2.026737	11591.968959	14.421792	5068.224516	3.775855	24643.294625	21.908325	10001
G567	4072.415500	1.253056	7750.994299	9.592999	3388.878927	2.487935	16477.790514	14.499437	10001
G568	3485.253234	1.479727	6633.453278	8.436110	2900.269199	2.292047	14102.017016	13.076713	10001
G569	3705.380372	1.515557	7052.419414	8.932912	3083.448989	2.411387	14992.694517	13.797429	10001
G570	4551.817828	1.478412	8663.436732	10.760074	3787.815736	2.808580	18417.546202	16.319113	10001
G571	3560.455937	1.259783	6776.585953	8.470161	2962.849468	2.235901	14406.301879	12.924058	10001
G572	3340.947153	1.072066	6358.796722	7.891225	2780.184242	2.056707	13518.126354	11.958647	10001
G573	2195.404708	0.846241	4178.495386	5.261713	1826.915930	1.406697	8883.037322	8.084030	10001
G574	5205.245229	1.717586	9907.099631	12.318226	4331.568296	3.221645	21061.441413	18.702008	10001
G575	3319.662452	1.012908	6318.285729	7.815790	2762.472083	2.025096	13432.004288	11.807308	10001
G576	2532.281094	0.852797	4819.669389	6.001428	2107.249134	1.573694	10246.105141	9.124385	10001
G595	3854.132558	1.582720	7335.538205	9.295415	3207.233793	2.510947	15594.574991	14.362711	10001
G596	5113.537865	1.514537	9732.553772	12.018107	4255.253599	3.103770	20690.375459	18.124338	10001
G597	6806.782085	2.659170	12955.291309	16.334538	5664.294414	4.376251	27541.573121	25.125325	10001
G598	5761.221704	2.060209	10965.284996	13.717451	4794.226627	3.626457	23311.031091	20.947438	10001
G599	5952.185698	1.957690	11328.745166	14.082652	4953.138176	3.681596	24083.708803	21.376145	10001
G600	2499.547859	1.241883	4757.368497	6.173498	2080.010025	1.729225	10113.660063	9.734727	10001
G601	3572.328852	0.953539	6799.183572	8.350395	2972.729567	2.134463	14454.342017	12.525036	10001
G602	3738.991455	1.089050	7116.391107	8.779254	3111.418604	2.263295	15128.691541	13.227470	10001
G603	2770.734045	0.847198	5273.514892	6.524234	2305.678833	1.690850	11210.932471	9.857394	10001
G604	3076.077250	0.774583	5854.672056	7.171684	2559.771558	1.823923	12446.410867	10.728658	10001
G605	4736.086443	1.133556	9014.153643	11.019344	3941.155696	2.791224	19163.133099	16.450203	10001
G606	6610.670738	1.697438	12582.034226	15.425329	5501.099472	3.929451	26748.068211	23.095651	10001
G625	6076.408641	2.125613	11565.177653	14.442430	5056.510858	3.806402	24586.339155	22.017965	10001
G626	6753.919380	2.572008	12854.678165	16.168905	5620.304475	4.314543	27327.680263	24.816145	10001
G627	5130.249701	1.435234	9764.361270	12.019930	4269.160429	3.086109	20757.994822	18.071156	10001
G628	4084.097314	1.515557	7773.228197	9.754711	3398.600001	2.592760	16525.057420	14.939617	10001
G629	5727.974216	1.800577	10902.005331	13.511059	4766.559580	3.512767	23176.505246	20.448331	10001
G630	5143.485190	1.538771	9789.552265	12.095538	4280.174400	3.127160	20811.548200	18.251596	10001
G631	3588.816759	1.256533	6830.564867	8.530507	2986.450053	2.248548	14521.055317	13.005897	10001
G632	5382.556758	1.423209	10244.575177	12.576273	4479.118884	3.211906	21778.878576	18.855142	10001
G633	2864.692664	0.947984	5452.345544	6.780676	2383.866922	1.774027	11591.107441	10.296688	10001
G634	3882.047297	1.307931	7388.668093	9.200627	3230.463168	2.412726	15707.523490	13.988777	10001
G635	3525.388441	1.081862	6709.842280	8.303060	2933.667892	2.152741	14264.411920	12.547734	10001
G636	3277.813153	1.036278	6238.634310	7.734514	2727.647000	2.012270	13262.673831	11.710019	10001
G655	6122.225676	1.579658	11652.380831	14.288644	5094.637710	3.641404	24771.723849	21.398387	10001
G656	3398.012712	1.370166	6467.409123	8.179897	2827.671605	2.202840	13749.024782	12.617730	10001
G657	3885.427544	1.350945	7395.101688	9.230522	3233.276056	2.430746	15721.200629	14.065933	10001
G658	5502.119087	1.755465	10472.137156	12.990899	4578.613215	3.383502	22262.651169	19.679610	10001
G659	3672.754490	1.305086	6990.322846	8.740321	3056.299214	2.308598	14860.683810	13.340593	10001
G660	3903.858239	1.357291	7430.180675	9.274274	3248.613242	2.442252	15795.774830	14.132556	10001
G661	3111.242314	0.829268	5921.601428	7.272101	2589.034325	1.858594	12588.695602	10.906919	10001
G662	3086.392338	0.893465	5874.304677	7.244468	2568.355305	1.866433	12488.147733	10.911366	10001
G663	3934.478539	0.989199	7488.460037	9.172392	3274.094063	2.332450	15919.670562	13.720751	10001
G664	2569.368031	0.781518	4890.256644	6.048150	2138.111196	1.566543	10396.166148	9.135230	10001
G665	3237.108977	1.020302	6161.162393	7.636960	2693.774836	1.986174	13097.976765	11.560107	10001
G666	3080.589730	0.933038	5863.260620	7.249680	2563.526638	1.876863	12464.669242	10.947286	10001
G685	4685.052459	1.517799	8917.021089	11.073096	3898.687535	2.889374	18956.639606	16.791025	10001
G686	3910.827831	1.505996	7443.445842	9.372199	3254.413019	2.505234	15823.975164	14.398125	10001
G687	3742.159674	1.728739	7122.421153	9.150318	3114.055052	2.525470	15141.510777	14.308733	10001
G688	5361.051943	1.614675	10203.645243	12.612173	4461.223555	3.263133	21691.865883	19.038601	10001
G689	5937.857749	1.643714	11301.474901	13.904604	4941.215108	3.566330	24025.735116	20.893340	10001
G690	5939.747213	1.981278	11305.071102	14.067253	4942.787435	3.684153	24033.380259	21.373229	10001
G691	2214.511288	0.944038	4214.860780	5.362696	1842.815557	1.458068	8960.346285	8.315976	10001
G692	2017.099286	0.857074	3839.128169	4.882851	1678.538269	1.326831	8161.578669	7.569438	10001
G693	3695.859544	0.969474	7034.298503	8.632161	3075.526190	2.203041	14954.171384	12.937080	10001
G694	3374.808939	1.053101	6423.245577	7.956713	2808.362481	2.066906	13655.137774	12.036595	10001
G695	4294.988752	1.272001	8174.616104	10.094266	3574.094262	2.606902	17378.365472	15.222954	10001
G696	5244.447463	1.355439	9981.712913	12.240908	4364.190611	3.119997	21220.061325	18.333119	10001
G715	6435.745497	1.618202	12249.100481	15.003613	5355.534644	3.815300	26040.286436	22.443612	10001
G716	6602.665079	1.671240	12566.797121	15.397090	5494.437526	3.917516	26715.675745	23.038822	10001
G717	5690.879377	1.882196	10831.403035	13.469687	4735.690942	3.523828	23026.412265	20.453420	10001
G718	4746.390647	1.645344	9033.765548	11.273269	3949.730385	2.967464	19204.825925	17.174991	10001
G719	4299.603132	1.445010	8183.398616	10.188400	3577.934140	2.670889	17397.036159	15.487912	10001
G720	4636.284379	1.624565	8824.201211	11.020993	3858.104957	2.905331	18759.314405	16.803966	10001
G721	2769.466955	0.908598	5271.103250	6.551306	2304.624418	1.712153	11205.805575	9.942590	10001
G722	3408.791581	1.201600	6487.924453	8.106927	2836.641289	2.138897	13792.638195	12.366331	10001
G723	3517.681262	0.978126	6695.173271	8.239181	2927.254328	2.114146	14233.227166	12.383179	10001
G724	6831.972647	2.475887	13003.236295	16.284849	5685.256854	4.313414	27643.499067	24.893697	10001
G725	3909.895040	1.192899	7441.670468	9.205381	3253.636793	2.385120	15820.200908	13.906491	10001
G726	4227.557546	1.261292	8046.274855	9.940028	3517.981080	2.569112	17105.525609	14.996665	10001
G727	2622.804572	0.988520	4991.961966	6.273102	2182.578655	1.671271	10612.380859	9.619671	10001
G728	1907.773780	0.927639	3631.049850	4.697303	1587.562556	1.309838	7719.226265	7.388097	10001
G729	2705.794764	0.903130	5149.916504	6.408497	2251.639318	1.678496	10948.175426	9.737247	10001
G730	1904.881440	0.739518	3625.544885	4.568493	1585.155683	1.222743	7707.523294	7.023295	10001
G731	2426.227260	0.803693	4617.818014	5.743244	2018.995958	1.502796	9816.990561	8.721908	10001
G732	1434.504403	0.500427	2730.280210	3.408799	1193.729309	0.898073	5804.285697	5.195768	10001
G733	2453.144381	0.772468	4669.049146	5.787081	2041.395162	1.504899	9925.902504	8.759410	10001
G734	3169.231662	0.992012	6031.972068	7.473498	2637.290423	1.942081	12823.331859	11.307775	10001
G735	2818.058599	0.850458	5363.587320	6.630428	2345.060174	1.715861	11402.416884	10.010076	10001
G736	2649.860148	0.829228	5043.456616	6.248644	2205.093074	1.623739	10721.853014	9.454357	10001
G737	3380.375681	0.957629	6433.840710	7.925254	2812.994870	2.037335	13677.661901	11.922886	10001
G738	2815.155022	0.830678	5358.060966	6.614905	2342.643949	1.707665	11390.668442	9.973727	10001
G739	2586.743767	0.869819	4923.327738	6.129824	2152.570494	1.607046	10466.471781	9.318610	10001
G740	2624.633026	0.724750	4995.442047	6.145300	2184.100211	1.575804	10619.779140	9.232894	10001
G741	3713.596305	0.855980	7068.056731	8.628317	3090.285915	2.179531	15025.937792	12.862287	10001
G742	2513.915734	0.880416	4784.714753	5.975624	2091.966317	1.575166	10171.795298	9.110816	10001
G743	2789.672057	0.714228	5309.559452	6.508587	2321.438185	1.657588	11287.559376	9.743754	10001
G744	7455.455888	1.880284	14189.906722	17.383083	6204.091245	4.421487	30166.234339	26.006407	10001
G745	924.296987	0.497526	1759.206710	2.311759	769.157906	0.658983	3739.886590	3.682139	10001
G746	2989.274038	0.970328	5689.460229	7.066079	2487.537874	1.844243	12095.188072	10.716248	10001
G747	4142.723693	1.289580	7884.811293	9.765702	3447.386207	2.536107	16762.271228	14.770938	10001
G748	2855.253157	0.928077	5434.379410	6.749903	2376.011793	1.762015	11552.913347	10.237655	10001
G749	2445.961886	0.972213	4655.378762	5.879587	2035.418216	1.579627	9896.840722	9.057658	10001
G750	3308.662684	1.396295	6297.349964	8.003310	2753.318576	2.172141	13387.497074	12.398512	10001
G751	2883.483763	0.826853	5488.110486	6.764693	2399.504020	1.741129	11667.139908	10.183510	10001
G752	2924.509756	0.827527	5566.194915	6.856061	2433.643985	1.762275	11833.139109	10.313745	10001
G753	2291.982647	0.899347	4362.311368	5.502506	1907.283698	1.475238	9273.810574	8.467066	10001
G754	4149.930684	1.387216	7898.528299	9.829894	3453.383537	2.575113	16791.432126	14.937347	10001
G755	3536.038936	1.168307	6730.113279	8.368809	2942.530750	2.189094	14307.505911	12.706966	10001
G756	3589.893716	1.027471	6832.614631	8.421079	2987.346248	2.167039	14525.412896	12.675728	10001
G757	3805.190810	1.152654	7242.387785	8.954984	3166.506696	2.318382	15396.547093	13.522464	10001
G758	4124.362372	1.191981	7849.864346	9.679945	3432.106751	2.493475	16687.977731	14.578289	10001
G759	1664.861305	0.739017	3168.716572	4.050675	1385.421844	1.109493	6736.354829	6.307240	10001
G760	1380.754051	0.644958	2627.977617	3.381099	1149.000712	0.935207	5586.801250	5.293633	10001
G761	3551.834111	1.084141	6760.176103	8.362598	2955.674776	2.166863	14371.416282	12.633642	10001
G762	3047.618122	1.270500	5800.506036	7.362046	2536.089166	1.993837	12331.259661	11.391623	10001
G763	3499.562904	1.152533	6660.688752	8.280601	2912.177055	2.165138	14159.916742	12.570292	10001
G764	1524.164914	0.633989	2900.930311	3.681002	1268.340708	0.996530	6167.069683	5.694571	10001
G765	3145.881858	1.082075	5987.530581	7.467409	2617.859777	1.963585	12728.853977	11.370281	10001
G766	4409.706466	1.006648	8392.957368	10.242187	3669.557126	2.585432	17842.535806	15.262698	10001
G767	3901.339995	1.077676	7425.387723	9.134738	3246.517674	2.342449	15785.585523	13.724568	10001
G768	2065.932654	0.760380	3932.072310	4.930890	1719.175177	1.309016	8359.168039	7.546812	10001
G769	3012.994739	0.833684	5734.607640	7.055332	2507.277162	1.809513	12191.166673	10.601246	10001
G770	2402.191781	0.782329	4572.071488	5.679608	1998.994725	1.482978	9719.738306	8.615432	10001
G771	3141.201748	0.836555	5978.622967	7.341839	2613.965203	1.876276	12709.917337	11.011077	10001
G772	2492.156075	0.957684	4743.299775	5.971222	2073.858918	1.595615	10083.751456	9.171705	10001
G773	3267.558193	0.930968	6219.116130	7.663080	2719.113288	1.971069	13221.180254	11.531954	10001
G774	3389.435288	1.115130	6451.083784	8.019448	2820.533863	2.096586	13714.318846	12.173016	10001
G775	2174.458956	0.744918	4138.629511	5.159951	1809.485828	1.356095	8798.286705	7.854531	10001
G776	3221.635671	0.799452	6131.712179	7.506466	2680.898655	1.906787	13035.368738	11.222497	10001
G777	1734.835741	0.807300	3301.898329	4.246046	1443.651386	1.173578	7019.485096	6.645060	10001
G778	2365.061534	0.727608	4501.401801	5.571099	1968.096623	1.444835	9569.502058	8.420420	10001
G779	2209.636344	0.919052	4205.582339	5.336440	1838.758850	1.444677	8940.621306	8.255505	10001
G780	1994.439709	0.737053	3796.000386	4.761925	1659.682000	1.264920	8069.893584	7.290585	10001
G781	4141.112432	1.144641	7881.744594	9.696462	3446.045389	2.486647	16755.751752	14.569006	10001
G782	2757.202609	0.962630	5247.760623	6.552329	2294.418587	1.726450	11156.181630	9.987803	10001
G783	3741.680278	1.280387	7121.508722	8.878194	3113.656120	2.332946	15139.571045	13.513403	10001
G784	2457.919323	0.768939	4678.137252	5.795919	2045.368651	1.506045	9945.222854	8.769215	10001
G785	3700.196414	1.019947	7042.552831	8.662848	3079.135136	2.220989	14971.719209	13.014180	10001
G786	3361.337770	0.952459	6397.606013	7.880717	2797.152387	2.025934	13600.630786	11.856030	10001
G787	4150.280366	1.044886	7899.193846	9.676047	3453.674526	2.460803	16792.847008	14.475009	10001
G788	2395.257509	0.747459	4558.873547	5.647258	1993.224340	1.466987	9691.680885	8.542963	10001
G789	3606.725802	1.045048	6864.650998	8.466236	3001.353144	2.181411	14593.518809	12.752187	10001
G790	1963.355232	0.904467	3736.837562	4.799061	1633.814912	1.323811	7944.119703	7.502196	10001
G791	2300.903547	0.739470	4379.290443	5.435232	1914.707265	1.416861	9309.906282	8.237570	10001
G792	2311.297577	0.729789	4399.073312	5.453420	1923.356704	1.418590	9351.962561	8.255792	10001
G793	3345.095650	1.107403	6366.692523	7.918005	2783.636434	2.071692	13534.911989	12.024089	10001
G794	2420.639377	0.908427	4607.182644	5.787351	2014.345976	1.540855	9794.380893	8.871643	10001
G795	3832.483014	1.033729	7294.332808	8.962979	3189.218026	2.293245	15506.976694	13.450630	10001
G796	3656.626361	1.032957	6959.626314	8.571639	3042.878119	2.202877	14795.426243	12.893396	10001
G797	2595.003561	0.840384	4939.048534	6.133123	2159.443918	1.600282	10499.892522	9.299922	10001
G798	2909.770584	0.967360	5538.141971	6.889637	2421.378716	1.803596	11773.501530	10.465447	10001
G799	3108.655169	0.882621	5916.677336	7.289070	2586.881420	1.874212	12578.227504	10.967094	10001
G800	2511.402015	0.816557	4779.930412	5.937151	2089.874514	1.549910	10161.624298	9.005124	10001
G801	3851.251831	1.252848	7330.055341	9.104986	3204.836582	2.377035	15582.919005	13.810387	10001
G802	2927.625921	1.128513	5572.125885	7.016640	2436.237115	1.875877	11845.747721	10.780302	10001
G803	3664.979682	1.144769	6975.525120	8.641380	3049.829373	2.245017	14829.225415	13.073126	10001
G804	3877.146540	1.171064	7379.340523	9.122745	3226.384981	2.361058	15687.694066	13.773453	10001
G805	4502.242203	1.380008	8569.079861	10.602996	3746.561157	2.748680	18216.953517	16.022303	10001
G806	2146.299271	0.799482	4085.033418	5.128055	1786.052619	1.363786	8684.347105	7.856176	10001
G807	3126.686179	1.023849	5950.995607	7.395350	2601.886007	1.932281	12651.184504	11.222126	10001
G808	3020.398597	0.998285	5748.699342	7.148608	2513.438316	1.869998	12221.124133	10.854501	10001
G809	1576.268373	1.002836	3000.098386	4.071585	1311.698836	1.208656	6377.890477	6.641517	10001
G810	2580.993724	1.035258	4912.383729	6.209813	2147.785569	1.670840	10443.205980	9.574226	10001
G811	2439.037896	0.941327	4642.200391	5.846311	2029.656386	1.563293	9868.824904	8.983162	10001
G812	4675.819324	1.081642	8899.447740	10.865377	3891.004140	2.745319	18919.280534	16.199234	10001
G813	2375.812709	0.900371	4521.864423	5.685186	1977.043262	1.515914	9613.003418	8.722110	10001
G814	1763.665178	0.651216	3356.769156	4.210618	1467.641933	1.118334	7136.134647	6.446083	10001
G815	3122.831634	0.877694	5943.659282	7.318402	2598.678429	1.879852	12635.588256	11.005364	10001
G816	1396.426668	0.663362	2657.807177	3.427192	1162.042750	0.951146	5650.215727	5.375969	10001
G817	4409.997689	1.131441	8393.511651	10.289913	3669.799468	2.621072	17843.714152	15.406064	10001
G818	2631.596693	1.042164	5008.695936	6.323521	2189.895058	1.697879	10647.955500	9.738353	10001
G819	2443.249481	0.809849	4650.216266	5.783801	2033.161076	1.513531	9885.865803	8.783880	10001
G820	3528.510949	1.196217	6715.785325	8.366551	2936.266302	2.195784	14277.046203	12.726181	10001
G821	2068.715317	0.949288	3937.368529	5.054062	1721.490782	1.393095	8370.427238	7.897465	10001
G822	2759.660938	1.224054	5252.439540	6.713749	2296.464297	1.838657	11166.128511	10.453038	10001
G823	2404.049148	0.908004	4575.606600	5.750997	2000.540342	1.532670	9727.253579	8.820594	10001
G824	1924.376568	1.051926	3662.649797	4.825675	1601.378641	1.380443	7786.404396	7.701940	10001
G825	921.870008	0.527196	1754.587462	2.330459	767.138285	0.673746	3730.066560	3.742465	10001
G826	2851.520396	1.083960	5427.274876	6.825428	2372.905559	1.820806	11537.809863	10.474131	10001
G827	3351.587989	0.924816	6379.049336	7.847101	2789.039062	2.012047	13561.181260	11.789302	10001
G828	1855.773177	0.804091	3532.077539	4.502308	1544.290020	1.227723	7508.821646	6.993118	10001
G829	4258.816027	1.423559	8105.768860	10.087782	3543.992966	2.642658	17232.003545	15.329189	10001
G830	4570.088105	1.260327	8698.210398	10.699680	3803.019430	2.743318	18491.471320	16.074493	10001
G831	2217.230807	0.933350	4220.036816	5.361768	1845.078617	1.454570	8971.349989	8.304279	10001
G832	1891.180760	0.736946	3599.468495	4.537248	1573.754600	1.215101	7652.087659	6.977523	10001
G833	2457.249274	1.053077	4676.861954	5.954068	2044.811067	1.620388	9942.511704	9.237867	10001
G834	3785.004001	1.160752	7203.966401	8.914143	3149.708152	2.311001	15314.867313	13.470670	10001
G835	2107.195971	0.716673	4010.608436	4.997626	1753.512632	1.312173	8526.127499	7.603514	10001
G836	2824.288592	0.964700	5375.444812	6.700504	2350.244490	1.760282	11427.624653	10.197436	10001
G837	4112.388655	1.080770	7827.074870	9.605847	3422.142768	2.451947	16639.529727	14.397609	10001
G838	2215.446563	0.926449	4216.640880	5.353587	1843.593850	1.450673	8964.130590	8.286309	10001
G839	1560.787641	0.804179	2970.634039	3.876157	1298.816475	1.094223	6315.252406	6.139410	10001
G840	2224.325367	0.834187	4233.539834	5.317675	1850.982387	1.415661	9000.055972	8.151203	10001
G841	2488.077340	0.795268	4735.536754	5.875236	2070.464781	1.530550	10067.248097	8.901294	10001
G842	3452.143551	1.152433	6570.435895	8.176271	2872.716827	2.141551	13968.048754	12.423392	10001
G843	2605.165908	0.831698	4958.390444	6.151236	2167.900561	1.602219	10541.011370	9.318732	10001
G844	2550.242670	0.871498	4853.855505	6.050553	2122.195940	1.589632	10318.781193	9.208587	10001
G845	2353.617489	0.806598	4479.620446	5.585250	1958.573409	1.467942	9523.197210	8.502157	10001
G846	3235.428811	0.878553	6157.964547	7.569115	2692.376678	1.937822	13091.178484	11.362590	10001
G847	1745.473662	0.720298	3322.145396	4.211911	1452.503781	1.138702	7062.528210	6.510981	10001
G848	1337.800269	0.519240	2546.224043	3.208384	1113.256528	0.858682	5413.001838	4.932253	10001
G849	4410.342979	1.759455	8394.168838	10.605420	3670.086803	2.850994	17845.111263	16.343312	10001
G850	2968.537724	1.140587	5649.992976	7.112543	2470.282056	1.900553	12011.284885	10.924624	10001
G851	2729.983258	1.081812	5195.954261	6.560345	2271.767882	1.761648	11046.046807	10.103638	10001
G852	2582.846831	1.063137	4915.910732	6.230852	2149.327641	1.683794	10450.704015	9.629644	10001
G853	2814.139711	1.062911	5356.128532	6.732030	2341.799054	1.794125	11386.560294	10.325269	10001
G854	3639.718019	1.105049	6927.444810	8.566744	3028.807767	2.218433	14727.011783	12.937946	10001
G855	3267.112710	0.907993	6218.268246	7.652097	2718.742578	1.963406	13219.377743	11.500516	10001
G856	3173.872235	1.005636	6040.804431	7.490327	2641.152096	1.949251	12842.108523	11.341906	10001
G857	3843.654894	1.015756	7315.596155	8.980424	3198.514757	2.293436	15552.180311	13.463676	10001
G858	4962.326379	1.274377	9444.754218	11.579160	4129.422279	2.949714	20078.544178	17.337069	10001
G859	3855.440262	1.333422	7338.027147	9.155528	3208.322004	2.409260	15599.866217	13.946239	10001
G860	3174.398393	1.089083	6041.805863	7.533631	2641.589941	1.980316	12844.237461	11.468991	10001
G861	3607.392393	1.227775	6865.919715	8.556088	3001.907851	2.246692	14596.215968	13.018105	10001
G862	3856.910094	0.980762	7340.824666	8.995904	3209.545132	2.289732	15605.813445	13.463375	10001
G863	3982.620144	1.201137	7580.087551	9.370090	3314.155317	2.424675	16114.460922	14.145662	10001
G864	5098.057721	1.452493	9703.090544	11.955965	4242.371727	3.075268	20627.739767	17.992192	10001
G865	1626.113464	0.907621	3094.968130	4.092657	1353.177653	1.176433	6579.573475	6.550398	10001
G866	2373.643441	1.058870	4517.735673	5.778636	1975.238096	1.584256	9604.226135	9.002478	10001
G867	3153.071258	1.105299	6001.214107	7.495464	2623.842470	1.976050	12757.943700	11.428859	10001
G868	2198.121457	0.954721	4183.666150	5.334368	1829.176685	1.455252	8894.029817	8.287512	10001
G869	3771.965125	1.157621	7179.149617	8.883845	3138.857792	2.303342	15262.109466	13.425489	10001
G870	1479.828977	1.056218	2816.546093	3.929587	1231.446358	1.202617	5987.677801	6.529165	10001
G871	4704.831447	1.253910	8954.666272	10.996850	3915.146710	2.810538	19036.669266	16.493341	10001
G872	3901.062433	1.414121	7424.859441	9.298876	3246.286699	2.463117	15784.462451	14.214953	10001
G873	3007.301215	1.070346	5723.771204	7.157626	2502.539270	1.890987	12168.129561	10.926220	10001
G874	3587.307052	1.134761	6827.691455	8.465122	2985.193744	2.202497	14514.946747	12.816611	10001
G875	3389.229163	0.996362	6450.691467	7.962149	2820.362335	2.054649	13713.484822	12.002547	10001
G876	1584.620433	0.774569	3015.994793	3.904549	1318.649041	1.089962	6411.684549	6.145007	10001
G877	2393.830953	0.897075	4556.158395	5.722523	1992.037225	1.523264	9685.908759	8.771226	10001
G878	2677.085481	0.902302	5095.274365	6.344990	2227.748758	1.663961	10832.012045	9.647280	10001
G879	3540.009112	1.072053	6737.669681	8.330789	2945.834549	2.156721	14323.570018	12.579711	10001
G880	2862.879187	0.903061	5448.893968	6.754425	2382.357828	1.756813	11583.769757	10.224716	10001
G881	3194.873932	0.915529	6080.776785	7.494946	2658.628753	1.928952	12927.085502	11.282417	10001
G882	3198.430732	0.900862	6087.546412	7.496405	2661.588560	1.925982	12941.477010	11.274298	10001
G883	2054.524082	0.789638	3910.358471	4.922727	1709.681482	1.315471	8313.006725	7.561336	10001
G884	3531.915737	1.150044	6722.265629	8.350562	2939.099611	2.180332	14290.822641	12.666869	10001
G885	4222.506878	1.122979	8036.661961	9.868504	3513.778144	2.521675	17085.089618	14.799531	10001
G886	2179.331062	0.975517	4147.902551	5.307795	1813.540173	1.456107	8818.000203	8.271931	10001
G887	3541.903113	1.089025	6741.274518	8.342946	2947.410651	2.163555	14331.233520	12.609474	10001
G888	3989.891974	1.146258	7593.927963	9.361290	3320.206602	2.409913	16143.884168	14.093821	10001
G889	3755.705196	1.088107	7148.202231	8.815894	3125.327019	2.271480	15196.318610	13.278784	10001
G890	3294.292929	1.116233	6270.000129	7.810889	2741.360720	2.049812	13329.354231	11.880541	10001
G891	3037.695982	0.994009	5781.621309	7.184516	2527.832413	1.877028	12291.112738	10.901682	10001
G892	4903.610899	1.354178	9333.001537	11.481337	4080.561927	2.944120	19840.969851	17.250007	10001
G893	4070.712007	1.088300	7747.752055	9.516093	3387.461358	2.432782	16470.897849	14.274589	10001
G894	3390.564373	1.155327	6453.232762	8.042512	2821.473436	2.112162	13718.887343	12.237715	10001
G895	3595.361310	1.025946	6843.021056	8.432541	2991.896131	2.169326	14547.535851	12.690939	10001
G896	896.203909	0.615504	1705.737391	2.356621	745.780125	0.713762	3626.216497	3.890876	10001
G897	2973.991415	1.046107	5660.372940	7.071674	2474.820370	1.865210	12033.351587	10.785437	10001
G898	2316.565946	1.160161	4409.100554	5.728281	1927.740800	1.607218	9373.279412	9.041338	10001
G899	2999.299570	0.974513	5708.541741	7.090241	2495.880665	1.850768	12135.753339	10.753570	10001
G900	1.836413	0.046431	3.495229	0.088471	1.528179	0.038651	7.430486	0.187968	10001

# W module
# module name	module signal(LMS-Pedestal)	signal error	gain1(RefPMT1)	gain1 error	gain2(RefPMT2)	gain2 error	gain3(RefPMT3)	gain3 error	LMS entries
W1	3922.785233	0.956991	7466.204266	9.133860	3264.363426	2.317035	15872.357157	13.645898	10001
W2	1671.891650	0.458042	3182.097369	3.913014	1391.272178	1.002637	6764.800983	5.876714	10001
W3	1590.498557	0.366221	3027.182578	3.695288	1323.540549	0.933367	6435.468592	5.508376	10001
W4	1730.421088	0.381280	3293.495958	4.014346	1439.977714	1.010908	7001.622549	5.974667	10001
W5	2284.331078	0.546292	4347.748200	5.314734	1900.916410	1.346150	9242.850824	7.933831	10001
W6	404.558725	0.433677	769.993231	1.238284	336.655368	0.424963	1636.923816	2.213631	10001
W7	2668.672512	0.607371	5079.262031	6.197730	2220.747868	1.564162	10797.971522	9.234725	10001
W8	1300.576046	0.390722	2475.375491	3.059217	1082.280223	0.791287	5262.385342	4.617332	10001
W9	774.877370	0.297443	1474.817605	1.856422	644.817698	0.495983	3135.305564	2.851168	10001
W10	1052.870254	0.354407	2003.919133	2.495183	876.150731	0.654247	4260.119207	3.793474	10001
W11	2322.247064	0.535696	4419.913378	5.395752	1932.468369	1.363055	9396.266328	8.043715	10001
W12	1158.239423	0.324328	2204.467389	2.713829	963.834160	0.696837	4686.463494	4.080254	10001
W13	1790.293311	0.468727	3407.450258	4.181100	1489.800654	1.066893	7243.877286	6.265695	10001
W14	1945.862703	0.469703	3703.544178	4.528881	1619.258425	1.147920	7873.341506	6.763209	10001
W15	3084.172326	0.869852	5870.079346	7.229120	2566.507912	1.857559	12479.165128	10.873077	10001
W16	2677.292089	0.728461	5095.667600	6.264000	2227.920688	1.603993	10832.848019	9.404310	10001
W17	3344.135887	0.742044	6364.865813	7.759743	2782.837762	1.954998	13531.028598	11.551829	10001
W18	268.696325	0.189640	511.407463	0.711430	223.596858	0.217064	1087.197941	1.179868	10001
W19	1996.496906	0.577754	3799.915833	4.686144	1661.393906	1.207274	8078.217408	7.057972	10001
W20	1902.950030	0.595925	3621.868847	4.487559	1583.548451	1.166211	7699.708429	6.790096	10001
W21	1700.586421	0.548205	3236.711887	4.017975	1415.150661	1.047798	6880.905645	6.090799	10001
W22	2842.944408	0.782568	5410.952271	6.655401	2365.769012	1.706092	11503.109739	9.997702	10001
W23	1920.852391	0.547748	3655.942261	4.504993	1598.445981	1.158859	7772.144887	6.779750	10001
W24	1516.140393	0.414906	2885.657307	3.548286	1261.663067	0.909086	6134.600899	5.328653	10001
W25	2078.817346	0.502685	3956.595637	4.838659	1729.897231	1.226606	8411.302027	7.226329	10001
W26	2476.040833	0.675587	4712.627770	5.793932	2060.448547	1.484014	10018.546031	8.699784	10001
W27	1288.141736	0.382834	2451.709372	3.028058	1071.932955	0.782308	5212.073687	4.567463	10001
W28	1631.466062	0.460579	3105.155686	3.824255	1357.631842	0.982756	6601.231137	5.752225	10001
W29	1813.817649	0.546911	3452.223933	4.267392	1509.376538	1.104234	7339.061362	6.442229	10001
W30	2592.905435	0.586291	4935.055188	6.020410	2157.697953	1.518725	10491.403093	8.968421	10001
W31	2209.984723	0.587973	4206.245405	5.165092	1839.048755	1.319869	8942.030915	7.746091	10001
W32	3306.725652	0.713834	6293.663227	7.666130	2751.706667	1.927958	13379.659464	11.401928	10001
W33	2161.232807	0.544247	4113.456292	5.038792	1798.479628	1.281486	8744.771117	7.537924	10001
W34	3169.256229	0.697517	6032.018825	7.351977	2637.310866	1.851263	12823.431259	10.941737	10001
W35	2501.673072	0.598815	4761.413396	5.820606	2081.778530	1.474382	10122.259090	8.689309	10001
W36	1721.147996	0.544711	3275.846560	4.061596	1432.261068	1.056827	6964.101803	6.149646	10001
W37	2140.448220	0.569104	4073.897162	5.002422	1781.183640	1.278226	8660.672608	7.501904	10001
W38	1107.892011	0.296513	2108.641582	2.590049	921.937334	0.662209	4482.748009	3.885396	10001
W39	2052.642345	0.469701	3906.776975	4.767962	1708.115585	1.203777	8305.392844	7.105737	10001
W40	2133.456189	0.472603	4060.589289	4.950202	1775.365191	1.247019	8632.381484	7.368874	10001
W41	1339.336680	0.371604	2549.148281	3.136672	1114.535060	0.804689	5419.218458	4.713774	10001
W42	1192.728204	0.344016	2270.109597	2.799043	992.534155	0.720861	4826.011856	4.214980	10001
W43	3067.425651	0.657259	5838.205541	7.109698	2552.572091	1.787180	12411.404804	10.571776	10001
W44	2498.154744	0.595727	4754.716993	5.811584	2078.850739	1.471678	10108.023248	8.674559	10001
W45	1774.855659	0.420671	3378.067904	4.127984	1476.954142	1.044859	7181.413522	6.160100	10001
W46	2452.452049	0.567735	4667.731437	5.699006	2040.819035	1.440025	9923.101195	8.496903	10001
W47	1838.377810	0.420058	3498.969082	4.270041	1529.814386	1.077956	7438.436583	6.363343	10001
W48	685.226244	0.277334	1304.185369	1.650145	570.214110	0.444659	2772.559555	2.546268	10001
W49	1483.121668	0.463430	2822.813043	3.497024	1234.186385	0.908560	6001.000670	5.290600	10001
W50	3483.690922	0.789201	6630.479742	8.089232	2898.969114	2.040878	14095.695595	12.051094	10001
W51	2052.372028	0.518581	3906.262484	4.785674	1707.890640	1.217452	8304.299091	7.160309	10001
W52	3335.755511	1.004378	6348.915514	7.847409	2775.863994	2.030283	13497.119956	11.845781	10001
W53	616.168276	0.249125	1172.747916	1.483684	512.747210	0.399734	2493.137492	2.289191	10001
W54	1923.564377	0.566865	3661.103961	4.519560	1600.702773	1.166584	7783.118113	6.813945	10001
W55	914.470841	0.294321	1740.504689	2.160388	760.981035	0.563271	3700.128080	3.274566	10001
W56	2148.594742	0.550583	4089.402370	5.013083	1787.962806	1.276813	8693.635033	7.505187	10001
W57	1844.135303	0.463684	3509.927270	4.299219	1534.605510	1.093256	7461.732526	6.431115	10001
W58	2638.040074	0.604820	5020.959568	6.128164	2195.256946	1.547400	10674.026680	9.133499	10001
W59	1450.456225	0.399418	2760.641180	3.395619	1207.003690	0.870489	5868.829893	5.100978	10001
W60	3388.455564	0.739137	6449.219084	7.858205	2819.718581	1.977584	13710.354691	11.691631	10001
W61	1478.217393	0.442892	2813.478779	3.476512	1230.105271	0.898957	5981.157016	5.246342	10001
W62	3014.955329	0.831634	5738.339216	7.058814	2508.908676	1.809864	12199.099606	10.604810	10001
W63	2027.575757	0.513092	3859.067949	4.728160	1687.256312	1.202973	8203.968523	7.074722	10001
W64	1554.081230	0.399429	2957.869784	3.626444	1293.235705	0.923877	6288.116954	5.429943	10001
W65	2556.567451	0.626824	4865.893409	5.953934	2127.459136	1.510961	10344.372497	8.896943	10001
W66	2618.921698	0.660649	4984.571725	6.106317	2179.347504	1.553206	10596.669990	9.135601	10001
W67	2787.740335	0.685763	5305.882822	6.493170	2319.830694	1.648237	11279.743252	9.704042	10001
W68	2208.069121	0.522999	4202.599456	5.135429	1837.454678	1.299794	8934.280014	7.663288	10001
W69	1915.238511	0.545555	3645.257411	4.491566	1593.774366	1.155278	7749.430031	6.759152	10001
W70	1576.274508	0.477687	3000.110063	3.709639	1311.703941	0.960446	6377.915302	5.601879	10001
W71	1565.843901	0.379913	2980.257577	3.645140	1303.024065	0.924287	6335.711026	5.444595	10001
W72	1071.968491	0.310507	2040.268647	2.516239	892.043415	0.648314	4337.394413	3.789997	10001
W73	1888.483878	0.482868	3594.335542	4.405773	1571.510377	1.121924	7641.175546	6.595329	10001
W74	2033.056555	0.481348	3869.499507	4.728319	1691.817182	1.196717	8226.144906	7.055671	10001
W75	2500.730368	0.547949	4759.619155	5.800310	2080.994055	1.460123	10118.444723	8.631143	10001
W76	2173.750726	0.506163	4137.281543	5.052426	1808.896471	1.277184	8795.421069	7.534530	10001
W77	1383.730008	0.378829	2633.641730	3.238467	1151.477167	0.829742	5598.842554	4.863483	10001
W78	2352.780581	0.528998	4478.027566	5.461815	1957.876973	1.377279	9519.810918	8.134669	10001
W79	1979.098126	0.469606	3766.800881	4.603208	1646.915432	1.165243	8007.818537	6.869565	10001
W80	2255.416867	0.512051	4292.716025	5.237535	1876.855319	1.321605	9125.858266	7.803325	10001
W81	1298.551303	0.371008	2471.521815	3.045819	1080.595324	0.783656	5254.192837	4.584251	10001
W82	277.767950	0.162852	528.673411	0.705502	231.145852	0.205190	1123.903512	1.136948	10001
W83	1194.435306	0.331794	2273.358710	2.797488	993.954727	0.717757	4832.919124	4.204305	10001
W84	870.865914	0.261564	1657.511796	2.048423	724.694998	0.529824	3523.694006	3.091679	10001
W85	1029.977511	0.343856	1960.347566	2.439472	857.100431	0.638957	4167.490684	3.706656	10001
W86	429.344602	0.217151	817.167983	1.063230	357.281047	0.298945	1737.212327	1.680183	10001
W87	1601.634027	0.536522	3048.376624	3.794354	1332.806980	0.994269	6480.524883	5.766685	10001
W88	1521.519585	0.467414	2895.895477	3.583744	1266.139385	0.929272	6156.366162	5.416164	10001
W89	1918.183882	0.451232	3650.863310	4.460084	1596.225369	1.128289	7761.347576	6.653758	10001
W90	1217.522239	0.345221	2317.299876	2.854602	1013.166623	0.733895	4926.333376	4.294714	10001
W91	717.293631	0.283529	1365.218958	1.723282	596.899131	0.462564	2902.310483	2.653446	10001
W92	1068.287899	0.314664	2033.263408	2.509953	888.980594	0.647832	4322.502018	3.784042	10001
W93	1057.047301	0.338309	2011.869271	2.496282	879.626679	0.650406	4277.020355	3.782320	10001
W94	2750.972307	0.601470	5235.902543	6.380284	2289.234014	1.605893	11130.972611	9.493479	10001
W95	1516.321273	0.438075	2886.001573	3.558761	1261.813586	0.916674	6135.332772	5.359496	10001
W96	1485.697951	0.426220	2827.716462	3.485552	1236.330251	0.897169	6011.424818	5.247245	10001
W97	2019.547031	0.460900	3843.786943	4.690649	1680.575171	1.184037	8171.482727	6.989842	10001
W98	2355.561143	0.552985	4483.319786	5.476641	1960.190830	1.385243	9531.061616	8.169664	10001
W99	2131.673724	0.498009	4057.196738	4.955224	1773.881904	1.252914	8625.169281	7.390495	10001
W100	2197.916799	0.523324	4183.276626	5.112826	1829.006378	1.294580	8893.201731	7.631111	10001
W101	2300.895905	0.610939	4379.275897	5.377063	1914.700906	1.373788	9309.875360	8.063222	10001
W102	2484.116451	0.604687	4727.998027	5.783542	2067.168709	1.466890	10051.221565	8.639783	10001
W103	2730.341800	0.582165	5196.636671	6.327445	2272.066244	1.590056	11047.497538	9.407117	10001
W104	1906.508633	0.509258	3628.641906	4.456656	1586.509758	1.139250	7714.107233	6.684917	10001
W105	2297.457695	0.612864	4372.731981	5.370199	1911.839784	1.372611	9295.963690	8.054702	10001
W106	1604.294535	0.473597	3053.440346	3.769784	1335.020934	0.973232	6491.289818	5.684096	10001
W107	2649.938935	0.655203	5043.606572	6.173485	2205.158637	1.567727	10722.171804	9.228231	10001
W108	2745.733138	0.622403	5225.930876	6.375807	2284.874216	1.608656	11109.773907	9.498693	10001
W109	2157.212607	0.571027	4105.804680	5.040559	1795.134201	1.287458	8728.504602	7.557519	10001
W110	1987.283052	0.530187	3782.379181	4.645207	1653.726555	1.187317	8040.936347	6.967335	10001
W111	1942.555829	0.497304	3697.250232	4.532164	1616.506595	1.154230	7859.961246	6.784902	10001
W112	2234.915547	0.538290	4253.696034	5.201189	1859.795053	1.318105	9042.905911	7.766518	10001
W113	1531.253862	0.438418	2914.422645	3.592044	1274.239808	0.924392	6195.752954	5.406983	10001
W114	1703.054015	0.449320	3241.408436	3.978759	1417.204080	1.015952	6890.890010	5.964594	10001
W115	1937.521261	0.547244	3687.667981	4.541781	1612.317056	1.167202	7839.590398	6.831659	10001
W116	867.564373	0.321812	1651.228001	2.072071	721.947606	0.550715	3510.335326	3.173332	10001
W117	1113.521992	0.362426	2119.357076	2.632641	926.622348	0.687346	4505.528011	3.993310	10001
W118	2761.054248	0.672815	5255.091416	6.428582	2297.623747	1.630628	11171.766118	9.603795	10001
W119	1207.773132	0.360403	2298.744483	2.839801	1005.053860	0.733993	4886.886581	4.284492	10001
W120	1121.331338	0.366114	2134.220541	2.651676	933.120931	0.692586	4537.126158	4.023021	10001
W121	2393.213647	0.724534	4554.983481	5.631903	1991.523530	1.457968	9683.411018	8.504166	10001
W122	2759.039369	0.672396	5251.256513	6.423918	2295.947055	1.629459	11163.613521	9.596870	10001
W123	2718.094703	0.704395	5173.326873	6.344986	2261.874767	1.617605	10997.943384	9.503996	10001
W124	1969.732583	0.569535	3748.975520	4.623112	1639.121853	1.190933	7969.923714	6.962721	10001
W125	2105.474764	0.587795	4007.332476	4.932495	1752.080321	1.266155	8519.163157	7.414875	10001
W126	1391.519203	0.395283	2648.466840	3.262874	1157.958981	0.839013	5630.359162	4.909432	10001
W127	1173.591508	0.388718	2233.686883	2.778049	976.609467	0.726904	4748.581036	4.218823	10001
W128	1541.433467	0.436790	2933.797403	3.613925	1282.710812	0.929052	6236.941629	5.436926	10001
W129	2610.731671	0.605420	4968.983714	6.067193	2172.532136	1.533248	10563.531536	9.046429	10001
W130	781.049924	0.333006	1486.565776	1.891433	649.954217	0.514276	3160.280926	2.933101	10001
W131	1862.542575	0.466042	3544.961677	4.341247	1549.923205	1.103503	7536.211955	6.492633	10001
W132	1677.639214	0.452926	3193.036660	3.923649	1396.055039	1.003981	6788.056752	5.888435	10001
W133	2607.610760	0.623385	4963.043711	6.066796	2169.935056	1.536596	10550.903719	9.056384	10001
W134	1598.724674	0.452964	3042.839277	3.748219	1330.385949	0.963563	6468.753071	5.638923	10001
W135	2480.919406	0.513165	4721.913118	5.744224	2064.508274	1.440845	10038.285694	8.531956	10001
W136	2695.970716	0.635134	5131.218474	6.268907	2243.464191	1.586047	10908.425401	9.352769	10001
W137	2430.585967	0.582033	4626.113905	5.655295	2022.623076	1.432552	9834.626744	8.442658	10001
W138	3676.539107	0.930556	6997.526077	8.573495	3059.448601	2.181366	14875.997113	12.828585	10001
W139	1263.848968	0.425373	2405.473151	2.995152	1051.717619	0.785328	5113.780394	4.553547	10001
W140	1616.637978	0.415040	3076.933518	3.772233	1345.292585	0.960926	6541.233805	5.647954	10001
W141	1834.119788	0.534034	3490.864824	4.306480	1526.271054	1.110171	7421.207792	6.488333	10001
W142	2443.520568	0.578367	4650.732223	5.682883	2033.386662	1.438282	9886.962672	8.479994	10001
W143	2746.151698	0.600241	5226.727516	6.369044	2285.222522	1.603034	11111.467480	9.476662	10001
W144	1825.422865	0.467349	3474.312043	4.258894	1519.033870	1.084641	7386.018338	6.375821	10001
W145	1329.568367	0.423659	2530.556333	3.138941	1106.406314	0.817417	5379.693951	4.754718	10001
W146	1344.414186	0.360375	2558.812256	3.143227	1118.760329	0.803757	5439.763040	4.715583	10001
W147	908.309151	0.376607	1728.777196	2.192897	755.853557	0.593338	3675.196675	3.391410	10001
W148	3445.377001	0.726813	6557.557178	7.981917	2867.086012	2.004496	13940.669971	11.862822	10001
W149	1042.238947	0.314246	1983.684655	2.452082	867.303841	0.634500	4217.102855	3.701753	10001
W150	761.068402	0.286374	1448.535112	1.820021	633.326503	0.484767	3079.431774	2.790586	10001
W151	1153.073011	0.354350	2194.634200	2.715974	959.534907	0.704285	4665.559180	4.104777	10001
W152	2506.251575	0.579383	4770.127623	5.823734	2085.588552	1.471395	10140.784609	8.682418	10001
W153	1556.979760	0.433251	2963.386531	3.646925	1295.647730	0.935855	6299.844974	5.481396	10001
W154	1422.643303	0.413255	2707.705078	3.339905	1183.859041	0.860786	5756.293365	5.031398	10001
W155	2133.346099	0.575788	4060.379754	4.989382	1775.273578	1.276645	8631.936035	7.487732	10001
W156	984.623855	0.361656	1874.026334	2.349649	819.359182	0.623579	3983.980913	3.595590	10001
W157	1521.351194	0.489439	2895.574980	3.594009	1265.999258	0.937007	6155.684819	5.447399	10001
W158	1579.202361	0.496402	3005.682622	3.724991	1314.140368	0.968464	6389.761969	5.637580	10001
W159	1543.724800	0.466852	2938.158478	3.632583	1284.617556	0.940278	6246.212812	5.484848	10001
W160	760.687728	0.287005	1447.810579	1.819552	633.009724	0.484841	3077.891493	2.790492	10001
W161	1735.903093	0.440044	3303.929812	4.048300	1444.539589	1.030147	7023.803813	6.057908	10001
W162	660.472778	0.254079	1257.072305	1.582656	549.615402	0.422984	2672.402185	2.431158	10001
W163	1462.888576	0.426085	2784.303569	3.434899	1217.349327	0.885516	5919.133619	5.175266	10001
W164	1406.321229	0.304269	2676.639412	3.260568	1170.276554	0.820119	5690.251058	4.849839	10001
W165	1998.281183	0.454928	3803.311831	4.640859	1662.878699	1.171268	8085.436939	6.915033	10001
W166	1041.804649	0.370291	1982.858059	2.479309	866.942438	0.654888	4215.345600	3.784310	10001
W167	913.216367	0.380225	1738.117059	2.205732	759.937119	0.597240	3695.052232	3.412617	10001
W168	1320.801532	0.446171	2513.870488	3.130962	1099.110952	0.821329	5344.221617	4.761239	10001
W169	1834.513014	0.471570	3491.613249	4.280856	1526.598279	1.090608	7422.798863	6.409847	10001
W170	1354.795747	0.378815	2578.571393	3.174134	1127.399391	0.814914	5481.768867	4.771966	10001
W171	3356.601774	0.976241	6388.592032	7.880750	2793.211306	2.031349	13581.468018	11.872758	10001
W172	1284.696156	0.476519	2445.151429	3.068327	1069.065701	0.815493	5198.132198	4.699058	10001
W173	2296.118677	0.531971	4370.183438	5.335872	1910.725513	1.348346	9290.545758	7.955728	10001
W174	1468.178584	0.420432	2794.371997	3.444113	1221.751431	0.886338	5940.538028	5.184356	10001
W175	2880.655784	0.726927	5482.728018	6.716679	2397.150704	1.708507	11655.697351	10.048909	10001
W176	2485.963311	0.709759	4731.513141	5.830734	2068.705582	1.500076	10058.694323	8.775482	10001
W177	2979.957928	0.670933	5671.728955	6.918087	2479.785431	1.744663	12057.493268	10.304098	10001
W178	2794.132428	0.730917	5318.048838	6.525238	2325.149903	1.664921	11305.606908	9.778175	10001
W179	2027.092966	0.506678	3858.149057	4.724575	1686.854555	1.200838	8202.015055	7.065608	10001
W180	1990.721799	0.507626	3788.924119	4.643742	1656.588124	1.182251	8054.850191	6.950728	10001
W181	1790.929666	0.525733	3408.661427	4.206997	1490.330199	1.085458	7246.452101	6.341325	10001
W182	1716.011052	0.454417	3266.069456	4.009718	1427.986337	1.024197	6943.316719	6.012047	10001
W183	1182.793919	0.432026	2251.201756	2.821206	984.267295	0.748115	4785.815794	4.315283	10001
W184	1630.674604	0.466403	3103.649310	3.825054	1356.973227	0.984253	6598.028742	5.757408	10001
W185	2693.131349	0.601616	5125.814332	6.250549	2241.101400	1.575479	10896.936769	9.307276	10001
W186	1536.173413	0.446030	2923.785985	3.606345	1278.333634	0.929411	6215.658419	5.432641	10001
W187	1081.044866	0.421940	2057.543636	2.594004	899.596362	0.694868	4374.119204	3.989704	10001
W188	1645.614565	0.540112	3132.084413	3.892892	1369.405583	1.017442	6658.478750	5.908212	10001
W189	2132.932840	0.604346	4059.593203	5.000684	1774.929683	1.285542	8630.263911	7.523182	10001
W190	2168.546504	0.623096	4127.376390	5.087997	1804.565754	1.309843	8774.363766	7.660258	10001
W191	2162.364553	0.548807	4115.610335	5.043110	1799.421416	1.283419	8749.350382	7.546943	10001
W192	1773.609404	0.464587	3375.695919	4.142229	1475.917066	1.057020	7176.370933	6.207585	10001
W193	1236.748162	0.396849	2353.892415	2.921161	1029.165562	0.761347	5004.125226	4.426829	10001
W194	2278.133977	0.777111	4335.953311	5.404235	1895.759465	1.419489	9217.776144	8.223872	10001
W195	2442.691690	0.692646	4649.154626	5.727150	2032.696907	1.472411	9883.608869	8.616452	10001
W196	1006.424980	0.340303	1915.520231	2.385902	837.501086	0.625961	4072.192531	3.628476	10001
W197	2509.021299	0.608807	4775.399215	5.840791	2087.893391	1.481043	10151.991455	8.724180	10001
W198	2742.235746	0.680841	5219.274318	6.389592	2281.963845	1.623147	11095.622773	9.552929	10001
W199	901.060593	0.230000	1714.981076	2.101990	749.821636	0.535192	3645.867591	3.146388	10001
W200	919.443825	0.316858	1749.969728	2.182808	765.119326	0.574124	3720.249747	3.324117	10001
W201	2616.919177	0.636864	4980.760343	6.092678	2177.681097	1.545268	10588.567398	9.101499	10001
W202	1301.359547	0.383821	2476.866721	3.057787	1082.932216	0.789342	5265.555539	4.610308	10001
W203	2526.025919	0.593353	4807.763967	5.873097	2102.043862	1.485585	10220.795480	8.761266	10001
W204	2014.366513	0.517201	3833.926907	4.700307	1676.264180	1.197350	8150.521337	7.037537	10001
W205	3250.898408	0.884622	6187.407702	7.606092	2705.249774	1.947674	13153.771504	11.419285	10001
W206	2131.165934	0.559097	4056.230265	4.977641	1773.459344	1.270372	8623.114662	7.460065	10001
W207	2764.457412	0.612944	5261.568630	6.414492	2300.455705	1.615991	11185.535986	9.548917	10001
W208	2598.957442	0.622533	4946.573923	6.047117	2162.734158	1.531839	10515.890700	9.027703	10001
W209	1888.976539	0.510240	3595.273220	4.418031	1571.920347	1.130536	7643.168950	6.630544	10001
W210	1632.063229	0.503550	3106.292269	3.845146	1358.128778	0.997546	6603.647392	5.812748	10001
W211	3120.340223	0.708113	5938.917401	7.245955	2596.605190	1.828342	12625.507520	10.795475	10001
W212	2555.202812	0.628990	4863.296103	5.951711	2126.323545	1.510874	10338.850901	8.895083	10001
W213	3440.841874	0.753057	6548.925507	7.980545	2863.312085	2.008804	13922.319956	11.874970	10001
W214	2567.135376	0.614943	4886.007252	5.973087	2136.253283	1.513092	10387.132392	8.917203	10001
W215	3595.172310	0.822454	6842.661333	8.350935	2991.738853	2.108339	14546.771118	12.445354	10001
W216	2679.567083	0.598469	5099.997576	6.219027	2229.813834	1.567513	10842.053090	9.260275	10001
W217	1741.370341	0.521178	3314.335579	4.095145	1449.089184	1.058799	7045.925369	6.179527	10001
W218	1303.496603	0.408890	2480.934163	3.074252	1084.710578	0.799083	5274.202487	4.652119	10001
W219	2519.883567	0.662028	4796.073279	5.885935	2096.932476	1.502374	10195.942318	8.821927	10001
W220	2710.440891	0.664852	5158.759437	6.312401	2255.505613	1.601989	10966.974562	9.432774	10001
W221	2478.052112	0.594965	4716.455821	5.766320	2062.122242	1.460969	10026.684059	8.609301	10001
W222	1544.327312	0.490148	2939.305233	3.645011	1285.118938	0.948754	6248.650691	5.519896	10001
W223	1608.286276	0.463945	3061.037794	3.774288	1338.342679	0.972039	6507.441184	5.683614	10001
W224	2621.957597	0.713410	4990.349926	6.134538	2181.873841	1.570843	10608.953831	9.209948	10001
W225	1795.277633	0.560106	3416.936875	4.232636	1493.948379	1.099482	7264.044826	6.402887	10001
W226	1625.497618	0.540910	3093.795997	3.849047	1352.665175	1.007740	6577.081644	5.847129	10001
W227	2776.563597	0.759926	5284.610230	6.498146	2310.529921	1.664872	11234.519981	9.758678	10001
W228	1176.630596	0.404317	2239.471155	2.792767	979.138458	0.734271	4760.877782	4.252113	10001
W229	2474.506764	0.727667	4709.707991	5.813334	2059.171965	1.500190	10012.338891	8.763458	10001
W230	4513.801642	1.163059	8591.080844	10.534111	3756.180396	2.684261	18263.725269	15.774703	10001
W231	1410.257199	0.451524	2684.130711	3.330492	1173.551889	0.867799	5706.176764	5.046420	10001
W232	2442.485079	0.573445	4648.761385	5.678757	2032.524975	1.436375	9882.772879	8.471198	10001
W233	2413.697175	0.568126	4593.969609	5.612353	2008.568991	1.419844	9766.291385	8.372951	10001
W234	1530.227167	0.448748	2912.468546	3.594386	1273.385439	0.927297	6191.598746	5.417613	10001
W235	2116.302319	0.507265	4027.940471	4.924228	1761.090520	1.247456	8562.973565	7.351547	10001
W236	3503.736327	0.828294	6668.631994	8.148246	2915.649988	2.062053	14176.803230	12.158229	10001
W237	1509.859415	0.431544	2873.702774	3.541526	1256.436323	0.911231	6109.186832	5.330445	10001
W238	3015.923469	0.687739	5740.181869	7.004660	2509.714318	1.768052	12203.016891	10.437798	10001
W239	2082.506538	0.549083	3963.617245	4.865112	1732.967209	1.242207	8426.229220	7.293119	10001
W240	3118.129429	0.623516	5934.709616	7.212765	2594.765469	1.805708	12616.562218	10.702547	10001
W241	1404.244189	0.420790	2672.686199	3.302568	1168.548136	0.853992	5681.846948	4.983888	10001
W242	2578.595045	0.630972	4907.818344	6.004756	2145.789498	1.523620	10433.500456	8.972155	10001
W243	1241.338728	0.415568	2362.629600	2.940662	1032.985621	0.770506	5022.699554	4.469044	10001
W244	1468.389519	0.457525	2794.773468	3.461663	1221.926962	0.899076	5941.391513	5.236183	10001
W245	2971.753117	0.701870	5656.112807	6.910829	2472.957760	1.748781	12024.294995	10.311470	10001
W246	2587.791687	0.627984	4925.322235	6.024186	2153.442525	1.527558	10470.711870	8.998147	10001
W247	1092.735522	0.370035	2079.794363	2.590799	909.324794	0.679849	4421.421886	3.940495	10001
W248	2758.571822	0.653706	5250.366634	6.415880	2295.557984	1.623939	11161.721733	9.574206	10001
W249	3603.757569	0.826106	6859.001586	8.371480	2998.883116	2.113830	14581.508761	12.476902	10001
W250	2421.970855	0.588469	4609.716835	5.638442	2015.453971	1.429881	9799.768314	8.422391	10001
W251	1536.246509	0.553884	2923.925109	3.660268	1278.394462	0.968790	6215.954181	5.593004	10001
W252	1976.160140	0.595293	3761.209036	4.649074	1644.470574	1.202872	7995.930868	7.018040	10001
W253	2748.150957	0.779298	5230.532690	6.443348	2286.886214	1.656548	11119.556875	9.693988	10001
W254	3272.622428	0.799893	6228.754847	7.620589	2723.327515	1.933443	13241.671143	11.385965	10001
W255	1971.964223	0.528086	3753.222983	4.610222	1640.978923	1.178780	7978.953369	6.916106	10001
W256	2521.619377	0.798436	4799.377031	5.950753	2098.376938	1.548476	10202.965744	9.010290	10001
W257	2597.477238	0.688243	4943.756662	6.069563	2161.502399	1.550422	10509.901503	9.100767	10001
W258	2723.508379	0.794459	5183.630677	6.395406	2266.379782	1.648996	11019.848178	9.636587	10001
W259	1882.043601	0.612398	3582.077816	4.449533	1566.151071	1.161674	7615.116923	6.749135	10001
W260	1925.295526	0.611024	3664.398842	4.544176	1602.143356	1.182788	7790.122680	6.881538	10001
W261	1902.915351	0.522942	3621.802843	4.454401	1583.519592	1.141692	7699.568110	6.690817	10001
W262	1723.546167	0.492187	3280.410979	4.042558	1434.256717	1.040053	6973.805273	6.084276	10001
W263	3234.417388	1.000689	6156.039513	7.621607	2691.535018	1.977898	13087.086067	11.523598	10001
W264	2320.292666	0.563664	4416.193590	5.401693	1930.842008	1.369824	9388.358453	8.068691	10001
W265	2735.506070	0.678335	5206.465782	6.373589	2276.363714	1.618921	11068.393185	9.528511	10001
W266	2114.602445	0.509338	4024.705116	4.921201	1759.675963	1.247154	8556.095545	7.348450	10001
W267	2493.032911	0.637587	4744.968651	5.816223	2074.588582	1.481122	10087.299309	8.706822	10001
W268	1379.992697	0.414973	2626.528537	3.246203	1148.367147	0.839739	5583.720661	4.899824	10001
W269	1753.837334	0.481423	3338.063902	4.105201	1459.463648	1.052075	7096.369263	6.165943	10001
W270	1830.706337	0.531882	3484.368032	4.297945	1523.430536	1.107720	7407.396303	6.474698	10001
W271	2655.011970	0.598258	5053.262037	6.163883	2209.380186	1.554548	10742.698297	9.181018	10001
W272	2266.594742	0.570367	4313.990780	5.284276	1886.157038	1.343838	9171.086136	7.904916	10001
W273	3827.313738	0.812240	7284.494170	8.868357	3184.916391	2.227927	15486.060794	13.182759	10001
W274	2260.380264	0.519286	4302.162817	5.251237	1880.985632	1.326161	9145.941142	7.827096	10001
W275	2672.734620	0.585629	5086.993407	6.199261	2224.128169	1.560550	10814.407607	9.224798	10001
W276	2311.723315	0.509837	4399.883616	5.363052	1923.710984	1.350626	9353.685182	7.982238	10001
W277	1467.932638	0.421151	2793.903890	3.443885	1221.546766	0.886450	5939.542883	5.184537	10001
W278	2588.093395	0.629005	4925.896473	6.025246	2153.693592	1.528006	10471.932639	9.000279	10001
W279	1560.374746	0.467162	2969.848179	3.669573	1298.472883	0.948802	6313.581751	5.537449	10001
W280	1745.394416	0.477845	3321.994567	4.084904	1452.437836	1.046611	7062.207563	6.134651	10001
W281	1766.992827	0.477419	3363.102641	4.132783	1470.411051	1.057570	7149.598963	6.202527	10001
W282	2153.468164	0.524780	4098.677912	5.013944	1792.018245	1.271805	8713.353850	7.490450	10001
W283	1463.970062	0.420662	2786.361952	3.434876	1218.249290	0.884270	5923.509523	5.171404	10001
W284	1200.515314	0.376244	2284.930737	2.831210	999.014233	0.735832	4857.520026	4.284092	10001
W285	1339.984876	0.455345	2550.381987	3.177831	1115.074459	0.834274	5421.841185	4.834535	10001
W286	3096.544386	0.696404	5893.626984	7.188473	2576.803378	1.812714	12529.224906	10.706402	10001
W287	1643.162886	0.443379	3127.418154	3.842916	1367.365407	0.983274	6648.558778	5.767124	10001
W288	3144.220457	0.818460	5984.368451	7.341178	2616.477236	1.872301	12722.131626	10.998393	10001
W289	2800.697231	0.713428	5330.543573	6.532873	2330.612833	1.663060	11332.169389	9.777924	10001
W290	2349.444751	0.650078	4471.678510	5.501538	1955.101047	1.411004	9506.313498	8.266534	10001
W291	2419.997442	0.835827	4605.960853	5.746175	2013.811786	1.511816	9791.783497	8.752045	10001
W292	1957.966257	0.561572	3726.580770	4.593468	1629.330452	1.182313	7922.314854	6.915043	10001
W293	1890.033857	0.559287	3597.285604	4.441826	1572.800199	1.147025	7647.447066	6.698311	10001
W294	1271.495867	0.537413	2420.027431	3.076139	1058.081021	0.835106	5144.721245	4.766186	10001
W295	3276.331448	0.937804	6235.814193	7.685568	2726.413992	1.977783	13256.678562	11.568660	10001
W296	2478.195688	0.755602	4716.729089	5.834386	2062.241720	1.511583	10027.264998	8.813617	10001
W297	3007.764760	0.756364	5724.653466	7.012020	2502.925012	1.783119	12170.005156	10.489198	10001
W298	2196.989910	0.547704	4181.512487	5.119998	1828.235063	1.301064	8889.451357	7.656110	10001
W299	2685.240169	0.551436	5110.795114	6.216013	2234.534718	1.558528	10865.007507	9.230704	10001
W300	2351.964789	0.593205	4476.474876	5.483836	1957.198108	1.394852	9516.510064	8.204253	10001
W301	1682.192223	0.477671	3201.702363	3.944373	1399.843846	1.014214	6806.479116	5.934718	10001
W302	1301.840266	0.416511	2477.781671	3.074305	1083.332249	0.800976	5267.500624	4.658024	10001
W303	2508.163538	0.605100	4773.766647	5.837477	2087.179601	1.479543	10148.520788	8.717210	10001
W304	2349.957479	0.571630	4472.654380	5.471041	1955.527716	1.387554	9508.388094	8.172718	10001
W305	2619.609256	0.804020	4985.880347	6.169809	2179.919658	1.599679	10599.451982	9.324011	10001
W306	914.152655	0.370373	1739.899088	2.201675	760.716255	0.593382	3698.840636	3.397635	10001
W307	2593.066967	0.577151	4935.362631	6.017573	2157.832372	1.516384	10492.056684	8.959229	10001
W308	3862.051391	0.741888	7350.610053	8.924250	3213.823485	2.229379	15626.616138	13.227514	10001
W309	2190.472583	0.551647	4169.108113	5.106977	1822.811640	1.298834	8863.080977	7.639949	10001
W310	1380.664512	0.383247	2627.807197	3.233535	1148.926201	0.829576	5586.438957	4.859455	10001
W311	1855.951877	0.513921	3532.417657	4.346126	1544.438726	1.114752	7509.544701	6.530679	10001
W312	1905.444561	0.552404	3626.616668	4.472874	1585.624286	1.152546	7709.801792	6.737426	10001
W313	1749.059035	0.517576	3328.969405	4.110520	1455.487365	1.061472	7077.035329	6.198702	10001
W314	2340.399433	0.633588	4454.462630	5.474432	1947.573944	1.401150	9469.714367	8.216876	10001
W315	3016.637795	0.707420	5741.541440	7.013356	2510.308748	1.773795	12205.907194	10.461601	10001
W316	1856.884541	0.500683	3534.192789	4.342601	1545.214846	1.111052	7513.318442	6.516778	10001
W317	1706.149674	0.424234	3247.300379	3.975687	1419.780147	1.010065	6903.415655	5.944329	10001
W318	1909.758430	0.457562	3634.827218	4.443567	1589.214091	1.125654	7727.256549	6.633840	10001
W319	2601.709933	0.589877	4951.812717	6.041417	2165.024656	1.524309	10527.027819	9.000583	10001
W320	2235.167461	0.625232	4254.175499	5.236858	1860.004684	1.344544	9043.925203	7.873213	10001
W321	1252.863733	0.416906	2384.565046	2.966678	1042.576207	0.776721	5069.331982	4.506709	10001
W322	1650.041999	0.495021	3140.511111	3.880914	1373.089892	1.003671	6676.393015	5.857061	10001
W323	1820.434431	0.492055	3464.817598	4.257859	1514.882722	1.089617	7365.834157	6.390368	10001
W324	1295.564576	0.389485	2465.837203	3.047553	1078.109906	0.788329	5242.107955	4.599913	10001
W325	2640.620368	0.697324	5025.870621	6.169412	2197.404150	1.575452	10684.467056	9.249022	10001
W326	2066.514512	0.562782	3933.179756	4.835191	1719.659372	1.238229	8361.522351	7.259524	10001
W327	2317.146289	0.641237	4410.205117	5.425949	1928.223736	1.391637	9375.627597	8.153016	10001
W328	2459.570400	0.706310	4681.279735	5.770637	2046.742603	1.485492	9951.903437	8.687740	10001
W329	1307.657452	0.433207	2488.853471	3.095443	1088.173047	0.809974	5291.038096	4.700889	10001
W330	2738.080488	0.732346	5211.365650	6.400937	2278.506028	1.636461	11078.809784	9.601911	10001
W331	2973.517886	0.837458	5659.471677	6.969236	2474.426321	1.790529	12031.435596	10.481420	10001
W332	3035.276188	0.639845	5777.015737	7.031684	2525.818771	1.765788	12281.321781	10.450342	10001
W333	1701.700278	0.534036	3238.831881	4.013516	1416.077562	1.043278	6885.412528	6.073628	10001
W334	2152.435922	0.532856	4096.713256	5.014722	1791.159261	1.273591	8709.177200	7.496480	10001
W335	1764.718323	0.587204	3358.773597	4.178693	1468.518312	1.094038	7140.395875	6.347874	10001
W336	3210.291698	0.672820	6110.121290	7.435847	2671.458716	1.866624	12989.468802	11.048996	10001
W337	2076.682974	0.572085	3952.533304	4.861753	1728.121104	1.246388	8402.665938	7.303580	10001
W338	1830.308747	0.509112	3483.611301	4.287061	1523.099679	1.100082	7405.787573	6.443405	10001
W339	870.260189	0.309706	1656.358926	2.071273	724.190942	0.547205	3521.243127	3.161803	10001
W340	2413.628274	0.602581	4593.838471	5.625202	2008.511655	1.429611	9766.012600	8.412074	10001
W341	2102.677822	0.553126	4002.009081	4.911715	1749.752834	1.253849	8507.846184	7.362189	10001
W342	892.672894	0.300668	1699.016840	2.115629	742.841775	0.554770	3611.929321	3.216569	10001
W343	1883.720694	0.474743	3585.269813	4.391937	1567.546672	1.117049	7621.902769	6.570469	10001
W344	1995.766169	0.515312	3798.525027	4.658058	1660.785819	1.187160	8075.260702	6.976036	10001
W345	1946.376479	0.467365	3704.522045	4.529154	1619.685966	1.147527	7875.420346	6.762202	10001
W346	2724.384671	0.614322	5185.298516	6.325091	2267.108992	1.595282	11023.393827	9.421370	10001
W347	2475.499590	0.550991	4711.597627	5.744744	2059.998149	1.447634	10016.356055	8.553034	10001
W348	2274.635252	0.553210	4329.294217	5.295643	1892.847985	1.343051	9203.619616	7.910650	10001
W349	1464.275132	0.465630	2786.942590	3.456501	1218.503156	0.899893	5924.743898	5.235060	10001
W350	1913.850198	0.474853	3642.615045	4.459276	1592.619074	1.132729	7743.812641	6.666773	10001
W351	1182.411774	0.425304	2250.474422	2.816669	983.949291	0.745256	4784.269559	4.303169	10001
W352	2287.858022	0.575203	4354.461003	5.333648	1903.851372	1.356294	9257.121531	7.978466	10001
W353	1757.441844	0.480753	3344.924337	4.112934	1462.463158	1.053712	7110.953818	6.176497	10001
W354	2139.481050	0.574127	4072.056357	5.002347	1780.378806	1.279283	8656.759252	7.505100	10001
W355	1921.358456	0.505875	3656.905450	4.488348	1598.867105	1.145863	7774.192525	6.727879	10001
W356	3444.042175	0.738240	6555.016614	7.982717	2865.975230	2.006681	13935.269001	11.870060	10001
W357	2555.832575	0.596845	4864.494724	5.941118	2126.847605	1.502147	10341.399043	8.860767	10001
W358	1959.437661	0.576082	3729.381283	4.603233	1630.554888	1.187884	7928.268446	6.939179	10001
W359	2677.275637	0.678316	5095.636288	6.243533	2227.906998	1.588684	10832.781454	9.342653	10001
W360	1644.467988	0.449073	3129.902142	3.848213	1368.451453	0.985731	6653.839474	5.778464	10001
W361	2008.432883	0.558563	3822.633477	4.704233	1671.326482	1.207111	8126.512705	7.070349	10001
W362	2363.073703	0.651955	4497.618380	5.532643	1966.442441	1.418585	9561.458907	8.312052	10001
W363	1633.333484	0.457270	3108.709934	3.826965	1359.185826	0.982641	6608.787090	5.753800	10001
W364	1437.387432	0.434331	2735.767455	3.382189	1196.128434	0.875384	5815.950996	5.106527	10001
W365	992.907426	0.386674	1889.792384	2.382006	826.252393	0.637852	4017.497862	3.662928	10001
W366	3867.016001	0.832982	7360.059154	8.964468	3217.954808	2.254169	15646.703924	13.332020	10001
W367	2553.233973	0.716837	4859.548828	5.983209	2124.685167	1.536723	10330.884593	8.997008	10001
W368	3004.242639	0.666481	5717.949843	6.971004	2499.994063	1.756257	12155.753965	10.377567	10001
W369	2730.518692	0.572921	5196.973347	6.324785	2272.213445	1.587823	11048.213277	9.398393	10001
W370	3056.029437	0.624926	5816.515222	7.073495	2543.088680	1.773086	12365.293490	10.502727	10001
W371	1908.878581	0.489375	3633.152608	4.453867	1588.481921	1.134426	7723.696505	6.668106	10001
W372	1323.782959	0.365074	2519.545013	3.099297	1101.591960	0.794638	5356.285054	4.656182	10001
W373	2101.817218	0.501430	4000.371101	4.889644	1749.036678	1.238254	8504.364012	7.298564	10001
W374	3145.144486	0.697475	5986.127148	7.297859	2617.246170	1.838557	12725.870428	10.864007	10001
W375	2199.182091	0.556297	4185.684846	5.128247	1830.059296	1.304723	8898.321351	7.673237	10001
W376	1171.517638	0.392759	2229.739704	2.775550	974.883686	0.727379	4740.189751	4.218537	10001
W377	2399.738476	0.564761	4567.402134	5.579867	1996.953197	1.411611	9709.811755	8.324441	10001
W378	1862.670950	0.488209	3545.206011	4.350350	1550.030032	1.110187	7536.731383	6.519656	10001
W379	1441.227558	0.404584	2743.076336	3.377328	1199.324013	0.867420	5831.488901	5.078489	10001
W380	2587.589660	0.644600	4924.937718	6.030089	2153.274407	1.532238	10469.894427	9.016717	10001
W381	2364.935131	0.590267	4501.161220	5.511657	1967.991437	1.400724	9568.990609	8.242182	10001
W382	1911.392141	0.513028	3637.936647	4.469095	1590.573592	1.142933	7733.866864	6.705121	10001
W383	1903.685624	0.528246	3623.268898	4.458380	1584.160579	1.143776	7702.684788	6.700072	10001
W384	2335.020334	0.607788	4444.224637	5.451831	1943.097703	1.390434	9447.949482	8.167795	10001
W385	1769.558944	0.450181	3367.986711	4.127422	1472.546457	1.050595	7159.981977	6.177271	10001
W386	1174.991427	0.369904	2236.351338	2.771817	977.774416	0.720776	4754.245384	4.195399	10001
W387	2501.623258	0.700592	4761.318585	5.861504	2081.737077	1.505093	10122.057531	8.812858	10001
W388	2073.447478	0.515274	3946.375213	4.831456	1725.428671	1.227426	8389.574490	7.223679	10001
W389	2381.133627	0.624457	4531.991680	5.561388	1981.471087	1.419310	9634.532892	8.334800	10001
W390	1816.937370	0.468716	3458.161672	4.240509	1511.972628	1.080659	7351.684365	6.350445	10001
W391	2595.255183	0.629700	4939.527444	6.041525	2159.653306	1.531936	10500.910635	9.023989	10001
W392	866.726745	0.336723	1649.633751	2.078819	721.250570	0.556452	3506.946119	3.196034	10001
W393	2571.529230	0.641923	4894.370037	5.993175	2139.909648	1.523114	10404.910784	8.962304	10001
W394	2166.303825	0.529079	4123.107919	5.044273	1802.699499	1.279720	8765.289450	7.536440	10001
W395	1336.813970	0.428506	2544.346827	3.157291	1112.435775	0.822785	5409.011077	4.784341	10001
W396	1969.416147	0.562189	3748.373252	4.619151	1638.858530	1.188352	7968.643354	6.951942	10001
W397	1702.086870	0.502593	3239.567677	3.999635	1416.399266	1.032600	6886.976752	6.030753	10001
W398	2708.330687	0.708847	5154.743104	6.325014	2253.749597	1.613909	10958.436266	9.478367	10001
W399	1392.526315	0.494782	2650.383668	3.313873	1158.797054	0.875290	5634.434135	5.058024	10001
W400	2264.524059	0.587218	4310.049668	5.286340	1884.433910	1.347784	9162.707750	7.918501	10001
W401	2367.081859	0.564742	4505.247069	5.506763	1969.777846	1.394538	9577.676690	8.219728	10001
W402	3664.237381	0.788641	6974.112305	8.494167	3049.211664	2.135796	14826.221920	12.632240	10001
W403	3384.391817	0.768180	6441.484588	7.859178	2816.336916	1.983100	13693.911974	11.709172	10001
W404	1963.902561	0.510697	3737.879289	4.585142	1634.270374	1.169295	7946.334304	6.869042	10001
W405	1741.798516	0.453941	3315.150520	4.066998	1449.445491	1.037359	7047.657847	6.093419	10001
W406	2253.621185	0.510480	4289.298319	5.232954	1875.361034	1.320241	9118.592587	7.795864	10001
W407	2052.536728	0.460550	3906.575956	4.764490	1708.027696	1.201271	8304.965499	7.095584	10001
W408	3612.962833	0.764393	6876.521887	8.370899	3006.543318	2.102557	14618.755060	12.442077	10001
W409	2629.484470	0.579409	5004.675760	6.100063	2188.137362	1.536146	10639.409034	9.078916	10001
W410	2609.382629	0.566723	4966.416094	6.050608	2171.409524	1.522260	10558.073049	9.000941	10001
W411	1574.574919	0.378335	2996.875249	3.664076	1310.289621	0.928393	6371.038431	5.470750	10001
W412	1782.286672	0.463154	3392.211289	4.160995	1483.137893	1.061067	7211.480856	6.233430	10001
W413	3009.601824	0.665181	5728.149934	6.982579	2504.453732	1.758737	12177.438275	10.393467	10001
W414	2586.696650	0.583382	4923.238060	6.005464	2152.531285	1.514686	10466.281135	8.945336	10001
W415	2440.000433	0.557572	4644.032380	5.667460	2030.457366	1.430738	9872.719517	8.445845	10001
W416	1917.453352	0.503783	3649.472899	4.478791	1595.617456	1.143209	7758.391711	6.712895	10001
W417	2336.456646	0.650254	4446.958356	5.472743	1944.292936	1.404409	9453.761079	8.225702	10001
W418	2498.456085	0.523303	4755.290532	5.786948	2079.101500	1.452645	10109.242530	8.598714	10001
W419	1862.535079	0.434434	3544.947411	4.329339	1549.916967	1.094533	7536.181626	6.456625	10001
W420	1637.718825	0.425901	3117.056518	3.823608	1362.835107	0.975095	6626.531041	5.728197	10001
W421	1948.931093	0.471422	3709.384220	4.536390	1621.811800	1.150008	7885.756815	6.774987	10001
W422	2449.502018	0.615019	4662.116667	5.710164	2038.364153	1.451878	9911.164791	8.541197	10001
W423	1476.982175	0.405280	2811.127798	3.457104	1229.077379	0.885951	5976.159081	5.192418	10001
W424	1336.976473	0.323877	2544.656119	3.112167	1112.571003	0.789047	5409.668598	4.648221	10001
W425	1113.601911	0.391248	2119.509186	2.647718	926.688853	0.698242	4505.851380	4.037838	10001
W426	2445.689152	0.579104	4654.859670	5.688009	2035.191259	1.439621	9895.737187	8.487770	10001
W427	1770.542627	0.585008	3369.858947	4.190387	1473.365033	1.096117	7163.962152	6.362582	10001
W428	2377.746569	0.566228	4525.545121	5.531181	1978.652532	1.400525	9620.828192	8.255572	10001
W429	2427.409849	0.568818	4620.068826	5.643310	2019.980054	1.427209	9821.775548	8.417708	10001
W430	3768.771359	0.808717	7173.070949	8.735676	3136.200085	2.196108	15249.186863	12.990141	10001
W431	3380.767395	0.814208	6434.586256	7.867838	2813.320837	1.993885	13679.246854	11.748374	10001
W432	2395.283266	0.696863	4558.922569	5.623828	1993.245773	1.449650	9691.785102	8.472732	10001
W433	2464.477898	0.618477	4690.620134	5.744957	2050.826399	1.460666	9971.760134	8.593061	10001
W434	2091.719349	0.492826	3981.151911	4.863865	1740.633691	1.230577	8463.506057	7.256572	10001
W435	2831.383645	0.676971	5388.948768	6.587453	2356.148671	1.668485	11456.332628	9.833662	10001
W436	2185.978066	0.592061	4160.553736	5.113341	1819.071507	1.308788	8844.895280	7.675070	10001
W437	1524.765577	0.421947	2902.073547	3.570465	1268.840553	0.915744	6169.500083	5.364964	10001
W438	2735.563878	0.621715	5206.575807	6.352766	2276.411820	1.603132	11068.627087	9.465250	10001
W439	2548.302865	0.574155	4850.163491	5.916126	2120.581723	1.492053	10310.932363	8.811956	10001
W440	2125.023812	0.482356	4044.540016	4.934703	1768.348150	1.245174	8598.262435	7.352091	10001
W441	3120.268042	0.703597	5938.780019	7.244199	2596.545125	1.827096	12625.215462	10.790407	10001
W442	1575.027250	0.475211	2997.736167	3.705726	1310.666030	0.958964	6372.868651	5.594523	10001
W443	1639.149171	0.408133	3119.778883	3.819777	1364.025376	0.970562	6632.318501	5.711548	10001
W444	2323.305009	0.472793	4421.926958	5.376795	1933.348743	1.347405	9400.546984	7.982322	10001
W445	2308.519545	0.509216	4393.785907	5.355649	1921.044952	1.348777	9340.722099	7.971264	10001
W446	3034.519874	0.759777	5775.576250	7.073101	2525.189400	1.798009	12278.261585	10.578597	10001
W447	2799.445869	0.661883	5328.161867	6.510388	2329.571507	1.647581	11327.106134	9.714383	10001
W448	2759.177012	0.584226	5251.518488	6.392912	2296.061596	1.605816	11164.170452	9.502338	10001
W449	1972.807647	0.491640	3754.828265	4.597481	1641.680782	1.168251	7982.366027	6.874669	10001
W450	1685.527300	0.420082	3208.049987	3.928009	1402.619145	0.998140	6819.973490	5.873620	10001
W451	2667.803378	0.605641	5077.607816	6.195168	2220.024614	1.563241	10794.454838	9.230069	10001
W452	2642.225193	0.658558	5028.925070	6.157546	2198.739612	1.564692	10690.960491	9.207507	10001
W453	1807.028116	0.526031	3439.301473	4.242817	1503.726598	1.093735	7311.589585	6.392340	10001
W454	539.100688	0.256060	1026.065822	1.323067	448.615069	0.367179	2181.306941	2.075359	10001
W455	1182.496738	0.366944	2250.636134	2.786966	984.019994	0.723499	4784.613342	4.214563	10001
W456	1406.152987	0.441005	2676.319197	3.316322	1170.136550	0.861984	5689.570316	5.018370	10001
W457	2215.601042	0.546438	4216.934898	5.161093	1843.722400	1.310371	8964.755642	7.714083	10001
W458	2125.665434	0.493213	4045.761210	4.940027	1768.882079	1.248452	8600.858564	7.365934	10001
W459	1532.081853	0.410015	2915.998553	3.581716	1274.928824	0.915748	6199.103166	5.373003	10001
W460	2004.003468	0.490016	3814.203009	4.666573	1667.640525	1.184008	8108.590425	6.972469	10001
W461	1910.387007	0.575885	3636.023583	4.494525	1589.737165	1.162975	7729.799894	6.785019	10001
W462	1449.944516	0.439919	2759.667248	3.412572	1206.577869	0.883649	5866.759419	5.153640	10001
W463	1956.090467	0.529420	3723.010597	4.575440	1627.769505	1.171032	7914.725044	6.867448	10001
W464	1457.824553	0.441189	2774.665257	3.430595	1213.135277	0.888065	5898.643592	5.180084	10001
W465	2542.835027	0.666244	4839.756601	5.938806	2116.031637	1.515505	10288.808420	8.900052	10001
W466	1572.377055	0.439914	2992.692073	3.684016	1308.460658	0.945875	6362.145443	5.538688	10001
W467	1568.550123	0.551763	2985.408306	3.729772	1305.276060	0.983762	6346.660928	5.688518	10001
W468	2184.665559	0.594620	4158.055653	5.111496	1817.979298	1.308917	8839.584619	7.674151	10001
W469	2359.952584	0.611578	4491.677980	5.508955	1963.845188	1.404464	9548.830247	8.251724	10001
W470	3023.232265	0.676564	5754.092638	7.017109	2515.796365	1.768907	12232.589708	10.449360	10001
W471	1680.948272	0.443527	3199.334762	3.927131	1398.808687	1.002777	6801.445849	5.887222	10001
W472	2382.582054	0.524826	4534.748461	5.527220	1982.676403	1.391859	9640.393515	8.226241	10001
W473	1622.743572	0.419303	3088.554243	3.787558	1350.373382	0.965364	6565.938232	5.672538	10001
W474	2307.206269	0.535363	4391.286359	5.361936	1919.952103	1.355082	9335.408326	7.995046	10001
W475	2323.091449	0.559444	4421.520490	5.406364	1933.171028	1.370085	9399.682877	8.072842	10001
W476	2359.960999	0.583229	4491.693995	5.497826	1963.852190	1.396094	9548.864295	8.218082	10001
W477	2629.879485	0.655051	5005.427589	6.128608	2188.466076	1.557255	10641.007342	9.163982	10001
W478	2123.986564	0.505267	4042.565830	4.940680	1767.484999	1.250908	8594.065524	7.373917	10001
W479	2074.548289	0.491197	3948.470376	4.824827	1726.344716	1.221147	8394.028585	7.199695	10001
W480	1626.132941	0.454999	3095.005201	3.809984	1353.193861	0.978226	6579.652283	5.728102	10001
W481	2101.358707	0.479344	3999.498421	4.880586	1748.655126	1.231941	8502.508787	7.272755	10001
W482	2421.828399	0.521414	4609.445700	5.614163	2015.335426	1.411670	9799.191910	8.349285	10001
W483	3245.570055	0.694186	6177.266292	7.522186	2700.815761	1.890656	13132.211944	11.184479	10001
W484	1647.171939	0.467872	3135.048550	3.862321	1370.701559	0.993147	6664.780190	5.811359	10001
W485	1888.373196	0.528508	3594.124881	4.424463	1571.418272	1.136024	7640.727704	6.652023	10001
W486	1785.983600	0.459564	3399.247622	4.167799	1486.214309	1.061898	7226.439352	6.240849	10001
W487	2064.019636	0.498777	3928.431280	4.804091	1717.583250	1.217781	8351.427595	7.174514	10001
W488	1651.212343	0.438288	3142.738617	3.858730	1374.063799	0.985839	6681.128457	5.786302	10001
W489	1587.241499	0.487124	3020.983446	3.738317	1320.830173	0.969245	6422.289897	5.649438	10001
W490	1088.054684	0.369850	2070.885363	2.580427	905.429613	0.677465	4402.482297	3.925772	10001
W491	2127.447958	0.585886	4049.153873	4.980522	1770.365414	1.276798	8608.071004	7.481882	10001
W492	1916.055144	0.503557	3646.811701	4.475583	1594.453930	1.142418	7752.734286	6.708174	10001
W493	1933.539582	0.479636	3680.089685	4.505113	1609.003684	1.144352	7823.479744	6.735240	10001
W494	373.730891	0.196674	711.318873	0.931266	311.001846	0.264119	1512.188362	1.478971	10001
W495	2931.008185	0.697331	5578.563320	6.817953	2439.051681	1.726222	11859.433023	10.175777	10001
W496	1621.027588	0.438592	3085.288226	3.791643	1348.945419	0.970398	6558.995028	5.690928	10001
W497	1477.646006	0.420648	2812.391262	3.465222	1229.629789	0.891236	5978.845070	5.214483	10001
W498	2803.108963	0.655669	5335.133803	6.516313	2332.619767	1.647776	11341.927729	9.719236	10001
W499	2330.101174	0.617856	4434.862041	5.444970	1939.004202	1.390967	9428.045597	8.164531	10001
W500	1792.997366	0.538020	3412.596863	4.217198	1492.050845	1.090665	7254.818421	6.364657	10001
W501	2929.593057	0.672854	5575.869918	6.805867	2437.874076	1.718739	11853.707138	10.144214	10001
W502	559.702023	0.241728	1065.276171	1.357390	465.758563	0.369926	2264.663978	2.107650	10001
W503	2580.335218	0.623122	4911.130401	6.005678	2147.237591	1.522289	10440.541537	8.968739	10001
W504	2550.609013	0.585680	4854.552763	5.925385	2122.500794	1.496361	10320.263489	8.831776	10001
W505	2402.220424	0.600877	4572.126005	5.599059	1999.018561	1.423188	9719.854204	8.373658	10001
W506	3316.423925	0.683069	6312.121868	7.677777	2759.777128	1.925364	13418.900573	11.402416	10001
W507	2164.696135	0.559393	4120.048016	5.052522	1801.361653	1.287785	8758.784422	7.567077	10001
W508	1830.812562	0.514739	3484.570209	4.290613	1523.518931	1.102152	7407.826109	6.452311	10001
W509	2641.370057	0.601524	5027.297498	6.134452	2198.028007	1.548258	10687.500446	9.140641	10001
W510	2512.684975	0.588816	4782.372260	5.841566	2090.942135	1.477352	10166.815406	8.713441	10001
W511	2193.718302	0.537856	4175.285663	5.108901	1825.512580	1.296512	8876.213792	7.634210	10001
W512	2233.417541	0.586801	4250.844893	5.216822	1858.548481	1.331592	9036.844687	7.819072	10001
W513	881.062806	0.296487	1676.919456	2.087974	733.180388	0.547453	3564.952630	3.174320	10001
W514	2810.201717	0.612159	5348.633382	6.516884	2338.522034	1.639883	11370.626400	9.695536	10001
W515	2792.321491	0.671655	5314.602098	6.498074	2323.642924	1.646600	11298.279505	9.702543	10001
W516	1304.064665	0.421213	2482.015349	3.081525	1085.183293	0.803787	5276.500976	4.671848	10001
W517	3594.855968	0.743345	6842.059243	8.323314	2991.475608	2.087730	14545.491138	12.362589	10001
W518	1722.929773	0.501020	3279.237800	4.045120	1433.743782	1.042656	6971.311220	6.094129	10001
W519	1905.178965	0.490317	3626.111161	4.445989	1585.403269	1.132793	7708.727136	6.657459	10001
W520	2490.632861	0.548309	4740.400656	5.777771	2072.591370	1.454897	10077.588236	8.598971	10001
W521	2091.319651	0.497009	3980.391170	4.864512	1740.301081	1.231533	8461.888801	7.259960	10001
W522	2100.025017	0.536592	3996.960019	4.899147	1747.545290	1.247490	8497.112416	7.333676	10001
W523	1188.702075	0.420584	2262.446699	2.827862	989.183793	0.746479	4809.721349	4.314840	10001
W524	2456.507287	0.592122	4675.449736	5.717059	2044.193619	1.448925	9939.509480	8.537092	10001
W525	1570.418912	0.462865	2988.965157	3.689850	1306.831181	0.952435	6354.222414	5.563075	10001
W526	2370.586053	0.696879	4511.916572	5.569091	1972.693877	1.437110	9591.855344	8.395113	10001
W527	4207.582142	0.971771	8008.255836	9.776756	3501.358458	2.469979	17024.701214	14.575342	10001
W528	3758.972613	0.824948	7154.421078	8.719180	3128.046015	2.195121	15209.539219	12.975253	10001
W529	1108.044969	0.425358	2108.932705	2.654627	922.064618	0.709248	4483.366904	4.077107	10001
W530	1312.188199	0.371648	2497.476805	3.076375	1091.943329	0.790822	5309.370387	4.628096	10001
W531	2460.357355	0.597113	4682.777539	5.727549	2047.397470	1.452349	9955.087609	8.555099	10001
W532	1915.683302	0.521456	3646.103977	4.482174	1594.144500	1.147775	7751.229740	6.729348	10001
W533	1899.881047	0.549232	3616.027679	4.459117	1580.994583	1.148664	7687.290725	6.715663	10001
W534	2173.687322	0.610899	4137.160866	5.094055	1808.843709	1.308485	8795.164524	7.660385	10001
W535	1356.072519	0.422673	2581.001464	3.196950	1128.461864	0.830357	5486.934940	4.835873	10001
W536	1658.968491	0.461099	3157.500829	3.885585	1380.518113	0.996987	6712.511350	5.839762	10001
W537	2278.538697	0.507823	4336.723611	5.287902	1896.096254	1.332631	9219.413720	7.873228	10001
W538	1616.991354	0.408851	3077.606095	3.770573	1345.586648	0.959270	6542.663633	5.641686	10001
W539	3553.210382	0.733462	6762.795548	8.226480	2956.820046	2.063231	14376.984944	12.218120	10001
W540	976.080576	0.357263	1857.765983	2.328564	812.249854	0.617666	3949.413134	3.562329	10001
W541	3099.836550	0.687004	5899.892932	7.192582	2579.542967	1.811961	12542.545645	10.707058	10001
W542	3362.474741	0.711544	6399.770001	7.790590	2798.098522	1.956823	13605.231193	11.579611	10001
W543	2971.425747	0.687562	5655.489726	6.904883	2472.685338	1.744669	12022.970391	10.294625	10001
W544	2474.038504	0.593586	4708.816755	5.756826	2058.782300	1.458486	10010.444217	8.594888	10001
W545	1551.460457	0.492962	2952.881689	3.662115	1291.054817	0.953333	6277.512794	5.546192	10001
W546	2250.401290	0.532311	4283.169919	5.233619	1872.681584	1.324514	9105.564260	7.809407	10001
W547	2452.247790	0.576077	4667.342671	5.701580	2040.649059	1.442211	9922.274721	8.505435	10001
W548	2186.272760	0.543752	4161.114625	5.094526	1819.316738	1.294344	8846.087669	7.617264	10001
W549	2178.358734	0.559053	4146.051926	5.082863	1812.731046	1.294752	8814.065972	7.610167	10001
W550	2711.669567	0.631511	5161.097967	6.302739	2256.528061	1.593263	10971.946029	9.399135	10001
W551	2485.994007	0.640119	4731.571563	5.801527	2068.731126	1.478235	10058.818522	8.687448	10001
W552	1979.452037	0.535996	3767.474477	4.630191	1647.209941	1.185097	8009.250530	6.949785	10001
W553	3372.192190	0.750348	6418.265139	7.825566	2806.184941	1.971946	13644.549892	11.650934	10001
W554	1524.492981	0.417245	2901.554717	3.567856	1268.613710	0.914111	6168.397105	5.358077	10001
W555	2163.970731	0.536933	4118.667361	5.042066	1800.758005	1.280771	8755.849296	7.538077	10001
W556	977.115828	0.328355	1859.736369	2.315370	813.111344	0.606966	3953.601966	3.519687	10001
W557	921.688258	0.314338	1754.241539	2.186413	766.987041	0.574273	3729.331164	3.327116	10001
W558	1896.024750	0.444025	3608.688019	4.407832	1577.785547	1.114703	7671.687389	6.574683	10001
W559	1708.189400	0.459790	3251.182572	3.994522	1421.477514	1.021832	6911.668785	5.993925	10001
W560	1366.692295	0.347694	2601.213993	3.187754	1137.299157	0.811412	5529.904630	4.770927	10001
W563	41.014716	0.063978	78.062965	0.153575	34.130581	0.057897	165.953572	0.292797	10001
W564	1889.648862	0.516128	3596.552845	4.422003	1572.479823	1.132730	7645.889298	6.640128	10001
W565	1788.264621	0.483714	3403.589070	4.182764	1488.112470	1.070472	7235.668809	6.277886	10001
W566	985.452045	0.359831	1875.602620	2.350442	820.048364	0.623251	3987.331931	3.595118	10001
W567	2907.044182	0.714891	5532.952834	6.770967	2419.109929	1.718712	11762.469976	10.119081	10001
W568	1228.410549	0.387650	2338.023506	2.898282	1022.227379	0.753875	4970.389612	4.387479	10001
W569	2106.527630	0.606133	4009.336387	4.942864	1752.956468	1.272664	8523.423258	7.442321	10001
W570	1318.990515	0.465651	2510.423595	3.137257	1097.603906	0.827895	5336.893889	4.786126	10001
W571	2411.621650	0.594712	4590.019280	5.617683	2006.841834	1.426283	9757.893405	8.396488	10001
W572	2094.319399	0.632695	3986.100564	4.927892	1742.797334	1.275415	8474.026367	7.440179	10001
W573	2117.667053	0.486845	4030.537959	4.919814	1762.226190	1.242525	8568.495548	7.333293	10001
W574	1468.275042	0.393063	2794.555584	3.432599	1221.831699	0.877648	5940.928315	5.149388	10001
W575	1282.218494	0.459164	2440.435715	3.053309	1067.003903	0.807358	5188.107090	4.663103	10001
W576	2512.555895	0.564576	4782.126582	5.832601	2090.834721	1.470717	10166.293122	8.686720	10001
W577	3742.357952	0.916042	7122.798533	8.714918	3114.220049	2.211342	15142.313046	13.021787	10001
W578	1396.494478	0.473835	2657.936240	3.311476	1162.099179	0.869187	5650.490101	5.037317	10001
W579	1510.828596	0.447323	2875.547408	3.550758	1257.242831	0.916976	6113.108328	5.354741	10001
W580	1823.059204	0.509394	3469.813307	4.271071	1517.066939	1.096463	7376.454503	6.420863	10001
W581	1096.170629	0.312814	2086.332373	2.570961	912.183333	0.661401	4435.321001	3.869298	10001
W582	2810.589662	0.678861	5349.371754	6.541641	2338.844864	1.658168	11372.196101	9.769213	10001
W583	3415.906530	0.734789	6501.466278	7.918369	2842.562027	1.990946	13821.426675	11.775720	10001
W584	1280.051221	0.418591	2436.310764	3.027338	1065.200398	0.790859	5179.337883	4.593440	10001
W585	1865.994051	0.454323	3551.530842	4.344462	1552.795366	1.101912	7550.177302	6.490062	10001
W586	2318.651346	0.624436	4413.069678	5.422196	1929.476175	1.387110	9381.717348	8.136409	10001
W587	1776.244883	0.497387	3380.712003	4.161859	1478.110191	1.068653	7187.034595	6.257377	10001
W588	1572.413760	0.490373	2992.761935	3.707104	1308.491203	0.962923	6362.293961	5.607749	10001
W589	2627.094444	0.597203	5000.126843	6.100918	2186.148491	1.539603	10629.738520	9.090088	10001
W590	2119.996522	0.536502	4034.971617	4.943687	1764.164668	1.257813	8577.921035	7.397227	10001
W591	3110.851673	0.751042	5920.857925	7.240371	2588.709252	1.835216	12587.114992	10.812490	10001
W592	1626.516462	0.451278	3095.735153	3.809233	1353.513010	0.977228	6581.204085	5.724493	10001
W593	1433.335289	0.447821	2728.055045	3.379608	1192.756426	0.878043	5799.555233	5.112925	10001
W594	3223.911671	0.857760	6136.044070	7.534815	2682.792638	1.925426	13044.577880	11.299985	10001
W597	2192.271466	0.649539	4172.531912	5.152496	1824.308589	1.330722	8870.359610	7.770562	10001
W598	1708.776578	0.554172	3252.300142	4.038975	1421.966136	1.054053	6914.044621	6.125049	10001
W599	2853.623707	0.780453	5431.278092	6.678255	2374.655839	1.710900	11546.320275	10.028799	10001
W600	1810.459637	0.548424	3445.832658	4.260666	1506.582153	1.103058	7325.474190	6.433819	10001
W601	2039.215684	0.544885	3881.222126	4.766946	1696.942530	1.218606	8251.065949	7.150459	10001
W602	1129.775809	0.421459	2150.292831	2.699675	940.148035	0.718128	4571.294139	4.136402	10001
W603	3086.373257	0.792328	5874.268359	7.201672	2568.339426	1.834522	12488.070524	10.782637	10001
W604	1576.599912	0.508908	3000.729401	3.725365	1311.974728	0.971649	6379.231949	5.647722	10001
W605	1939.698135	0.570562	3691.811209	4.556988	1614.128552	1.176013	7848.398459	6.869658	10001
W606	2198.684672	0.559962	4184.738114	5.128581	1829.645367	1.305550	8896.308697	7.676015	10001
W607	2583.205144	0.552457	4916.592707	5.987018	2149.625812	1.504791	10452.153819	8.901861	10001
W608	2839.013356	0.619193	5403.470332	6.583956	2362.497769	1.656892	11487.203931	9.795724	10001
W609	2402.420714	0.560848	4572.507215	5.584444	1999.185233	1.411934	9720.664615	8.328717	10001
W610	2223.019452	0.552302	4231.054297	5.179927	1849.895664	1.315928	8994.771983	7.744607	10001
W611	3077.813498	0.652196	5857.976643	7.131347	2561.216385	1.791386	12453.436067	10.600196	10001
W612	2682.272918	0.724512	5105.147570	6.273427	2232.065507	1.605314	10853.001428	9.415102	10001
W613	2371.051456	0.635676	4512.802369	5.543538	1973.081163	1.417564	9593.738454	8.316685	10001
W614	2136.315805	0.538980	4066.031972	4.981094	1777.744833	1.267008	8643.952049	7.452211	10001
W615	820.141328	0.326732	1560.968118	1.971897	682.484306	0.529973	3318.452403	3.038381	10001
W616	2250.059966	0.550225	4282.520281	5.239563	1872.397550	1.329396	9104.183198	7.828616	10001
W617	2618.909926	0.619562	4984.549319	6.090668	2179.337708	1.541430	10596.622359	9.088310	10001
W618	2644.572301	0.644977	5033.392302	6.157584	2200.692769	1.561992	10700.457352	9.199262	10001
W619	2157.739813	0.504039	4106.808107	5.015795	1795.572918	1.268218	8730.637781	7.480801	10001
W620	2351.371455	0.579002	4475.345588	5.477008	1956.704362	1.390404	9514.109317	8.185729	10001
W621	1798.184208	0.533252	3422.468936	4.226490	1496.367099	1.091670	7275.805399	6.374361	10001
W622	2908.770843	0.709422	5536.239173	6.772744	2420.546777	1.718041	11769.456384	10.118300	10001
W623	2449.897568	0.643491	4662.869514	5.722400	2038.693312	1.460602	9912.765264	8.576726	10001
W624	3478.396219	0.748614	6620.402379	8.063354	2894.563103	2.027466	14074.272191	11.991533	10001
W625	1325.700607	0.441789	2523.194857	3.139478	1103.187739	0.822117	5364.044234	4.769691	10001
W626	1467.764746	0.406583	2793.584342	3.437164	1221.407053	0.881641	5938.863557	5.164932	10001
W627	2623.851494	0.656733	4993.954563	6.115796	2183.449855	1.554615	10616.616907	9.146711	10001
W628	1462.569543	0.454947	2783.696357	3.447577	1217.083842	0.895244	5917.842750	5.214336	10001
W629	3272.810325	0.876430	6229.112469	7.651441	2723.483874	1.956380	13242.431409	11.478431	10001
W630	1891.931574	0.552317	3600.897512	4.442873	1574.379393	1.145648	7655.125598	6.694802	10001
W631	1615.184310	0.507163	3074.166764	3.809599	1344.082909	0.990335	6535.351980	5.765240	10001
W632	1984.220933	0.546275	3776.551076	4.645145	1651.178399	1.190787	8028.546416	6.977962	10001
W633	2117.799159	0.707385	4030.789395	5.016130	1762.336122	1.313934	8569.030074	7.622028	10001
W634	1819.070042	0.502480	3462.220770	4.259233	1513.747341	1.092207	7360.313575	6.399318	10001
W635	1297.812302	0.384476	2470.115280	3.050227	1079.980361	0.787764	5251.202692	4.600064	10001
W636	979.637858	0.315507	1864.536527	2.314446	815.210062	0.603488	3963.806591	3.508229	10001
W637	2560.782082	0.612299	4873.915080	5.957886	2130.966360	1.509032	10361.425718	8.893868	10001
W638	1795.035359	0.462465	3416.475759	4.189151	1493.746771	1.067452	7263.064541	6.273169	10001
W639	3205.547525	0.747311	6101.091745	7.450944	2667.510831	1.883660	12970.272948	11.111866	10001
W640	2908.778122	0.697748	5536.253028	6.768365	2420.552834	1.714731	11769.485837	10.105025	10001
W641	4348.210390	0.850831	8275.912402	10.052370	3618.382888	2.513630	17593.710640	14.907014	10001
W642	2316.616041	0.687226	4409.195901	5.445130	1927.782488	1.406486	9373.482109	8.212463	10001
W643	3825.119808	0.781912	7280.318480	8.853543	3183.090701	2.219237	15477.183721	13.145600	10001
W644	2403.057591	0.591233	4573.719377	5.597210	1999.715213	1.420824	9723.241544	8.365087	10001
W645	4327.188906	0.968454	8235.902388	10.043701	3600.889766	2.531879	17508.653602	14.956381	10001
W646	4137.387995	1.017358	7874.655904	9.636597	3442.946082	2.446092	16740.681951	14.401654	10001
W647	3817.699849	0.915272	7266.196135	8.883125	3176.916149	2.250400	15447.161116	13.262026	10001
W648	2522.979416	0.643340	4801.965582	5.885332	2099.508701	1.498346	10208.468728	8.809127	10001
W649	3329.903942	0.737113	6337.778272	7.726106	2770.994585	1.946212	13473.443362	11.500804	10001
W650	2703.080310	0.682988	5144.750106	6.302977	2249.380472	1.603445	10937.192213	9.430487	10001
W651	2573.060704	0.557375	4897.284878	5.965890	2141.184070	1.500694	10411.107426	8.874148	10001
W652	1497.626855	0.482942	2850.420645	3.538524	1246.256943	0.922806	6059.691500	5.364124	10001
W653	1619.967285	0.509554	3083.270160	3.821309	1348.063083	0.993584	6554.704834	5.783594	10001
W654	3589.511486	0.817318	6831.887134	8.336419	2987.028173	2.103984	14523.866316	12.421612	10001
W655	3474.036645	0.858502	6612.104838	8.093184	2890.935264	2.055137	14056.632502	12.097558	10001
W656	1635.358481	0.485704	3112.564094	3.844119	1360.870936	0.993069	6616.980625	5.798174	10001
W657	1685.871898	0.433492	3208.705859	3.934053	1402.905904	1.002281	6821.367804	5.890648	10001
W658	1984.390229	0.515357	3776.873295	4.632706	1651.319279	1.181292	8029.231420	6.939889	10001
W659	1475.942098	0.452904	2809.148228	3.476152	1228.211874	0.901258	5971.950726	5.253203	10001
W660	2026.845030	0.524409	3857.677164	4.731026	1686.648234	1.205969	8201.011860	7.085968	10001
W661	1238.333648	0.410348	2356.910056	2.931396	1030.484930	0.767073	5010.540411	4.451838	10001
W662	2558.119260	0.699742	4868.846954	5.986740	2128.750481	1.533763	10350.651421	8.990413	10001
W663	378.124207	0.218992	719.680635	0.958153	314.657765	0.277848	1529.964581	1.541423	10001
W664	1165.790616	0.403033	2218.839511	2.768322	970.117919	0.728439	4717.017099	4.216749	10001
W665	3901.352492	1.152791	7425.411508	9.167925	3246.528073	2.367090	15785.636087	13.824173	10001
W666	2645.437631	0.738091	5035.039277	6.197273	2201.412857	1.590725	10703.958646	9.315887	10001
W667	2433.618610	0.772344	4631.885910	5.743943	2025.146703	1.495070	9846.897413	8.698418	10001
W668	2102.764974	0.617716	4002.174956	4.939717	1749.825358	1.274605	8508.198817	7.446074	10001
W669	3353.389582	0.744445	6382.478294	7.781336	2790.538266	1.960499	13568.470861	11.584160	10001
W670	2359.087419	0.595061	4490.031318	5.500467	1963.125236	1.399094	9545.329619	8.229170	10001
W671	2342.617463	0.567495	4458.684189	5.453064	1949.419688	1.382550	9478.688953	8.144505	10001
W672	1296.933777	0.394551	2468.443191	3.052942	1079.249292	0.790763	5247.648008	4.611261	10001
W673	1796.567507	0.470491	3419.391882	4.195803	1495.021754	1.070669	7269.263909	6.287802	10001
W674	2700.602960	0.704713	5140.034986	6.306111	2247.318934	1.608662	10927.168369	9.448741	10001
W675	3133.298695	0.699587	5963.581153	7.272019	2607.388642	1.832881	12677.940039	10.828086	10001
W676	2359.673610	0.562553	4491.147010	5.489372	1963.613038	1.390055	9547.701462	8.193528	10001
W677	2825.125834	0.671190	5377.038328	6.571304	2350.941205	1.663596	11431.012297	9.807112	10001
W678	2231.411964	0.594167	4247.027693	5.215374	1856.879530	1.332818	9028.729727	7.821807	10001
W679	3592.413163	0.886237	6837.409872	8.368374	2989.442817	2.124726	14535.607069	12.508016	10001
W680	2856.711502	0.742683	5437.155065	6.669519	2377.225361	1.700813	11558.814096	9.991554	10001
W681	3269.771547	0.779585	6223.328788	7.606581	2720.955141	1.926201	13230.135918	11.353745	10001
W682	2386.292940	0.591369	4541.811358	5.559798	1985.764433	1.412144	9655.408484	8.311676	10001
W683	2904.174710	0.671089	5527.491392	6.748279	2416.722084	1.704934	11750.859530	10.060634	10001
W684	3198.056261	0.742429	6086.833686	7.432395	2661.276943	1.878398	12939.961831	11.082453	10001
W685	1356.045039	0.397143	2580.949160	3.185009	1128.438995	0.821569	5486.823747	4.800227	10001
W686	1878.495184	0.513477	3575.324143	4.396069	1563.198240	1.126169	7600.759333	6.601439	10001
W687	1622.558437	0.445682	3088.201877	3.798042	1350.219322	0.973418	6565.189141	5.704783	10001
W688	2232.282811	0.580869	4248.685169	5.211886	1857.604210	1.329203	9032.253345	7.808208	10001
W689	2558.266952	0.660179	4869.128055	5.970769	2128.873383	1.521646	10351.249011	8.941762	10001
W690	1577.906878	0.465777	3003.216940	3.707765	1313.062326	0.957214	6384.520191	5.590562	10001
W691	2699.932876	0.687231	5138.759621	6.297622	2246.761321	1.603069	10924.457078	9.425499	10001
W692	2895.727744	0.710662	5511.414351	6.744057	2409.692903	1.711605	11716.681450	10.078019	10001
W693	1248.732543	0.444301	2376.702187	2.972010	1039.138418	0.785145	5052.616379	4.536705	10001
W694	1656.157174	0.514637	3152.150072	3.903651	1378.178662	1.013554	6701.136210	5.903759	10001
W695	3385.070853	0.928028	6442.776991	7.922929	2816.901979	2.030235	13696.659486	11.899362	10001
W696	852.423135	0.374770	1622.409810	2.071602	709.347756	0.566409	3449.070911	3.222455	10001
W697	1406.281915	0.538712	2676.564585	3.368479	1170.243838	0.899676	5690.091985	5.172549	10001
W698	1882.405366	0.559875	3582.766360	4.425199	1566.452116	1.143358	7616.580696	6.675174	10001
W699	1865.308364	0.625439	3550.225780	4.419315	1552.224768	1.158175	7547.402878	6.716944	10001
W700	1272.298949	0.466896	2421.555929	3.035904	1058.749309	0.805599	5147.970671	4.645406	10001
W701	3450.881793	0.923078	6568.034402	8.067320	2871.666849	2.062504	13962.943436	12.101667	10001
W702	2671.019474	0.752073	5083.728984	6.260167	2222.700903	1.608316	10807.467791	9.414889	10001
W703	2231.786543	0.581390	4247.740628	5.210990	1857.191239	1.329104	9030.245351	7.807264	10001
W704	934.458519	0.390351	1778.547070	2.257840	777.613872	0.611698	3781.002141	3.494337	10001
W705	3503.863251	0.742890	6668.873567	8.118648	2915.755608	2.039464	14177.316788	12.067957	10001
W706	1294.161577	0.441105	2463.166886	3.069851	1076.942394	0.806248	5236.431145	4.671264	10001
W707	3062.412273	0.745183	5828.663620	7.129832	2548.400186	1.808300	12391.119695	10.650788	10001
W708	2150.831660	0.576920	4093.659876	5.028781	1789.824267	1.285991	8702.686040	7.544600	10001
W709	2669.407306	0.666932	5080.660559	6.221512	2221.359330	1.581255	10800.944644	9.304104	10001
W710	3377.289868	0.784912	6427.967508	7.849257	2810.426997	1.983912	13665.176098	11.704523	10001
W711	2449.444567	0.590654	4662.007320	5.700710	2038.316344	1.444826	9910.932330	8.512813	10001
W712	3089.848564	0.763693	5880.882883	7.198223	2571.231420	1.827901	12502.132300	10.759862	10001
W713	2927.761176	0.710354	5572.383314	6.815560	2436.349668	1.728202	11846.294988	10.180122	10001
W714	3107.511775	0.735761	5914.501124	7.227209	2585.929940	1.829179	12573.601109	10.784567	10001
W715	1895.457491	0.537306	3607.608360	4.444028	1577.313500	1.142493	7669.392148	6.685894	10001
W716	2931.161305	0.642662	5578.854752	6.798808	2439.179101	1.711546	11860.052577	10.117168	10001
W717	4649.383599	1.041440	8849.132847	10.791843	3869.005533	2.720630	18812.316415	16.070935	10001
W718	2554.161369	0.598442	4861.313933	5.937957	2125.456904	1.501712	10334.637018	8.857168	10001
W719	2682.068907	0.751457	5104.759278	6.284446	2231.895738	1.613764	10852.175961	9.448971	10001
W720	1378.987345	0.399571	2624.615060	3.236966	1147.530539	0.834039	5579.652813	4.875655	10001
W721	1937.112595	0.556607	3686.890172	4.544994	1611.976984	1.170055	7837.936858	6.842745	10001
W722	2880.726966	0.702842	5482.863497	6.707545	2397.209938	1.701552	11655.985365	10.021047	10001
W723	2109.575077	0.574013	4015.136568	4.935734	1755.492415	1.263874	8535.753827	7.410163	10001
W724	2248.210386	0.547546	4278.999989	5.234411	1870.858413	1.327666	9096.699432	7.819624	10001
W725	1832.006582	0.480086	3486.842777	4.278697	1524.512540	1.091884	7412.657347	6.412221	10001
W726	2078.924064	0.595753	3956.798751	4.877013	1729.986036	1.255185	8411.733825	7.341555	10001
W727	2223.778654	0.688557	4232.499279	5.240390	1850.527437	1.360068	8997.843860	7.923668	10001
W728	2540.609472	0.753857	4835.520721	5.971703	2114.179632	1.542541	10279.803391	9.006775	10001
W729	1726.657270	0.581978	3286.332315	4.092377	1436.845635	1.073221	6986.393404	6.222292	10001
W730	2699.117036	0.670218	5137.206839	6.289154	2246.082416	1.597649	10921.156030	9.402815	10001
W731	2108.678035	0.569115	4013.429236	4.931683	1754.745938	1.261878	8532.124220	7.401132	10001
W732	1971.597610	0.576971	3752.525211	4.630584	1640.673844	1.194356	7977.469979	6.978599	10001
W733	3198.767662	0.865884	6088.187689	7.482209	2661.868938	1.915013	12942.840296	11.230408	10001
W734	2054.498291	0.592437	3910.309382	4.821347	1709.660019	1.241652	8312.902365	7.260204	10001
W735	2102.861774	0.611787	4002.359195	4.937258	1749.905910	1.272673	8508.590490	7.438360	10001
W736	2614.084597	0.731631	4975.365310	6.124813	2175.322288	1.572608	10577.098131	9.208449	10001
W737	2440.303587	0.659095	4644.609370	5.707473	2030.709637	1.460479	9873.946137	8.565686	10001
W738	2353.876282	0.570704	4480.113004	5.479454	1958.788765	1.389332	9524.244338	8.184198	10001
W739	1950.893200	0.471463	3713.118680	4.540794	1623.444576	1.151042	7893.695881	6.781314	10001
W740	2731.903322	0.608974	5199.608702	6.340082	2273.365671	1.597816	11053.815760	9.439891	10001
W741	1723.399932	0.537988	3280.132651	4.063321	1434.135027	1.055571	6973.213577	6.146973	10001
W742	2840.166427	0.651426	5405.664963	6.597798	2363.457303	1.666034	11491.869482	9.833595	10001
W743	1333.986598	0.419288	2538.965515	3.146564	1110.082965	0.818070	5397.570978	4.762138	10001
W744	2270.927073	0.563182	4322.236471	5.291163	1889.762207	1.343990	9188.615598	7.910315	10001
W745	2360.196570	0.614218	4492.142356	5.510563	1964.048222	1.405388	9549.817463	8.255710	10001
W746	2841.802141	0.640833	5408.778204	6.597706	2364.818470	1.664046	11498.487904	9.827455	10001
W747	2654.576934	0.639330	5052.434036	6.177828	2209.018169	1.565601	10740.938056	9.224834	10001
W748	2658.248111	0.640598	5059.421357	6.186516	2212.073156	1.567875	10755.792357	9.238027	10001
W749	2782.029577	0.614695	5295.013583	6.454524	2315.078460	1.625700	11256.636403	9.607364	10001
W750	2210.139168	0.548122	4206.539361	5.149536	1839.177278	1.308019	8942.655832	7.698591	10001
W751	2208.893205	0.610560	4204.167930	5.172150	1838.140444	1.326392	8937.614422	7.771194	10001
W752	1780.892738	0.545525	3389.558226	4.193924	1481.977925	1.087139	7205.840726	6.337242	10001
W753	1880.247413	0.513978	3578.659146	4.400179	1564.656365	1.127226	7607.849194	6.607624	10001
W754	1526.323351	0.422309	2905.038445	3.574083	1270.136861	0.916657	6175.803141	5.370356	10001
W755	1500.006269	0.484516	2854.949363	3.544545	1248.236983	0.924565	6069.319074	5.373836	10001
W756	3371.879881	0.782650	6417.670726	7.836319	2805.925052	1.980458	13643.286232	11.684671	10001
W757	2140.140691	0.544426	4073.311844	4.991776	1780.927729	1.270602	8659.428285	7.470880	10001
W758	2149.001444	0.572065	4090.176441	5.022695	1788.301244	1.283546	8695.280627	7.532736	10001
W759	1846.360912	0.513263	3514.163252	4.324524	1536.457560	1.109630	7470.737775	6.499508	10001
W760	1372.821848	0.498821	2612.880321	3.273015	1142.399893	0.867264	5554.706005	5.004302	10001
W761	1041.276670	0.353738	1981.853161	2.469378	866.503077	0.648260	4213.209293	3.756667	10001
W762	2195.108601	0.645422	4177.931808	5.156909	1826.669524	1.330774	8881.839215	7.773858	10001
W763	1462.130513	0.447352	2782.860754	3.443004	1216.718501	0.892368	5916.066348	5.202193	10001
W764	2046.260092	0.561845	3894.629688	4.789739	1702.804565	1.227539	8279.569001	7.194204	10001
W765	2031.973506	0.545115	3867.438147	4.750915	1690.915918	1.214949	8221.762675	7.127770	10001
W766	2941.543396	0.808937	5598.614898	6.885895	2447.818604	1.765018	11902.060549	10.343453	10001
W767	2549.803016	0.659265	4853.018715	5.951524	2121.830080	1.516993	10317.002267	8.913715	10001
W768	2769.405142	0.728485	5270.985603	6.469134	2304.572980	1.651417	11205.555470	9.696593	10001
W769	2897.402460	0.732434	5514.601825	6.756229	2411.086526	1.718818	11723.457680	10.108847	10001
W770	1500.137910	0.479647	2855.199915	3.542435	1248.346528	0.922871	6069.851719	5.367089	10001
W771	1681.255168	0.473667	3199.918875	3.940542	1399.064072	1.012434	6802.687610	5.926503	10001
W772	2402.252346	0.598002	4572.186761	5.598015	1999.045125	1.422366	9719.983364	8.370390	10001
W773	1998.083890	0.525183	3802.936327	4.667216	1662.714522	1.191348	8084.638656	6.995443	10001
W774	3441.598008	0.724761	6550.364652	7.972748	2863.941306	2.001983	13925.379424	11.848554	10001
W775	3279.195767	0.698742	6241.265828	7.599240	2728.797548	1.909576	13268.268158	11.297682	10001
W776	3026.798936	0.644852	5760.881053	7.014296	2518.764387	1.762570	12247.021157	10.427999	10001
W777	3065.753920	0.744786	5835.023749	7.137154	2551.180953	1.809928	12404.640653	10.661025	10001
W778	3316.049916	0.759350	6311.410019	7.702852	2759.465894	1.944854	13417.387258	11.479932	10001
W779	2763.404866	0.695670	5259.565327	6.442637	2299.579824	1.638475	11181.277177	9.637915	10001
W780	2967.577818	0.704158	5648.165995	6.902326	2469.483266	1.747236	12007.400917	10.300639	10001
W781	2586.960855	0.658228	4923.740919	6.034016	2152.751144	1.535919	10467.350160	9.030818	10001
W782	4379.546091	0.997246	8335.553378	10.171240	3644.459033	2.567071	17720.501021	15.155594	10001
W783	3258.163955	0.730052	6201.236157	7.562719	2711.295831	1.906608	13183.169330	11.262336	10001
W784	1370.345151	0.552438	2608.166444	3.298703	1140.338898	0.888306	5544.684802	5.088245	10001
W785	3260.346844	0.739841	6205.390830	7.571058	2713.112332	1.910366	13192.001725	11.279809	10001
W786	3484.588847	0.887044	6632.188755	8.127876	2899.716326	2.068980	14099.328775	12.164850	10001
W787	3122.718742	0.725546	5943.444416	7.257527	2598.584486	1.834314	12635.131474	10.822045	10001
W788	3787.046225	0.819394	7207.853349	8.780311	3151.407598	2.208486	15323.130550	13.060044	10001
W789	3532.855131	0.776441	6724.053569	8.195069	2939.881332	2.063366	14294.623612	12.195901	10001
W790	2948.627022	0.703960	5612.097105	6.859842	2453.713276	1.737281	11930.722289	10.239684	10001
W791	2728.217833	0.730494	5192.594142	6.378207	2270.298775	1.630810	11038.903552	9.568308	10001
W792	1767.851360	0.497974	3364.736680	4.143467	1471.125483	1.064552	7153.072755	6.231641	10001
W793	1974.066747	0.553104	3757.224699	4.625508	1642.728547	1.187774	7987.460591	6.954687	10001
W794	3307.716011	0.808919	6295.548169	7.702477	2752.530798	1.954304	13383.666649	11.508577	10001
W795	3700.769725	0.848057	7043.644009	8.596735	3079.612219	2.170656	14974.038938	12.812465	10001
W796	3746.553423	0.939796	7130.783739	8.733444	3117.711330	2.220412	15159.288747	13.062857	10001
W797	1830.706761	0.521091	3484.368839	4.293155	1523.430889	1.104163	7407.398018	6.460318	10001
W798	1713.297858	0.455914	3260.905458	4.004290	1425.728540	1.023259	6932.338607	6.005289	10001
W799	1748.415853	0.493944	3327.745243	4.098544	1454.952138	1.053317	7074.432890	6.165024	10001
W800	1122.524965	0.357001	2136.492360	2.649804	934.114213	0.689881	4541.955804	4.013305	10001
W801	1855.245380	0.532342	3531.072988	4.352583	1543.850811	1.120362	7506.686076	6.552567	10001
W802	1230.272794	0.401201	2341.567901	2.909055	1023.777055	0.759697	4977.924620	4.413153	10001
W803	2010.625035	0.578675	3826.805782	4.717894	1673.150692	1.214770	8135.382583	7.103682	10001
W804	2207.767253	0.646612	4202.024915	5.185502	1837.203478	1.337600	8933.058600	7.815252	10001
W805	2157.097192	0.532015	4105.585011	5.024815	1795.038158	1.275772	8728.037609	7.510397	10001
W806	2959.514990	0.703110	5632.820082	6.883893	2462.773748	1.742730	11974.777137	10.273620	10001
W807	1760.851680	0.504140	3351.414249	4.130632	1465.300668	1.062991	7124.750682	6.217692	10001
W808	1156.058376	0.358372	2200.316220	2.724479	962.019192	0.707194	4677.638551	4.119809	10001
W809	2090.164051	0.579561	3978.191725	4.894923	1739.339443	1.255679	8457.213016	7.355832	10001
W810	2801.945125	0.654165	5332.918678	6.513159	2331.651274	1.646753	11337.218610	9.713841	10001
W811	2334.749920	0.583173	4443.709960	5.441478	1942.872677	1.382974	9446.855332	8.137498	10001
W812	3440.458988	0.776471	6548.196765	7.987810	2862.993465	2.014766	13920.770727	11.898399	10001
W813	3851.788765	1.053743	7331.077283	9.014358	3205.283395	2.309447	15585.091546	13.537136	10001
W814	2691.571710	0.618304	5122.845883	6.252951	2239.803539	1.579128	10890.626163	9.320152	10001
W815	2778.562356	0.645172	5288.414450	6.457523	2312.193197	1.632041	11242.607349	9.628891	10001
W816	2614.816139	0.631752	4976.757648	6.086046	2175.931044	1.542717	10580.058093	9.088934	10001
W817	3295.611621	0.779574	6272.509985	7.664411	2742.458076	1.939699	13334.689919	11.436558	10001
W818	1961.954296	0.604992	3734.171173	4.622209	1632.649117	1.199062	7938.451244	6.987203	10001
W819	3797.298462	0.865869	7227.366345	8.819432	3159.939042	2.226111	15364.613107	13.142000	10001
W820	3640.837680	0.827614	6929.575850	8.455127	3029.739497	2.133694	14731.542149	12.597731	10001
W821	3074.169639	0.725408	5851.041316	7.148760	2558.184131	1.808869	12438.692298	10.666113	10001
W822	3162.240439	0.753935	6018.665732	7.356423	2631.472645	1.862851	12795.044001	10.980347	10001
W823	1694.384771	0.589933	3224.908338	4.025737	1409.989930	1.060326	6855.812553	6.135235	10001
W824	2185.192387	0.546315	4159.058360	5.093106	1818.417701	1.294530	8841.716268	7.616817	10001
W825	2229.373743	0.627724	4243.148366	5.225067	1855.183416	1.342386	9020.482688	7.858168	10001
W826	1797.767606	0.543154	3421.676021	4.230134	1496.020422	1.094835	7274.119746	6.386729	10001
W827	1960.211656	0.578207	3730.854421	4.605913	1631.198971	1.188992	7931.400181	6.944503	10001
W828	2808.270051	0.746547	5344.956858	6.563134	2336.914590	1.676998	11362.810501	9.842360	10001
W829	2832.914624	0.704972	5391.862666	6.601505	2357.422682	1.677291	11462.527267	9.870710	10001
W830	2369.970616	0.657589	4510.745215	5.550387	1972.181738	1.423916	9589.365165	8.341115	10001
W831	2027.210322	0.622089	3858.372420	4.774516	1686.952213	1.237889	8202.489902	7.215323	10001
W832	2390.054457	0.593290	4548.970623	5.568943	1988.894597	1.414657	9670.628320	8.325931	10001
W833	2757.319635	0.670073	5247.983358	6.419193	2294.515971	1.627899	11156.655141	9.588706	10001
W834	1544.489098	0.514427	2939.613159	3.657467	1285.253569	0.957694	6249.305309	5.556449	10001
W835	5.578310	0.022699	10.617151	0.045039	4.642016	0.019141	22.570935	0.093712	10001
W836	2066.612144	0.584547	3933.365578	4.844754	1719.740617	1.245242	8361.917388	7.287936	10001
W837	2817.923747	0.760361	5363.330656	6.590363	2344.947956	1.686252	11401.871244	9.890255	10001
W838	2900.081980	0.749589	5519.701733	6.769017	2413.316300	1.725317	11734.299542	10.137942	10001
W839	2947.894751	0.658953	5610.703380	6.841984	2453.103914	1.724627	11927.759376	10.188171	10001
W840	1769.566176	0.529143	3368.000476	4.161235	1472.552475	1.075782	7160.011240	6.278931	10001
W841	1572.138984	0.492465	2992.238956	3.707502	1308.262547	0.963524	6361.182164	5.609893	10001
W842	3715.124876	0.853640	7070.966048	8.630902	3091.557923	2.179697	15032.122690	12.864652	10001
W843	3821.279251	0.879077	7273.008780	8.877893	3179.894765	2.242262	15461.644076	13.233378	10001
W844	4111.550500	0.856115	7825.479617	9.521562	3421.445294	2.389269	16636.138388	14.145338	10001
W845	2830.640523	0.679881	5387.534390	6.586876	2355.530279	1.668916	11453.325812	9.834569	10001
W846	3239.566833	0.779349	6165.840410	7.538912	2695.820152	1.910368	13107.921732	11.256727	10001
W847	2969.571245	0.758558	5651.960068	6.927624	2471.142105	1.763966	12015.466714	10.370032	10001
W848	2232.279855	0.562142	4248.679545	5.204436	1857.601750	1.323614	9032.241387	7.785725	10001
W849	2816.960614	0.672502	5361.497533	6.553517	2344.146481	1.659699	11397.974220	9.782420	10001
W850	2694.230280	0.696538	5127.905917	6.288606	2242.015880	1.602899	10901.383257	9.418526	10001
W851	3105.703168	0.741199	5911.058818	7.225175	2584.424900	1.829754	12566.283132	10.784868	10001
W852	3460.908370	0.853740	6587.117901	8.062018	2880.010510	2.046932	14003.512928	12.050081	10001
W853	1780.814812	0.518138	3389.409911	4.181152	1481.913079	1.077781	7205.525424	6.299257	10001
W854	3754.116947	0.770735	7145.179329	8.690271	3124.005350	2.178859	15189.892243	12.904844	10001
W855	2303.878422	0.590561	4384.952496	5.375464	1917.182820	1.369147	9321.943205	8.047827	10001
W856	2935.700758	0.680571	5587.494654	6.822327	2442.956627	1.724042	11878.420092	10.172249	10001
W857	3408.460070	0.932141	6487.293493	7.976699	2836.365421	2.043536	13791.296840	11.978648	10001
W858	3208.305307	0.737290	6106.340608	7.453507	2669.805732	1.882370	12981.431475	11.109762	10001
W859	2464.576561	0.596727	4690.807918	5.736839	2050.908501	1.454439	9972.159342	8.568161	10001
W860	2644.840824	0.689473	5033.903380	6.175624	2200.916221	1.575238	10701.543849	9.252802	10001
W861	2323.871566	0.657402	4423.005280	5.447885	1933.820206	1.400283	9402.839383	8.195280	10001
W862	1926.548147	0.541816	3666.782945	4.515045	1603.185730	1.159837	7795.191030	6.789920	10001
W863	2180.780546	0.672213	4150.661340	5.137625	1814.746367	1.332710	8823.865096	7.766157	10001
W864	3207.544833	0.812266	6104.893205	7.479988	2669.172900	1.903225	12978.354448	11.192612	10001
W865	2545.270801	0.781343	4844.392589	5.994790	2118.058577	1.554332	10298.664038	9.059614	10001
W866	2442.978003	0.628414	4649.699563	5.700890	2032.935164	1.452468	9884.767348	8.536368	10001
W867	1625.155224	0.489956	3093.144320	3.823492	1352.380250	0.989355	6575.696249	5.772052	10001
W868	2058.704020	0.727571	3918.314112	4.897103	1713.159836	1.292496	8329.919572	7.471507	10001
W869	2188.795484	0.640185	4165.916106	5.140549	1821.416035	1.325814	8856.295108	7.746915	10001
W870	2670.370246	0.705129	5082.493315	6.238897	2222.160645	1.593186	10804.840890	9.353160	10001
W871	1203.470960	0.540614	2290.556194	2.932348	1001.473787	0.804981	4869.479149	4.571627	10001
W872	1881.208610	0.552524	3580.488585	4.419199	1565.456230	1.140271	7611.738388	6.661378	10001
W873	3112.599966	0.674732	5924.185434	7.217028	2590.164101	1.815496	12594.188924	10.735443	10001
W874	3115.448876	0.759727	5929.607742	7.253931	2592.534835	1.840085	12605.716175	10.837123	10001
W875	2580.355630	0.602716	4911.169250	5.998175	2147.254576	1.516600	10440.624126	8.945945	10001
W876	3653.547566	0.667914	6953.766470	8.432475	3040.316086	2.101377	14782.968837	12.482957	10001
W877	3257.582405	0.826621	6200.129296	7.597339	2710.811892	1.933413	13180.816263	11.369219	10001
W878	1674.392253	0.532650	3186.856745	3.952594	1393.353066	1.029097	6774.918911	5.986565	10001
W879	4318.946354	0.919029	8220.214407	10.008346	3594.030689	2.514733	17475.302619	14.878612	10001
W880	2323.550186	0.628978	4422.393601	5.434999	1933.552768	1.391048	9401.539017	8.157658	10001
W881	3800.660883	0.797782	7233.766012	8.803695	3162.737096	2.210201	15378.218121	13.082123	10001
W882	3758.446635	0.862503	7153.419989	8.731156	3127.608320	2.204818	15207.411010	13.013481	10001
W883	2440.525078	0.624017	4645.030933	5.693666	2030.893952	1.449884	9874.842335	8.523270	10001
W884	2596.267479	0.668599	4941.454139	6.058905	2160.495693	1.543832	10505.006583	9.072909	10001
W885	2362.933788	0.741067	4497.352081	5.572825	1966.326010	1.448497	9560.892783	8.432981	10001
W886	2475.511905	0.657646	4711.621067	5.785272	2060.008398	1.478151	10016.405887	8.675569	10001
W887	2958.454012	0.719802	5630.800732	6.887767	2461.890850	1.746890	11970.484213	10.289133	10001
W888	2776.162762	0.690822	5283.847323	6.469246	2310.196364	1.643682	11232.898121	9.672937	10001
W889	2630.048178	0.629190	5005.748661	6.119162	2188.606454	1.549942	10641.689907	9.134807	10001
W890	3282.823583	0.784995	6248.170619	7.637799	2731.816452	1.934535	13282.947011	11.401653	10001
W891	2192.880635	0.552583	4173.691340	5.112721	1824.815512	1.300359	8872.824429	7.648738	10001
W892	1549.798812	0.475985	2949.719093	3.650298	1289.672072	0.946503	6270.789451	5.516666	10001
W893	2481.670567	0.602454	4723.342796	5.777228	2065.133356	1.464978	10041.325038	8.629401	10001
W894	1625.598089	0.454048	3093.987222	3.808384	1352.748782	0.977647	6577.488169	5.725177	10001
W895	3317.360632	0.680106	6313.904695	7.678931	2760.556613	1.925134	13422.690674	11.402548	10001
W896	3070.196984	0.649836	5843.480195	7.113452	2554.878269	1.786765	12422.618160	10.573214	10001
W897	2822.248966	0.713508	5371.562810	6.581012	2348.547207	1.674256	11419.371930	9.846727	10001
W898	1862.131223	0.505173	3544.178754	4.356159	1549.580896	1.115153	7534.547543	6.539071	10001
W899	2379.456099	0.686454	4528.798856	5.584073	1980.075125	1.438146	9627.745286	8.408961	10001
W900	3237.471897	1.036939	6161.853135	7.645873	2694.076841	1.992313	13099.445209	11.585446	10001
W901	2212.143423	0.621116	4210.354041	5.183921	1840.845127	1.331443	8950.765438	7.795140	10001
W902	3664.282199	0.980027	6974.197607	8.566143	3049.248960	2.190006	14826.403263	12.849861	10001
W903	2696.989271	0.672169	5133.157082	6.285155	2244.311787	1.597111	10912.546677	9.398302	10001
W904	1575.322971	0.464346	2998.299011	3.701389	1310.912116	0.955421	6374.065198	5.580496	10001
W905	1612.638819	0.502381	3069.321951	3.801681	1341.964667	0.987366	6525.052423	5.750437	10001
W906	1784.890503	0.686221	3397.167138	4.276798	1485.304683	1.142919	7222.016465	6.569361	10001
W907	3156.616008	0.737193	6007.960799	7.337677	2626.792249	1.855261	12772.286451	10.943669	10001
W908	2622.989455	0.849855	4992.313852	6.199468	2182.732506	1.617689	10613.128931	9.400821	10001
W909	2720.181553	0.740803	5177.298757	6.364631	2263.611348	1.629900	11006.387188	9.555818	10001
W910	2183.909835	0.620889	4156.617291	5.121120	1817.350420	1.316951	8836.526814	7.705751	10001
W911	2974.266340	0.823986	5660.896203	6.965080	2475.049150	1.786579	12034.463987	10.466290	10001
W912	2329.503896	0.635965	4433.725247	5.451189	1938.507175	1.396301	9425.628894	8.185373	10001
W913	1402.623214	0.531536	2669.601011	3.356386	1167.199234	0.894951	5675.288166	5.149290	10001
W914	4123.345379	0.890185	7847.928711	9.559358	3431.260456	2.404098	16683.862778	14.217783	10001
W915	3403.561553	0.755412	6477.970185	7.897697	2832.289098	1.989786	13771.476477	11.757297	10001
W916	2134.636823	0.597508	4062.836380	5.001492	1776.347661	1.284198	8637.158561	7.519617	10001
W917	3299.499897	0.789706	6279.910507	7.676867	2745.693721	1.944565	13350.422641	11.460388	10001
W918	4329.541260	0.922589	8240.379604	10.033332	3602.847288	2.521233	17518.171687	14.916431	10001
W919	3948.258245	0.884972	7514.686835	9.164640	3285.560907	2.310514	15975.425947	13.648060	10001
W920	1938.209967	0.514104	3688.978790	4.529267	1612.890166	1.157076	7842.377038	6.791570	10001
W921	2114.770175	0.595558	4025.024354	4.956511	1759.815539	1.273413	8556.774209	7.454344	10001
W922	2737.950016	0.711987	5211.117324	6.392320	2278.397455	1.630160	11078.281870	9.576395	10001
W923	2710.664122	0.658136	5159.184312	6.310350	2255.691376	1.600184	10967.877802	9.425775	10001
W924	2760.093434	0.650219	5253.262706	6.418003	2296.824200	1.623765	11167.878474	9.575199	10001
W925	1324.909344	0.502094	2521.688853	3.170427	1102.529287	0.845368	5360.842630	4.864002	10001
W926	3355.242892	0.775384	6386.005684	7.796426	2792.080507	1.969757	13575.969717	11.623293	10001
W927	3089.426161	0.922660	5880.078926	7.264429	2570.879915	1.877779	12500.423174	10.960585	10001
W928	2285.408164	0.595502	4349.798208	5.336249	1901.812712	1.361081	9247.208925	7.995019	10001
W929	2817.694085	0.695456	5362.893543	6.563829	2344.756842	1.666618	11400.941988	9.811003	10001
W930	1472.946672	0.461879	2803.447059	3.473815	1225.719217	0.902903	5959.830647	5.256641	10001
W931	2809.743270	0.645831	5347.760822	6.527619	2338.140535	1.648562	11368.771432	9.729761	10001
W932	1344.079814	0.442757	2558.175848	3.180389	1118.482080	0.831604	5438.410105	4.828036	10001
W933	2860.369868	0.696019	5444.118003	6.659441	2380.269687	1.688997	11573.616561	9.948102	10001
W934	3034.073132	0.746588	5774.725970	7.067013	2524.817642	1.793946	12276.453980	10.561784	10001
W935	1409.140285	0.480968	2682.004898	3.342940	1172.622444	0.878134	5701.657512	5.087320	10001
W936	2378.327233	0.634012	4526.650295	5.559052	1979.135734	1.420795	9623.177674	8.337695	10001
W937	3278.828990	0.850178	6240.567744	7.654125	2728.492333	1.951453	13266.784106	11.465210	10001
W938	2333.170029	0.717265	4440.702966	5.495724	1941.557963	1.425167	9440.462783	8.306124	10001
W939	1664.286897	0.519964	3167.623306	3.924154	1384.943848	1.019516	6734.030661	5.936746	10001
W940	3244.471153	0.772010	6175.174760	7.547151	2699.901304	1.910864	13127.765569	11.264160	10001
W941	2687.885934	0.689083	5115.830778	6.271474	2236.736404	1.597381	10875.712793	9.389334	10001
W942	799.103664	0.362324	1520.927307	1.949328	664.977718	0.536073	3233.329892	3.042080	10001
W943	2934.089540	0.733699	5584.428037	6.838648	2441.615845	1.738229	11871.900788	10.227393	10001
W944	555.384529	0.201747	1057.058721	1.324090	462.165741	0.350836	2247.194553	2.024435	10001
W945	781.124645	0.326651	1486.707992	1.887575	650.016397	0.511481	3160.583263	2.921601	10001
W946	3339.850741	0.684159	6356.709932	7.730811	2779.271859	1.938049	13513.690060	11.479307	10001
W947	3763.424718	0.845791	7162.894732	8.736395	3131.750854	2.202947	15227.553308	13.011530	10001
W948	3610.138811	0.803887	6871.146951	8.377955	3004.193295	2.111246	14607.328516	12.473665	10001
W949	2844.064509	0.747029	5413.084149	6.643087	2366.701109	1.695602	11507.641885	9.956654	10001
W950	2904.091221	0.729501	5527.332488	6.770015	2416.652609	1.721425	11750.521718	10.126715	10001
W951	3623.698981	0.734803	6896.955907	8.385447	3015.477451	2.100935	14662.195616	12.447629	10001
W952	2879.758315	0.666088	5481.019871	6.691775	2396.403871	1.690775	11652.066014	9.976751	10001
W953	3224.376690	0.748335	6136.929137	7.493491	2683.179606	1.893802	13046.459437	11.173438	10001
W954	2095.858558	0.537972	3989.030032	4.890399	1744.078152	1.245744	8480.254104	7.322060	10001
W955	2008.426551	0.545407	3822.621425	4.698623	1671.321213	1.202935	8126.487085	7.053493	10001
W956	2328.928112	0.633993	4432.629362	5.449075	1938.028033	1.395384	9423.299158	8.181044	10001
W957	3032.218649	0.769318	5771.196348	7.071699	2523.274426	1.799623	12268.950379	10.582543	10001
W958	4510.188675	0.975007	8584.204314	10.456637	3753.173849	2.629981	18249.106496	15.553005	10001
W959	2329.530590	0.620898	4433.776053	5.444952	1938.529388	1.391611	9425.736902	8.166497	10001
W960	2714.906975	0.705477	5167.259698	6.338313	2259.222085	1.616284	10985.045214	9.495169	10001
W961	3128.113002	0.760712	5953.711266	7.282621	2603.073344	1.846964	12656.957706	10.878764	10001
W962	2532.564861	0.659107	4820.209480	5.913019	2107.485272	1.508035	10247.253317	8.858674	10001
W963	2616.996616	0.612647	4980.907731	6.083849	2177.745538	1.538513	10588.880730	9.074492	10001
W964	1472.074051	0.423391	2801.786207	3.454068	1224.993061	0.889297	5956.299851	5.200564	10001
W965	2787.855589	0.643810	5306.102184	6.477850	2319.926603	1.636538	11280.209591	9.657245	10001
W966	3120.285124	0.662979	5938.812532	7.230346	2596.559340	1.816556	12625.284580	10.748270	10001
W967	3530.713367	0.695863	6719.977168	8.163984	2938.099054	2.042223	14285.957616	12.109064	10001
W968	1580.800673	0.490435	3008.724676	3.725656	1315.470410	0.967160	6396.229052	5.634012	10001
W969	3224.277991	0.864831	6136.741285	7.538558	2683.097473	1.927803	13046.060083	11.309966	10001
W970	2145.967870	0.557170	4084.402667	5.009861	1785.776843	1.277433	8683.006196	7.504783	10001
W971	2400.888310	0.637780	4569.590604	5.610859	1997.910036	1.433579	9714.464209	8.413995	10001
W972	2581.912787	0.684398	4914.132973	6.033307	2148.550371	1.541217	10446.924687	9.046579	10001
W973	2473.401889	0.678436	4707.605090	5.789268	2058.252538	1.483560	10007.868347	8.695060	10001
W974	1313.095967	0.439739	2499.204551	3.110727	1092.698731	0.815102	5313.043393	4.727609	10001
W975	1428.303258	0.479346	2718.477623	3.384180	1188.568999	0.887000	5779.194652	5.143960	10001
W976	2621.986259	0.701620	4990.404478	6.129674	2181.897692	1.567176	10609.069804	9.195199	10001
W977	3107.496774	0.729619	5914.472572	7.224920	2585.917457	1.827467	12573.540412	10.777686	10001
W978	1428.190774	0.486068	2718.263533	3.387404	1188.475394	0.889474	5778.739519	5.153929	10001
W979	297.564701	0.221116	566.352402	0.798792	247.619808	0.247183	1204.005046	1.336278	10001
W980	1873.630650	0.589210	3566.065517	4.419607	1559.150196	1.149117	7581.076476	6.689029	10001
W981	2531.183135	0.637643	4817.579652	5.901402	2106.335463	1.500914	10241.662583	8.828510	10001
W982	3068.387192	0.772160	5840.035633	7.153564	2553.372242	1.819220	12415.295385	10.701262	10001
W983	2312.696426	0.617269	4401.735729	5.405959	1924.520762	1.381820	9357.622577	8.108551	10001
W984	4188.846604	0.979762	7972.596644	9.737685	3485.767595	2.462355	16948.893559	14.523966	10001
W985	2898.402590	0.734321	5516.505363	6.759203	2411.918788	1.719893	11727.504400	10.114276	10001
W986	3613.049069	0.840278	6876.686019	8.397399	3006.615079	2.122560	14619.103986	12.522213	10001
W987	1663.258261	0.477942	3165.665511	3.902468	1384.087864	1.004650	6729.868597	5.875401	10001
W988	711.850225	0.264916	1354.858568	1.700654	592.369375	0.452220	2880.285393	2.605206	10001
W989	2261.044516	0.590482	4303.427082	5.279900	1881.538392	1.346974	9148.628836	7.911410	10001
W990	1742.118626	0.527622	3315.759784	4.099789	1449.711873	1.061385	7048.953078	6.190817	10001
W991	2292.146237	0.589276	4362.622727	5.348776	1907.419830	1.362690	9274.472489	8.008916	10001
W992	2740.092518	0.663090	5215.195131	6.378032	2280.180348	1.616933	11086.950854	9.525605	10001
W993	1949.304497	0.537608	3710.094916	4.563807	1622.122529	1.170133	7887.267679	6.856385	10001
W994	2066.847527	0.538007	3933.813580	4.825707	1719.936492	1.230751	8362.869793	7.229765	10001
W995	2171.321865	0.521993	4132.658712	5.052824	1806.875284	1.280322	8785.593422	7.544413	10001
W996	3740.475271	0.725149	7119.215241	8.645319	3112.653368	2.160729	15134.695350	12.817216	10001
W997	2054.728969	0.511969	3910.748430	4.788360	1709.851979	1.216738	8313.835735	7.160040	10001
W998	2626.896228	0.584365	4999.749581	6.095969	2185.983545	1.536083	10628.936501	9.075779	10001
W999	2578.223867	0.604468	4907.111883	5.994040	2145.480620	1.515967	10431.998595	8.941040	10001
W1000	3200.811531	0.742420	6092.077768	7.438563	2663.569753	1.879839	12951.110192	11.091289	10001
W1001	3895.541952	0.779380	7414.352357	9.011181	3241.692806	2.256005	15762.125505	13.371297	10001
W1002	3269.168398	0.845674	6222.180820	7.630770	2720.453228	1.945101	13227.695459	11.429005	10001
W1003	2020.451954	0.621699	3845.509275	4.759394	1681.328207	1.234349	8175.144221	7.193648	10001
W1004	3932.920516	1.009596	7485.494664	9.176963	3272.797546	2.337688	15913.366493	13.740091	10001
W1005	3529.425865	0.843965	6717.526675	8.211543	2937.027653	2.079855	14280.748129	12.258135	10001
W1006	2515.198972	0.601077	4787.157128	5.851713	2093.034169	1.482080	10176.987529	8.735190	10001
W1007	3594.220691	0.859914	6840.850125	8.362464	2990.946959	2.118166	14542.920682	12.483689	10001
W1008	1788.476585	0.506864	3403.992499	4.193153	1488.288857	1.077972	7236.526457	6.308386	10001
W1009	2419.023740	0.684508	4604.107616	5.671034	2013.001517	1.457680	9787.843711	8.531088	10001
W1010	2450.512213	0.625543	4664.039362	5.716558	2039.204791	1.455512	9915.252236	8.556919	10001
W1011	4197.062818	1.012903	7988.234495	9.768338	3492.604755	2.475909	16982.137970	14.587439	10001
W1012	3691.794415	0.776485	7026.561377	8.552032	3072.143374	2.147281	14937.723076	12.708951	10001
W1013	2480.980550	0.635790	4722.029493	5.788615	2064.559155	1.474345	10038.533094	8.666272	10001
W1014	2007.713143	0.555053	3821.263602	4.701127	1670.727547	1.205621	8123.600496	7.063545	10001
W1015	2758.414271	0.669910	5250.066769	6.421579	2295.426877	1.628423	11161.084251	9.592022	10001
W1016	1976.506006	0.512324	3761.867319	4.613903	1644.758388	1.176301	7997.330309	6.911119	10001
W1017	1865.988477	0.506170	3551.520232	4.365162	1552.790727	1.117447	7550.154747	6.552553	10001
W1018	2204.848667	0.564806	4196.469994	5.144258	1834.774763	1.310185	8921.249429	7.701455	10001
W1019	3063.667708	0.690309	5831.053078	7.112608	2549.444902	1.793813	12396.199428	10.594114	10001
W1020	2982.463852	0.645901	5676.498459	6.915077	2481.870747	1.739431	12067.632727	10.285962	10001
W1021	2774.863496	0.606044	5281.374442	6.435473	2309.115174	1.619671	11227.641039	9.575253	10001
W1022	2380.199747	0.590274	4530.214235	5.545761	1980.693955	1.408658	9630.754232	8.290936	10001
W1023	2906.161845	0.615599	5531.273489	6.733553	2418.375687	1.691423	11758.899867	10.008792	10001
W1024	1097.659232	0.302863	2089.165619	2.569951	913.422081	0.658948	4441.344181	3.861023	10001
W1025	3721.512726	0.795335	7083.123990	8.625050	3096.873601	2.167744	15057.969183	12.823954	10001
W1026	3176.454826	0.753324	6045.719856	7.388009	2643.301211	1.870107	12852.558195	11.025219	10001
W1027	3071.344783	0.718380	5845.664790	7.139862	2555.833414	1.805447	12427.262377	10.649257	10001
W1028	3126.552979	0.732072	5950.742087	7.268487	2601.775164	1.838115	12650.645548	10.841541	10001
W1029	2750.077406	0.674318	5234.199284	6.404613	2288.489317	1.625342	11127.351664	9.570420	10001
W1030	1339.099981	0.460460	2548.697775	3.178558	1114.338090	0.835779	5418.260728	4.839735	10001
W1031	2367.845822	0.548550	4506.701112	5.502543	1970.413581	1.390456	9580.767832	8.204210	10001
W1032	2708.060222	0.625663	5154.228331	6.292539	2253.524529	1.589773	10957.341913	9.381137	10001
W1033	2129.633021	0.552231	4053.312685	4.971445	1772.183724	1.267498	8616.912197	7.446809	10001
W1034	3110.364863	0.692069	5919.931382	7.217958	2588.304150	1.818833	12585.145261	10.746299	10001
W1035	2839.185337	0.576941	5403.797662	6.570425	2362.640884	1.646389	11487.899801	9.753956	10001
W1036	2995.869487	0.704349	5702.013292	6.965731	2493.026306	1.762081	12121.874552	10.391573	10001
W1037	2264.685687	0.685117	4310.357292	5.329205	1884.568409	1.379494	9163.361725	8.046744	10001
W1038	2711.236173	0.710663	5160.273090	6.332229	2256.167410	1.615961	10970.192429	9.489829	10001
W1039	2428.935265	0.613517	4622.972138	5.663653	2021.249437	1.440765	9827.947682	8.473811	10001
W1040	2238.963496	0.601278	4261.400462	5.235137	1863.163572	1.338909	9059.284706	7.854645	10001
W1041	3340.616271	0.754140	6358.166959	7.756074	2779.908898	1.956351	13516.787545	11.553322	10001
W1042	2530.347989	0.612909	4815.990126	5.890033	2105.640492	1.493326	10238.283419	8.797111	10001
W1043	3706.539085	0.814101	7054.624783	8.597783	3084.413218	2.164673	14997.382897	12.794949	10001
W1044	1391.012956	0.486262	2647.503304	3.305987	1157.537705	0.871234	5628.310787	5.039831	10001
W1045	3641.631596	0.807509	6931.086904	8.449863	3030.400158	2.128771	14734.754489	12.578909	10001
W1046	2809.200193	0.620960	5346.727190	6.517652	2337.688612	1.641646	11366.574039	9.701468	10001
W1047	2606.835741	0.747144	4961.568623	6.115506	2169.290120	1.573957	10547.767841	9.205977	10001
W1048	3847.805060	0.824103	7323.495130	8.918343	3201.968336	2.241761	15568.972693	13.260952	10001
W1049	2682.021801	0.659549	5104.669621	6.246852	2231.856539	1.585672	10851.985360	9.335798	10001
W1050	2761.130617	0.650254	5255.236769	6.420337	2297.687297	1.624317	11172.075122	9.578563	10001
W1051	4327.649175	0.881287	8236.778414	10.015617	3601.272781	2.509976	17510.515941	14.869362	10001
W1052	2402.231954	0.610799	4572.147950	5.602973	1999.028156	1.426116	9719.900855	8.385439	10001
W1053	4644.839152	0.888710	8840.483439	10.732013	3865.223850	2.680428	18793.928692	15.905307	10001
W1054	3396.809521	0.743896	6465.119101	7.878581	2826.670365	1.983221	13744.156437	11.723501	10001
W1055	2698.649958	0.631055	5136.317853	6.273414	2245.693735	1.586322	10919.266140	9.356846	10001
W1056	2541.433770	0.602476	4837.089600	5.910944	2114.865575	1.496175	10283.138660	8.820835	10001
W1057	2543.357950	0.563948	4840.751876	5.901474	2116.466790	1.486752	10290.924270	8.785229	10001
W1058	3453.487798	0.718727	6572.994390	7.997496	2873.835448	2.006770	13973.487843	11.880984	10001
W1059	1884.734123	0.507863	3587.198665	4.407594	1568.390002	1.127612	7626.003304	6.614103	10001
W1060	1857.464066	0.565022	3535.295794	4.372387	1545.697101	1.132510	7515.663314	6.604157	10001
W1061	977.936464	0.405935	1861.298278	2.361282	813.794239	0.639022	3956.922418	3.652217	10001
W1062	2509.206772	0.629630	4775.752226	5.849197	2088.047733	1.487155	10152.741917	8.748935	10001
W1063	2509.369389	0.697660	4776.061732	5.877453	2088.183055	1.508115	10153.399894	8.833529	10001
W1064	1772.372894	0.538723	3373.342479	4.171892	1474.888098	1.080486	7171.367770	6.301037	10001
W1065	2585.521355	0.608725	4921.001131	6.011938	2151.553257	1.520962	10461.525660	8.969171	10001
W1066	3094.783973	0.706235	5890.276405	7.188001	2575.338442	1.814421	12522.101931	10.711279	10001
W1067	2309.428139	0.582802	4395.515226	5.384785	1921.801042	1.369721	9344.398447	8.056261	10001
W1068	2381.742984	0.640333	4533.151465	5.569280	1981.978167	1.424513	9636.998471	8.356431	10001
W1069	3418.837689	0.717280	6507.045128	7.919139	2845.001204	1.988071	13833.286718	11.767509	10001
W1070	2168.123782	0.590194	4126.571827	5.072826	1804.213984	1.299031	8772.653350	7.616141	10001
W1071	1651.582235	0.527515	3143.442629	3.899785	1374.371606	1.015839	6682.625110	5.908106	10001
W1072	3391.913521	0.850309	6455.800584	7.906551	2822.596136	2.010078	13724.346261	11.825736	10001
W1073	3327.510415	0.805236	6333.222692	7.745345	2769.002800	1.963567	13463.758683	11.567686	10001
W1074	2665.931584	0.634638	5074.045246	6.201484	2218.466992	1.570209	10786.881193	9.255910	10001
W1075	1410.759825	0.427777	2685.087355	3.320229	1173.970152	0.859681	5708.210488	5.014008	10001
W1076	2686.031975	0.626830	5112.302152	6.243618	2235.193623	1.578554	10868.211311	9.311691	10001
W1077	2998.408179	0.750623	5706.845164	6.988885	2495.138890	1.776579	12132.146597	10.452576	10001
W1078	2645.669867	0.714166	5035.481290	6.187626	2201.606113	1.583264	10704.898319	9.286042	10001
W1079	4177.206706	0.878052	7950.442524	9.676314	3476.081402	2.429482	16901.796254	14.379448	10001
W1080	3464.446599	0.731638	6593.852183	8.026360	2882.954864	2.015793	14017.829296	11.929287	10001
W1081	2852.945446	0.715257	5429.987162	6.650240	2374.091421	1.690698	11543.575895	9.946722	10001
W1082	2864.086752	0.727224	5451.192317	6.679806	2383.362709	1.700003	11588.655802	9.996428	10001
W1083	2255.392299	0.608361	4292.669265	5.274665	1876.834874	1.349566	9125.758859	7.915634	10001
W1084	3344.307560	0.713282	6365.192556	7.750352	2782.980620	1.947661	13531.723219	11.522684	10001
W1085	2760.948605	0.641077	5254.890346	6.416586	2297.535835	1.621694	11171.338664	9.567846	10001
W1086	3523.607795	0.776019	6706.453193	8.174171	2932.186120	2.058385	14257.207081	12.165659	10001
W1087	3461.095037	0.754099	6587.473184	8.026363	2880.165846	2.019749	14004.268221	11.941355	10001
W1088	4782.343511	0.956124	9102.194334	11.062321	3979.648724	2.769411	19350.298255	16.414563	10001
W1089	2403.106602	0.578544	4573.812660	5.592514	1999.755998	1.417228	9723.439853	8.350707	10001
W1090	3382.249868	0.714571	6437.407833	7.836024	2814.554483	1.968040	13685.245227	11.646547	10001
W1091	1863.002787	0.522868	3545.837594	4.365652	1550.306172	1.121232	7538.074061	6.564555	10001
W1092	2254.931354	0.618945	4291.791953	5.278099	1876.451297	1.352658	9123.893788	7.927598	10001
W1093	1543.252887	0.497589	2937.260290	3.646294	1284.224851	0.950896	6244.303359	5.527447	10001
W1094	2574.708408	0.644699	4900.420939	6.001355	2142.555215	1.525576	10417.774359	8.975712	10001
W1095	2366.742676	0.625009	4504.601504	5.529542	1969.495593	1.412054	9576.304286	8.289751	10001
W1096	2222.613153	0.567533	4230.280991	5.184981	1849.557561	1.320197	8993.128018	7.761319	10001
W1097	2035.372634	0.490004	3873.907680	4.736720	1693.744518	1.200355	8235.516215	7.072835	10001
W1098	1406.614432	0.410321	2677.197463	3.303048	1170.520544	0.851662	5691.437415	4.977030	10001
W1099	1989.204174	0.520923	3786.035637	4.645690	1655.325226	1.185466	8048.709585	6.961991	10001
W1100	2316.511959	0.560899	4408.997802	5.392194	1927.695876	1.367066	9373.060973	8.053435	10001
W1101	2926.222257	0.821551	5569.454303	6.857261	2435.069050	1.761213	11840.068221	10.311327	10001
W1102	2552.523809	0.601475	4858.197178	5.935401	2124.094200	1.501695	10328.011128	8.855279	10001
W1103	1650.419888	0.531626	3141.230344	3.899246	1373.404354	1.016741	6677.922028	5.910524	10001
W1104	1604.602474	0.501203	3054.026444	3.783372	1335.277186	0.982914	6492.535799	5.723679	10001
W1105	2558.501613	0.593647	4869.574682	5.945935	2129.068657	1.502667	10352.198494	8.865818	10001
W1106	2193.989855	0.628082	4175.802507	5.146664	1825.738553	1.324446	8877.312547	7.747044	10001
W1107	2765.468314	0.661812	5263.492670	6.434320	2301.296931	1.629811	11189.626291	9.605410	10001
W1108	1061.912008	0.414383	2021.128228	2.548041	883.674868	0.682533	4296.703914	3.918939	10001
W1109	1627.158810	0.492326	3096.957729	3.829027	1354.047543	0.991181	6583.803151	5.781626	10001
W1110	1982.003637	0.604582	3772.330915	4.666334	1649.333266	1.209023	8019.574802	7.049305	10001
W1111	3109.462860	0.676822	5918.214608	7.210694	2587.553544	1.814380	12581.495582	10.727479	10001
W1112	963.502413	0.359571	1833.826069	2.302433	801.782879	0.612495	3898.519421	3.527864	10001
W1113	3571.504274	0.934195	6797.614160	8.340633	2972.043391	2.128105	14451.005614	12.498527	10001
W1114	1763.898215	0.547457	3357.212692	4.157287	1467.835855	1.079258	7137.077557	6.286886	10001
W1115	1593.949233	0.522023	3033.750219	3.770104	1326.412043	0.985083	6449.430699	5.721027	10001
W1116	4596.513785	0.921400	8748.506174	10.633228	3825.009679	2.662380	18598.394798	15.779053	10001
W1117	3662.500325	0.716291	6970.806180	8.467006	3047.766165	2.117147	14819.193451	12.555847	10001
W1118	2972.735354	0.632164	5657.982292	6.888621	2473.775134	1.730791	12028.269321	10.240555	10001
W1119	3489.958646	0.972702	6642.409049	8.175232	2904.184829	2.098217	14121.056035	12.288546	10001
W1120	3710.900507	0.906815	7062.925841	8.641081	3088.042595	2.192317	15015.030065	12.910571	10001
W1121	2247.610934	0.527115	4277.859058	5.225466	1870.359577	1.321614	9094.273934	7.794682	10001
W1122	2087.065604	0.524767	3972.294476	4.865562	1736.761056	1.237273	8444.676091	7.278296	10001
W1123	3144.144208	0.652567	5984.223327	7.280548	2616.413784	1.826575	12721.823106	10.814993	10001
W1124	1360.898548	0.396699	2590.186804	3.195568	1132.477865	0.823887	5506.461997	4.814887	10001
W1125	1714.866254	0.483082	3263.890573	4.019296	1427.033688	1.032657	6938.684644	6.044913	10001
W1126	2654.507634	0.725092	5052.302139	6.211887	2208.960501	1.591234	10740.657656	9.327873	10001
W1127	3027.092157	0.678443	5761.439139	7.026423	2519.008392	1.771434	12248.207589	10.463778	10001
W1128	3357.945867	0.748796	6391.150233	7.793068	2794.329799	1.964042	13586.906482	11.603420	10001
W1129	2863.308280	0.701358	5449.710658	6.668039	2382.714900	1.692055	11585.505952	9.963634	10001
W1130	2197.460222	0.596496	4182.407629	5.140756	1828.626436	1.316078	8891.354334	7.717060	10001
W1131	2065.413157	0.558856	3931.083555	4.831090	1718.742874	1.236431	8357.066050	7.251066	10001
W1132	1666.561409	0.519367	3171.952365	3.928890	1386.836593	1.020448	6743.233782	5.942986	10001
W1133	1811.902646	0.561083	3448.579125	4.269821	1507.782960	1.108183	7331.312887	6.456170	10001
W1134	2419.961469	0.637884	4605.892387	5.653397	2013.781852	1.443444	9791.637945	8.474701	10001
W1135	1605.855314	0.524264	3056.410963	3.797434	1336.319743	0.991833	6497.605034	5.761286	10001
W1136	2129.838928	0.664107	4053.704586	5.021233	1772.355071	1.304245	8617.745337	7.595563	10001
W1137	2290.993427	0.633045	4360.428594	5.364299	1906.460514	1.375625	9269.807996	8.059766	10001
W1138	2923.243813	0.861809	5563.785455	6.868539	2432.590524	1.772975	11828.016854	10.355632	10001
W1139	1584.002497	0.562775	3014.818680	3.769518	1318.134822	0.995628	6409.184259	5.753451	10001
W1140	2145.696158	0.725570	4083.885518	5.086762	1785.550736	1.334564	8681.906793	7.735974	10001
W1141	2726.988385	0.682833	5190.254144	6.356304	2269.275684	1.615807	11033.928964	9.506580	10001
W1142	2706.541239	0.762359	5151.337263	6.343545	2252.260500	1.629797	10951.195809	9.540469	10001
W1143	3051.749881	0.829572	5808.369978	7.139785	2539.527428	1.828091	12347.977568	10.718657	10001
W1144	2516.852402	0.772340	4790.304088	5.927726	2094.410078	1.536881	10183.677631	8.958068	10001
W1145	2731.399144	0.762297	5198.649104	6.398744	2272.946117	1.642486	11051.775757	9.618889	10001
W1146	2747.904577	0.751613	5230.063757	6.430875	2286.681188	1.647539	11118.559974	9.657353	10001
W1147	1439.885704	0.468963	2740.522396	3.404401	1198.207383	0.888916	5826.059496	5.164180	10001
W1148	2575.764987	0.629638	4902.431917	5.997922	2143.434452	1.521764	10422.049485	8.961570	10001
W1149	2582.310722	0.611912	4914.890361	6.005923	2148.881515	1.520169	10448.534812	8.962427	10001
W1150	654.394045	0.320552	1245.502702	1.612936	544.556956	0.450453	2647.806439	2.539086	10001
W1151	2514.559396	0.644838	4785.939828	5.867138	2092.501943	1.494432	10174.399679	8.784097	10001
W1152	3915.690310	0.782248	7452.700558	9.057424	3258.459353	2.267395	15843.649707	13.439347	10001
W1153	2947.181151	0.698021	5609.345190	6.854407	2452.510088	1.734865	11924.872009	10.228390	10001
W1154	4198.135613	0.801880	7990.276337	9.699486	3493.497486	2.422334	16986.478708	14.374417	10001
W1155	2854.160841	0.673280	5432.300413	6.637067	2375.102817	1.679355	11548.493622	9.902535	10001
W1156	3345.091877	0.741141	6366.685341	7.761575	2783.633293	1.955263	13534.896720	11.553959	10001
