# Module Gain Results (Run: 1306)
# LMS Entries: 10008, Sample Rate: 1.00 Hz
# Current Run Time: 2.78 hours 
# Cumulative Time: 52.82 hours (total time up to this run)
# Formula: Gain = (Module LMS Mean - Module Pedestal Mean) × RefPMT Alpha Signal / RefPMT LMS Signal
# Reference PMT Params:
# RefPMT1: AlphaSignal=-338.78, AlphaError=0.03, LMSSignal=2347.75, LMSError=0.89, Valid=No
# RefPMT2: AlphaSignal=2129.38, AlphaError=0.79, LMSSignal=2354.82, LMSError=0.74, Valid=Yes
# RefPMT3: AlphaSignal=5638.23, AlphaError=2.07, LMSSignal=1309.32, LMSError=0.84, Valid=Yes
# G module
# module name	module signal(LMS-Pedestal)	signal error	gain1(RefPMT1)	gain1 error	gain2(RefPMT2)	gain2 error	gain3(RefPMT3)	gain3 error	LMS entries
G1	5045.949864	1.475994	0.000000	0.000000	4562.872993	2.592120	21728.999219	17.281404	10008
G2	4474.353034	1.482928	0.000000	0.000000	4045.998310	2.383393	19267.574236	15.615163	10008
G3	7069.648954	1.968236	0.000000	0.000000	6392.832104	3.586108	30443.504344	24.057574	10008
G4	5401.952810	1.539607	0.000000	0.000000	4884.793795	2.756312	23262.028270	18.437182	10008
G5	5630.789062	1.862555	0.000000	0.000000	5091.722280	2.997546	24247.448834	19.644619	10008
G6	4970.631216	1.549131	0.000000	0.000000	4494.765018	2.598788	21404.660118	17.178408	10008
G7	3814.329750	1.323748	0.000000	0.000000	3449.162729	2.062600	16425.364976	13.418677	10008
G8	7500.309754	4.055141	0.000000	0.000000	6782.263348	4.935139	32298.026969	29.588952	10008
G9	5206.568140	1.298221	0.000000	0.000000	4708.114387	2.575882	22420.657774	17.498684	10008
G10	5780.614667	1.336918	0.000000	0.000000	5227.204245	2.818098	24892.631711	19.289020	10008
G11	6307.315034	1.530912	0.000000	0.000000	5703.480653	3.103429	27160.722390	21.141389	10008
G12	4353.792710	1.377014	0.000000	0.000000	3936.979896	2.286148	18748.414261	15.080490	10008
G13	3161.417229	1.241247	0.000000	0.000000	2858.757158	1.788305	13613.776267	11.399189	10008
G14	3030.020132	0.987702	0.000000	0.000000	2739.939437	1.605663	13047.950707	10.545631	10008
G15	6205.928665	1.351573	0.000000	0.000000	5611.800566	2.993750	26724.129797	20.603511	10008
G16	-378.307120	0.015584	0.000000	0.000000	-342.089674	-0.167191	-1629.075861	-1.206683	10008
G17	6857.411438	2.167319	0.000000	0.000000	6200.913267	3.600024	29529.561691	23.749822	10008
G18	5606.786932	2.204383	0.000000	0.000000	5070.018007	3.173284	24144.090242	20.222623	10008
G19	4900.882971	1.586112	0.000000	0.000000	4431.694161	2.591328	21104.308430	17.037144	10008
G20	4446.240221	1.498638	0.000000	0.000000	4020.576893	2.381224	19146.514115	15.561436	10008
G21	5345.829358	1.288991	0.000000	0.000000	4834.043354	2.626904	23020.348020	17.907155	10008
G22	7094.235203	1.714274	0.000000	0.000000	6415.064574	3.487547	30549.378284	23.768817	10008
G23	802.049947	0.571668	0.000000	0.000000	725.265241	0.626080	3453.808133	3.547499	10008
G24	5495.728677	1.514923	0.000000	0.000000	4969.591976	2.780969	23665.848323	18.678778	10008
G25	5674.611178	1.533392	0.000000	0.000000	5131.349060	2.857853	24436.156756	19.240780	10008
G26	6843.298945	1.636527	0.000000	0.000000	6188.151842	3.357337	29468.790110	22.905294	10008
G27	3438.071054	1.434205	0.000000	0.000000	3108.925372	1.993548	14805.110090	12.571110	10008
G28	2660.136349	1.274335	0.000000	0.000000	2405.466687	1.643219	11455.147635	10.093875	10008
G29	6813.966275	2.381315	0.000000	0.000000	6161.627351	3.693363	29342.477009	24.001664	10008
G30	6027.040128	1.574439	0.000000	0.000000	5450.038025	3.011875	25953.795375	20.356854	10008
G31	3330.626195	1.488071	0.000000	0.000000	3011.766808	1.990455	14342.428275	12.392555	10008
G32	5255.044187	1.319221	0.000000	0.000000	4751.949553	2.603547	22629.406577	17.673906	10008
G33	3250.841713	0.920603	0.000000	0.000000	2939.620539	1.656025	13998.858284	11.086177	10008
G34	895.590170	0.666310	0.000000	0.000000	809.850338	0.720123	3856.613449	4.045743	10008
G35	5081.587602	1.176857	0.000000	0.000000	4595.098932	2.477940	21882.463365	16.958541	10008
G36	3435.131595	1.115999	0.000000	0.000000	3106.267325	1.818451	14792.452118	11.949058	10008
G37	4117.447151	1.289297	0.000000	0.000000	3723.261014	2.155681	17730.656932	14.239985	10008
G38	4220.863194	1.434767	0.000000	0.000000	3816.776464	2.266763	18175.989760	14.794310	10008
G39	4768.386411	1.508006	0.000000	0.000000	4311.882235	2.503782	20533.748334	16.516315	10008
G40	6686.982017	2.366309	0.000000	0.000000	6046.800003	3.640083	28795.654130	23.608687	10008
G41	6355.874708	1.821291	0.000000	0.000000	5747.391440	3.247533	27369.831309	21.708196	10008
G42	4548.898617	1.549102	0.000000	0.000000	4113.407229	2.444395	19588.584343	15.949178	10008
G43	4758.520425	1.312824	0.000000	0.000000	4302.960775	2.408421	20491.263170	16.174847	10008
G44	1707.941845	1.040170	0.000000	0.000000	1544.431065	1.204328	7354.783149	7.046284	10008
G45	3519.176459	1.231878	0.000000	0.000000	3182.266106	1.908554	15154.368275	12.399727	10008
G46	4767.046239	1.275809	0.000000	0.000000	4310.670365	2.395390	20527.977251	16.145358	10008
G47	4621.389002	1.425007	0.000000	0.000000	4178.957706	2.408774	19900.744306	15.945996	10008
G48	-208.054627	0.013848	0.000000	0.000000	-188.136399	-0.092473	-895.930191	-0.665281	10008
G49	3565.426150	1.105142	0.000000	0.000000	3224.088056	1.861164	15353.529884	12.311956	10008
G50	6192.671100	1.493355	0.000000	0.000000	5599.812222	3.043105	26667.039731	20.744089	10008
G51	4388.176577	1.321762	0.000000	0.000000	3968.072005	2.272187	18896.478956	15.089892	10008
G52	3324.739214	1.178542	0.000000	0.000000	3006.443421	1.810910	14317.077604	11.741902	10008
G53	5055.414436	1.612454	0.000000	0.000000	4571.431469	2.661249	21769.755803	17.533734	10008
G54	2433.305488	0.846301	0.000000	0.000000	2200.351608	1.316773	10478.362741	8.563638	10008
G55	2902.997062	1.111482	0.000000	0.000000	2625.076992	1.626184	12500.960690	10.410805	10008
G56	4423.150247	1.525600	0.000000	0.000000	3999.697451	2.386878	19047.083475	15.543267	10008
G57	814.589767	0.622189	0.000000	0.000000	736.604554	0.667253	3507.807427	3.729451	10008
G58	2459.624418	1.207491	0.000000	0.000000	2224.150880	1.537998	10591.697995	9.402011	10008
G59	5577.831079	1.619541	0.000000	0.000000	5043.834258	2.859762	24019.399800	19.083997	10008
G60	5040.177603	1.809166	0.000000	0.000000	4557.653343	2.757315	21704.142560	17.842445	10008
G61	4190.607237	1.419698	0.000000	0.000000	3789.417078	2.248041	18045.700779	14.679670	10008
G62	6951.080058	2.141528	0.000000	0.000000	6285.614468	3.622173	29932.919911	23.981494	10008
G63	4850.616367	1.427255	0.000000	0.000000	4386.239859	2.495696	20887.849085	16.625761	10008
G64	6175.647730	1.691695	0.000000	0.000000	5584.418594	3.120291	26593.733258	20.973699	10008
G65	6740.329009	1.931607	0.000000	0.000000	6095.039790	3.444039	29025.378318	23.021515	10008
G66	6721.146635	1.527651	0.000000	0.000000	6077.693852	3.266296	28942.774685	22.393269	10008
G67	4405.017672	1.246210	0.000000	0.000000	3983.300808	2.243414	18969.000511	15.020289	10008
G68	4130.289070	1.057093	0.000000	0.000000	3734.873505	2.054747	17785.957135	13.919345	10008
G69	7395.722617	2.315742	0.000000	0.000000	6687.688920	3.871975	31847.651147	25.577600	10008
G70	6321.663968	1.356450	0.000000	0.000000	5716.455884	3.042123	27222.512139	20.963189	10008
G71	4328.906505	1.252179	0.000000	0.000000	3914.476187	2.217248	18641.248648	14.803490	10008
G72	4255.687252	1.236250	0.000000	0.000000	3848.266620	2.182174	18325.950012	14.561354	10008
G73	5918.759291	1.668421	0.000000	0.000000	5352.123515	3.011603	25487.513649	20.172593	10008
G74	6531.491581	2.577001	0.000000	0.000000	5906.195532	3.701791	28126.077211	23.576193	10008
G75	4315.381513	1.267916	0.000000	0.000000	3902.246017	2.219447	18583.006976	14.788269	10008
G76	6821.094048	2.231227	0.000000	0.000000	6168.072743	3.618521	29373.170811	23.753487	10008
G77	-253.631673	0.012858	0.000000	0.000000	-229.350101	-0.112296	-1092.195240	-0.809651	10008
G78	4536.869212	1.606271	0.000000	0.000000	4102.529466	2.470096	19536.783008	16.019139	10008
G79	3938.509992	1.302926	0.000000	0.000000	3561.454505	2.096736	16960.113132	13.740872	10008
G80	3841.252686	1.279321	0.000000	0.000000	3473.508182	2.049324	16541.301215	13.416666	10008
G81	3340.784845	0.914680	0.000000	0.000000	3020.952914	1.687752	14386.173715	11.345265	10008
G82	7682.447551	11.331759	0.000000	0.000000	6946.964080	10.790953	33082.353443	54.587348	10008
G83	5256.240891	1.720538	0.000000	0.000000	4753.031690	2.788980	22634.559856	18.306174	10008
G84	6986.620828	1.693858	0.000000	0.000000	6317.752722	3.436892	30085.966491	23.415747	10008
G85	4704.098393	1.366031	0.000000	0.000000	4253.748866	2.411882	20256.909613	16.094892	10008
G86	3915.596094	1.607190	0.000000	0.000000	3540.734282	2.255088	16861.440712	14.262030	10008
G87	3320.377116	1.258798	0.000000	0.000000	3002.498931	1.853031	14298.293426	11.882997	10008
G88	4632.113557	1.607243	0.000000	0.000000	4188.655540	2.504652	19946.926660	16.295038	10008
G89	5060.362647	2.278971	0.000000	0.000000	4575.905961	3.035261	21791.063918	18.868918	10008
G90	3602.877758	1.232022	0.000000	0.000000	3257.954214	1.938678	15514.804965	12.641444	10008
G91	5420.603974	1.438983	0.000000	0.000000	4901.659380	2.718699	23342.344395	18.341733	10008
G92	4557.621081	1.584188	0.000000	0.000000	4121.294643	2.465839	19626.145243	16.038096	10008
G93	3591.974387	1.328189	0.000000	0.000000	3248.094683	1.986098	15467.852587	12.789684	10008
G94	3312.846049	1.204533	0.000000	0.000000	2995.688855	1.820640	14265.862951	11.756706	10008
G95	5068.471897	1.378229	0.000000	0.000000	4583.238866	2.556383	21825.984178	17.198343	10008
G96	4267.506989	1.040816	0.000000	0.000000	3858.954788	2.101793	18376.848468	14.310927	10008
G97	5885.442869	1.788808	0.000000	0.000000	5321.996660	3.055129	25344.045614	20.264812	10008
G98	6145.025542	1.822267	0.000000	0.000000	5556.728039	3.168316	26461.867204	21.085010	10008
G99	5903.542698	2.016885	0.000000	0.000000	5338.363691	3.175681	25421.987563	20.710444	10008
G100	3980.766128	1.324966	0.000000	0.000000	3599.665227	2.123336	17142.077594	13.902507	10008
G101	6576.841506	1.395087	0.000000	0.000000	5947.203856	3.159072	28321.364224	21.790143	10008
G102	5526.296153	1.327666	0.000000	0.000000	4997.233058	2.713645	23797.478778	18.505224	10008
G103	6054.126935	1.770107	0.000000	0.000000	5474.531661	3.109657	26070.437280	20.732967	10008
G104	3749.369995	1.391586	0.000000	0.000000	3390.421933	2.075971	16145.633604	13.360135	10008
G105	5845.443445	1.529343	0.000000	0.000000	5285.826603	2.922128	25171.799062	19.746857	10008
G106	4624.056487	1.534527	0.000000	0.000000	4181.369818	2.464146	19912.231099	16.141111	10008
G107	-365.248878	0.012074	0.000000	0.000000	-330.281570	-0.161215	-1572.844123	-1.164390	10008
G108	3596.212573	1.252172	0.000000	0.000000	3251.927124	1.946818	15486.103174	12.658897	10008
G109	6409.045727	1.839000	0.000000	0.000000	5795.472101	3.275836	27598.797719	21.893649	10008
G110	6251.455952	1.960847	0.000000	0.000000	5652.969272	3.274565	26920.180573	21.625939	10008
G111	3717.789924	1.370074	0.000000	0.000000	3361.865198	2.053132	16009.642690	13.228750	10008
G112	3063.801549	0.997787	0.000000	0.000000	2770.486771	1.623098	13193.421113	10.661595	10008
G113	4525.720419	1.472890	0.000000	0.000000	4092.448009	2.397072	19488.773790	15.747132	10008
G114	5510.291000	1.568424	0.000000	0.000000	4982.760168	2.810650	23728.556977	18.803758	10008
G115	3732.147420	1.296125	0.000000	0.000000	3374.848171	2.018631	16071.469311	13.131206	10008
G116	3867.014641	1.213677	0.000000	0.000000	3496.803802	2.025937	16652.238008	13.378578	10008
G117	4039.177114	1.080352	0.000000	0.000000	3652.484203	2.029357	17393.608484	13.679199	10008
G118	2896.113857	0.961643	0.000000	0.000000	2618.852755	1.543609	12471.320057	10.110376	10008
G119	2444.729349	0.980110	0.000000	0.000000	2210.681799	1.394465	10527.556465	8.856238	10008
G120	4390.392926	1.128823	0.000000	0.000000	3970.076170	2.186319	18906.023054	14.803193	10008
G121	4378.206222	1.073065	0.000000	0.000000	3959.056167	2.158443	18853.544356	14.689249	10008
G122	2450.874698	0.831132	0.000000	0.000000	2216.238820	1.315190	10554.019728	8.586873	10008
G123	3943.328648	1.076791	0.000000	0.000000	3565.811844	1.990888	16980.863350	13.387224	10008
G124	2934.024208	0.946885	0.000000	0.000000	2653.133737	1.550019	12634.570586	10.195056	10008
G125	2907.516409	0.898356	0.000000	0.000000	2629.163678	1.516347	12520.422020	10.035342	10008
G126	5304.634265	1.594229	0.000000	0.000000	4796.792096	2.745026	22842.952646	18.235564	10008
G127	3953.326283	0.966234	0.000000	0.000000	3574.852350	1.947884	17023.915424	13.260092	10008
G128	3879.231908	1.091647	0.000000	0.000000	3507.851442	1.973003	16704.848319	13.218533	10008
G129	2762.585597	0.811420	0.000000	0.000000	2498.107899	1.420704	11896.317225	9.466612	10008
G130	4210.700047	1.103369	0.000000	0.000000	3807.586291	2.105661	18132.224952	14.226907	10008
G131	5352.475707	1.157735	0.000000	0.000000	4840.053411	2.579111	23048.968696	17.760410	10008
G132	5070.538465	1.425245	0.000000	0.000000	4585.107590	2.578165	21834.883285	17.275407	10008
G133	3131.622997	1.021754	0.000000	0.000000	2831.815294	1.659974	13485.475580	10.900869	10008
G134	2754.537688	1.023129	0.000000	0.000000	2490.830461	1.525573	11861.661111	9.816750	10008
G135	3438.727288	1.031830	0.000000	0.000000	3109.518781	1.778689	14807.935982	11.818560	10008
G136	4589.589903	1.243086	0.000000	0.000000	4150.202912	2.312682	19763.810209	15.566094	10008
G137	3870.948940	1.167979	0.000000	0.000000	3500.361449	2.005325	16669.179989	13.314539	10008
G138	6103.723484	1.531154	0.000000	0.000000	5519.380056	3.023552	26284.011217	20.526660	10008
G139	3163.930842	1.082799	0.000000	0.000000	2861.030129	1.702941	13624.600453	11.102893	10008
G140	3705.307429	1.015471	0.000000	0.000000	3350.577722	1.872344	15955.890252	12.584656	10008
G141	4521.781844	1.452941	0.000000	0.000000	4088.886496	2.385648	19471.813398	15.701223	10008
G142	5452.805219	1.551945	0.000000	0.000000	4930.777820	2.781276	23481.010223	18.607409	10008
G143	5146.650684	1.374330	0.000000	0.000000	4653.933164	2.584800	22162.639686	17.426530	10008
G144	3233.087910	0.991600	0.000000	0.000000	2923.566406	1.682589	13922.406397	11.146894	10008
G145	4400.150459	1.334713	0.000000	0.000000	3978.899561	2.282843	18948.041197	15.146291	10008
G146	6994.323509	2.285305	0.000000	0.000000	6324.717983	3.709114	30119.135973	24.352230	10008
G147	3880.232473	1.437562	0.000000	0.000000	3508.756217	2.147007	16709.156977	13.821432	10008
G148	4035.923791	1.399810	0.000000	0.000000	3649.542339	2.181985	17379.598941	14.196698	10008
G149	5942.334988	1.622511	0.000000	0.000000	5373.442180	3.000073	25589.035921	20.173450	10008
G150	4751.070670	1.345778	0.000000	0.000000	4296.224226	2.420412	20459.182843	16.202831	10008
G151	5683.724772	1.689494	0.000000	0.000000	5139.590159	2.932368	24475.401952	19.508634	10008
G152	2648.192554	0.924252	0.000000	0.000000	2394.666339	1.434749	11403.714959	9.325796	10008
G153	3033.664183	1.212132	0.000000	0.000000	2743.234623	1.728046	13063.642811	10.981331	10008
G154	6077.004130	1.654417	0.000000	0.000000	5495.218695	3.065914	26168.951647	20.623388	10008
G155	5243.625093	1.530786	0.000000	0.000000	4741.623672	2.692257	22580.233379	17.953609	10008
G156	2746.548999	0.926946	0.000000	0.000000	2483.606574	1.471558	11827.260015	9.614818	10008
G157	5923.629206	1.601170	0.000000	0.000000	5356.527206	2.983478	25508.484599	20.085842	10008
G158	5530.882863	1.559876	0.000000	0.000000	5001.380657	2.814602	23817.230187	18.851830	10008
G159	3862.722114	1.119773	0.000000	0.000000	3492.922223	1.979599	16633.753421	13.213121	10008
G160	3955.305766	1.213076	0.000000	0.000000	3576.642326	2.058437	17032.439525	13.636872	10008
G161	4619.131502	1.407351	0.000000	0.000000	4176.916329	2.399428	19891.023001	15.910246	10008
G162	2805.756028	1.097270	0.000000	0.000000	2537.145384	1.584661	12082.218845	10.108031	10008
G163	4012.482197	1.132905	0.000000	0.000000	3628.344939	2.042478	17278.654144	13.678351	10008
G164	3233.693680	1.027807	0.000000	0.000000	2924.114182	1.700486	13925.014981	11.209318	10008
G165	3991.165074	1.367384	0.000000	0.000000	3609.068623	2.148957	17186.857802	14.008507	10008
G166	4269.765495	1.221890	0.000000	0.000000	3860.997075	2.180893	18386.574106	14.580665	10008
G167	5109.094474	1.496320	0.000000	0.000000	4619.972418	2.625423	22000.914166	17.500603	10008
G168	4737.320339	1.333828	0.000000	0.000000	4283.790291	2.409753	20399.970815	16.143565	10008
G169	4818.276943	1.203997	0.000000	0.000000	4356.996468	2.384849	20748.588226	16.197254	10008
G170	2499.970945	0.935151	0.000000	0.000000	2260.634809	1.388199	10765.439249	8.922259	10008
G171	4259.406171	1.151868	0.000000	0.000000	3851.629507	2.145518	18341.964519	14.443594	10008
G172	4566.774658	1.290355	0.000000	0.000000	4129.571898	2.325060	19665.562612	15.569364	10008
G173	3853.112649	1.242163	0.000000	0.000000	3484.232725	2.034898	16592.372894	13.386376	10008
G174	3977.106790	1.329367	0.000000	0.000000	3596.356217	2.124255	17126.319658	13.899675	10008
G175	4460.969814	1.296390	0.000000	0.000000	4033.896340	2.287670	19209.943067	15.264551	10008
G176	3825.111833	1.208566	0.000000	0.000000	3458.912584	2.007932	16471.795061	13.247174	10008
G177	2847.590627	1.545448	0.000000	0.000000	2574.974924	1.877631	12262.368075	11.248744	10008
G178	5501.653195	1.514027	0.000000	0.000000	4974.949307	2.782841	23691.360636	18.695113	10008
G179	3479.242817	1.370009	0.000000	0.000000	3146.155533	1.970346	14982.404996	12.553216	10008
G180	3497.568797	1.026403	0.000000	0.000000	3162.727065	1.798263	15061.320803	11.983774	10008
G181	3753.433034	1.153773	0.000000	0.000000	3394.095995	1.954636	16163.129969	12.945178	10008
G182	3177.359871	0.865396	0.000000	0.000000	2873.173522	1.603182	13682.428881	10.783504	10008
G183	2796.054549	1.060282	0.000000	0.000000	2528.372682	1.560563	12040.442089	10.007060	10008
G184	4721.794049	1.197421	0.000000	0.000000	4269.750419	2.344375	20333.111106	15.897244	10008
G185	3195.004809	1.117981	0.000000	0.000000	2889.129212	1.732524	13758.411968	11.256740	10008
G186	2373.974341	0.919597	0.000000	0.000000	2146.700562	1.335820	10222.869429	8.534819	10008
G205	5575.569069	1.454050	0.000000	0.000000	5041.788803	2.785215	24009.659076	18.828458	10008
G206	4768.672769	1.244357	0.000000	0.000000	4312.141179	2.382454	20534.981457	16.104660	10008
G207	5815.745404	1.799527	0.000000	0.000000	5258.971721	3.034322	25043.912593	20.077452	10008
G208	3725.077443	1.156555	0.000000	0.000000	3368.455042	1.945440	16041.024393	12.866467	10008
G209	3869.893716	1.316700	0.000000	0.000000	3499.407248	2.078919	16664.635958	13.566370	10008
G210	3654.285019	1.366003	0.000000	0.000000	3304.439971	2.028657	15736.176235	13.040123	10008
G211	1910.208256	0.576173	0.000000	0.000000	1727.333386	0.989482	8225.787974	6.570049	10008
G212	4777.483724	1.547959	0.000000	0.000000	4320.108612	2.526974	20572.923418	16.611247	10008
G213	5112.957394	1.286006	0.000000	0.000000	4623.465519	2.534170	22017.548772	17.199437	10008
G214	3845.403575	1.119129	0.000000	0.000000	3477.261684	1.972751	16559.175881	13.160769	10008
G215	4953.960079	1.416724	0.000000	0.000000	4479.689903	2.529922	21332.870441	16.915599	10008
G216	2481.004289	0.980660	0.000000	0.000000	2243.483937	1.407148	10683.764548	8.959087	10008
G235	4324.556699	1.473996	0.000000	0.000000	3910.542811	2.324513	18622.517398	15.164929	10008
G236	2482.882481	1.021591	0.000000	0.000000	2245.182319	1.431394	10691.852464	9.048732	10008
G237	1991.255330	0.991140	0.000000	0.000000	1800.621372	1.253878	8574.794971	7.644156	10008
G238	4785.655043	1.515466	0.000000	0.000000	4327.497645	2.513834	20608.110963	16.579514	10008
G239	3912.267620	1.216111	0.000000	0.000000	3537.724462	2.043900	16847.107555	13.515422	10008
G240	4147.353222	1.716467	0.000000	0.000000	3750.304011	2.396829	17859.439226	15.135836	10008
G241	3411.086640	0.944513	0.000000	0.000000	3084.524327	1.727979	14688.909112	11.599913	10008
G242	3517.997200	1.124532	0.000000	0.000000	3181.199744	1.853142	15149.290119	12.205673	10008
G243	4843.368901	1.273642	0.000000	0.000000	4379.686234	2.423967	20856.639862	16.371002	10008
G244	2971.945955	0.934454	0.000000	0.000000	2687.425024	1.557841	12797.870188	10.284798	10008
G245	3931.363565	1.066793	0.000000	0.000000	3554.992246	1.981877	16929.339004	13.336592	10008
G246	4472.722271	1.676947	0.000000	0.000000	4044.523669	2.485767	19260.551801	15.970409	10008
G265	3901.106529	1.180933	0.000000	0.000000	3527.631884	2.022786	16799.045375	13.424547	10008
G266	918.385855	0.614863	0.000000	0.000000	830.463665	0.687531	3954.776816	3.945274	10008
G267	3148.701590	1.261316	0.000000	0.000000	2847.258859	1.795422	13559.019856	11.404340	10008
G268	1152.926563	0.763948	0.000000	0.000000	1042.550485	0.857318	4964.762050	4.929946	10008
G269	4202.862218	1.630573	0.000000	0.000000	3800.498821	2.366347	18098.473494	15.115016	10008
G270	5851.591032	1.661041	0.000000	0.000000	5291.385647	2.982674	25198.271961	19.961442	10008
G271	3792.603425	0.928042	0.000000	0.000000	3429.516386	1.869135	16331.806514	12.722476	10008
G272	3316.993605	0.926099	0.000000	0.000000	2999.439342	1.683739	14283.723264	11.291513	10008
G273	2985.446204	0.862298	0.000000	0.000000	2699.632819	1.528546	12856.005309	10.207287	10008
G274	2817.783655	0.837500	0.000000	0.000000	2548.021539	1.453719	12134.012522	9.671525	10008
G275	2722.006666	1.034959	0.000000	0.000000	2461.413815	1.520767	11721.575187	9.747464	10008
G276	3815.988329	1.157861	0.000000	0.000000	3450.662523	1.979938	16432.507192	13.136038	10008
G295	4975.786747	1.235277	0.000000	0.000000	4499.426982	2.459484	21426.860999	16.715641	10008
G296	4973.607611	1.303027	0.000000	0.000000	4497.456467	2.487062	21417.477148	16.804216	10008
G297	6323.698570	1.813594	0.000000	0.000000	5718.295703	3.231792	27231.273596	21.600671	10008
G298	4269.207655	1.807100	0.000000	0.000000	3860.492640	2.490946	18384.171922	15.665814	10008
G299	4267.029954	1.146471	0.000000	0.000000	3858.523422	2.146092	18374.794248	14.458447	10008
G300	3704.316912	1.273694	0.000000	0.000000	3349.682032	1.996898	15951.624859	13.010015	10008
G301	4500.929237	1.064800	0.000000	0.000000	4070.030225	2.203576	19382.017363	15.049870	10008
G302	2591.657946	1.149272	0.000000	0.000000	2343.544103	1.543561	11160.264172	9.623826	10008
G303	3018.047120	0.981352	0.000000	0.000000	2729.112668	1.598089	12996.392212	10.499716	10008
G304	1668.821781	0.754102	0.000000	0.000000	1509.056182	1.002536	7186.323322	6.228336	10008
G305	2878.635932	0.904304	0.000000	0.000000	2603.048089	1.508532	12396.056166	9.960522	10008
G306	2438.015591	0.880901	0.000000	0.000000	2204.610786	1.336864	10498.645507	8.641572	10008
G325	5486.178848	1.735736	0.000000	0.000000	4960.956406	2.881038	23624.724604	19.003773	10008
G326	3924.424676	1.349114	0.000000	0.000000	3548.717655	2.115416	16899.458582	13.782587	10008
G327	4163.614526	1.144338	0.000000	0.000000	3765.008529	2.105383	17929.464070	14.146135	10008
G328	4189.784980	1.344928	0.000000	0.000000	3788.673540	2.209825	18042.159956	14.546121	10008
G329	4971.961475	1.401854	0.000000	0.000000	4495.967924	2.529997	21410.388513	16.946168	10008
G330	6240.222480	1.556055	0.000000	0.000000	5642.811243	3.087310	26871.806708	20.972817	10008
G331	4636.267732	1.205457	0.000000	0.000000	4192.412012	2.314448	19964.815476	15.651282	10008
G332	2605.829463	1.009742	0.000000	0.000000	2356.358902	1.466471	11221.289926	9.369040	10008
G333	3246.535532	0.911998	0.000000	0.000000	2935.726613	1.650485	13980.314897	11.060159	10008
G334	2485.491237	0.818099	0.000000	0.000000	2247.541325	1.321094	10703.086360	8.664236	10008
G335	3205.467067	0.931004	0.000000	0.000000	2898.589860	1.643580	13803.464813	10.967640	10008
G336	2213.577726	0.979532	0.000000	0.000000	2001.659608	1.317115	9532.165396	8.215265	10008
G355	4771.357935	1.235623	0.000000	0.000000	4314.569278	2.379778	20546.544384	16.100255	10008
G356	7229.103844	1.754148	0.000000	0.000000	6537.021490	3.556781	31130.153100	24.230447	10008
G357	5245.341609	1.620073	0.000000	0.000000	4743.175856	2.735285	22587.625084	18.103359	10008
G358	4204.643943	2.009506	0.000000	0.000000	3802.109972	2.594298	18106.146002	15.943451	10008
G359	2884.417358	1.374278	0.000000	0.000000	2608.276027	1.777013	12420.952290	10.927386	10008
G360	4108.511463	1.260678	0.000000	0.000000	3715.180789	2.138465	17692.177843	14.166099	10008
G361	3471.395653	1.077796	0.000000	0.000000	3139.059622	1.812955	14948.613338	11.990253	10008
G362	3155.418736	1.009641	0.000000	0.000000	2853.332935	1.662650	13587.945404	10.949431	10008
G363	1594.049656	0.742017	0.000000	0.000000	1441.442408	0.971072	6864.337668	5.998530	10008
G364	2409.508893	1.386510	0.000000	0.000000	2178.833193	1.642508	10375.889233	9.722858	10008
G365	2848.311662	1.035323	0.000000	0.000000	2575.626930	1.565180	12265.473013	10.107572	10008
G366	3082.189922	0.861363	0.000000	0.000000	2787.114723	1.564919	13272.605599	10.493457	10008
G385	3783.546336	1.385529	0.000000	0.000000	3421.326383	2.084665	16292.804647	13.445911	10008
G386	313.393761	0.379303	0.000000	0.000000	283.390831	0.369715	1349.544281	1.914170	10008
G387	3507.034137	1.194799	0.000000	0.000000	3171.286236	1.884797	15102.080695	12.297130	10008
G388	5122.471236	1.227624	0.000000	0.000000	4632.068549	2.514141	22058.517524	17.148966	10008
G389	4155.147177	1.469012	0.000000	0.000000	3757.351807	2.261146	17893.001755	14.667402	10008
G390	2775.667397	1.131356	0.000000	0.000000	2509.937305	1.593957	11952.650409	10.093445	10008
G391	3027.971400	1.033597	0.000000	0.000000	2738.086842	1.628374	13039.128404	10.620956	10008
G392	3170.315139	1.119009	0.000000	0.000000	2866.803222	1.724251	13652.092677	11.187621	10008
G393	3315.496998	1.422001	0.000000	0.000000	2998.086013	1.945558	14277.278534	12.206155	10008
G394	3182.903253	0.981518	0.000000	0.000000	2878.186206	1.659036	13706.299938	10.982649	10008
G395	2988.020733	0.810031	0.000000	0.000000	2701.960874	1.505976	12867.091812	10.135277	10008
G396	4026.743155	1.002081	0.000000	0.000000	3641.240616	1.991372	17340.065049	13.530734	10008
G415	6530.050106	1.862969	0.000000	0.000000	5904.892057	3.332759	28119.869892	22.290301	10008
G416	4917.419051	1.383436	0.000000	0.000000	4446.647151	2.500866	21175.516525	16.755609	10008
G417	3783.725991	1.503879	0.000000	0.000000	3421.488838	2.150747	16293.578279	13.680185	10008
G418	3954.177612	1.266155	0.000000	0.000000	3575.622176	2.083995	17027.581438	13.722756	10008
G419	4367.424851	1.430463	0.000000	0.000000	3949.306957	2.317807	18807.117342	15.212154	10008
G420	5698.862773	1.340242	0.000000	0.000000	5153.278915	2.786927	24540.589600	19.045019	10008
G421	6283.640436	1.498011	0.000000	0.000000	5682.072557	3.080905	27058.774228	21.025865	10008
G422	4309.176315	1.152725	0.000000	0.000000	3896.634877	2.165078	18556.285993	14.593816	10008
G423	3809.552718	1.098915	0.000000	0.000000	3444.843029	1.949837	16404.793998	13.022709	10008
G424	3116.217148	0.942652	0.000000	0.000000	2817.884332	1.615483	13419.134513	10.722463	10008
G425	3394.887513	0.903655	0.000000	0.000000	3069.876033	1.703756	14619.152017	11.490842	10008
G426	2092.540698	0.635431	0.000000	0.000000	1892.210128	1.085963	9010.952628	7.204121	10008
G445	5208.041028	1.224796	0.000000	0.000000	4709.446268	2.546893	22427.000364	17.404721	10008
G446	5261.586244	1.667318	0.000000	0.000000	4757.865303	2.764396	22657.578153	18.230272	10008
G447	4479.602096	1.304659	0.000000	0.000000	4050.744850	2.298549	19290.177882	15.332806	10008
G448	3650.856764	1.360968	0.000000	0.000000	3301.339922	2.024689	15721.413394	13.020606	10008
G449	4514.810582	1.287274	0.000000	0.000000	4082.582631	2.303887	19441.793567	15.410104	10008
G450	4617.734030	1.728657	0.000000	0.000000	4175.652645	2.564893	19885.005172	16.483016	10008
G451	2864.949475	0.883858	0.000000	0.000000	2590.671913	1.493495	12337.119190	9.886189	10008
G452	4396.469300	1.229867	0.000000	0.000000	3975.570819	2.232762	18932.189292	14.969822	10008
G453	3351.699534	1.008434	0.000000	0.000000	3030.822679	1.734964	14433.174827	11.523859	10008
G454	4135.248112	1.085898	0.000000	0.000000	3739.357789	2.068915	17807.311887	13.975284	10008
G455	5178.490006	1.048490	0.000000	0.000000	4682.724330	2.469699	22299.746993	17.099095	10008
G456	3675.227665	1.050501	0.000000	0.000000	3323.377661	1.876645	15826.359995	12.548460	10008
G475	6387.583471	1.715886	0.000000	0.000000	5776.064547	3.212471	27506.376402	21.643256	10008
G476	5758.838783	2.118007	0.000000	0.000000	5207.513088	3.177984	24798.859839	20.483150	10008
G477	3704.000700	1.487151	0.000000	0.000000	3349.396093	2.114009	15950.263180	13.422552	10008
G478	3785.088736	1.613833	0.000000	0.000000	3422.721120	2.215406	16299.446567	13.914343	10008
G479	1964.751345	1.073972	0.000000	0.000000	1776.654761	1.300672	8460.662828	7.780852	10008
G480	4148.654774	1.467611	0.000000	0.000000	3751.480957	2.258088	17865.044001	14.646146	10008
G481	3248.981349	1.118132	0.000000	0.000000	2937.938278	1.751961	13990.847134	11.412639	10008
G482	4053.446826	1.043796	0.000000	0.000000	3665.387796	2.019206	17455.057085	13.669376	10008
G483	1828.590314	0.672980	0.000000	0.000000	1653.529183	1.009345	7874.322688	6.504837	10008
G484	3341.773286	1.002270	0.000000	0.000000	3021.846726	1.728318	14390.430164	11.484582	10008
G485	2737.770652	0.823721	0.000000	0.000000	2475.668626	1.417172	11789.458469	9.413041	10008
G486	1734.749347	0.607705	0.000000	0.000000	1568.672135	0.941050	7470.222304	6.113194	10008
G505	5880.199515	1.532439	0.000000	0.000000	5317.255281	2.936940	25321.466546	19.855671	10008
G506	6818.241027	1.575400	0.000000	0.000000	6165.492857	3.323369	29360.885056	22.749496	10008
G507	1195.514694	0.717485	0.000000	0.000000	1081.061417	0.835528	5148.156157	4.903307	10008
G508	3590.441517	1.212445	0.000000	0.000000	3246.708563	1.924057	15461.251703	12.570257	10008
G509	4362.287150	1.350758	0.000000	0.000000	3944.661117	2.276459	18784.993240	15.061342	10008
G510	4509.862472	1.421445	0.000000	0.000000	4078.108232	2.365674	19420.485892	15.612743	10008
G511	3114.108839	0.994130	0.000000	0.000000	2815.977864	1.639745	13410.055661	10.802167	10008
G512	3446.013297	0.860912	0.000000	0.000000	3116.107261	1.705560	14839.311185	11.583963	10008
G513	2449.008836	0.805266	0.000000	0.000000	2214.551587	1.301285	10545.984903	8.535618	10008
G514	3084.998775	1.062821	0.000000	0.000000	2789.654668	1.664122	13284.701153	10.838662	10008
G515	3653.130857	1.191862	0.000000	0.000000	3303.396303	1.936386	15731.206151	12.716108	10008
G516	2244.176624	0.696643	0.000000	0.000000	2029.329103	1.171971	9663.931158	7.751207	10008
G535	4479.672116	1.498266	0.000000	0.000000	4050.808167	2.393154	19290.479404	15.657723	10008
G536	4666.086236	1.402781	0.000000	0.000000	4219.375825	2.414809	20093.220685	16.041190	10008
G537	5788.737254	1.457277	0.000000	0.000000	5234.549211	2.869651	24927.609401	19.474489	10008
G538	4764.604878	1.831354	0.000000	0.000000	4308.462729	2.672986	20517.464199	17.101050	10008
G539	4882.957806	1.236031	0.000000	0.000000	4415.485072	2.423450	21027.118622	16.436692	10008
G540	2870.791354	1.137790	0.000000	0.000000	2595.954517	1.629969	12362.275643	10.372855	10008
G541	3787.976879	1.150848	0.000000	0.000000	3425.332766	1.966116	16311.883566	13.042043	10008
G542	3295.739180	1.101605	0.000000	0.000000	2980.219721	1.760317	14192.196910	11.518328	10008
G543	3850.782522	1.077808	0.000000	0.000000	3482.125674	1.955900	16582.338840	13.112679	10008
G544	3437.444115	0.847796	0.000000	0.000000	3108.358454	1.696812	14802.410349	11.540120	10008
G545	4173.251630	1.149023	0.000000	0.000000	3773.723019	2.111162	17970.963616	14.181934	10008
G546	3729.414650	1.350888	0.000000	0.000000	3372.377024	2.046814	16059.701385	13.225347	10008
G565	3835.515288	1.579847	0.000000	0.000000	3468.320057	2.212192	16516.594683	13.981911	10008
G566	6406.435845	2.104281	0.000000	0.000000	5793.112077	3.402938	27587.558979	22.324664	10008
G567	4263.823082	1.276623	0.000000	0.000000	3855.623562	2.204151	18360.984735	14.649823	10008
G568	3638.656236	1.547368	0.000000	0.000000	3290.307419	2.127299	15668.875168	13.367380	10008
G569	3800.326168	1.558178	0.000000	0.000000	3436.499788	2.187711	16365.062392	13.838626	10008
G570	4672.809479	1.496990	0.000000	0.000000	4225.455414	2.463100	20122.172486	16.217967	10008
G571	3646.271325	1.258687	0.000000	0.000000	3297.193472	1.968193	15701.667458	12.815157	10008
G572	3353.564948	1.093616	0.000000	0.000000	3032.509506	1.777340	14441.207721	11.672468	10008
G573	2278.162843	0.886050	0.000000	0.000000	2060.061631	1.283918	9810.283488	8.197499	10008
G574	5424.506763	1.783313	0.000000	0.000000	4905.188533	2.882151	23359.150684	18.905639	10008
G575	3445.404476	1.063796	0.000000	0.000000	3115.556725	1.796503	14836.689463	11.890617	10008
G576	2602.764377	0.888204	0.000000	0.000000	2353.587254	1.399578	11208.090973	9.129045	10008
G595	3908.966675	1.601986	0.000000	0.000000	3534.739535	2.249824	16832.892940	14.232698	10008
G596	5252.703527	1.520017	0.000000	0.000000	4749.832977	2.690700	22619.327167	17.963557	10008
G597	7142.435904	3.072902	0.000000	0.000000	6458.650754	4.196943	30756.941385	26.315851	10008
G598	6274.086948	2.185797	0.000000	0.000000	5673.433677	3.397128	27017.634751	22.087406	10008
G599	6321.109305	2.098132	0.000000	0.000000	5715.954322	3.368717	27220.123634	22.065732	10008
G600	2497.319189	1.281418	0.000000	0.000000	2258.236921	1.597537	10754.020189	9.680131	10008
G601	3780.787654	1.008226	0.000000	0.000000	3418.831805	1.898227	16280.925138	12.799720	10008
G602	3853.547394	1.101065	0.000000	0.000000	3484.625850	1.967513	16594.245006	13.156674	10008
G603	2880.706617	0.870067	0.000000	0.000000	2604.920536	1.492751	12404.973003	9.909917	10008
G604	3218.383315	0.824457	0.000000	0.000000	2910.269564	1.601407	13859.085093	10.847225	10008
G605	4960.062041	1.162283	0.000000	0.000000	4485.207689	2.423976	21359.146864	16.570537	10008
G606	6901.936638	1.693240	0.000000	0.000000	6241.175821	3.403297	29721.297251	23.158782	10008
G625	6375.638947	2.216836	0.000000	0.000000	5765.263539	3.449832	27454.940587	22.436953	10008
G626	7163.184280	2.657050	0.000000	0.000000	6477.412772	3.965285	30846.288575	25.521534	10008
G627	5411.509308	1.490306	0.000000	0.000000	4893.435397	2.737727	23303.180709	18.390427	10008
G628	4294.259410	1.598316	0.000000	0.000000	3883.146051	2.380134	18492.050435	15.310428	10008
G629	5947.426493	1.884071	0.000000	0.000000	5378.046246	3.124445	25610.961092	20.605579	10008
G630	5415.158490	1.581304	0.000000	0.000000	4896.735222	2.780534	23318.894909	18.541620	10008
G631	3739.510570	1.312920	0.000000	0.000000	3381.506405	2.030116	16103.176694	13.183291	10008
G632	5726.991643	1.504015	0.000000	0.000000	5178.714852	2.865341	24661.718864	19.354853	10008
G633	2952.479157	0.949604	0.000000	0.000000	2669.821891	1.558153	12714.041763	10.253615	10008
G634	4041.516647	1.369684	0.000000	0.000000	3654.599760	2.168317	17403.683043	14.158294	10008
G635	3676.689686	1.162030	0.000000	0.000000	3324.699715	1.930197	15832.655789	12.733764	10008
G636	3370.313546	1.044717	0.000000	0.000000	3047.654668	1.759340	14513.330967	11.638290	10008
G655	6356.518299	1.628872	0.000000	0.000000	5747.973417	3.163101	27372.602759	21.424707	10008
G656	3725.549436	1.426347	0.000000	0.000000	3368.881849	2.086918	16043.056901	13.360528	10008
G657	4028.114434	1.368455	0.000000	0.000000	3642.480615	2.162839	17345.970085	14.117293	10008
G658	5806.791811	1.869077	0.000000	0.000000	5250.875305	3.065219	25005.356401	20.168788	10008
G659	3757.879802	1.361278	0.000000	0.000000	3398.117049	2.062480	16182.278757	13.326441	10008
G660	4045.600020	1.405675	0.000000	0.000000	3658.292209	2.188534	17421.266967	14.235327	10008
G661	3281.913889	0.872302	0.000000	0.000000	2967.718003	1.646503	14132.662089	11.106587	10008
G662	3223.478277	0.930902	0.000000	0.000000	2914.876757	1.650350	13881.025151	11.020891	10008
G663	4096.066442	1.021496	0.000000	0.000000	3703.927199	2.026546	17638.586773	13.766649	10008
G664	2684.502419	0.828713	0.000000	0.000000	2427.500058	1.399682	11560.073434	9.264381	10008
G665	3329.486635	1.045147	0.000000	0.000000	3010.736345	1.744411	14337.521071	11.519207	10008
G666	3090.610724	0.912040	0.000000	0.000000	2794.729355	1.591395	13308.867474	10.597470	10008
G685	4932.165071	1.609049	0.000000	0.000000	4459.981452	2.614299	21239.016214	17.168086	10008
G686	3969.575200	1.516185	0.000000	0.000000	3589.545668	2.221607	17093.886930	14.228551	10008
G687	3900.791560	1.825452	0.000000	0.000000	3527.347068	2.382354	16797.689046	14.701187	10008
G688	5330.412050	1.635762	0.000000	0.000000	4820.102031	2.774531	22953.957612	18.379445	10008
G689	6154.588161	1.714976	0.000000	0.000000	5565.375175	3.122612	26503.046000	20.945954	10008
G690	6246.460948	2.027206	0.000000	0.000000	5648.452468	3.305611	26898.670961	21.724535	10008
G691	2290.129725	0.979604	0.000000	0.000000	2070.882858	1.342299	9861.815587	8.425560	10008
G692	2105.330724	0.909316	0.000000	0.000000	1903.775693	1.239226	9066.029368	7.764625	10008
G693	3746.995480	0.970761	0.000000	0.000000	3388.274744	1.869039	16135.408410	12.644282	10008
G694	3422.945482	1.076769	0.000000	0.000000	3095.247856	1.794496	14739.975963	11.846398	10008
G695	4550.481497	1.318665	0.000000	0.000000	4114.838571	2.331844	19595.400580	15.564963	10008
G696	5260.330010	1.355258	0.000000	0.000000	4756.729334	2.620696	22652.168525	17.740292	10008
G715	6712.562329	1.691207	0.000000	0.000000	6069.931369	3.328185	28905.808728	22.584317	10008
G716	6966.038600	1.745694	0.000000	0.000000	6299.140946	3.449975	29997.334772	23.424147	10008
G717	5911.356038	1.957552	0.000000	0.000000	5345.429017	3.148019	25455.633568	20.627310	10008
G718	4966.053766	1.667046	0.000000	0.000000	4490.625794	2.656121	21384.948587	17.368615	10008
G719	4518.732137	1.502753	0.000000	0.000000	4086.128754	2.409638	19458.680668	15.779066	10008
G720	4637.689268	1.633977	0.000000	0.000000	4193.697457	2.520746	19970.936933	16.360297	10008
G721	2872.373406	0.940568	0.000000	0.000000	2597.385110	1.524267	12369.088315	10.004364	10008
G722	3505.114849	1.252184	0.000000	0.000000	3169.550692	1.914333	15093.815807	12.397048	10008
G723	3640.578247	0.985682	0.000000	0.000000	3292.045424	1.834317	15677.151778	12.346878	10008
G724	7221.371347	2.869822	0.000000	0.000000	6530.029267	4.104556	31096.855219	26.108326	10008
G725	4060.438837	1.246216	0.000000	0.000000	3671.710423	2.113582	17485.166263	14.000823	10008
G726	4403.739964	1.283683	0.000000	0.000000	3982.145422	2.260143	18963.498414	15.074910	10008
G727	2743.219008	1.005837	0.000000	0.000000	2480.595381	1.512157	11812.920321	9.751247	10008
G728	1970.350815	0.978469	0.000000	0.000000	1781.718162	1.239251	8484.775408	7.558464	10008
G729	2787.942775	0.948674	0.000000	0.000000	2521.037493	1.497743	12005.510958	9.773641	10008
G730	1930.907565	0.752163	0.000000	0.000000	1746.051035	1.088875	8314.923871	6.950322	10008
G731	2486.121046	0.790172	0.000000	0.000000	2248.110839	1.307352	10705.798459	8.617881	10008
G732	1418.683380	0.494456	0.000000	0.000000	1282.864922	0.768261	6109.170897	4.994741	10008
G733	2547.711731	0.786593	0.000000	0.000000	2303.805104	1.328412	10971.021850	8.792488	10008
G734	3256.745290	1.006438	0.000000	0.000000	2944.958934	1.698565	14024.280419	11.241006	10008
G735	2831.046432	0.855362	0.000000	0.000000	2560.014597	1.467158	12191.125034	9.739559	10008
G736	2730.489650	0.871377	0.000000	0.000000	2469.084676	1.437606	11758.104832	9.470983	10008
G737	3463.631681	0.968729	0.000000	0.000000	3132.038939	1.758934	14915.179923	11.793260	10008
G738	2859.561352	0.850722	0.000000	0.000000	2585.799625	1.475652	12313.916720	9.816213	10008
G739	2661.013215	0.890083	0.000000	0.000000	2406.259606	1.421623	11458.923618	9.301143	10008
G740	2704.720841	0.746641	0.000000	0.000000	2445.782858	1.369131	11647.138521	9.194367	10008
G741	3797.400004	0.868442	0.000000	0.000000	3433.853762	1.847478	16352.461668	12.658799	10008
G742	2560.159069	0.907274	0.000000	0.000000	2315.060790	1.394331	11024.622900	9.041201	10008
G743	2909.370608	0.748759	0.000000	0.000000	2630.840364	1.449108	12528.406619	9.810620	10008
G744	7685.662540	3.980595	0.000000	0.000000	6949.871280	4.940813	33096.197909	29.882218	10008
G745	955.704050	0.511571	0.000000	0.000000	864.209181	0.625397	4115.477385	3.757254	10008
G746	3082.044210	1.015862	0.000000	0.000000	2786.982961	1.638888	13271.978130	10.746241	10008
G747	4251.937908	1.310731	0.000000	0.000000	3844.876222	2.216036	18309.804494	14.670625	10008
G748	2834.228939	0.922462	0.000000	0.000000	2562.892425	1.501198	12204.829629	9.861744	10008
G749	2527.275624	1.013286	0.000000	0.000000	2285.325460	1.441597	10883.019362	9.155438	10008
G750	3657.336606	1.452354	0.000000	0.000000	3307.199413	2.078167	15749.317056	13.220591	10008
G751	2990.776908	0.869758	0.000000	0.000000	2704.453185	1.534013	12878.960524	10.234815	10008
G752	3060.414214	0.883389	0.000000	0.000000	2767.423724	1.566670	13178.834482	10.462723	10008
G753	2340.969582	0.923796	0.000000	0.000000	2116.855532	1.326863	10080.743487	8.450343	10008
G754	4374.415298	1.456125	0.000000	0.000000	3955.628169	2.333377	18837.219781	15.277535	10008
G755	3570.563089	1.177011	0.000000	0.000000	3228.733207	1.898725	15375.650703	12.449800	10008
G756	3809.199313	1.075194	0.000000	0.000000	3444.523457	1.938858	16403.272154	12.984886	10008
G757	4019.631331	1.195312	0.000000	0.000000	3634.809647	2.074045	17309.439928	13.797610	10008
G758	4048.284627	1.219606	0.000000	0.000000	3660.719803	2.096298	17432.827489	13.921447	10008
G759	1714.282664	0.752957	0.000000	0.000000	1550.164841	1.016609	7382.088145	6.349811	10008
G760	1440.875866	0.665510	0.000000	0.000000	1302.932798	0.874515	6204.736751	5.410218	10008
G761	3739.830982	1.121440	0.000000	0.000000	3381.796143	1.934085	16104.556462	12.852225	10008
G762	3020.035065	1.291506	0.000000	0.000000	2730.910296	1.769926	13004.952754	11.110258	10008
G763	3671.699879	1.233380	0.000000	0.000000	3320.187609	1.964256	15811.168552	12.843137	10008
G764	1571.269033	0.651761	0.000000	0.000000	1420.842701	0.908919	6766.239164	5.737445	10008
G765	3218.495257	1.120453	0.000000	0.000000	2910.370789	1.742234	13859.567141	11.328940	10008
G766	4641.605580	1.048857	0.000000	0.000000	4197.238839	2.253355	19987.801455	15.456990	10008
G767	4069.865721	1.152077	0.000000	0.000000	3680.234819	2.073037	17525.760552	13.878537	10008
G768	2107.163931	0.785068	0.000000	0.000000	1905.433398	1.168346	9073.923574	7.514243	10008
G769	3055.261605	0.853689	0.000000	0.000000	2762.764404	1.551180	13156.646188	10.401552	10008
G770	2474.665678	0.802603	0.000000	0.000000	2237.752157	1.309327	10656.469058	8.605733	10008
G771	3222.495957	0.834593	0.000000	0.000000	2913.988479	1.607294	13876.795057	10.873950	10008
G772	2554.608029	0.974739	0.000000	0.000000	2310.041181	1.429152	11000.718867	9.154771	10008
G773	3359.278131	0.967689	0.000000	0.000000	3037.675734	1.718757	14465.809976	11.481380	10008
G774	3483.150186	1.121113	0.000000	0.000000	3149.688829	1.838625	14999.231011	12.097998	10008
G775	75.368138	0.033158	0.000000	0.000000	68.152726	0.044728	324.552214	0.279288	10008
G776	3313.369241	0.858123	0.000000	0.000000	2996.161958	1.652617	14268.115932	11.180585	10008
G777	1816.169728	0.822887	0.000000	0.000000	1642.297689	1.092410	7820.836842	6.783212	10008
G778	2416.058208	0.731842	0.000000	0.000000	2184.755505	1.252984	10404.092059	8.314925	10008
G779	2295.259375	0.958444	0.000000	0.000000	2075.521418	1.331464	9883.905017	8.394533	10008
G780	2020.258580	0.747790	0.000000	0.000000	1826.847980	1.117474	8699.689512	7.194868	10008
G781	4353.294571	1.183710	0.000000	0.000000	3936.529447	2.195649	18746.269163	14.771532	10008
G782	2860.213492	1.008759	0.000000	0.000000	2586.389332	1.555173	12316.724981	10.091839	10008
G783	3894.008751	1.333113	0.000000	0.000000	3521.213615	2.096133	16768.480739	13.665718	10008
G784	2594.875901	0.798595	0.000000	0.000000	2346.453986	1.351766	11174.121416	8.951017	10008
G785	3770.675788	1.049462	0.000000	0.000000	3409.688004	1.912547	16237.381161	12.830891	10008
G786	3469.264724	0.983606	0.000000	0.000000	3137.132699	1.767815	14939.437075	11.832821	10008
G787	4352.756327	1.077609	0.000000	0.000000	3936.042732	2.150297	18743.951362	14.618534	10008
G788	2422.596500	0.761766	0.000000	0.000000	2190.667851	1.269902	10432.247423	8.383775	10008
G789	3758.570338	1.091691	0.000000	0.000000	3398.741476	1.927199	16185.252360	12.860171	10008
G790	2007.782295	0.896700	0.000000	0.000000	1815.566119	1.199684	8645.963813	7.469764	10008
G791	2371.525339	0.773999	0.000000	0.000000	2144.486016	1.257192	10212.323471	8.255465	10008
G792	2362.426568	0.726203	0.000000	0.000000	2136.258321	1.230263	10173.142112	8.147772	10008
G793	3444.620019	1.086804	0.000000	0.000000	3114.847368	1.807440	14833.311411	11.926841	10008
G794	2491.318656	0.922599	0.000000	0.000000	2252.810852	1.378279	10728.180539	8.873346	10008
G795	3999.329220	1.071414	0.000000	0.000000	3616.451170	2.010086	17222.014456	13.546769	10008
G796	3791.242945	1.065509	0.000000	0.000000	3428.286153	1.927628	16325.947982	12.916602	10008
G797	2583.697880	0.834442	0.000000	0.000000	2336.346099	1.365252	11125.986331	8.978814	10008
G798	2973.506397	0.970278	0.000000	0.000000	2688.836077	1.576218	12804.589806	10.350677	10008
G799	3234.890330	0.913399	0.000000	0.000000	2925.196271	1.646680	13930.168027	11.027647	10008
G800	2578.576941	0.838755	0.000000	0.000000	2331.715415	1.365536	11103.934411	8.971333	10008
G801	4023.790844	1.299508	0.000000	0.000000	3638.570947	2.126196	17327.351733	13.983341	10008
G802	3024.528385	1.124084	0.000000	0.000000	2734.973446	1.675473	13024.302004	10.780253	10008
G803	3851.887155	1.204253	0.000000	0.000000	3483.124555	2.015724	16587.095640	13.318389	10008
G804	4063.934231	1.241599	0.000000	0.000000	3674.871184	2.112663	17500.218219	14.003502	10008
G805	4661.569442	1.449896	0.000000	0.000000	4215.291449	2.435782	20073.770352	16.105428	10008
G806	2235.586442	0.843568	0.000000	0.000000	2021.561307	1.245429	9626.939897	7.992949	10008
G807	3244.975948	1.067175	0.000000	0.000000	2934.316336	1.724317	13973.598975	11.310154	10008
G808	3040.564348	0.989800	0.000000	0.000000	2749.474197	1.610578	13093.356480	10.580006	10008
G809	1566.655590	1.019382	0.000000	0.000000	1416.670929	1.151380	6746.372638	6.645573	10008
G810	2546.016856	1.067696	0.000000	0.000000	2302.272489	1.479603	10963.723336	9.321268	10008
G811	2326.209650	0.955123	0.000000	0.000000	2103.508650	1.339902	10017.183886	8.473553	10008
G812	4889.298843	1.124007	0.000000	0.000000	4421.219047	2.380954	21054.424561	16.306158	10008
G813	2470.989691	0.922772	0.000000	0.000000	2234.428093	1.371259	10640.639429	8.815838	10008
G814	1847.181279	0.664402	0.000000	0.000000	1670.340332	1.011261	7954.379582	6.541657	10008
G815	3246.403548	0.903686	0.000000	0.000000	2935.607264	1.646691	13979.746544	11.047105	10008
G816	1414.788386	0.660945	0.000000	0.000000	1279.342818	0.863353	6092.398173	5.329406	10008
G817	4808.084249	1.217799	0.000000	0.000000	4347.779578	2.386590	20704.696187	16.185662	10008
G818	2666.501198	1.073109	0.000000	0.000000	2411.222194	1.523316	11482.556112	9.668030	10008
G819	2501.681989	0.818754	0.000000	0.000000	2262.182046	1.327337	10772.807392	8.712512	10008
G820	3578.609118	1.204100	0.000000	0.000000	3236.008945	1.915478	15410.298721	12.521065	10008
G821	2115.261016	0.982799	0.000000	0.000000	1912.755303	1.287439	9108.791446	7.955674	10008
G822	2838.921683	1.266933	0.000000	0.000000	2567.135906	1.695715	12225.037644	10.559795	10008
G823	2505.905479	0.949836	0.000000	0.000000	2266.001197	1.398389	10790.994691	8.967793	10008
G824	2012.932485	1.089906	0.000000	0.000000	1820.223253	1.325559	8668.141694	7.945116	10008
G825	943.974903	0.526995	0.000000	0.000000	853.602931	0.632376	4064.969033	3.766697	10008
G826	2948.340458	1.126100	0.000000	0.000000	2666.079413	1.650052	12696.219588	10.567990	10008
G827	3441.665931	0.948575	0.000000	0.000000	3112.176092	1.741504	14820.590442	11.697263	10008
G828	1874.982782	0.822770	0.000000	0.000000	1695.480242	1.111441	8074.099130	6.943360	10008
G829	4442.864944	1.447238	0.000000	0.000000	4017.524750	2.353847	19131.979411	15.461116	10008
G830	4673.773878	1.240461	0.000000	0.000000	4226.327486	2.344013	20126.325407	15.814295	10008
G831	2247.430552	0.927538	0.000000	0.000000	2032.271514	1.297305	9677.943307	8.196561	10008
G832	1960.342373	0.757137	0.000000	0.000000	1772.667885	1.101816	8441.676800	7.043288	10008
G833	2603.209527	1.095459	0.000000	0.000000	2353.989787	1.515072	11210.007888	9.538694	10008
G834	3898.864722	1.207213	0.000000	0.000000	3525.604698	2.034598	16789.391648	13.461237	10008
G835	2138.546690	0.728753	0.000000	0.000000	1933.811711	1.149419	9209.064818	7.498962	10008
G836	2915.298151	0.982804	0.000000	0.000000	2636.200430	1.561407	12553.931958	10.203601	10008
G837	4241.218103	1.098691	0.000000	0.000000	3835.182684	2.115515	18263.642592	14.311883	10008
G838	2236.976678	0.957593	0.000000	0.000000	2022.818447	1.311578	9632.926564	8.231571	10008
G839	1619.135614	0.826690	0.000000	0.000000	1464.126748	1.033066	6972.363467	6.266021	10008
G840	2319.315582	0.882481	0.000000	0.000000	2097.274590	1.296138	9987.496473	8.306680	10008
G841	2392.105839	0.812693	0.000000	0.000000	2163.096230	1.284424	10300.947753	8.383648	10008
G842	3702.978886	1.203930	0.000000	0.000000	3348.472103	1.960699	15945.863018	12.882342	10008
G843	2683.971308	0.845595	0.000000	0.000000	2427.019793	1.407718	11557.786348	9.291070	10008
G844	2691.839177	0.903605	0.000000	0.000000	2434.134427	1.439737	11591.667169	9.414597	10008
G845	2479.599681	0.831073	0.000000	0.000000	2242.213800	1.325561	10677.715988	8.670010	10008
G846	3265.929113	0.888042	0.000000	0.000000	2953.263538	1.647219	14063.828033	11.081899	10008
G847	1188.608102	0.638074	0.000000	0.000000	1074.816031	0.779033	5118.414809	4.677527	10008
G848	1321.178211	0.506598	0.000000	0.000000	1194.694466	0.740511	5689.291629	4.739536	10008
G849	4530.242306	1.794875	0.000000	0.000000	4096.536991	2.571818	19508.246058	16.367606	10008
G850	3066.409925	1.172668	0.000000	0.000000	2772.845432	1.716952	13204.653367	10.994108	10008
G851	2773.814315	1.090192	0.000000	0.000000	2508.261629	1.569691	11944.670620	10.003877	10008
G852	2627.972191	1.108503	0.000000	0.000000	2376.381783	1.531036	11316.641509	9.635023	10008
G853	2886.766306	1.109951	0.000000	0.000000	2610.400097	1.619712	12431.067391	10.361883	10008
G854	3740.515753	1.126076	0.000000	0.000000	3382.415357	1.936542	16107.505242	12.861759	10008
G855	3391.525717	0.945806	0.000000	0.000000	3066.836080	1.721076	14604.675364	11.543555	10008
G856	3212.448827	0.999614	0.000000	0.000000	2904.903217	1.678796	13833.529847	11.099544	10008
G857	4040.056416	1.044662	0.000000	0.000000	3653.279324	2.014362	17397.394954	13.630340	10008
G858	5093.241049	1.317876	0.000000	0.000000	4605.636730	2.539853	21932.645737	17.184833	10008
G859	3977.739052	1.362865	0.000000	0.000000	3596.927949	2.141770	17129.042320	13.961530	10008
G860	3364.961176	1.175094	0.000000	0.000000	3042.814711	1.823441	14490.282454	11.851198	10008
G861	3695.145997	1.261173	0.000000	0.000000	3341.389100	1.987081	15912.132828	12.960853	10008
G862	4048.599858	1.021298	0.000000	0.000000	3661.004855	2.007881	17434.184946	13.623215	10008
G863	4187.651076	1.240822	0.000000	0.000000	3786.743926	2.158643	18032.970881	14.367203	10008
G864	5297.228271	1.494796	0.000000	0.000000	4790.095119	2.696068	22811.060765	18.056681	10008
G865	1630.011111	0.911919	0.000000	0.000000	1473.961074	1.093272	7019.195815	6.509161	10008
G866	2584.842936	1.125891	0.000000	0.000000	2337.381533	1.527167	11130.917204	9.553730	10008
G867	3317.881982	1.132545	0.000000	0.000000	3000.242670	1.784275	14287.548815	11.637827	10008
G868	2320.314844	0.997189	0.000000	0.000000	2098.178187	1.362784	9991.799521	8.546707	10008
G869	3966.607045	1.221650	0.000000	0.000000	3586.861671	2.066783	17081.105384	13.684277	10008
G870	1586.238731	1.111768	0.000000	0.000000	1434.379267	1.224191	6830.702063	6.959949	10008
G871	4963.634437	1.286950	0.000000	0.000000	4488.438081	2.476330	21374.530411	16.751248	10008
G872	4096.186823	1.468676	0.000000	0.000000	3704.036056	2.240006	17639.105162	14.497584	10008
G873	3131.945228	1.101523	0.000000	0.000000	2832.106676	1.701293	13486.863178	11.044915	10008
G874	3747.789264	1.177602	0.000000	0.000000	3388.992534	1.964133	16138.826621	12.968362	10008
G875	3446.875667	1.029618	0.000000	0.000000	3116.887071	1.780698	14843.024743	11.839040	10008
G876	1576.926168	0.759685	0.000000	0.000000	1425.958247	0.976804	6790.600064	5.993633	10008
G877	2401.245203	0.886857	0.000000	0.000000	2171.360632	1.327143	10340.303916	8.547936	10008
G878	2797.381151	0.967277	0.000000	0.000000	2529.572281	1.510828	12046.154738	9.834616	10008
G879	3654.838234	1.112051	0.000000	0.000000	3304.940223	1.897803	15738.558501	12.586351	10008
G880	2963.055043	0.951954	0.000000	0.000000	2679.385288	1.563211	12759.583913	10.288540	10008
G881	3362.651846	0.956121	0.000000	0.000000	3040.726465	1.714738	14480.337955	11.473422	10008
G882	3356.463818	0.929387	0.000000	0.000000	3035.130852	1.700307	14453.690911	11.414157	10008
G883	2104.469044	0.823195	0.000000	0.000000	1902.996507	1.188685	9062.318779	7.581939	10008
G884	3587.812974	1.189147	0.000000	0.000000	3244.331665	1.911173	15449.932602	12.521279	10008
G885	4490.513570	1.188992	0.000000	0.000000	4060.611707	2.250880	19337.165149	15.190098	10008
G886	2269.705199	1.014314	0.000000	0.000000	2052.413685	1.356575	9773.862965	8.445639	10008
G887	3641.071195	1.136425	0.000000	0.000000	3292.491180	1.904466	15679.274524	12.586253	10008
G888	4125.944965	1.163803	0.000000	0.000000	3730.945285	2.099718	17767.250438	14.063393	10008
G889	3880.367274	1.107014	0.000000	0.000000	3508.878113	1.980423	16709.737462	13.245584	10008
G890	3163.092515	1.137669	0.000000	0.000000	2860.272060	1.731648	13620.990429	11.201774	10008
G891	3127.643238	1.039602	0.000000	0.000000	2828.216540	1.667562	13468.337837	10.920554	10008
G892	5165.887685	1.400427	0.000000	0.000000	4671.328499	2.603627	22245.478553	17.522525	10008
G893	4197.545380	1.117939	0.000000	0.000000	3795.690994	2.106851	18075.577989	14.208560	10008
G894	3330.099145	1.187837	0.000000	0.000000	3011.290216	1.817773	14340.158678	11.774631	10008
G895	3837.496802	1.085173	0.000000	0.000000	3470.111870	1.954165	16525.127530	13.084408	10008
G896	959.233324	0.642677	0.000000	0.000000	867.400578	0.718452	4130.675235	4.122098	10008
G897	3548.518443	1.225007	0.000000	0.000000	3208.799018	1.915462	15280.721480	12.471712	10008
G898	2371.281031	1.168843	0.000000	0.000000	2144.265098	1.485791	10211.271430	9.075575	10008
G899	2956.974425	0.996630	0.000000	0.000000	2673.886802	1.583614	12733.399401	10.349070	10008
G900	2.096621	0.030091	0.000000	0.000000	1.895900	0.027226	9.028525	0.129749	10008

# W module
# module name	module signal(LMS-Pedestal)	signal error	gain1(RefPMT1)	gain1 error	gain2(RefPMT2)	gain2 error	gain3(RefPMT3)	gain3 error	LMS entries
W1	4081.780147	0.886654	0.000000	0.000000	3691.008611	1.968207	17577.066762	13.548595	10008
W2	1767.744150	0.466611	0.000000	0.000000	1598.508162	0.885460	7612.305374	5.977662	10008
W3	1616.253387	0.366606	0.000000	0.000000	1461.520453	0.785168	6959.951949	5.384022	10008
W4	1785.284030	0.367619	0.000000	0.000000	1614.368851	0.853579	7687.836054	5.901962	10008
W5	2211.434025	0.515296	0.000000	0.000000	1999.721135	1.079588	9522.934136	7.384172	10008
W6	401.195013	0.409268	0.000000	0.000000	362.786381	0.410095	1727.636293	2.176831	10008
W7	2659.998342	0.573415	0.000000	0.000000	2405.341893	1.281019	11454.553345	8.823979	10008
W8	1269.526421	0.382958	0.000000	0.000000	1147.987590	0.657626	5466.867361	4.366515	10008
W9	746.041919	0.287686	0.000000	0.000000	674.619173	0.419059	3212.624918	2.679536	10008
W10	1044.272733	0.345495	0.000000	0.000000	944.298691	0.555953	4496.874131	3.643366	10008
W11	2238.278192	0.512133	0.000000	0.000000	2023.995361	1.089045	9638.531179	7.461720	10008
W12	1155.203482	0.323311	0.000000	0.000000	1044.609421	0.586744	4974.566975	3.933662	10008
W13	1763.547549	0.441163	0.000000	0.000000	1594.713324	0.873084	7594.233860	5.929061	10008
W14	1972.625427	0.461722	0.000000	0.000000	1783.775013	0.963816	8494.570401	6.589455	10008
W15	3102.733494	0.807646	0.000000	0.000000	2805.691544	1.549291	13361.070856	10.475631	10008
W16	2770.522660	0.689343	0.000000	0.000000	2505.285103	1.370076	11930.496011	9.309396	10008
W17	3408.777046	0.696949	0.000000	0.000000	3082.435843	1.628057	14678.963481	11.263335	10008
W18	261.162823	0.183793	0.000000	0.000000	236.160252	0.202110	1124.626071	1.148124	10008
W19	2014.815334	0.499696	0.000000	0.000000	1821.925846	0.995700	8676.249666	6.767882	10008
W20	1998.771266	0.529539	0.000000	0.000000	1807.417766	1.002021	8607.160287	6.761707	10008
W21	1746.138425	0.550325	0.000000	0.000000	1578.970873	0.915931	7519.266245	6.044921	10008
W22	2740.990878	0.745122	0.000000	0.000000	2478.580562	1.382378	11803.325490	9.300415	10008
W23	1875.262557	0.525153	0.000000	0.000000	1695.733233	0.952614	8075.303906	6.386067	10008
W24	1487.461761	0.399279	0.000000	0.000000	1345.058766	0.747952	6405.346132	5.039581	10008
W25	2046.636959	0.489782	0.000000	0.000000	1850.701010	1.004221	8813.280768	6.850780	10008
W26	2436.793074	0.603458	0.000000	0.000000	2203.505307	1.203870	10493.381073	8.184108	10008
W27	1318.831558	0.378297	0.000000	0.000000	1192.572471	0.674032	5679.186410	4.505004	10008
W28	1595.948614	0.429634	0.000000	0.000000	1443.159569	0.803042	6872.515012	5.408953	10008
W29	1847.008278	0.517949	0.000000	0.000000	1670.183894	0.938581	7953.634603	6.290931	10008
W30	2578.223373	0.536918	0.000000	0.000000	2331.395697	1.234830	11102.411871	8.530326	10008
W31	2220.059011	0.533611	0.000000	0.000000	2007.520403	1.090244	9560.075273	7.434373	10008
W32	3323.322295	0.689984	0.000000	0.000000	3005.162151	1.590945	14310.976030	10.993116	10008
W33	2186.029598	0.526976	0.000000	0.000000	1976.748815	1.074151	9413.536938	7.322475	10008
W34	3260.258071	0.678151	0.000000	0.000000	2948.135416	1.561203	14039.407244	10.785976	10008
W35	2601.255708	0.610567	0.000000	0.000000	2352.223018	1.271630	11201.594305	8.691581	10008
W36	1764.428961	0.528551	0.000000	0.000000	1595.510354	0.912235	7598.029420	6.062731	10008
W37	2235.127849	0.575702	0.000000	0.000000	2021.146617	1.113477	9624.965091	7.537683	10008
W38	1132.145267	0.295309	0.000000	0.000000	1023.758698	0.565575	4875.273097	3.823288	10008
W39	2014.855796	0.443026	0.000000	0.000000	1821.962434	0.973532	8676.423902	6.694417	10008
W40	2111.303316	0.449180	0.000000	0.000000	1909.176496	1.014608	9091.748698	6.996669	10008
W41	1338.291795	0.366567	0.000000	0.000000	1210.169671	0.676168	5762.986583	4.545052	10008
W42	1273.324095	0.361000	0.000000	0.000000	1151.421691	0.648835	5483.221001	4.342980	10008
W43	3023.252360	0.635524	0.000000	0.000000	2733.819582	1.450091	13018.807152	10.009702	10008
W44	2501.164575	0.577101	0.000000	0.000000	2261.714167	1.218812	10770.579291	8.344256	10008
W45	1850.240853	0.423669	0.000000	0.000000	1673.106996	0.900367	7967.554799	6.168534	10008
W46	2373.917821	0.538097	0.000000	0.000000	2146.649453	1.153098	10222.626043	7.907474	10008
W47	1803.197363	0.404470	0.000000	0.000000	1630.567241	0.874259	7764.974910	6.001063	10008
W48	679.456929	0.263270	0.000000	0.000000	614.408735	0.382366	2925.894923	2.442900	10008
W49	1482.376865	0.456302	0.000000	0.000000	1340.460675	0.772267	6383.449422	5.113599	10008
W50	3520.007763	0.727729	0.000000	0.000000	3183.017824	1.684009	15157.948055	11.640136	10008
W51	2128.227550	0.510989	0.000000	0.000000	1924.480479	1.044927	9164.628268	7.126124	10008
W52	3492.194006	0.798400	0.000000	0.000000	3157.866833	1.698898	15038.175741	11.641073	10008
W53	604.162664	0.229055	0.000000	0.000000	546.322809	0.337175	2601.660818	2.162201	10008
W54	1953.428348	0.477204	0.000000	0.000000	1766.415778	0.962399	8411.903448	6.551797	10008
W55	945.135656	0.298643	0.000000	0.000000	854.652559	0.496145	4069.967498	3.273242	10008
W56	2195.920165	0.541170	0.000000	0.000000	1985.692503	1.083791	9456.127953	7.371525	10008
W57	1842.304925	0.464278	0.000000	0.000000	1665.930819	0.913489	7933.380903	6.198568	10008
W58	2657.266834	0.588060	0.000000	0.000000	2402.871887	1.285341	11442.790857	8.833499	10008
W59	1454.671855	0.391551	0.000000	0.000000	1315.408020	0.731933	6264.145394	4.930067	10008
W60	3621.587931	0.703630	0.000000	0.000000	3274.873157	1.717080	15595.375192	11.925228	10008
W61	1434.946642	0.411536	0.000000	0.000000	1297.571212	0.733346	6179.204175	4.901537	10008
W62	2789.133641	0.671094	0.000000	0.000000	2522.114351	1.369990	12010.639097	9.340982	10008
W63	1997.471830	0.458258	0.000000	0.000000	1806.242732	0.972350	8601.564621	6.660506	10008
W64	1500.653897	0.365846	0.000000	0.000000	1356.987946	0.739026	6462.154450	5.032181	10008
W65	2482.633311	0.577939	0.000000	0.000000	2244.957004	1.211769	10690.779484	8.289018	10008
W66	2627.829344	0.645267	0.000000	0.000000	2376.252612	1.296003	11316.026379	8.818223	10008
W67	2861.812831	0.658655	0.000000	0.000000	2587.835557	1.393914	12323.612093	9.545307	10008
W68	2260.518185	0.522631	0.000000	0.000000	2044.106195	1.101954	9734.301607	7.542778	10008
W69	2018.267748	0.565811	0.000000	0.000000	1825.047741	1.025535	8691.116540	6.873993	10008
W70	1666.900252	0.460407	0.000000	0.000000	1507.318611	0.843900	7178.048781	5.666810	10008
W71	1736.350610	0.400573	0.000000	0.000000	1570.120100	0.846097	7477.117701	5.792646	10008
W72	1102.747081	0.318682	0.000000	0.000000	997.174964	0.564685	4748.677871	3.770578	10008
W73	1853.856272	0.468029	0.000000	0.000000	1676.376291	0.919566	7983.123611	6.238602	10008
W74	2055.527764	0.460470	0.000000	0.000000	1858.740649	0.996372	8851.566582	6.840072	10008
W75	2573.963867	0.557798	0.000000	0.000000	2327.543977	1.240661	11084.069475	8.542116	10008
W76	2250.924603	0.509970	0.000000	0.000000	2035.431060	1.093261	9692.989481	7.497473	10008
W77	1418.394337	0.381239	0.000000	0.000000	1282.603551	0.713440	6107.926212	4.806312	10008
W78	2422.553738	0.535291	0.000000	0.000000	2190.629183	1.171500	10432.063280	8.052227	10008
W79	2058.183422	0.482605	0.000000	0.000000	1861.142065	1.005955	8863.002443	6.876373	10008
W80	2152.531289	0.475695	0.000000	0.000000	1946.457486	1.040948	9269.285656	7.154795	10008
W81	1315.120628	0.372996	0.000000	0.000000	1189.216809	0.670199	5663.206307	4.485762	10008
W82	282.846620	0.163121	0.000000	0.000000	255.768139	0.193060	1218.001398	1.142300	10008
W83	1275.488277	0.344440	0.000000	0.000000	1153.378684	0.642265	5492.540458	4.324442	10008
W84	897.189937	0.263792	0.000000	0.000000	811.296950	0.461521	3863.502405	3.074852	10008
W85	937.667717	0.305224	0.000000	0.000000	847.899566	0.496671	4037.808864	3.262698	10008
W86	422.627685	0.208531	0.000000	0.000000	382.167184	0.264945	1819.930219	1.618022	10008
W87	1541.170136	0.444358	0.000000	0.000000	1393.625339	0.788717	6636.626520	5.268058	10008
W88	1492.862230	0.399222	0.000000	0.000000	1349.942218	0.750010	6428.601769	5.055667	10008
W89	1904.414466	0.433523	0.000000	0.000000	1722.094267	0.925750	8200.838604	6.345904	10008
W90	1241.785659	0.344205	0.000000	0.000000	1122.902605	0.629222	5347.409378	4.223424	10008
W91	714.382584	0.278157	0.000000	0.000000	645.990762	0.402784	3076.292676	2.571181	10008
W92	1072.446977	0.308873	0.000000	0.000000	969.775657	0.548684	4618.198782	3.665327	10008
W93	1071.302791	0.304302	0.000000	0.000000	968.741011	0.546156	4613.271660	3.654827	10008
W94	3012.008784	0.586521	0.000000	0.000000	2723.652416	1.428508	12970.389774	9.919446	10008
W95	1653.848475	0.461686	0.000000	0.000000	1495.516354	0.839480	7121.844885	5.629832	10008
W96	1482.532768	0.419630	0.000000	0.000000	1340.601653	0.755129	6384.120775	5.055486	10008
W97	2013.529488	0.444337	0.000000	0.000000	1820.763101	0.973489	8670.712521	6.691980	10008
W98	2374.455960	0.535256	0.000000	0.000000	2147.136073	1.152231	10224.943391	7.905536	10008
W99	2162.626436	0.486803	0.000000	0.000000	1955.586168	1.049172	9312.757640	7.199389	10008
W100	2202.397017	0.503801	0.000000	0.000000	1991.549290	1.071539	9484.018739	7.341948	10008
W101	2300.499369	0.586352	0.000000	0.000000	2080.259758	1.143438	9906.469614	7.749416	10008
W102	2606.077741	0.611354	0.000000	0.000000	2356.583411	1.273852	11222.359065	8.707244	10008
W103	2632.205003	0.530488	0.000000	0.000000	2380.209365	1.254487	11334.868953	8.688613	10008
W104	1906.425531	0.498075	0.000000	0.000000	1723.912802	0.952718	8209.498705	6.439206	10008
W105	2313.881649	0.606591	0.000000	0.000000	2092.360878	1.157224	9964.096732	7.818408	10008
W106	1537.672401	0.456915	0.000000	0.000000	1390.462462	0.793246	6621.564485	5.277601	10008
W107	2695.100986	0.640680	0.000000	0.000000	2437.083965	1.320698	11605.713255	9.015741	10008
W108	2715.456548	0.605975	0.000000	0.000000	2455.490776	1.315379	11693.368901	9.033181	10008
W109	2133.059415	0.558800	0.000000	0.000000	1928.849763	1.066624	9185.435374	7.206866	10008
W110	1943.628109	0.509291	0.000000	0.000000	1757.553770	0.971950	8369.701405	6.567011	10008
W111	1932.720509	0.501953	0.000000	0.000000	1747.690415	0.964583	8322.730815	6.523741	10008
W112	2169.957729	0.507964	0.000000	0.000000	1962.215596	1.060253	9344.327841	7.248704	10008
W113	1467.962101	0.415244	0.000000	0.000000	1327.425917	0.747589	6321.376193	5.005396	10008
W114	1624.303781	0.422446	0.000000	0.000000	1468.800137	0.810911	6994.618761	5.483552	10008
W115	1879.722936	0.523633	0.000000	0.000000	1699.766595	0.953634	8094.511302	6.397044	10008
W116	840.103532	0.309353	0.000000	0.000000	759.675744	0.463812	3617.675458	2.988818	10008
W117	1064.180975	0.333045	0.000000	0.000000	962.301006	0.557060	4582.603512	3.680110	10008
W118	2732.223933	0.640380	0.000000	0.000000	2470.652926	1.335290	11765.573047	9.127978	10008
W119	1161.579484	0.348685	0.000000	0.000000	1050.375013	0.600896	5002.023479	3.992458	10008
W120	1074.154500	0.313655	0.000000	0.000000	971.319710	0.551542	4625.551765	3.677907	10008
W121	2484.434226	0.620725	0.000000	0.000000	2246.585507	1.229656	10698.534631	8.351621	10008
W122	2773.641615	0.532807	0.000000	0.000000	2508.105463	1.313022	11943.926935	9.126481	10008
W123	2764.588872	0.591887	0.000000	0.000000	2499.919389	1.329901	11904.943777	9.166040	10008
W124	1943.805597	0.508554	0.000000	0.000000	1757.714266	0.971704	8370.465707	6.566486	10008
W125	2037.457894	0.505936	0.000000	0.000000	1842.400707	1.007146	8773.753640	6.844795	10008
W126	1386.685401	0.361098	0.000000	0.000000	1253.930288	0.692475	5971.380377	4.682011	10008
W127	1161.079772	0.365886	0.000000	0.000000	1049.923142	0.609016	4999.871608	4.019436	10008
W128	1549.117369	0.428803	0.000000	0.000000	1400.811740	0.784685	6670.849101	5.267794	10008
W129	2643.056147	0.563463	0.000000	0.000000	2390.021668	1.270565	11381.596429	8.760224	10008
W130	788.944003	0.330899	0.000000	0.000000	713.414001	0.458518	3397.370976	2.888518	10008
W131	1887.534734	0.454452	0.000000	0.000000	1706.830527	0.927252	8128.150671	6.321860	10008
W132	1629.281576	0.421181	0.000000	0.000000	1473.301381	0.812308	7016.054272	5.496710	10008
W133	2694.299916	0.605911	0.000000	0.000000	2436.359587	1.306891	11602.263669	8.968616	10008
W134	1592.627610	0.436761	0.000000	0.000000	1440.156503	0.804905	6858.214019	5.409609	10008
W135	2485.241527	0.506595	0.000000	0.000000	2247.315521	1.186435	10702.011050	8.210020	10008
W136	2856.174252	0.666675	0.000000	0.000000	2582.736791	1.394788	12299.331102	9.538499	10008
W137	2378.074191	0.535519	0.000000	0.000000	2150.407910	1.153777	10240.524309	7.916889	10008
W138	3709.131270	0.825982	0.000000	0.000000	3354.035485	1.796065	15972.356573	12.336556	10008
W139	1295.205068	0.419535	0.000000	0.000000	1171.207877	0.685015	5577.445412	4.503193	10008
W140	1567.586399	0.408426	0.000000	0.000000	1417.512627	0.782907	6750.380913	5.293123	10008
W141	1764.474584	0.512033	0.000000	0.000000	1595.551609	0.904515	7598.225881	6.036523	10008
W142	2384.527235	0.546769	0.000000	0.000000	2156.243169	1.160654	10268.312574	7.950763	10008
W143	2693.554597	0.565677	0.000000	0.000000	2435.685621	1.291759	11599.054156	8.917468	10008
W144	1808.388606	0.447097	0.000000	0.000000	1635.261498	0.893111	7787.329576	6.072565	10008
W145	1244.358997	0.379475	0.000000	0.000000	1125.229583	0.646553	5358.490750	4.286666	10008
W146	1326.242474	0.339573	0.000000	0.000000	1199.273899	0.659841	5711.099489	4.469720	10008
W147	899.720157	0.363346	0.000000	0.000000	813.584938	0.514719	3874.398106	3.264749	10008
W148	3273.952266	0.642015	0.000000	0.000000	2960.518590	1.554252	14098.377543	10.787040	10008
W149	1050.214976	0.296759	0.000000	0.000000	949.672050	0.534699	4522.462771	3.580494	10008
W150	722.507600	0.268927	0.000000	0.000000	653.337925	0.400463	3111.280827	2.575995	10008
W151	1128.826592	0.340664	0.000000	0.000000	1020.757739	0.584813	4860.982135	3.882822	10008
W152	2422.440281	0.543081	0.000000	0.000000	2190.526588	1.174382	10431.574710	8.061548	10008
W153	1493.116504	0.408033	0.000000	0.000000	1350.172149	0.753976	6429.696734	5.069455	10008
W154	1477.730135	0.393390	0.000000	0.000000	1336.258803	0.741633	6363.439554	5.001813	10008
W155	2129.301546	0.478387	0.000000	0.000000	1925.451656	1.032659	9169.253141	7.087304	10008
W156	992.270519	0.342222	0.000000	0.000000	897.274939	0.535449	4272.940857	3.486865	10008
W157	1527.427271	0.431191	0.000000	0.000000	1381.198155	0.777476	6577.446639	5.206815	10008
W158	1670.323630	0.428281	0.000000	0.000000	1510.414251	0.831287	7192.790622	5.630204	10008
W159	1614.646253	0.418911	0.000000	0.000000	1460.067178	0.805654	6953.031264	5.449488	10008
W160	770.453341	0.278727	0.000000	0.000000	696.693553	0.422659	3317.746013	2.731538	10008
W161	1819.623581	0.392978	0.000000	0.000000	1645.420886	0.876571	7835.709912	6.037085	10008
W162	689.651454	0.258192	0.000000	0.000000	623.627281	0.383074	2969.794847	2.461751	10008
W163	1387.603377	0.399722	0.000000	0.000000	1254.760381	0.709961	5975.333387	4.742571	10008
W164	1402.590120	0.285933	0.000000	0.000000	1268.312360	0.669595	6039.869686	4.633501	10008
W165	2057.360174	0.448999	0.000000	0.000000	1860.397631	0.992819	8859.457350	6.831514	10008
W166	1032.499487	0.364190	0.000000	0.000000	933.652563	0.561419	4446.175874	3.643098	10008
W167	927.044973	0.371455	0.000000	0.000000	838.293797	0.528666	3992.064933	3.357880	10008
W168	1317.979382	0.434761	0.000000	0.000000	1191.801878	0.701016	5675.516746	4.596040	10008
W169	1828.425977	0.467472	0.000000	0.000000	1653.380580	0.909404	7873.615018	6.161226	10008
W170	1329.906186	0.365543	0.000000	0.000000	1202.586863	0.672496	5726.876259	4.518481	10008
W171	3625.517887	0.956053	0.000000	0.000000	3278.426876	1.815614	15612.298468	12.258410	10008
W172	1247.177066	0.454818	0.000000	0.000000	1127.777863	0.686142	5370.625992	4.428581	10008
W173	2279.409301	0.508161	0.000000	0.000000	2061.188759	1.103965	9815.651017	7.582005	10008
W174	1438.689001	0.406240	0.000000	0.000000	1300.955294	0.732352	6195.319617	4.904469	10008
W175	2905.572018	0.704815	0.000000	0.000000	2627.405434	1.429476	12512.049034	9.738570	10008
W176	2483.427775	0.631627	0.000000	0.000000	2245.675409	1.233795	10694.200625	8.363734	10008
W177	3070.843751	0.647047	0.000000	0.000000	2776.854784	1.473463	13223.746424	10.169063	10008
W178	2740.382333	0.696866	0.000000	0.000000	2478.030277	1.361405	11800.704958	9.228951	10008
W179	1973.399951	0.475908	0.000000	0.000000	1784.475388	0.969747	8497.905676	6.610490	10008
W180	2026.562136	0.491401	0.000000	0.000000	1832.548062	0.996946	8726.834049	6.792149	10008
W181	1728.276410	0.484369	0.000000	0.000000	1562.818889	0.878117	7442.348376	5.886094	10008
W182	1726.428160	0.447592	0.000000	0.000000	1561.147581	0.861293	7434.389391	5.826299	10008
W183	1130.694195	0.406885	0.000000	0.000000	1022.446545	0.619115	4869.024453	4.004633	10008
W184	1696.423052	0.472930	0.000000	0.000000	1534.015030	0.860803	7305.180625	5.773786	10008
W185	2540.715516	0.541760	0.000000	0.000000	2297.478676	1.221410	10940.894569	8.421160	10008
W186	1560.001840	0.438330	0.000000	0.000000	1410.654180	0.793126	6717.720088	5.314705	10008
W187	1094.452381	0.412820	0.000000	0.000000	989.674362	0.609625	4712.959020	3.912718	10008
W188	1536.043690	0.448388	0.000000	0.000000	1388.989677	0.788642	6614.550887	5.259196	10008
W189	1980.580757	0.477612	0.000000	0.000000	1790.968735	0.973265	8528.827847	6.634508	10008
W190	2106.421706	0.534044	0.000000	0.000000	1904.762229	1.045785	9070.727382	7.091673	10008
W191	2185.156684	0.478138	0.000000	0.000000	1975.959470	1.054951	9409.777971	7.257389	10008
W192	1722.316738	0.422496	0.000000	0.000000	1557.429769	0.849248	7416.684681	5.779018	10008
W193	1194.396010	0.364263	0.000000	0.000000	1080.049831	0.620605	5143.338848	4.114590	10008
W194	2273.607742	0.703190	0.000000	0.000000	2055.942616	1.186084	9790.668195	7.848552	10008
W195	2423.840558	0.606561	0.000000	0.000000	2191.792808	1.200069	10437.604617	8.149275	10008
W196	996.102290	0.332900	0.000000	0.000000	900.739873	0.532012	4289.441327	3.481207	10008
W197	2596.715963	0.614282	0.000000	0.000000	2348.117888	1.271294	11182.045137	8.682662	10008
W198	2721.339841	0.637165	0.000000	0.000000	2460.810829	1.329711	11718.703688	9.090752	10008
W199	908.814632	0.229445	0.000000	0.000000	821.808748	0.450800	3913.560966	3.058349	10008
W200	866.973996	0.289587	0.000000	0.000000	783.973749	0.462965	3733.385745	3.029646	10008
W201	2706.468056	0.627014	0.000000	0.000000	2447.362803	1.319842	11654.662426	9.032446	10008
W202	1322.517348	0.365932	0.000000	0.000000	1195.905400	0.669838	5695.058255	4.497017	10008
W203	2542.334815	0.567331	0.000000	0.000000	2298.942950	1.231514	10947.867637	8.457264	10008
W204	2086.957108	0.511387	0.000000	0.000000	1887.161086	1.028819	8986.908431	7.001766	10008
W205	3311.398718	0.870545	0.000000	0.000000	2994.380084	1.657157	14259.630415	11.192464	10008
W206	2061.864473	0.514723	0.000000	0.000000	1864.470709	1.020333	8878.853882	6.930535	10008
W207	2840.501033	0.600441	0.000000	0.000000	2568.564057	1.363632	12231.838682	9.408564	10008
W208	2598.028291	0.581529	0.000000	0.000000	2349.304580	1.259160	11187.696318	8.644737	10008
W209	1831.604510	0.479499	0.000000	0.000000	1656.254814	0.915743	7887.302500	6.187883	10008
W210	1653.551033	0.473482	0.000000	0.000000	1495.247387	0.844722	7120.564030	5.647087	10008
W211	3037.836526	0.621659	0.000000	0.000000	2747.007524	1.451087	13081.609864	10.038300	10008
W212	2420.100579	0.575679	0.000000	0.000000	2188.410878	1.186085	10421.499422	8.096290	10008
W213	3177.198622	0.648695	0.000000	0.000000	2873.027711	1.517137	13681.734508	10.497111	10008
W214	2487.122298	0.574170	0.000000	0.000000	2249.016235	1.212089	10710.110075	8.297805	10008
W215	3506.671021	0.709002	0.000000	0.000000	3170.957883	1.672039	15100.517034	11.577709	10008
W216	2599.927608	0.566324	0.000000	0.000000	2351.022064	1.254244	11195.875203	8.631800	10008
W217	1718.736470	0.475453	0.000000	0.000000	1554.192259	0.870468	7401.267237	5.844132	10008
W218	1286.697635	0.384553	0.000000	0.000000	1163.514907	0.664820	5540.810484	4.419769	10008
W219	2446.769801	0.558102	0.000000	0.000000	2212.526907	1.189821	10536.343114	8.154561	10008
W220	2900.141842	0.601996	0.000000	0.000000	2622.495119	1.388315	12488.665469	9.593142	10008
W221	2695.518475	0.549790	0.000000	0.000000	2437.461486	1.286936	11607.511057	8.905053	10008
W222	1383.941876	0.392823	0.000000	0.000000	1251.449416	0.705412	5959.566138	4.720981	10008
W223	1515.473221	0.378856	0.000000	0.000000	1370.388533	0.750166	6525.969800	5.094689	10008
W224	2451.987523	0.556634	0.000000	0.000000	2217.245107	1.191340	10558.811800	8.168583	10008
W225	1883.026550	0.535143	0.000000	0.000000	1702.753936	0.960101	8108.737411	6.424503	10008
W226	1621.566584	0.491446	0.000000	0.000000	1466.324988	0.841080	6982.831775	5.581090	10008
W227	2740.948456	0.636703	0.000000	0.000000	2478.542201	1.337318	11803.142810	9.149712	10008
W228	1181.384880	0.383100	0.000000	0.000000	1068.284329	0.625034	5087.309989	4.108208	10008
W229	2593.669154	0.604642	0.000000	0.000000	2345.362768	1.266299	11168.924891	8.660851	10008
W230	4120.817806	0.969660	0.000000	0.000000	3726.308977	2.015424	17745.171733	13.772055	10008
W231	1345.974311	0.419497	0.000000	0.000000	1217.116697	0.703721	5796.069233	4.651686	10008
W232	2314.940115	0.525062	0.000000	0.000000	2093.318011	1.124578	9968.654726	7.711440	10008
W233	2424.210760	0.545608	0.000000	0.000000	2192.127569	1.176048	10439.198790	8.070106	10008
W234	1439.627765	0.420728	0.000000	0.000000	1301.804185	0.739365	6199.362146	4.929849	10008
W235	2190.215723	0.500866	0.000000	0.000000	1980.534179	1.065556	9431.563337	7.301151	10008
W236	3669.814174	0.807315	0.000000	0.000000	3318.482434	1.773318	15803.048281	12.193550	10008
W237	1460.150343	0.405291	0.000000	0.000000	1320.362022	0.740118	6287.736999	4.966946	10008
W238	3316.881861	0.664228	0.000000	0.000000	2999.338296	1.579334	14283.242068	10.943860	10008
W239	2124.420992	0.531704	0.000000	0.000000	1921.038344	1.051853	9148.236372	7.142687	10008
W240	3015.252644	0.544216	0.000000	0.000000	2726.585723	1.416091	12984.358567	9.884669	10008
W241	1401.257339	0.415826	0.000000	0.000000	1267.107173	0.722612	6034.130430	4.808508	10008
W242	2568.610568	0.595187	0.000000	0.000000	2322.703179	1.252657	11061.016959	8.572509	10008
W243	1192.191202	0.391331	0.000000	0.000000	1078.056102	0.633131	5133.844450	4.154004	10008
W244	1468.931588	0.438209	0.000000	0.000000	1328.302589	0.758596	6325.551023	5.044434	10008
W245	2859.262172	0.628058	0.000000	0.000000	2585.529087	1.381294	12312.628379	9.499201	10008
W246	2794.385375	0.607999	0.000000	0.000000	2526.863307	1.347801	12033.254249	9.276573	10008
W247	1124.388778	0.382439	0.000000	0.000000	1016.744781	0.603960	4841.871906	3.941453	10008
W248	3079.097368	0.670924	0.000000	0.000000	2784.318236	1.485486	13259.288362	10.222926	10008
W249	3520.226435	0.777104	0.000000	0.000000	3183.215562	1.702040	15158.889708	11.699837	10008
W250	2626.842686	0.596744	0.000000	0.000000	2375.360413	1.276456	11311.777608	8.751623	10008
W251	1504.670222	0.514662	0.000000	0.000000	1360.619766	0.809719	6479.449651	5.279687	10008
W252	1694.688277	0.461430	0.000000	0.000000	1532.446334	0.855017	7297.710291	5.751320	10008
W253	3117.422140	0.755336	0.000000	0.000000	2818.973964	1.533351	13424.323483	10.447460	10008
W254	3993.936228	0.776374	0.000000	0.000000	3611.574479	1.893754	17198.791017	13.151742	10008
W255	2312.921842	0.578794	0.000000	0.000000	2091.492959	1.145148	9959.963587	7.776339	10008
W256	2344.137626	0.646387	0.000000	0.000000	2119.720282	1.186285	10094.385799	7.967534	10008
W257	2846.715579	0.588985	0.000000	0.000000	2574.183649	1.362059	12258.599920	9.414185	10008
W258	3181.219196	0.681794	0.000000	0.000000	2876.663373	1.530579	13699.048009	10.548235	10008
W259	2159.593760	0.583730	0.000000	0.000000	1952.843828	1.087689	9299.698254	7.322731	10008
W260	1853.873240	0.525650	0.000000	0.000000	1676.391635	0.944687	7983.196679	6.323175	10008
W261	1745.848568	0.431382	0.000000	0.000000	1578.708765	0.862121	7518.018052	5.862210	10008
W262	1767.232546	0.452310	0.000000	0.000000	1598.045537	0.879172	7610.102290	5.955704	10008
W263	3028.958710	0.759825	0.000000	0.000000	2738.979631	1.500428	13043.379984	10.186299	10008
W264	2223.475086	0.522737	0.000000	0.000000	2010.609439	1.087282	9574.785664	7.430401	10008
W265	2674.557403	0.607602	0.000000	0.000000	2418.507134	1.299649	11517.247949	8.910614	10008
W266	2065.632067	0.498507	0.000000	0.000000	1867.877610	1.015214	8895.077988	6.919924	10008
W267	2367.324713	0.566654	0.000000	0.000000	2140.687540	1.161624	10194.234630	7.924399	10008
W268	1457.965297	0.424928	0.000000	0.000000	1318.386163	0.748244	6278.327701	4.990811	10008
W269	1875.967671	0.507193	0.000000	0.000000	1696.370842	0.944895	8078.340284	6.361200	10008
W270	1913.844688	0.535395	0.000000	0.000000	1730.621682	0.971960	8241.447272	6.516599	10008
W271	2661.084411	0.555782	0.000000	0.000000	2406.323987	1.275088	11459.230206	8.806361	10008
W272	2383.939359	0.569567	0.000000	0.000000	2155.711573	1.169352	10265.781045	7.978605	10008
W273	3918.799138	0.774786	0.000000	0.000000	3543.630681	1.862523	16875.233744	12.918685	10008
W274	2310.706432	0.487687	0.000000	0.000000	2089.489641	1.109020	9950.423528	7.652828	10008
W275	2624.602013	0.567104	0.000000	0.000000	2373.334252	1.264456	11302.128765	8.708150	10008
W276	2317.924723	0.469754	0.000000	0.000000	2096.016886	1.105607	9981.507123	7.654167	10008
W277	1420.455834	0.399796	0.000000	0.000000	1284.467690	0.722484	6116.803485	4.840326	10008
W278	2362.811298	0.557833	0.000000	0.000000	2136.606219	1.156339	10174.798848	7.899090	10008
W279	1448.966632	0.406217	0.000000	0.000000	1310.248990	0.736261	6239.577415	4.935027	10008
W280	1776.852671	0.480346	0.000000	0.000000	1606.744673	0.894950	7651.528719	6.025039	10008
W281	1837.149740	0.481168	0.000000	0.000000	1661.269169	0.918608	7911.181513	6.206929	10008
W282	2275.201341	0.543853	0.000000	0.000000	2057.383651	1.116121	9797.530593	7.615031	10008
W283	1658.443269	0.470888	0.000000	0.000000	1499.671263	0.845397	7141.631106	5.657606	10008
W284	1292.370320	0.399949	0.000000	0.000000	1168.644515	0.674314	5565.238347	4.461695	10008
W285	1461.753941	0.459760	0.000000	0.000000	1321.812098	0.766298	6294.642454	5.058835	10008
W286	3531.796441	0.658561	0.000000	0.000000	3193.677907	1.665413	15208.712767	11.599907	10008
W287	1674.536664	0.406496	0.000000	0.000000	1514.223947	0.823954	7210.932895	5.612923	10008
W288	4019.139416	0.835008	0.000000	0.000000	3634.364825	1.924246	17307.321631	13.295439	10008
W289	3398.484310	0.740450	0.000000	0.000000	3073.128488	1.639546	14634.640634	11.283242	10008
W290	2412.051845	0.543759	0.000000	0.000000	2181.132694	1.170486	10386.839758	8.030743	10008
W291	2597.980503	0.739211	0.000000	0.000000	2349.261367	1.325038	11187.490532	8.865145	10008
W292	1941.099442	0.469717	0.000000	0.000000	1755.267186	0.954517	8358.812392	6.504428	10008
W293	2063.552822	0.541281	0.000000	0.000000	1865.997423	1.032164	8886.124291	6.973021	10008
W294	1187.876240	0.463310	0.000000	0.000000	1074.154235	0.670197	5115.263250	4.276952	10008
W295	3653.238962	0.743832	0.000000	0.000000	3303.494059	1.743731	15731.671679	12.067540	10008
W296	2516.445476	0.595558	0.000000	0.000000	2275.532142	1.232100	10836.382301	8.414608	10008
W297	3277.795879	0.660498	0.000000	0.000000	2963.994232	1.562135	14114.929005	10.819522	10008
W298	2508.818583	0.593671	0.000000	0.000000	2268.635413	1.228333	10803.539174	8.388997	10008
W299	3027.761635	0.612556	0.000000	0.000000	2737.897158	1.443820	13038.225105	9.996965	10008
W300	2329.310209	0.572092	0.000000	0.000000	2106.312375	1.148830	10030.535593	7.816652	10008
W301	1642.500870	0.457336	0.000000	0.000000	1485.255118	0.833189	7072.979534	5.589408	10008
W302	1317.233973	0.423069	0.000000	0.000000	1191.127832	0.694867	5672.306847	4.573583	10008
W303	2578.836457	0.605974	0.000000	0.000000	2331.950086	1.260933	11105.051946	8.617544	10008
W304	2343.814847	0.556599	0.000000	0.000000	2119.428404	1.148327	10092.995839	7.839852	10008
W305	2533.050064	0.742088	0.000000	0.000000	2290.547080	1.301769	10907.885403	8.677021	10008
W306	905.383439	0.359517	0.000000	0.000000	818.706042	0.514446	3898.785475	3.272759	10008
W307	2508.118138	0.548586	0.000000	0.000000	2268.002026	1.210789	10800.522901	8.329747	10008
W308	3633.385564	0.679061	0.000000	0.000000	3285.541338	1.713821	15646.178465	11.935209	10008
W309	2125.507090	0.524866	0.000000	0.000000	1922.020464	1.049467	9152.913357	7.136583	10008
W310	1292.980201	0.358646	0.000000	0.000000	1169.196008	0.655274	5567.864630	4.397919	10008
W311	1787.640681	0.492345	0.000000	0.000000	1616.499887	0.904399	7697.984327	6.075159	10008
W312	1909.212537	0.546088	0.000000	0.000000	1726.432992	0.975053	8221.500181	6.519270	10008
W313	1630.745476	0.461985	0.000000	0.000000	1474.625133	0.830805	7022.358155	5.561517	10008
W314	2109.797172	0.528742	0.000000	0.000000	1907.814543	1.044901	9085.262900	7.094483	10008
W315	3371.884871	0.739835	0.000000	0.000000	3049.075562	1.628633	14520.097447	11.201255	10008
W316	1857.800854	0.493899	0.000000	0.000000	1679.943237	0.932089	8000.109872	6.287296	10008
W317	1733.610455	0.429076	0.000000	0.000000	1567.642276	0.856371	7465.317978	5.822097	10008
W318	1792.317577	0.430230	0.000000	0.000000	1620.729038	0.879957	7718.124097	6.001225	10008
W319	2507.320757	0.501683	0.000000	0.000000	2267.280983	1.193715	10797.089197	8.272282	10008
W320	2114.870310	0.530898	0.000000	0.000000	1912.402002	1.047780	9107.108979	7.112765	10008
W321	1167.130829	0.379918	0.000000	0.000000	1055.394898	0.618216	5025.928826	4.061136	10008
W322	1727.785651	0.477928	0.000000	0.000000	1562.375112	0.875039	7440.235053	5.874859	10008
W323	1636.152856	0.416360	0.000000	0.000000	1479.514835	0.812954	7045.643553	5.510583	10008
W324	1225.241037	0.341549	0.000000	0.000000	1107.941892	0.621703	5276.164501	4.170077	10008
W325	2432.228496	0.512975	0.000000	0.000000	2199.377722	1.167215	10473.724971	8.054872	10008
W326	1826.617660	0.438811	0.000000	0.000000	1651.745383	0.896937	7865.827997	6.116535	10008
W327	2302.856281	0.524284	0.000000	0.000000	2082.391029	1.119458	9916.619008	7.673670	10008
W328	2398.580843	0.609084	0.000000	0.000000	2168.951346	1.191239	10328.830581	8.076637	10008
W329	1160.692658	0.360886	0.000000	0.000000	1049.573089	0.606428	4998.204609	4.009909	10008
W330	2715.746868	0.602712	0.000000	0.000000	2455.753302	1.314269	11694.619084	9.030017	10008
W331	2841.791143	0.664826	0.000000	0.000000	2569.730657	1.388354	12237.394187	9.492422	10008
W332	3043.132474	0.629805	0.000000	0.000000	2751.796462	1.456102	13104.415410	10.063953	10008
W333	1722.995923	0.524458	0.000000	0.000000	1558.043932	0.894777	7419.609405	5.933905	10008
W334	2149.434364	0.510377	0.000000	0.000000	1943.657047	1.053068	9255.949598	7.189585	10008
W335	1297.030810	0.564152	0.000000	0.000000	1172.858830	0.765824	5585.307470	4.792151	10008
W336	3171.491497	0.605427	0.000000	0.000000	2867.866961	1.500102	13657.158341	10.431472	10008
W337	2160.910773	0.565315	0.000000	0.000000	1954.034755	1.080217	9305.369608	7.299844	10008
W338	1713.038627	0.459454	0.000000	0.000000	1549.039903	0.861216	7376.731039	5.803291	10008
W339	863.686901	0.298826	0.000000	0.000000	781.001346	0.466560	3719.230770	3.036752	10008
W340	2423.728268	0.592254	0.000000	0.000000	2191.691268	1.194167	10437.121069	8.129398	10008
W341	2236.932783	0.581315	0.000000	0.000000	2022.778755	1.116560	9632.737545	7.551090	10008
W342	841.521635	0.278629	0.000000	0.000000	760.958085	0.448121	3623.782132	2.936364	10008
W343	1829.908518	0.450785	0.000000	0.000000	1654.721189	0.903072	7879.999174	6.142603	10008
W344	1924.632554	0.486026	0.000000	0.000000	1740.376765	0.954727	8287.902255	6.476957	10008
W345	1930.518555	0.453649	0.000000	0.000000	1745.699267	0.943942	8313.248706	6.451120	10008
W346	2727.443653	0.590673	0.000000	0.000000	2466.330289	1.314497	11744.988080	9.050997	10008
W347	2358.228379	0.489966	0.000000	0.000000	2132.462048	1.129060	10155.063761	7.801123	10008
W348	2151.503625	0.507020	0.000000	0.000000	1945.528206	1.052562	9264.860304	7.191458	10008
W349	1342.825078	0.414916	0.000000	0.000000	1214.268958	0.700325	5782.507923	4.634806	10008
W350	2065.076011	0.510337	0.000000	0.000000	1867.374789	1.019790	8892.683488	6.934217	10008
W351	1185.248556	0.414676	0.000000	0.000000	1071.778114	0.642681	5103.947849	4.175793	10008
W352	2332.937404	0.570739	0.000000	0.000000	2109.592319	1.149707	10046.155116	7.825785	10008
W353	1848.524193	0.486418	0.000000	0.000000	1671.554681	0.925270	7960.162473	6.248630	10008
W354	2198.052735	0.567699	0.000000	0.000000	1987.620910	1.095662	9465.311279	7.414845	10008
W355	1672.366934	0.433618	0.000000	0.000000	1512.261938	0.834340	7201.589551	5.643915	10008
W356	2880.032819	0.606033	0.000000	0.000000	2604.311244	1.381617	12402.071475	9.536241	10008
W357	2286.388462	0.522218	0.000000	0.000000	2067.499767	1.112098	9845.704863	7.620930	10008
W358	1938.085002	0.512898	0.000000	0.000000	1752.541335	0.971355	8345.831533	6.555592	10008
W359	2863.474744	0.644635	0.000000	0.000000	2589.338366	1.389208	12330.768668	9.532604	10008
W360	1983.535452	0.511601	0.000000	0.000000	1793.640561	0.988437	8541.551433	6.690214	10008
W361	1903.307855	0.490304	0.000000	0.000000	1721.093599	0.948203	8196.073290	6.418760	10008
W362	2583.681853	0.658222	0.000000	0.000000	2336.331606	1.284061	11125.917314	8.702908	10008
W363	1639.068373	0.419420	0.000000	0.000000	1482.151233	0.815375	7058.198428	5.523658	10008
W364	1481.045373	0.386392	0.000000	0.000000	1339.256654	0.739905	6377.715715	5.001644	10008
W365	1058.666035	0.399221	0.000000	0.000000	957.314042	0.589636	4558.854939	3.784582	10008
W366	3123.943239	0.614144	0.000000	0.000000	2824.870762	1.483560	13452.404805	10.294496	10008
W367	2595.409965	0.712076	0.000000	0.000000	2346.936921	1.311845	11176.421216	8.816187	10008
W368	2975.463511	0.640006	0.000000	0.000000	2690.605825	1.432426	12813.017580	9.868766	10008
W369	2677.042745	0.544092	0.000000	0.000000	2420.754541	1.277441	11527.950395	8.841809	10008
W370	3048.695094	0.608578	0.000000	0.000000	2756.826541	1.450969	13128.369309	10.056808	10008
W371	1912.288007	0.473503	0.000000	0.000000	1729.214031	0.944718	8234.743850	6.422440	10008
W372	1305.476365	0.347746	0.000000	0.000000	1180.495846	0.655275	5621.675937	4.419078	10008
W373	2097.580655	0.487100	0.000000	0.000000	1896.767582	1.023358	9032.655824	7.001853	10008
W374	3477.172872	0.720989	0.000000	0.000000	3144.283756	1.664265	14973.491346	11.500944	10008
W375	2366.007817	0.581145	0.000000	0.000000	2139.496717	1.166945	10188.563778	7.939855	10008
W376	1071.396129	0.351594	0.000000	0.000000	968.825414	0.568937	4613.673597	3.732961	10008
W377	2378.014841	0.554438	0.000000	0.000000	2150.354242	1.161038	10240.268733	7.940822	10008
W378	1771.966450	0.453318	0.000000	0.000000	1602.326237	0.881441	7630.487549	5.971371	10008
W379	1347.878777	0.383169	0.000000	0.000000	1218.838839	0.687295	5804.270295	4.598860	10008
W380	2585.014801	0.637900	0.000000	0.000000	2337.536944	1.276171	11131.657293	8.678828	10008
W381	2320.762969	0.567715	0.000000	0.000000	2098.583410	1.143688	9993.729248	7.784884	10008
W382	1758.016639	0.447950	0.000000	0.000000	1589.711919	0.873747	7570.416512	5.921832	10008
W383	1831.682484	0.506814	0.000000	0.000000	1656.325323	0.927723	7887.638273	6.228353	10008
W384	2128.777721	0.533217	0.000000	0.000000	1924.977980	1.054185	9166.997433	7.157918	10008
W385	1685.642253	0.429094	0.000000	0.000000	1524.266337	0.837602	7258.756071	5.677460	10008
W386	1362.408614	0.428450	0.000000	0.000000	1231.977653	0.714187	5866.839050	4.714914	10008
W387	2070.261696	0.574005	0.000000	0.000000	1872.064019	1.049087	8915.014219	7.041384	10008
W388	1875.680497	0.467146	0.000000	0.000000	1696.111161	0.927745	8077.103647	6.303205	10008
W389	2064.129409	0.535787	0.000000	0.000000	1866.518810	1.030041	8888.607204	6.966881	10008
W390	1621.593717	0.408085	0.000000	0.000000	1466.349523	0.803814	6982.948613	5.455175	10008
W391	2352.446033	0.550295	0.000000	0.000000	2127.233278	1.149265	10130.163673	7.857799	10008
W392	709.093281	0.272771	0.000000	0.000000	641.207834	0.397931	3053.515743	2.545503	10008
W393	2104.353889	0.491378	0.000000	0.000000	1902.892377	1.027717	9061.822898	7.027961	10008
W394	2027.262774	0.470913	0.000000	0.000000	1833.181623	0.989106	8729.851154	6.767311	10008
W395	1233.125798	0.395324	0.000000	0.000000	1115.071801	0.650135	5310.118061	4.280298	10008
W396	1779.339941	0.485770	0.000000	0.000000	1608.993823	0.898296	7662.239467	6.040528	10008
W397	1532.050266	0.416217	0.000000	0.000000	1385.378565	0.772552	6597.354300	5.197988	10008
W398	2481.172056	0.575086	0.000000	0.000000	2243.635642	1.210077	10684.486988	8.280897	10008
W399	1423.638993	0.466093	0.000000	0.000000	1287.346107	0.755433	6130.510887	4.958335	10008
W400	2098.749659	0.529384	0.000000	0.000000	1897.824670	1.040844	9037.689815	7.062062	10008
W401	2276.670305	0.518475	0.000000	0.000000	2058.711983	1.106787	9803.856284	7.586606	10008
W402	3640.093830	0.773071	0.000000	0.000000	3291.607383	1.748792	15675.065769	12.061327	10008
W403	3256.761044	0.714725	0.000000	0.000000	2944.973179	1.573083	14024.348256	10.819001	10008
W404	1961.992738	0.490631	0.000000	0.000000	1774.160251	0.971257	8448.783645	6.595994	10008
W405	1920.040277	0.499169	0.000000	0.000000	1736.224133	0.958471	8268.126876	6.481667	10008
W406	2206.354920	0.497512	0.000000	0.000000	1995.128281	1.070715	9501.062364	7.346047	10008
W407	2038.104286	0.439668	0.000000	0.000000	1842.985217	0.981639	8776.537151	6.761357	10008
W408	3983.874714	0.788166	0.000000	0.000000	3602.476210	1.893627	17155.463863	13.133784	10008
W409	2613.157672	0.579877	0.000000	0.000000	2362.985541	1.264596	11252.846847	8.688818	10008
W410	2408.727975	0.504856	0.000000	0.000000	2178.127037	1.154804	10372.526423	7.973321	10008
W411	1565.809717	0.370722	0.000000	0.000000	1415.906036	0.766709	6742.730117	5.236022	10008
W412	1759.188069	0.443223	0.000000	0.000000	1590.771202	0.872231	7575.460954	5.918764	10008
W413	2888.136864	0.593073	0.000000	0.000000	2611.639444	1.380298	12436.969325	9.545985	10008
W414	2513.677852	0.518069	0.000000	0.000000	2273.029478	1.202002	10824.464284	8.310490	10008
W415	2264.029733	0.490203	0.000000	0.000000	2047.281563	1.091113	9749.423127	7.513029	10008
W416	2047.023325	0.502424	0.000000	0.000000	1851.050387	1.009467	8814.944547	6.868903	10008
W417	1968.527911	0.532173	0.000000	0.000000	1780.069776	0.991496	8476.925575	6.674996	10008
W418	2497.622849	0.515936	0.000000	0.000000	2258.511510	1.194739	10755.327820	8.258771	10008
W419	1859.532739	0.428896	0.000000	0.000000	1681.509318	0.906085	8007.567759	6.203473	10008
W420	1579.970826	0.402245	0.000000	0.000000	1428.711424	0.785115	6803.711052	5.321616	10008
W421	1973.094427	0.474857	0.000000	0.000000	1784.199114	0.969205	8496.590023	6.608163	10008
W422	1977.008172	0.499876	0.000000	0.000000	1787.738174	0.980968	8513.443493	6.654084	10008
W423	1289.775817	0.345167	0.000000	0.000000	1166.298398	0.648091	5554.065830	4.368276	10008
W424	1458.077686	0.348159	0.000000	0.000000	1318.487792	0.715125	6278.811671	4.879649	10008
W425	1032.007892	0.361814	0.000000	0.000000	933.208031	0.559986	4444.058955	3.637291	10008
W426	2751.918971	0.616410	0.000000	0.000000	2488.462448	1.333909	11850.384326	9.157340	10008
W427	1388.667797	0.453215	0.000000	0.000000	1255.722898	0.736156	5979.917021	4.834048	10008
W428	2080.167050	0.497124	0.000000	0.000000	1881.021078	1.020402	8957.668909	6.962113	10008
W429	2044.102099	0.453545	0.000000	0.000000	1848.408825	0.989191	8802.365085	6.796627	10008
W430	3250.274068	0.640309	0.000000	0.000000	2939.107238	1.544005	13996.413877	10.712273	10008
W431	3813.647992	0.764300	0.000000	0.000000	3448.546239	1.816072	16422.429170	12.583576	10008
W432	2281.945100	0.556171	0.000000	0.000000	2063.481793	1.123728	9826.570743	7.651906	10008
W433	2314.779786	0.509519	0.000000	0.000000	2093.173031	1.118652	9967.964311	7.691593	10008
W434	1917.261362	0.438976	0.000000	0.000000	1733.711259	0.932965	8256.160241	6.391924	10008
W435	2883.802113	0.655427	0.000000	0.000000	2607.719683	1.401437	12418.302906	9.608104	10008
W436	2082.697098	0.545619	0.000000	0.000000	1883.308911	1.041447	8968.563868	7.036728	10008
W437	1458.595638	0.395166	0.000000	0.000000	1318.956158	0.735029	6281.042091	4.947144	10008
W438	2707.205360	0.584781	0.000000	0.000000	2448.029520	1.304189	11657.837424	8.982013	10008
W439	2526.206517	0.543458	0.000000	0.000000	2284.358704	1.216179	10878.415546	8.378810	10008
W440	2111.735281	0.474438	0.000000	0.000000	1909.567107	1.024138	9093.608839	7.028833	10008
W441	3130.733784	0.668702	0.000000	0.000000	2831.011210	1.505463	13481.646425	10.378117	10008
W442	1591.340330	0.481545	0.000000	0.000000	1438.992462	0.825049	6852.670702	5.475848	10008
W443	1708.755844	0.416237	0.000000	0.000000	1545.167134	0.841371	7358.288409	5.729552	10008
W444	2183.573113	0.443320	0.000000	0.000000	1974.527503	1.041799	9402.958758	7.211420	10008
W445	2285.638810	0.498167	0.000000	0.000000	2066.821883	1.102738	9842.476690	7.588725	10008
W446	2921.907195	0.673453	0.000000	0.000000	2642.176753	1.423558	12582.391990	9.746983	10008
W447	2832.154899	0.633907	0.000000	0.000000	2561.016944	1.372621	12195.898343	9.423741	10008
W448	2592.813841	0.511633	0.000000	0.000000	2344.589338	1.231973	11165.241718	8.546349	10008
W449	1852.252864	0.455327	0.000000	0.000000	1674.926386	0.913707	7976.218970	6.216300	10008
W450	1518.090684	0.365912	0.000000	0.000000	1372.755412	0.745927	6537.241188	5.085039	10008
W451	2473.828164	0.541048	0.000000	0.000000	2236.994823	1.194222	10652.862534	8.215819	10008
W452	2797.528107	0.675453	0.000000	0.000000	2529.705168	1.375052	12046.787560	9.372217	10008
W453	1559.143914	0.442643	0.000000	0.000000	1409.878388	0.794755	6714.025667	5.318778	10008
W454	509.975916	0.241679	0.000000	0.000000	461.153083	0.313362	2196.071421	1.928980	10008
W455	1087.971721	0.330523	0.000000	0.000000	983.814132	0.564692	4685.051837	3.745864	10008
W456	1818.784727	0.552939	0.000000	0.000000	1644.662340	0.944198	7832.097618	6.262688	10008
W457	1900.835708	0.460960	0.000000	0.000000	1718.858124	0.935115	8185.427665	6.370830	10008
W458	2326.088219	0.520212	0.000000	0.000000	2103.398845	1.127193	10016.660977	7.739320	10008
W459	1450.784795	0.388897	0.000000	0.000000	1311.893090	0.729275	6247.406838	4.914529	10008
W460	1918.562345	0.462027	0.000000	0.000000	1734.887692	0.942536	8261.762568	6.425919	10008
W461	1566.537660	0.465976	0.000000	0.000000	1416.564289	0.808365	6745.864803	5.377448	10008
W462	1175.960884	0.360519	0.000000	0.000000	1063.379602	0.611929	5063.953037	4.054172	10008
W463	1638.605741	0.446081	0.000000	0.000000	1481.732892	0.826687	7056.206232	5.560873	10008
W464	1260.846471	0.365514	0.000000	0.000000	1140.138620	0.646171	5429.489537	4.312954	10008
W465	2560.633216	0.583696	0.000000	0.000000	2315.489544	1.245046	11026.664684	8.533564	10008
W466	1426.009052	0.380099	0.000000	0.000000	1289.489267	0.715882	6140.716893	4.827445	10008
W467	1508.891496	0.494017	0.000000	0.000000	1364.436913	0.800677	6497.627409	5.255280	10008
W468	2420.927605	0.627250	0.000000	0.000000	2189.158728	1.207601	10425.060782	8.169511	10008
W469	2628.700362	0.632883	0.000000	0.000000	2377.040243	1.291344	11319.777178	8.804201	10008
W470	2954.713907	0.647884	0.000000	0.000000	2671.842696	1.426982	12723.665098	9.814919	10008
W471	1639.940804	0.419367	0.000000	0.000000	1482.940142	0.815693	7061.955314	5.526209	10008
W472	2269.502693	0.488042	0.000000	0.000000	2052.230566	1.092525	9772.990930	7.527155	10008
W473	1623.625683	0.413428	0.000000	0.000000	1468.186958	0.806837	6991.698721	5.468750	10008
W474	2169.459682	0.500547	0.000000	0.000000	1961.765230	1.057166	9342.183139	7.237615	10008
W475	2314.127389	0.534569	0.000000	0.000000	2092.583092	1.127911	9965.154945	7.721073	10008
W476	2582.091893	0.615791	0.000000	0.000000	2334.893862	1.266104	11119.070588	8.640306	10008
W477	2760.486079	0.653541	0.000000	0.000000	2496.209379	1.351676	11887.276224	9.230940	10008
W478	2056.119438	0.477129	0.000000	0.000000	1859.275678	1.002996	8854.114463	6.863011	10008
W479	1972.174053	0.463274	0.000000	0.000000	1783.366852	0.964245	8492.626683	6.590105	10008
W480	1660.821149	0.448978	0.000000	0.000000	1501.821495	0.836508	7151.870793	5.631593	10008
W481	2171.654900	0.481155	0.000000	0.000000	1963.750287	1.050657	9351.636241	7.219883	10008
W482	2354.580187	0.480992	0.000000	0.000000	2129.163118	1.124419	10139.353823	7.779561	10008
W483	3040.341202	0.626241	0.000000	0.000000	2749.272413	1.453713	13092.395561	10.051265	10008
W484	1408.795682	0.392157	0.000000	0.000000	1273.923828	0.714590	6066.592236	4.793952	10008
W485	1712.228799	0.470438	0.000000	0.000000	1548.307605	0.865741	7373.243740	5.817169	10008
W486	1770.737240	0.439003	0.000000	0.000000	1601.214706	0.875014	7625.194292	5.947793	10008
W487	1895.974325	0.459925	0.000000	0.000000	1714.462148	0.932781	8164.493453	6.354730	10008
W488	1758.575346	0.459515	0.000000	0.000000	1590.217138	0.878861	7572.822431	5.939920	10008
W489	1389.216688	0.410942	0.000000	0.000000	1256.219241	0.715787	5982.280671	4.765091	10008
W490	1032.937586	0.348827	0.000000	0.000000	934.048720	0.553543	4448.062426	3.616380	10008
W491	1664.284535	0.455600	0.000000	0.000000	1504.953312	0.840760	7166.784914	5.651789	10008
W492	1776.992497	0.471890	0.000000	0.000000	1606.871113	0.891318	7652.130842	6.013054	10008
W493	1542.292972	0.379389	0.000000	0.000000	1394.640680	0.760910	6641.461706	5.176402	10008
W494	350.305348	0.183237	0.000000	0.000000	316.768667	0.226389	1508.493909	1.366477	10008
W495	2740.880412	0.634592	0.000000	0.000000	2478.480672	1.336471	11802.849799	9.146785	10008
W496	1422.990342	0.374844	0.000000	0.000000	1286.759555	0.712444	6127.717648	4.810762	10008
W497	1366.814544	0.383003	0.000000	0.000000	1235.961779	0.694435	5885.811980	4.654947	10008
W498	2322.433077	0.526682	0.000000	0.000000	2100.093630	1.128188	10000.921113	7.736301	10008
W499	2357.355852	0.560952	0.000000	0.000000	2131.673053	1.155413	10151.306462	7.886643	10008
W500	1661.909765	0.472221	0.000000	0.000000	1502.805891	0.847323	7156.558616	5.669971	10008
W501	2715.154734	0.562068	0.000000	0.000000	2455.217857	1.299219	11692.069224	8.979460	10008
W502	530.112711	0.225639	0.000000	0.000000	479.362070	0.310046	2282.785004	1.947921	10008
W503	2690.570050	0.619088	0.000000	0.000000	2432.986801	1.310446	11586.202024	8.973944	10008
W504	2393.714786	0.532485	0.000000	0.000000	2164.551144	1.158890	10307.876241	7.960781	10008
W505	2291.556462	0.560004	0.000000	0.000000	2072.173005	1.129065	9867.959437	7.686146	10008
W506	3209.550526	0.643687	0.000000	0.000000	2902.282387	1.528556	13821.049112	10.590800	10008
W507	2253.726167	0.578944	0.000000	0.000000	2037.964415	1.122088	9705.053648	7.598212	10008
W508	1711.021681	0.466595	0.000000	0.000000	1547.216051	0.863575	7368.045617	5.807820	10008
W509	2691.598999	0.574989	0.000000	0.000000	2433.917243	1.294328	11590.632908	8.922522	10008
W510	2538.855319	0.578908	0.000000	0.000000	2295.796566	1.234524	10932.884143	8.461209	10008
W511	2206.022888	0.533512	0.000000	0.000000	1994.828036	1.084665	9499.632559	7.391740	10008
W512	1912.558426	0.497663	0.000000	0.000000	1729.458561	0.954924	8235.908337	6.457037	10008
W513	871.704503	0.290017	0.000000	0.000000	788.251378	0.464903	3753.756375	3.044141	10008
W514	2938.541082	0.639058	0.000000	0.000000	2657.218186	1.417218	12654.021266	9.754757	10008
W515	2699.713338	0.632607	0.000000	0.000000	2441.254751	1.319342	11625.575086	9.019165	10008
W516	1179.650390	0.378276	0.000000	0.000000	1066.715891	0.621989	5079.840880	4.094843	10008
W517	3474.689959	0.682937	0.000000	0.000000	3142.038546	1.650075	14962.799361	11.450153	10008
W518	1579.744164	0.448353	0.000000	0.000000	1428.506461	0.805193	6802.734993	5.388840	10008
W519	1766.933485	0.447663	0.000000	0.000000	1597.775106	0.877108	7608.814464	5.948289	10008
W520	2382.913088	0.511553	0.000000	0.000000	2154.783553	1.146800	10261.361694	7.902244	10008
W521	2333.069728	0.544491	0.000000	0.000000	2109.711975	1.139302	10046.724931	7.791428	10008
W522	1763.577602	0.446425	0.000000	0.000000	1594.740500	0.875280	7594.363275	5.936450	10008
W523	1008.597792	0.360452	0.000000	0.000000	912.039110	0.550922	4343.249778	3.567508	10008
W524	2110.369815	0.507355	0.000000	0.000000	1908.332364	1.036421	9087.728831	7.067199	10008
W525	1335.496870	0.401366	0.000000	0.000000	1207.642320	0.691090	5750.951006	4.590996	10008
W526	2384.034874	0.698199	0.000000	0.000000	2155.797944	1.225079	10266.192355	8.166196	10008
W527	4052.131888	0.934206	0.000000	0.000000	3664.198744	1.974303	17449.394663	13.517546	10008
W528	3430.460498	0.722572	0.000000	0.000000	3102.043417	1.645926	14772.337319	11.359636	10008
W529	934.175845	0.360781	0.000000	0.000000	844.741991	0.525043	4022.772077	3.356343	10008
W530	1135.235913	0.311224	0.000000	0.000000	1026.553459	0.573696	4888.582117	3.855853	10008
W531	2627.295351	0.615505	0.000000	0.000000	2375.769742	1.283899	11313.726886	8.777060	10008
W532	1647.198423	0.442122	0.000000	0.000000	1489.502948	0.828258	7093.208259	5.580723	10008
W533	1569.758262	0.415352	0.000000	0.000000	1419.476565	0.786721	6759.733445	5.309619	10008
W534	2574.949797	0.628761	0.000000	0.000000	2328.435519	1.268493	11088.315113	8.636008	10008
W535	1343.196907	0.372126	0.000000	0.000000	1214.605189	0.680523	5784.109102	4.568047	10008
W536	1549.949144	0.414062	0.000000	0.000000	1401.563884	0.778505	6674.430911	5.248372	10008
W537	2148.663240	0.472317	0.000000	0.000000	1942.959746	1.038137	9252.628964	7.138835	10008
W538	1768.879394	0.432284	0.000000	0.000000	1599.534723	0.871543	7617.193990	5.933040	10008
W539	3330.626623	0.679225	0.000000	0.000000	3011.767195	1.590122	14342.430116	11.003108	10008
W540	1058.411374	0.378265	0.000000	0.000000	957.083761	0.578138	4557.758310	3.743723	10008
W541	3249.825456	0.707190	0.000000	0.000000	2938.701574	1.567507	13994.482052	10.788624	10008
W542	3375.985050	0.659454	0.000000	0.000000	3052.783207	1.601824	14537.753741	11.120388	10008
W543	2931.155359	0.663025	0.000000	0.000000	2650.539540	1.423242	12622.216676	9.761879	10008
W544	2423.466920	0.572242	0.000000	0.000000	2191.454941	1.186058	10435.995648	8.101984	10008
W545	1474.833070	0.471818	0.000000	0.000000	1333.639090	0.777075	6350.964140	5.117586	10008
W546	2201.615974	0.510158	0.000000	0.000000	1990.843020	1.073685	9480.655390	7.347709	10008
W547	2520.127157	0.578820	0.000000	0.000000	2278.861355	1.227026	10852.236450	8.404118	10008
W548	2336.864068	0.570081	0.000000	0.000000	2113.143062	1.150985	10063.064216	7.836770	10008
W549	2143.363131	0.533456	0.000000	0.000000	1938.167047	1.059999	9229.805501	7.202258	10008
W550	2503.920658	0.534644	0.000000	0.000000	2264.206394	1.203986	10782.447605	8.300075	10008
W551	2025.801704	0.508035	0.000000	0.000000	1831.860430	1.003443	8723.559456	6.812511	10008
W552	1722.821574	0.455639	0.000000	0.000000	1557.886274	0.863340	7418.858617	5.827039	10008
W553	3064.257779	0.644655	0.000000	0.000000	2770.899324	1.469942	13195.385744	10.146069	10008
W554	1452.942137	0.386369	0.000000	0.000000	1313.843897	0.729009	6256.696837	4.917296	10008
W555	2246.579647	0.544246	0.000000	0.000000	2031.502071	1.104978	9674.279118	7.528874	10008
W556	757.768488	0.257261	0.000000	0.000000	685.223092	0.406784	3263.122172	2.655433	10008
W557	844.738750	0.291767	0.000000	0.000000	763.867207	0.456061	3637.635754	2.969213	10008
W558	1525.891217	0.356233	0.000000	0.000000	1379.809156	0.745182	6570.832046	5.095963	10008
W559	1756.537045	0.472364	0.000000	0.000000	1588.373976	0.883627	7564.045050	5.952479	10008
W560	1432.077441	0.335013	0.000000	0.000000	1294.976695	0.699634	6166.848746	4.783541	10008
W563	43.314653	0.062993	0.000000	0.000000	39.167900	0.060071	186.522675	0.304321	10008
W564	1958.124774	0.517293	0.000000	0.000000	1770.662589	0.981006	8432.127317	6.622059	10008
W565	1716.157527	0.453054	0.000000	0.000000	1551.860213	0.859646	7390.161727	5.803308	10008
W566	955.648377	0.332596	0.000000	0.000000	864.158838	0.517262	4115.237646	3.363662	10008
W567	2449.280006	0.522658	0.000000	0.000000	2214.796796	1.177597	10547.152623	8.118569	10008
W568	1195.087046	0.345908	0.000000	0.000000	1080.674710	0.612219	5146.314607	4.087161	10008
W569	2208.534931	0.556073	0.000000	0.000000	1997.099587	1.094874	9510.449980	7.430084	10008
W570	1318.824676	0.456079	0.000000	0.000000	1192.566248	0.712309	5679.156775	4.636631	10008
W571	2712.011058	0.635975	0.000000	0.000000	2452.375142	1.325542	11678.531843	9.060882	10008
W572	2068.025791	0.607852	0.000000	0.000000	1870.042170	1.063719	8905.385906	7.087244	10008
W573	2070.645659	0.457093	0.000000	0.000000	1872.411223	1.001160	8916.667649	6.881993	10008
W574	1367.838732	0.362295	0.000000	0.000000	1236.887916	0.685684	5890.222365	4.627174	10008
W575	1374.027376	0.499866	0.000000	0.000000	1242.484086	0.755274	5916.872062	4.876707	10008
W576	2417.483731	0.528340	0.000000	0.000000	2186.044556	1.166880	10410.230684	8.028224	10008
W577	3685.617179	0.828535	0.000000	0.000000	3332.772529	1.787620	15871.099589	12.268061	10008
W578	1404.992807	0.462831	0.000000	0.000000	1270.485024	0.746976	6050.216197	4.898362	10008
W579	1583.502944	0.458969	0.000000	0.000000	1431.905392	0.811491	6818.921148	5.416531	10008
W580	1722.006989	0.471370	0.000000	0.000000	1557.149674	0.869906	7415.350833	5.847763	10008
W581	1104.806085	0.313923	0.000000	0.000000	999.036848	0.563284	4757.544408	3.769289	10008
W582	2975.193746	0.689148	0.000000	0.000000	2690.361886	1.450842	12811.855909	9.929122	10008
W583	3151.935784	0.660680	0.000000	0.000000	2850.183425	1.511135	13572.947026	10.433532	10008
W584	1194.689081	0.378251	0.000000	0.000000	1080.314845	0.627518	5144.600880	4.138786	10008
W585	1931.044514	0.435419	0.000000	0.000000	1746.174873	0.937106	8315.513603	6.429386	10008
W586	2348.630578	0.580271	0.000000	0.000000	2123.783098	1.159760	10113.733463	7.886160	10008
W587	1619.714585	0.445583	0.000000	0.000000	1464.650291	0.819214	6974.856647	5.503705	10008
W588	1453.300155	0.451097	0.000000	0.000000	1314.167641	0.758934	6258.238546	5.019516	10008
W589	2363.253933	0.528070	0.000000	0.000000	2137.006478	1.145032	10176.704932	7.862412	10008
W590	1658.251668	0.414286	0.000000	0.000000	1499.498004	0.820733	7140.806025	5.574314	10008
W591	2873.033016	0.580047	0.000000	0.000000	2597.981571	1.369618	12371.928744	9.484720	10008
W592	1497.718287	0.389186	0.000000	0.000000	1354.333378	0.747571	6449.513048	5.055725	10008
W593	1333.945094	0.398874	0.000000	0.000000	1206.239104	0.689326	5744.268708	4.582384	10008
W594	3192.897793	0.753878	0.000000	0.000000	2887.223913	1.562603	13749.338684	10.674236	10008
W597	2305.196118	0.565694	0.000000	0.000000	2084.506860	1.136743	9926.694872	7.735085	10008
W598	1475.782676	0.413808	0.000000	0.000000	1334.497785	0.749920	6355.053355	5.026471	10008
W599	2336.880361	0.490623	0.000000	0.000000	2113.157795	1.120654	10063.134377	7.736463	10008
W600	1663.552828	0.435851	0.000000	0.000000	1504.291655	0.831871	7163.634017	5.620636	10008
W601	2080.148464	0.501157	0.000000	0.000000	1881.004272	1.022006	8957.588873	6.967415	10008
W602	1235.157768	0.445556	0.000000	0.000000	1116.909239	0.676895	5318.868183	4.376652	10008
W603	2988.851178	0.659493	0.000000	0.000000	2702.711817	1.445004	12870.667897	9.933377	10008
W604	1546.360739	0.495158	0.000000	0.000000	1398.319017	0.814990	6658.978427	5.366565	10008
W605	2095.580541	0.594949	0.000000	0.000000	1894.958950	1.068203	9024.042880	7.148767	10008
W606	2102.974096	0.523415	0.000000	0.000000	1901.644679	1.040029	9055.881198	7.066555	10008
W607	2547.584095	0.523638	0.000000	0.000000	2303.689688	1.217716	10970.472223	8.420949	10008
W608	2951.820232	0.624568	0.000000	0.000000	2669.226048	1.417288	12711.204280	9.777991	10008
W609	2432.575374	0.561024	0.000000	0.000000	2199.691392	1.185291	10475.218706	8.115110	10008
W610	2339.247056	0.529203	0.000000	0.000000	2115.297913	1.135863	10073.325899	7.790681	10008
W611	3114.107973	0.618019	0.000000	0.000000	2815.977080	1.480863	13410.051929	10.268540	10008
W612	2651.019721	0.676850	0.000000	0.000000	2397.222845	1.318146	11415.889376	8.931798	10008
W613	2536.535309	0.659036	0.000000	0.000000	2293.698664	1.266048	10922.893657	8.562246	10008
W614	2035.668923	0.506174	0.000000	0.000000	1840.783004	1.006542	8766.049926	6.839720	10008
W615	766.096446	0.310119	0.000000	0.000000	692.753768	0.438700	3298.984240	2.781399	10008
W616	2194.451820	0.515169	0.000000	0.000000	1984.364731	1.072797	9449.804927	7.332440	10008
W617	2566.268059	0.593635	0.000000	0.000000	2320.584932	1.251123	11050.929588	8.563393	10008
W618	2473.575941	0.550957	0.000000	0.000000	2236.766746	1.197820	10651.776403	8.227252	10008
W619	1955.383576	0.437321	0.000000	0.000000	1768.183821	0.947559	8420.323101	6.505935	10008
W620	2297.692408	0.543513	0.000000	0.000000	2077.721523	1.124886	9894.382205	7.682773	10008
W621	1614.337940	0.460545	0.000000	0.000000	1459.788382	0.823908	6951.703600	5.510518	10008
W622	2912.457602	0.644664	0.000000	0.000000	2633.631822	1.408828	12541.699911	9.681984	10008
W623	2263.522075	0.542631	0.000000	0.000000	2046.822506	1.111018	9747.237037	7.578022	10008
W624	3025.512438	0.624082	0.000000	0.000000	2735.863290	1.446938	13028.539557	10.003276	10008
W625	1272.993622	0.410389	0.000000	0.000000	1151.122856	0.672292	5481.797912	4.422603	10008
W626	1363.784085	0.373536	0.000000	0.000000	1233.221443	0.689042	5872.762140	4.631608	10008
W627	2414.797355	0.554093	0.000000	0.000000	2183.615361	1.175536	10398.662542	8.052182	10008
W628	7.923214	0.031695	0.000000	0.000000	7.164681	0.028872	34.119150	0.138799	10008
W629	2981.627741	0.673470	0.000000	0.000000	2696.179919	1.447379	12839.562147	9.928749	10008
W630	1877.166200	0.485500	0.000000	0.000000	1697.454629	0.935997	8083.501420	6.333339	10008
W631	1449.744364	0.414978	0.000000	0.000000	1310.952265	0.740541	6242.926505	4.950836	10008
W632	1851.694555	0.464019	0.000000	0.000000	1674.421527	0.917056	7973.814769	6.226523	10008
W633	2173.133965	0.585637	0.000000	0.000000	1965.087753	1.093740	9358.005431	7.366055	10008
W634	1647.794021	0.393874	0.000000	0.000000	1490.041526	0.808338	7095.773038	5.515108	10008
W635	1199.309040	0.354543	0.000000	0.000000	1084.492510	0.617834	5164.495468	4.113341	10008
W636	809.870976	0.259605	0.000000	0.000000	732.337519	0.426970	3487.487247	2.811089	10008
W637	2314.047858	0.546677	0.000000	0.000000	2092.511175	1.132615	9964.812465	7.736536	10008
W638	1737.336895	0.444535	0.000000	0.000000	1571.011963	0.864247	7481.364869	5.854780	10008
W639	3074.210890	0.674777	0.000000	0.000000	2779.899567	1.484950	13238.246083	10.212707	10008
W640	2954.102442	0.690304	0.000000	0.000000	2671.289770	1.442912	12721.031994	9.866541	10008
W641	4335.068701	0.800600	0.000000	0.000000	3920.048442	2.041702	18667.784454	14.230076	10008
W642	2208.045599	0.645247	0.000000	0.000000	1996.657102	1.133987	9508.342810	7.561133	10008
W643	3641.700695	0.720054	0.000000	0.000000	3293.060415	1.730842	15681.985296	12.005263	10008
W644	2352.582742	0.561538	0.000000	0.000000	2127.356899	1.153758	10130.752374	7.872949	10008
W645	4315.656313	0.886460	0.000000	0.000000	3902.494509	2.062625	18584.190327	14.264566	10008
W646	4428.794984	1.003609	0.000000	0.000000	4004.801785	2.151124	19071.390986	14.751890	10008
W647	3973.109101	0.871591	0.000000	0.000000	3592.741249	1.918966	17109.104707	13.198299	10008
W648	2598.698357	0.637044	0.000000	0.000000	2349.910497	1.281201	11190.581773	8.719018	10008
W649	3403.920918	0.720509	0.000000	0.000000	3078.044619	1.634461	14658.051897	11.275922	10008
W650	2753.077394	0.627510	0.000000	0.000000	2489.509969	1.338596	11855.372758	9.174835	10008
W651	2447.287975	0.504545	0.000000	0.000000	2212.995473	1.170311	10538.574486	8.091182	10008
W652	1485.747121	0.458841	0.000000	0.000000	1343.508278	0.774749	6397.962504	5.127714	10008
W653	1496.802896	0.454910	0.000000	0.000000	1353.505622	0.776978	6445.571169	5.153766	10008
W654	3456.317554	0.706128	0.000000	0.000000	3125.425034	1.650574	14883.683640	11.419798	10008
W655	3439.036230	0.795546	0.000000	0.000000	3109.798147	1.676628	14809.266358	11.475764	10008
W656	1574.232270	0.454634	0.000000	0.000000	1423.522251	0.805979	6778.999533	5.382234	10008
W657	1543.567312	0.391570	0.000000	0.000000	1395.793020	0.766437	6646.949301	5.197033	10008
W658	1626.563806	0.411630	0.000000	0.000000	1470.843798	0.807232	7004.350941	5.475086	10008
W659	1548.989007	0.449554	0.000000	0.000000	1400.695666	0.794076	6670.296343	5.299397	10008
W660	1986.061382	0.455227	0.000000	0.000000	1795.924669	0.966636	8552.428655	6.621931	10008
W661	1014.862505	0.332211	0.000000	0.000000	917.704067	0.538497	4370.227047	3.534537	10008
W662	2668.946796	0.637882	0.000000	0.000000	2413.433662	1.309240	11493.087411	8.932765	10008
W663	376.187128	0.223958	0.000000	0.000000	340.172640	0.261643	1619.946698	1.538001	10008
W664	1119.552694	0.366752	0.000000	0.000000	1012.371682	0.594183	4821.046634	3.899621	10008
W665	3475.138417	0.804931	0.000000	0.000000	3142.444071	1.694630	14964.730525	11.597562	10008
W666	2327.656872	0.547955	0.000000	0.000000	2104.817322	1.138512	10023.415953	7.779501	10008
W667	2303.045457	0.643800	0.000000	0.000000	2082.562095	1.169405	9917.433643	7.841097	10008
W668	1805.935456	0.476835	0.000000	0.000000	1633.043201	0.904652	7776.765758	6.107013	10008
W669	2990.380223	0.649937	0.000000	0.000000	2704.094477	1.442074	12877.252310	9.926363	10008
W670	2020.374316	0.500744	0.000000	0.000000	1826.952636	0.998311	8700.187897	6.786102	10008
W671	2146.495161	0.520635	0.000000	0.000000	1940.999230	1.056008	9243.292726	7.194316	10008
W672	1140.925244	0.340063	0.000000	0.000000	1031.698119	0.589065	4913.081661	3.917556	10008
W673	1773.517269	0.470793	0.000000	0.000000	1603.728588	0.889500	7637.165727	6.001041	10008
W674	2551.257572	0.639377	0.000000	0.000000	2307.011482	1.263539	10986.291044	8.578954	10008
W675	2975.097445	0.637894	0.000000	0.000000	2690.274805	1.431508	12811.441217	9.865109	10008
W676	2299.810850	0.531056	0.000000	0.000000	2079.637154	1.120853	9903.504694	7.673042	10008
W677	2844.940104	0.668201	0.000000	0.000000	2572.578151	1.390927	12250.954324	9.506374	10008
W678	2199.835909	0.565198	0.000000	0.000000	1989.233371	1.095298	9472.990029	7.416665	10008
W679	3639.349904	0.808703	0.000000	0.000000	3290.934678	1.761622	15671.862257	12.102306	10008
W680	3099.296334	0.767576	0.000000	0.000000	2802.583443	1.531194	13346.269671	10.409235	10008
W681	3449.906219	0.801369	0.000000	0.000000	3119.627492	1.683214	14856.074985	11.516297	10008
W682	2318.639165	0.547830	0.000000	0.000000	2096.662930	1.134889	9984.583670	7.751976	10008
W683	2647.937633	0.596775	0.000000	0.000000	2394.435823	1.284892	11402.617212	8.815905	10008
W684	3070.071062	0.665290	0.000000	0.000000	2776.156068	1.479780	13220.419051	10.188506	10008
W685	1263.616757	0.368511	0.000000	0.000000	1142.643691	0.648608	5441.419014	4.325887	10008
W686	1792.747373	0.484459	0.000000	0.000000	1621.117687	0.902875	7719.974894	6.078663	10008
W687	1875.680942	0.485291	0.000000	0.000000	1696.111563	0.935331	8077.105563	6.328576	10008
W688	2114.247861	0.523535	0.000000	0.000000	1911.839144	1.044502	9104.428574	7.100759	10008
W689	2347.398942	0.560941	0.000000	0.000000	2122.669373	1.151470	10108.429760	7.856449	10008
W690	1479.336337	0.431765	0.000000	0.000000	1337.711234	0.759495	6370.356222	5.064927	10008
W691	2483.938698	0.606451	0.000000	0.000000	2246.137418	1.223624	10696.400772	8.330654	10008
W692	2812.253563	0.654848	0.000000	0.000000	2543.020874	1.372725	12110.198701	9.389781	10008
W693	1282.001522	0.451762	0.000000	0.000000	1159.268379	0.696855	5520.587960	4.522644	10008
W694	1359.611934	0.386106	0.000000	0.000000	1229.448714	0.693097	5854.795914	4.638278	10008
W695	2719.151495	0.611905	0.000000	0.000000	2458.831985	1.319099	11709.280177	9.051848	10008
W696	818.279311	0.337939	0.000000	0.000000	739.940877	0.472475	3523.695436	2.984806	10008
W697	1270.853374	0.510653	0.000000	0.000000	1149.187506	0.725557	5472.581519	4.606154	10008
W698	1730.267393	0.459810	0.000000	0.000000	1564.619263	0.868024	7450.921997	5.855422	10008
W699	1618.294056	0.491613	0.000000	0.000000	1463.365757	0.839937	6968.739528	5.571720	10008
W700	1192.473482	0.407542	0.000000	0.000000	1078.311358	0.641541	5135.060012	4.183625	10008
W701	3954.773125	0.838014	0.000000	0.000000	3576.160678	1.899290	17030.145853	13.101764	10008
W702	2527.526332	0.628766	0.000000	0.000000	2285.552166	1.249862	10884.098967	8.492730	10008
W703	1989.409766	0.517288	0.000000	0.000000	1798.952495	0.993136	8566.847556	6.715964	10008
W704	893.995865	0.369775	0.000000	0.000000	808.408664	0.516525	3849.748011	3.262183	10008
W705	3220.520898	0.667411	0.000000	0.000000	2912.202505	1.541297	13868.290010	10.651632	10008
W706	1162.876799	0.388864	0.000000	0.000000	1051.548129	0.621202	5007.610012	4.064459	10008
W707	2876.431486	0.666081	0.000000	0.000000	2601.054687	1.402607	12386.563321	9.599277	10008
W708	2114.383939	0.561539	0.000000	0.000000	1911.962194	1.060573	9105.014557	7.154808	10008
W709	2696.637630	0.619592	0.000000	0.000000	2438.473497	1.313056	11612.330389	8.993040	10008
W710	3342.034332	0.759076	0.000000	0.000000	3022.082781	1.623934	14391.554287	11.134190	10008
W711	2327.624836	0.560522	0.000000	0.000000	2104.788352	1.143491	10023.277995	7.795989	10008
W712	3023.950496	0.694102	0.000000	0.000000	2734.450881	1.472165	13021.813483	10.083712	10008
W713	2918.268408	0.655488	0.000000	0.000000	2638.886328	1.415229	12566.722555	9.713158	10008
W714	3335.407403	0.766970	0.000000	0.000000	3016.090285	1.624325	14363.017236	11.124062	10008
W715	1907.181702	0.528925	0.000000	0.000000	1724.596581	0.966508	8212.754949	6.486920	10008
W716	2867.173491	0.611060	0.000000	0.000000	2592.683012	1.378236	12346.696307	9.502828	10008
W717	4477.670988	0.935755	0.000000	0.000000	4048.998617	2.145729	19281.862093	14.818680	10008
W718	2661.755898	0.586073	0.000000	0.000000	2406.931189	1.286400	11462.121781	8.844751	10008
W719	2711.956208	0.747690	0.000000	0.000000	2452.325543	1.372370	11678.295645	9.217535	10008
W720	1358.995753	0.391165	0.000000	0.000000	1228.891524	0.695179	5852.142501	4.644301	10008
W721	1915.450893	0.542388	0.000000	0.000000	1732.074116	0.975737	8248.363951	6.532090	10008
W722	2775.650765	0.637662	0.000000	0.000000	2509.922265	1.351497	11952.578786	9.256435	10008
W723	1968.786123	0.515125	0.000000	0.000000	1780.303268	0.984206	8478.037493	6.650924	10008
W724	2400.477224	0.545393	0.000000	0.000000	2170.666176	1.166486	10336.996825	7.997554	10008
W725	1930.379738	0.491343	0.000000	0.000000	1745.573739	0.959192	8312.650928	6.501695	10008
W726	2181.896939	0.592417	0.000000	0.000000	1973.011798	1.100091	9395.740774	7.402294	10008
W727	2352.738041	0.666172	0.000000	0.000000	2127.497331	1.198474	10131.421126	8.023270	10008
W728	3070.627649	0.843477	0.000000	0.000000	2776.659370	1.552495	13222.815841	10.431952	10008
W729	1454.940753	0.461852	0.000000	0.000000	1315.651176	0.764811	6265.303332	5.042422	10008
W730	2167.694546	0.500017	0.000000	0.000000	1960.169080	1.056258	9334.582064	7.231570	10008
W731	1860.341579	0.456623	0.000000	0.000000	1682.240723	0.917414	8011.050804	6.242506	10008
W732	1687.579697	0.460115	0.000000	0.000000	1526.018298	0.851704	7267.099143	5.728118	10008
W733	2833.852939	0.653065	0.000000	0.000000	2562.552421	1.380622	12203.210488	9.453131	10008
W734	1762.714527	0.437158	0.000000	0.000000	1593.960053	0.871108	7590.646681	5.921041	10008
W735	1628.552180	0.455224	0.000000	0.000000	1472.641814	0.826910	7012.913328	5.544635	10008
W736	2558.091529	0.575072	0.000000	0.000000	2313.191187	1.240743	11015.719605	8.514954	10008
W737	2536.257790	0.670299	0.000000	0.000000	2293.447713	1.270766	10921.698595	8.577611	10008
W738	2430.171323	0.588624	0.000000	0.000000	2197.517494	1.195238	10464.866320	8.144006	10008
W739	1848.279885	0.439008	0.000000	0.000000	1671.333762	0.905580	7959.110428	6.182445	10008
W740	2852.855112	0.620636	0.000000	0.000000	2579.735411	1.375971	12285.038135	9.470574	10008
W741	1654.239919	0.515968	0.000000	0.000000	1495.870322	0.865085	7123.530530	5.717712	10008
W742	2827.225703	0.633040	0.000000	0.000000	2556.559648	1.370322	12174.672113	9.407635	10008
W743	1331.402521	0.412667	0.000000	0.000000	1203.939946	0.694989	5733.319817	4.597509	10008
W744	2280.950718	0.541026	0.000000	0.000000	2062.582608	1.117273	9822.288709	7.628729	10008
W745	2357.905190	0.596871	0.000000	0.000000	2132.169800	1.170251	10153.672037	7.937041	10008
W746	2825.904454	0.597242	0.000000	0.000000	2555.364889	1.356584	12168.982517	9.360082	10008
W747	2694.798114	0.617949	0.000000	0.000000	2436.810089	1.311690	11604.409019	8.985348	10008
W748	2873.127140	0.674999	0.000000	0.000000	2598.066685	1.404778	12372.334064	9.600792	10008
W749	2717.850425	0.589434	0.000000	0.000000	2457.655474	1.310182	11703.677477	9.020178	10008
W750	2208.143740	0.533921	0.000000	0.000000	1996.745848	1.085666	9508.765427	7.398708	10008
W751	2238.975130	0.593556	0.000000	0.000000	2024.625576	1.122604	9641.532349	7.574851	10008
W752	1835.024221	0.547659	0.000000	0.000000	1659.347137	0.947768	7902.028544	6.302011	10008
W753	1799.936260	0.488480	0.000000	0.000000	1627.618341	0.907409	7750.931864	6.106117	10008
W754	1515.191846	0.419503	0.000000	0.000000	1370.134096	0.767541	6524.758140	5.152567	10008
W755	1593.690583	0.495263	0.000000	0.000000	1441.117711	0.832535	6862.791419	5.505390	10008
W756	3173.246373	0.692159	0.000000	0.000000	2869.453833	1.531173	13664.715231	10.536387	10008
W757	1873.802820	0.467757	0.000000	0.000000	1694.413244	0.927261	8069.017946	6.298379	10008
W758	1950.721263	0.514258	0.000000	0.000000	1763.967857	0.976833	8400.246128	6.595461	10008
W759	1738.387643	0.454055	0.000000	0.000000	1571.962116	0.868693	7485.889624	5.871467	10008
W760	1152.989679	0.411862	0.000000	0.000000	1042.607558	0.629690	4965.033841	4.077876	10008
W761	895.053341	0.299071	0.000000	0.000000	809.364902	0.478013	3854.301742	3.127954	10008
W762	2307.404427	0.600648	0.000000	0.000000	2086.503756	1.152170	9936.204352	7.790433	10008
W763	1567.232558	0.436647	0.000000	0.000000	1417.192661	0.795128	6748.857193	5.333679	10008
W764	1741.508378	0.450215	0.000000	0.000000	1574.784086	0.868270	7499.328215	5.875361	10008
W765	1695.175671	0.448093	0.000000	0.000000	1532.887067	0.849386	7299.809121	5.733193	10008
W766	3804.894589	0.788263	0.000000	0.000000	3440.630848	1.820881	16384.735041	12.584113	10008
W767	2237.972190	0.494147	0.000000	0.000000	2023.718654	1.082106	9637.213466	7.438262	10008
W768	2606.249608	0.604367	0.000000	0.000000	2356.738824	1.271191	11223.099163	8.698717	10008
W769	2555.186480	0.541002	0.000000	0.000000	2310.564254	1.226976	11003.209806	8.464553	10008
W770	1380.927725	0.413531	0.000000	0.000000	1248.723827	0.713893	5946.586525	4.744763	10008
W771	1479.540581	0.409825	0.000000	0.000000	1337.895925	0.749567	6371.235743	5.031622	10008
W772	2456.134583	0.598079	0.000000	0.000000	2220.995147	1.209286	10576.669980	8.235269	10008
W773	1820.155559	0.471366	0.000000	0.000000	1645.901934	0.907829	7838.000730	6.141860	10008
W774	3466.215313	0.726489	0.000000	0.000000	3134.375225	1.661786	14926.305624	11.473782	10008
W775	3341.328226	0.694036	0.000000	0.000000	3021.444274	1.599677	14388.513633	11.053042	10008
W776	2998.287094	0.626094	0.000000	0.000000	2711.244379	1.436622	12911.301079	9.922136	10008
W777	3067.695782	0.710086	0.000000	0.000000	2774.008187	1.495761	13210.190558	10.237200	10008
W778	3343.341265	0.706781	0.000000	0.000000	3023.264594	1.605046	14397.182236	11.074173	10008
W779	2749.931734	0.678579	0.000000	0.000000	2486.665461	1.357580	11841.826836	9.232490	10008
W780	2955.906552	0.669107	0.000000	0.000000	2672.921163	1.435444	12728.800899	9.844919	10008
W781	2611.353880	0.635801	0.000000	0.000000	2361.354436	1.285678	11245.079311	8.755609	10008
W782	4397.018760	0.928572	0.000000	0.000000	3976.067676	2.110544	18934.555391	14.563145	10008
W783	3147.772279	0.692607	0.000000	0.000000	2846.418516	1.521109	13555.018034	10.459148	10008
W784	1351.766252	0.538909	0.000000	0.000000	1222.354143	0.769308	5821.010636	4.890694	10008
W785	3107.391329	0.678195	0.000000	0.000000	2809.903459	1.499545	13381.128546	10.318212	10008
W786	3631.530500	0.843703	0.000000	0.000000	3283.863869	1.771885	15638.190139	12.122773	10008
W787	3082.335673	0.704392	0.000000	0.000000	2787.246520	1.499392	13273.233235	10.274441	10008
W788	3738.143274	0.757734	0.000000	0.000000	3380.270008	1.783079	16097.288810	12.344139	10008
W789	3846.381908	0.775220	0.000000	0.000000	3478.146356	1.833164	16563.388805	12.696508	10008
W790	2743.078814	0.629054	0.000000	0.000000	2480.468609	1.335204	11812.316614	9.146375	10008
W791	2444.896719	0.639561	0.000000	0.000000	2210.833146	1.222158	10528.277200	8.259118	10008
W792	1674.196009	0.461813	0.000000	0.000000	1513.915905	0.847322	7209.465960	5.690697	10008
W793	2277.454128	0.506082	0.000000	0.000000	2059.420766	1.102401	9807.231601	7.573462	10008
W794	2998.881933	0.687924	0.000000	0.000000	2711.782271	1.459797	12913.862589	9.999578	10008
W795	3403.814465	0.673422	0.000000	0.000000	3077.948358	1.617916	14657.593487	11.221494	10008
W796	3845.911512	0.818415	0.000000	0.000000	3477.720993	1.848263	16561.363173	12.745239	10008
W797	1950.958112	0.531598	0.000000	0.000000	1764.182032	0.984485	8401.266054	6.621613	10008
W798	1544.640401	0.404086	0.000000	0.000000	1396.763376	0.772147	6651.570263	5.217991	10008
W799	1647.443121	0.455202	0.000000	0.000000	1489.724220	0.834125	7094.261983	5.600920	10008
W800	1029.394860	0.309693	0.000000	0.000000	930.845159	0.532842	4432.806649	3.539242	10008
W801	1683.721266	0.455344	0.000000	0.000000	1522.529256	0.848119	7250.483867	5.709502	10008
W802	1189.021524	0.378597	0.000000	0.000000	1075.189874	0.625598	5120.195099	4.122788	10008
W803	1872.620353	0.505368	0.000000	0.000000	1693.343981	0.942805	8063.925976	6.348491	10008
W804	2026.654350	0.527231	0.000000	0.000000	1832.631447	1.011839	8727.231142	6.842066	10008
W805	1953.050759	0.461707	0.000000	0.000000	1766.074337	0.956048	8410.277461	6.530028	10008
W806	2723.953706	0.617964	0.000000	0.000000	2463.174454	1.323323	11729.959583	9.074097	10008
W807	1489.305227	0.416840	0.000000	0.000000	1346.725747	0.756449	6413.284513	5.071370	10008
W808	1113.374215	0.336706	0.000000	0.000000	1006.784703	0.577144	4794.440709	3.830820	10008
W809	2188.032213	0.593842	0.000000	0.000000	1978.559708	1.103078	9422.160648	7.422751	10008
W810	2667.552410	0.609981	0.000000	0.000000	2412.172768	1.297766	11487.082869	8.892311	10008
W811	2299.854606	0.567816	0.000000	0.000000	2079.676721	1.135509	9903.693116	7.721831	10008
W812	3448.129085	0.731295	0.000000	0.000000	3118.020493	1.656204	14848.422245	11.424062	10008
W813	3836.360338	1.001014	0.000000	0.000000	3469.084206	1.916639	16520.233659	12.955986	10008
W814	2538.473927	0.559952	0.000000	0.000000	2295.451687	1.227201	10931.241783	8.436356	10008
W815	2807.410222	0.618780	0.000000	0.000000	2538.641213	1.357031	12089.342179	9.329529	10008
W816	2687.042922	0.612626	0.000000	0.000000	2429.797345	1.306553	11571.013414	8.954982	10008
W817	3269.526746	0.742087	0.000000	0.000000	2956.516749	1.588503	14079.320252	10.891969	10008
W818	1891.696036	0.573584	0.000000	0.000000	1710.593443	0.981321	8146.070174	6.511259	10008
W819	3759.687668	0.824436	0.000000	0.000000	3399.751838	1.815762	16190.063836	12.488921	10008
W820	3842.760198	0.840939	0.000000	0.000000	3474.871372	1.855246	16547.792903	12.762775	10008
W821	3157.515082	0.721666	0.000000	0.000000	2855.228585	1.535998	13596.972740	10.525158	10008
W822	3007.666740	0.692534	0.000000	0.000000	2719.726060	1.465075	12951.691952	10.032186	10008
W823	1442.536971	0.483744	0.000000	0.000000	1304.434877	0.771293	6211.889846	5.044340	10008
W824	2263.580114	0.544670	0.000000	0.000000	2046.874989	1.111856	9747.486966	7.580910	10008
W825	2445.411761	0.658577	0.000000	0.000000	2211.298880	1.230587	10530.495086	8.288325	10008
W826	1713.689496	0.504124	0.000000	0.000000	1549.628460	0.881658	7379.533827	5.873583	10008
W827	1751.830390	0.501937	0.000000	0.000000	1584.117915	0.895073	7543.777129	5.983211	10008
W828	2615.124546	0.655662	0.000000	0.000000	2364.764115	1.295285	11261.316649	8.794101	10008
W829	2623.220317	0.603630	0.000000	0.000000	2372.084833	1.277658	11296.178867	8.749360	10008
W830	2374.210286	0.599752	0.000000	0.000000	2146.913918	1.177824	10223.885460	7.990190	10008
W831	1744.420041	0.506816	0.000000	0.000000	1577.417000	0.894514	7511.866494	5.968862	10008
W832	2085.554421	0.496417	0.000000	0.000000	1885.892686	1.022251	8980.868143	6.977507	10008
W833	2603.491760	0.577699	0.000000	0.000000	2354.245000	1.259907	11211.223247	8.656638	10008
W834	1367.786070	0.441007	0.000000	0.000000	1236.840295	0.722383	5889.995591	4.752029	10008
W835	-238.196277	0.009142	0.000000	0.000000	-215.392421	-0.105220	-1025.726941	-0.759618	10008
W836	1836.149010	0.477724	0.000000	0.000000	1660.364243	0.916749	7906.872140	6.198989	10008
W837	2581.612568	0.615315	0.000000	0.000000	2334.460425	1.265725	11117.006508	8.638225	10008
W838	3170.698217	0.699784	0.000000	0.000000	2867.149626	1.532983	13653.742299	10.537947	10008
W839	2820.207109	0.613838	0.000000	0.000000	2550.212982	1.360337	12144.448462	9.362562	10008
W840	1632.827083	0.480041	0.000000	0.000000	1476.507456	0.839918	7031.322023	5.595961	10008
W841	1517.860055	0.472803	0.000000	0.000000	1372.546862	0.793460	6536.248050	5.245281	10008
W842	3683.963847	0.860750	0.000000	0.000000	3331.277480	1.799367	15863.979968	12.304101	10008
W843	3858.009087	0.868961	0.000000	0.000000	3488.660400	1.871868	16613.458060	12.843986	10008
W844	3964.620426	0.789426	0.000000	0.000000	3585.065242	1.886205	17072.550554	13.075966	10008
W845	2864.644376	0.643405	0.000000	0.000000	2590.396023	1.389209	12335.805368	9.534627	10008
W846	3321.121548	0.736840	0.000000	0.000000	3003.172094	1.607153	14301.499118	11.042646	10008
W847	2927.861428	0.690462	0.000000	0.000000	2647.560954	1.432564	12608.032262	9.787091	10008
W848	2220.611466	0.542516	0.000000	0.000000	2008.019969	1.094049	9562.454270	7.447985	10008
W849	2785.201109	0.660021	0.000000	0.000000	2518.558302	1.364027	11993.704724	9.314413	10008
W850	2648.788745	0.677760	0.000000	0.000000	2395.205453	1.317658	11406.282291	8.926363	10008
W851	3135.210827	0.735841	0.000000	0.000000	2835.059641	1.532633	13500.925586	10.475613	10008
W852	3403.256189	0.812577	0.000000	0.000000	3077.443529	1.669132	14655.189424	11.389377	10008
W853	1703.549532	0.495010	0.000000	0.000000	1540.459252	0.873588	7335.868855	5.829122	10008
W854	3963.614683	0.791064	0.000000	0.000000	3584.155784	1.886356	17068.219597	13.074709	10008
W855	2226.257544	0.558711	0.000000	0.000000	2013.125516	1.102903	9586.767554	7.487179	10008
W856	3019.592842	0.681233	0.000000	0.000000	2730.510410	1.465500	13003.048443	10.054149	10008
W857	3207.021501	0.827953	0.000000	0.000000	2899.995480	1.598459	13810.158558	10.817993	10008
W858	3430.206619	0.744857	0.000000	0.000000	3101.813844	1.653927	14771.244058	11.385520	10008
W859	2762.123394	0.657240	0.000000	0.000000	2497.689945	1.353790	11894.326873	9.240773	10008
W860	2776.203718	0.672271	0.000000	0.000000	2510.422281	1.365361	11954.959926	9.303408	10008
W861	2333.814087	0.659734	0.000000	0.000000	2110.385072	1.188344	10049.930308	7.957075	10008
W862	2007.851532	0.547265	0.000000	0.000000	1815.628727	1.013266	8646.261962	6.814956	10008
W863	1810.564373	0.534991	0.000000	0.000000	1637.228966	0.932608	7796.698917	6.209394	10008
W864	3694.629620	0.798695	0.000000	0.000000	3340.922159	1.780106	15909.909192	12.258857	10008
W865	2751.364610	0.790296	0.000000	0.000000	2487.961159	1.406675	11847.997121	9.400096	10008
W866	2270.467787	0.546828	0.000000	0.000000	2053.103266	1.115440	9777.146841	7.604645	10008
W867	1576.389572	0.456060	0.000000	0.000000	1425.473023	0.807454	6788.289361	5.390869	10008
W868	1709.862617	0.554057	0.000000	0.000000	1546.167950	0.904426	7363.054423	5.945243	10008
W869	2231.474980	0.570744	0.000000	0.000000	2017.843458	1.109964	9609.235010	7.519693	10008
W870	2968.994496	0.682081	0.000000	0.000000	2684.756125	1.445639	12785.160539	9.901213	10008
W871	1098.902037	0.471137	0.000000	0.000000	993.698027	0.644738	4732.120244	4.045276	10008
W872	2120.066690	0.588236	0.000000	0.000000	1917.100904	1.074514	9129.485766	7.211418	10008
W873	3124.151517	0.672038	0.000000	0.000000	2825.059100	1.504025	13453.301697	10.361982	10008
W874	3238.051530	0.701754	0.000000	0.000000	2928.054831	1.560770	13943.780866	10.746051	10008
W875	2562.717989	0.579608	0.000000	0.000000	2317.374729	1.244315	11035.642185	8.534743	10008
W876	3680.044849	0.667788	0.000000	0.000000	3327.733669	1.729435	15847.103876	12.067674	10008
W877	3278.308253	0.806217	0.000000	0.000000	2964.457554	1.617307	14117.135404	11.002700	10008
W878	1668.209610	0.519387	0.000000	0.000000	1508.502618	0.871933	7183.687175	5.764428	10008
W879	4477.882596	0.886697	0.000000	0.000000	4049.189967	2.128711	19282.773326	14.763285	10008
W880	2406.336929	0.638386	0.000000	0.000000	2175.964899	1.206717	10362.230037	8.141737	10008
W881	3696.316012	0.779596	0.000000	0.000000	3342.447103	1.773851	15917.171178	12.241201	10008
W882	3722.375584	0.819532	0.000000	0.000000	3366.011847	1.798961	16029.389577	12.368998	10008
W883	2463.581059	0.612150	0.000000	0.000000	2227.728729	1.217949	10608.736183	8.276895	10008
W884	2612.854840	0.670336	0.000000	0.000000	2362.711701	1.300528	11251.542784	8.807762	10008
W885	2566.519248	0.798377	0.000000	0.000000	2320.812073	1.341121	11052.011264	8.867343	10008
W886	2503.750641	0.638294	0.000000	0.000000	2264.052654	1.244519	10781.715475	8.434277	10008
W887	2816.879772	0.649470	0.000000	0.000000	2547.204190	1.372475	12130.120201	9.396918	10008
W888	2665.418496	0.633342	0.000000	0.000000	2410.243145	1.306040	11477.893753	8.916074	10008
W889	2618.487415	0.616868	0.000000	0.000000	2367.805038	1.280941	11275.797924	8.752102	10008
W890	3483.234283	0.828141	0.000000	0.000000	3149.764875	1.706953	14999.593152	11.652369	10008
W891	2270.232152	0.546020	0.000000	0.000000	2052.890190	1.115023	9776.132146	7.602854	10008
W892	1709.865489	0.520002	0.000000	0.000000	1546.170547	0.887738	7363.066791	5.887931	10008
W893	2596.344257	0.614857	0.000000	0.000000	2347.781768	1.271374	11180.444486	8.682290	10008
W894	1607.995330	0.443071	0.000000	0.000000	1454.052986	0.813603	6924.390892	5.464952	10008
W895	3531.849998	0.695280	0.000000	0.000000	3193.726336	1.677595	15208.943394	11.639739	10008
W896	3430.737453	0.695096	0.000000	0.000000	3102.293858	1.636334	14773.529951	11.328649	10008
W897	3060.769995	0.679625	0.000000	0.000000	2767.745444	1.481369	13180.366556	10.177662	10008
W898	1607.641961	0.423242	0.000000	0.000000	1453.733446	0.804788	6922.869202	5.434671	10008
W899	2535.192484	0.707198	0.000000	0.000000	2292.484394	1.286608	10917.111147	8.629203	10008
W900	2737.574426	0.860568	0.000000	0.000000	2475.491187	1.434892	11788.613478	9.473399	10008
W901	2265.803982	0.625418	0.000000	0.000000	2048.885953	1.146924	9757.063442	7.702234	10008
W902	4132.645584	0.925265	0.000000	0.000000	3737.004417	2.003016	17796.104817	13.751351	10008
W903	3062.387887	0.680937	0.000000	0.000000	2769.208446	1.482510	13187.333563	10.184222	10008
W904	1651.606887	0.454615	0.000000	0.000000	1493.489365	0.835459	7112.192099	5.612460	10008
W905	1578.547319	0.473078	0.000000	0.000000	1427.424197	0.816230	6797.581109	5.424364	10008
W906	1585.448837	0.574166	0.000000	0.000000	1433.664994	0.870075	6827.300601	5.622125	10008
W907	3310.606920	0.733089	0.000000	0.000000	2993.664090	1.601533	14256.220758	11.005931	10008
W908	2467.378238	0.705910	0.000000	0.000000	2231.162384	1.260192	10625.087695	8.425471	10008
W909	2742.738612	0.698820	0.000000	0.000000	2480.160976	1.363143	11810.851628	9.238784	10008
W910	2111.151359	0.575645	0.000000	0.000000	1909.039087	1.065496	9091.094337	7.165906	10008
W911	2929.260318	0.796655	0.000000	0.000000	2648.825921	1.477485	12614.056201	9.939754	10008
W912	2231.910196	0.599330	0.000000	0.000000	2018.237008	1.122384	9611.109150	7.562124	10008
W913	1381.890495	0.505618	0.000000	0.000000	1249.594425	0.761164	5950.732428	4.910123	10008
W914	4061.423184	0.828257	0.000000	0.000000	3672.600533	1.939021	17489.405081	13.417377	10008
W915	3396.009363	0.726826	0.000000	0.000000	3070.890482	1.633556	14623.982955	11.259232	10008
W916	2171.922436	0.585909	0.000000	0.000000	1963.992210	1.093393	9352.788313	7.362831	10008
W917	3360.551261	0.784103	0.000000	0.000000	3038.826981	1.640978	14471.292362	11.222529	10008
W918	4628.774177	0.931506	0.000000	0.000000	4185.635857	2.205563	19932.546535	15.277519	10008
W919	3936.183519	0.853145	0.000000	0.000000	3559.350759	1.897309	16950.094815	13.063036	10008
W920	1992.025221	0.514427	0.000000	0.000000	1801.317557	0.992938	8578.110295	6.719752	10008
W921	2044.475523	0.573169	0.000000	0.000000	1848.746500	1.038857	8803.973136	6.963270	10008
W922	2708.290728	0.701774	0.000000	0.000000	2449.010979	1.350973	11662.511260	9.139327	10008
W923	2678.946538	0.636155	0.000000	0.000000	2422.476073	1.312510	11536.148557	8.960798	10008
W924	2639.026109	0.592364	0.000000	0.000000	2386.377448	1.279657	11364.242175	8.783226	10008
W925	1203.688480	0.455400	0.000000	0.000000	1088.452681	0.671234	5183.354323	4.305939	10008
W926	3517.432453	0.765578	0.000000	0.000000	3180.689063	1.696640	15146.858189	11.677201	10008
W927	3232.968305	0.926366	0.000000	0.000000	2923.458251	1.651862	13921.891352	11.041978	10008
W928	2258.928624	0.587293	0.000000	0.000000	2042.668811	1.127651	9727.456598	7.625713	10008
W929	2983.721599	0.718600	0.000000	0.000000	2698.073321	1.465845	12848.578772	9.993584	10008
W930	1576.191095	0.481813	0.000000	0.000000	1425.293547	0.819519	6787.434673	5.431666	10008
W931	2758.605880	0.617624	0.000000	0.000000	2494.509182	1.337043	11879.179664	9.179237	10008
W932	1293.019998	0.427937	0.000000	0.000000	1169.231995	0.688456	5568.036005	4.511477	10008
W933	2888.840642	0.677194	0.000000	0.000000	2612.275845	1.411874	12439.999950	9.651351	10008
W934	2883.395706	0.675048	0.000000	0.000000	2607.352183	1.408872	12416.552826	9.632029	10008
W935	1281.546722	0.432113	0.000000	0.000000	1158.857120	0.686425	5518.629492	4.485580	10008
W936	2200.183967	0.537917	0.000000	0.000000	1989.548108	1.084144	9474.488847	7.380000	10008
W937	3216.849504	0.752317	0.000000	0.000000	2908.882594	1.571490	13852.480159	10.744899	10008
W938	2289.979541	0.668932	0.000000	0.000000	2070.747051	1.175946	9861.168857	7.841296	10008
W939	1835.930170	0.532701	0.000000	0.000000	1660.166354	0.941114	7905.929767	6.280875	10008
W940	3050.289860	0.692402	0.000000	0.000000	2758.268631	1.482015	13135.236730	10.161707	10008
W941	2610.527317	0.626837	0.000000	0.000000	2360.607005	1.281748	11241.519947	8.741112	10008
W942	788.675121	0.354640	0.000000	0.000000	713.170861	0.472721	3396.213110	2.939565	10008
W943	2763.764090	0.656048	0.000000	0.000000	2499.173568	1.353967	11901.392083	9.244178	10008
W944	510.935277	0.186725	0.000000	0.000000	462.020599	0.281310	2200.202647	1.815031	10008
W945	777.411261	0.323227	0.000000	0.000000	702.985353	0.450147	3347.708388	2.840293	10008
W946	3094.719927	0.637558	0.000000	0.000000	2798.445160	1.479754	13326.562626	10.231172	10008
W947	3675.164247	0.794837	0.000000	0.000000	3323.320314	1.770856	15826.086902	12.194693	10008
W948	3553.258912	0.746990	0.000000	0.000000	3213.085655	1.704325	15301.135009	11.764565	10008
W949	2850.050167	0.750259	0.000000	0.000000	2577.198999	1.426709	12272.959409	9.634558	10008
W950	2826.134237	0.687232	0.000000	0.000000	2555.572673	1.391075	12169.972013	9.474585	10008
W951	3670.613600	0.726223	0.000000	0.000000	3319.205326	1.744738	15806.490788	12.101081	10008
W952	3158.332180	0.697445	0.000000	0.000000	2855.967458	1.527149	13600.491349	10.497329	10008
W953	3199.780923	0.739419	0.000000	0.000000	2893.448082	1.559682	13778.978994	10.676386	10008
W954	2179.929352	0.540011	0.000000	0.000000	1971.232580	1.077037	9387.267903	7.321641	10008
W955	2027.129842	0.540664	0.000000	0.000000	1833.061418	1.017803	8729.278718	6.862902	10008
W956	2314.295964	0.618022	0.000000	0.000000	2092.735528	1.162319	9965.880867	7.836232	10008
W957	3106.314332	0.744526	0.000000	0.000000	2808.929568	1.524632	13376.490753	10.399404	10008
W958	4450.434145	0.875401	0.000000	0.000000	4024.369309	2.113673	19164.574099	14.666283	10008
W959	2342.591270	0.602085	0.000000	0.000000	2118.321967	1.166464	10087.726843	7.898255	10008
W960	2703.082131	0.654366	0.000000	0.000000	2444.301031	1.329319	11640.081867	9.058103	10008
W961	3209.859112	0.743668	0.000000	0.000000	2902.561430	1.565339	13822.377950	10.712482	10008
W962	2509.038212	0.649382	0.000000	0.000000	2268.834016	1.251256	10804.484946	8.465851	10008
W963	2471.371562	0.573162	0.000000	0.000000	2234.773405	1.205433	10642.283850	8.248635	10008
W964	1482.325149	0.423128	0.000000	0.000000	1340.413910	0.756645	6383.226720	5.060273	10008
W965	2738.103468	0.627427	0.000000	0.000000	2475.969580	1.332595	11790.891651	9.129166	10008
W966	3063.860506	0.651052	0.000000	0.000000	2770.540083	1.472085	13193.674993	10.152425	10008
W967	3499.884392	0.686173	0.000000	0.000000	3164.820976	1.661459	15071.292279	11.531280	10008
W968	1512.096868	0.461359	0.000000	0.000000	1367.335417	0.785780	6511.430465	5.209378	10008
W969	4617.642210	1.117154	0.000000	0.000000	4175.569615	2.270582	19884.609772	15.472921	10008
W970	2125.384566	0.513499	0.000000	0.000000	1921.909670	1.044811	9152.385742	7.120861	10008
W971	2240.237581	0.542407	0.000000	0.000000	2025.767167	1.101737	9646.968751	7.507215	10008
W972	2424.859889	0.608057	0.000000	0.000000	2192.714553	1.201087	10441.994085	8.154417	10008
W973	2421.190980	0.644297	0.000000	0.000000	2189.396889	1.215020	10426.194936	8.194864	10008
W974	1205.719462	0.402745	0.000000	0.000000	1090.289226	0.643860	5192.100192	4.213411	10008
W975	1338.968570	0.439964	0.000000	0.000000	1210.781655	0.711308	5765.900928	4.666220	10008
W976	2399.019352	0.636379	0.000000	0.000000	2169.347875	1.203019	10330.718901	8.116883	10008
W977	2983.617223	0.642656	0.000000	0.000000	2697.978936	1.436679	12848.129302	9.896887	10008
W978	1336.876967	0.452754	0.000000	0.000000	1208.890292	0.717085	5756.894014	4.682795	10008
W979	284.763368	0.210019	0.000000	0.000000	257.501385	0.227580	1226.255345	1.280778	10008
W980	1639.252079	0.508517	0.000000	0.000000	1482.317352	0.855896	7058.989507	5.661274	10008
W981	2452.944951	0.606686	0.000000	0.000000	2218.110876	1.211534	10562.934704	8.237300	10008
W982	2988.975718	0.747002	0.000000	0.000000	2702.824433	1.479467	12871.204191	10.047980	10008
W983	2252.866031	0.594296	0.000000	0.000000	2037.186625	1.128299	9701.349708	7.617579	10008
W984	4175.870459	0.927259	0.000000	0.000000	3776.091133	2.021074	17982.240885	13.885630	10008
W985	2883.198602	0.722848	0.000000	0.000000	2607.173949	1.428053	12415.704051	9.695541	10008
W986	3800.127807	0.839052	0.000000	0.000000	3436.320418	1.837433	16364.208205	12.630313	10008
W987	1590.064306	0.449017	0.000000	0.000000	1437.838599	0.809424	6847.175855	5.420558	10008
W988	663.532268	0.241665	0.000000	0.000000	600.008630	0.364878	2857.319736	2.355535	10008
W989	2212.411501	0.575695	0.000000	0.000000	2000.605032	1.104641	9527.143367	7.469390	10008
W990	1685.753680	0.502670	0.000000	0.000000	1524.367096	0.870464	7259.235900	5.788664	10008
W991	2232.096585	0.559454	0.000000	0.000000	2018.405553	1.105497	9611.911783	7.505817	10008
W992	2798.071234	0.645201	0.000000	0.000000	2530.196298	1.363337	12049.126387	9.334260	10008
W993	1925.401329	0.508026	0.000000	0.000000	1741.071941	0.964344	8291.212774	6.510493	10008
W994	2099.162693	0.534301	0.000000	0.000000	1898.198162	1.043058	9039.468434	7.070168	10008
W995	2139.344890	0.509229	0.000000	0.000000	1934.533495	1.048620	9212.502048	7.157482	10008
W996	3605.623703	0.687516	0.000000	0.000000	3260.437274	1.705186	15526.629622	11.858547	10008
W997	2001.646038	0.491161	0.000000	0.000000	1810.017320	0.987039	8619.539706	6.716466	10008
W998	2539.564106	0.569121	0.000000	0.000000	2296.437497	1.231081	10935.936338	8.451049	10008
W999	2568.286977	0.604590	0.000000	0.000000	2322.410567	1.256206	11059.623505	8.583720	10008
W1000	3285.010831	0.726300	0.000000	0.000000	2970.518457	1.588731	14145.998217	10.919455	10008
W1001	4049.924929	0.779529	0.000000	0.000000	3662.203070	1.917721	17439.891002	13.327687	10008
W1002	3259.435166	0.752146	0.000000	0.000000	2947.391292	1.588349	14035.863629	10.874071	10008
W1003	1966.160057	0.574876	0.000000	0.000000	1777.928609	1.009908	8466.729059	6.733329	10008
W1004	3905.778709	0.847424	0.000000	0.000000	3531.856770	1.882973	16819.164839	12.963185	10008
W1005	3464.738598	0.742727	0.000000	0.000000	3133.039884	1.667050	14919.946554	11.488527	10008
W1006	2504.437732	0.583075	0.000000	0.000000	2264.673966	1.222435	10784.674241	8.361896	10008
W1007	3618.843722	0.802075	0.000000	0.000000	3272.391667	1.750919	15583.558008	12.031552	10008
W1008	1719.413604	0.479303	0.000000	0.000000	1554.804568	0.872452	7404.183132	5.851979	10008
W1009	2373.090502	0.655421	0.000000	0.000000	2145.901337	1.201405	10219.063417	8.067522	10008
W1010	2323.787534	0.576035	0.000000	0.000000	2101.318417	1.148272	10006.753707	7.805341	10008
W1011	4163.535448	0.921284	0.000000	0.000000	3764.937022	2.013892	17929.123545	13.840614	10008
W1012	3621.084537	0.734796	0.000000	0.000000	3274.417956	1.727517	15593.207464	11.958486	10008
W1013	2513.248977	0.629642	0.000000	0.000000	2272.641662	1.244628	10822.617454	8.450855	10008
W1014	1958.903339	0.535891	0.000000	0.000000	1771.366617	0.989435	8435.479993	6.651753	10008
W1015	2673.219473	0.632944	0.000000	0.000000	2417.297291	1.308971	11511.486520	8.939208	10008
W1016	2035.979246	0.514995	0.000000	0.000000	1841.063618	1.010316	8767.386247	6.852856	10008
W1017	1831.335687	0.489917	0.000000	0.000000	1656.011727	0.920137	7886.144886	6.202192	10008
W1018	2149.795925	0.538383	0.000000	0.000000	1943.983994	1.064552	9257.506563	7.228455	10008
W1019	3076.938408	0.686933	0.000000	0.000000	2782.365965	1.490592	13249.991392	10.236040	10008
W1020	3147.272752	0.666019	0.000000	0.000000	2845.966811	1.511167	13552.866955	10.425547	10008
W1021	2785.054634	0.603212	0.000000	0.000000	2518.425850	1.342286	11993.073970	9.242254	10008
W1022	2404.791766	0.570626	0.000000	0.000000	2174.567663	1.178023	10355.576217	8.043218	10008
W1023	2905.450463	0.614123	0.000000	0.000000	2627.295516	1.394795	12511.525588	9.623640	10008
W1024	1097.653957	0.301723	0.000000	0.000000	992.569433	0.555060	4726.745730	3.729407	10008
W1025	3574.867301	0.723649	0.000000	0.000000	3232.625353	1.704853	15394.185611	11.803842	10008
W1026	3170.460364	0.725259	0.000000	0.000000	2866.934544	1.542539	13652.718048	10.569115	10008
W1027	3095.269394	0.702277	0.000000	0.000000	2798.942024	1.503741	13328.928758	10.311127	10008
W1028	3173.747674	0.728882	0.000000	0.000000	2869.907141	1.545244	13666.873946	10.583734	10008
W1029	2716.218189	0.638840	0.000000	0.000000	2456.179501	1.328336	11696.648699	9.077386	10008
W1030	1330.553811	0.444486	0.000000	0.000000	1203.172487	0.710545	5729.665077	4.649724	10008
W1031	2234.263840	0.504058	0.000000	0.000000	2020.365324	1.084355	9621.244471	7.439287	10008
W1032	2612.225570	0.596824	0.000000	0.000000	2362.142674	1.270656	11248.833005	8.707236	10008
W1033	2038.183090	0.516164	0.000000	0.000000	1843.056476	1.011664	8776.876497	6.861127	10008
W1034	2984.812316	0.660977	0.000000	0.000000	2699.059617	1.443939	12853.275646	9.922883	10008
W1035	2837.415872	0.566803	0.000000	0.000000	2565.774255	1.350552	12218.553280	9.360306	10008
W1036	2929.616351	0.644110	0.000000	0.000000	2649.147869	1.415504	12615.589357	9.733669	10008
W1037	2216.260598	0.648981	0.000000	0.000000	2004.085633	1.138827	9543.718449	7.591376	10008
W1038	2683.216516	0.652431	0.000000	0.000000	2426.337261	1.320709	11554.536043	8.995391	10008
W1039	2323.495240	0.535619	0.000000	0.000000	2101.054106	1.132045	10005.495023	7.750900	10008
W1040	2206.335858	0.569310	0.000000	0.000000	1995.111044	1.099567	9500.980276	7.442036	10008
W1041	3202.666898	0.711623	0.000000	0.000000	2896.057767	1.550229	13791.406656	10.650105	10008
W1042	2532.347877	0.583609	0.000000	0.000000	2289.912117	1.233742	10904.861627	8.447408	10008
W1043	3539.137290	0.767043	0.000000	0.000000	3200.315975	1.705909	15240.324118	11.745303	10008
W1044	1361.463528	0.468170	0.000000	0.000000	1231.123046	0.733952	5862.769299	4.781707	10008
W1045	3704.202788	0.790637	0.000000	0.000000	3349.578834	1.781023	15951.133417	12.278456	10008
W1046	2788.311554	0.603822	0.000000	0.000000	2521.370967	1.343820	12007.099003	9.252947	10008
W1047	2638.527871	0.731430	0.000000	0.000000	2385.926909	1.336991	11362.096649	8.973971	10008
W1048	3920.780226	0.823415	0.000000	0.000000	3545.422109	1.880307	16883.764757	12.980414	10008
W1049	2666.873939	0.640689	0.000000	0.000000	2411.559250	1.309542	11484.161217	8.930212	10008
W1050	2751.894226	0.628660	0.000000	0.000000	2488.440072	1.338566	11850.277768	9.172694	10008
W1051	4250.716931	0.837833	0.000000	0.000000	3843.772136	2.019401	18304.546691	14.010022	10008
W1052	2394.227946	0.596291	0.000000	0.000000	2165.015177	1.184227	10310.086026	8.045775	10008
W1053	4720.829796	0.881000	0.000000	0.000000	4268.878479	2.226335	20328.958813	15.505957	10008
W1054	3581.763972	0.787246	0.000000	0.000000	3238.861768	1.730511	15423.884236	11.900132	10008
W1055	2689.009987	0.639736	0.000000	0.000000	2431.576091	1.317913	11579.484037	8.996029	10008
W1056	2491.711507	0.579754	0.000000	0.000000	2253.166094	1.216084	10729.872245	8.318943	10008
W1057	2521.726006	0.553283	0.000000	0.000000	2280.307138	1.217997	10859.121455	8.377044	10008
W1058	3388.839726	0.677951	0.000000	0.000000	3064.407234	1.613360	14593.108881	11.180508	10008
W1059	1836.138956	0.491101	0.000000	0.000000	1660.355152	0.922507	7906.828848	6.218312	10008
W1060	1836.383418	0.551958	0.000000	0.000000	1660.576211	0.950315	7907.881556	6.312971	10008
W1061	954.328765	0.388497	0.000000	0.000000	862.965560	0.547752	4109.555099	3.469315	10008
W1062	2510.003761	0.603110	0.000000	0.000000	2269.707128	1.232555	10808.642822	8.405064	10008
W1063	2442.572193	0.660985	0.000000	0.000000	2208.731159	1.230549	10518.267266	8.283387	10008
W1064	1783.190092	0.529593	0.000000	0.000000	1612.475378	0.919772	7678.819087	6.119822	10008
W1065	2583.725733	0.593824	0.000000	0.000000	2336.371285	1.258145	11126.106274	8.616714	10008
W1066	3008.857605	0.667643	0.000000	0.000000	2720.802917	1.456074	12956.820088	10.004479	10008
W1067	2269.427423	0.562353	0.000000	0.000000	2052.162502	1.121326	9772.666800	7.622469	10008
W1068	2283.626671	0.594123	0.000000	0.000000	2065.002377	1.140154	9833.811967	7.709674	10008
W1069	3338.843667	0.666688	0.000000	0.000000	3019.197576	1.589125	14377.814562	11.014143	10008
W1070	2078.965082	0.547127	0.000000	0.000000	1879.934181	1.040647	8952.492963	7.027700	10008
W1071	1582.493028	0.490372	0.000000	0.000000	1430.992161	0.825999	6814.572222	5.464357	10008
W1072	3563.365815	0.785119	0.000000	0.000000	3222.224968	1.722336	15344.657615	11.841359	10008
W1073	3225.384247	0.710436	0.000000	0.000000	2916.600258	1.558894	13889.232688	10.717954	10008
W1074	2585.670478	0.559756	0.000000	0.000000	2338.129849	1.246091	11134.480786	8.580266	10008
W1075	1331.675397	0.398378	0.000000	0.000000	1204.186698	0.688240	5734.494882	4.574884	10008
W1076	2615.435242	0.588289	0.000000	0.000000	2365.045066	1.268680	11262.654577	8.706237	10008
W1077	2898.114015	0.695690	0.000000	0.000000	2620.661427	1.422869	12479.933189	9.703801	10008
W1078	2599.254368	0.681606	0.000000	0.000000	2350.413278	1.300033	11192.976083	8.782950	10008
W1079	4019.516763	0.832576	0.000000	0.000000	3634.706047	1.923537	17308.946575	13.293768	10008
W1080	3485.991059	0.733203	0.000000	0.000000	3152.257729	1.672187	15011.464452	11.542264	10008
W1081	2839.771910	0.691397	0.000000	0.000000	2567.904737	1.398131	12228.698915	9.521447	10008
W1082	2915.709963	0.726060	0.000000	0.000000	2636.572817	1.442118	12555.705311	9.798063	10008
W1083	2274.985401	0.601119	0.000000	0.000000	2057.188384	1.139803	9796.600706	7.693803	10008
W1084	3451.477665	0.713732	0.000000	0.000000	3121.048494	1.651284	14862.841983	11.413716	10008
W1085	2727.612040	0.628126	0.000000	0.000000	2466.482555	1.328686	11745.713195	9.098150	10008
W1086	3544.549408	0.752326	0.000000	0.000000	3205.209961	1.702726	15263.629922	11.744204	10008
W1087	3395.800604	0.714383	0.000000	0.000000	3070.701708	1.628977	14623.083991	11.243816	10008
W1088	4948.956330	0.976170	0.000000	0.000000	4475.165191	2.351357	21311.323169	16.312151	10008
W1089	2412.293147	0.574654	0.000000	0.000000	2181.350895	1.182589	10387.878859	8.071270	10008
W1090	3332.935380	0.698283	0.000000	0.000000	3013.854922	1.597791	14352.372145	11.032282	10008
W1091	1882.538549	0.520581	0.000000	0.000000	1702.312654	0.953345	8106.635970	6.400822	10008
W1092	2211.655658	0.597177	0.000000	0.000000	1999.921549	1.113636	9523.888535	7.498338	10008
W1093	1484.833350	0.474568	0.000000	0.000000	1342.681987	0.782121	6394.027600	5.151519	10008
W1094	2543.229354	0.618701	0.000000	0.000000	2299.751850	1.251930	10951.719722	8.526502	10008
W1095	2366.603031	0.606657	0.000000	0.000000	2140.034948	1.177746	10191.126903	7.976954	10008
W1096	2207.019742	0.543164	0.000000	0.000000	1995.729456	1.088967	9503.925235	7.407777	10008
W1097	1967.934065	0.465110	0.000000	0.000000	1779.532782	0.963288	8474.368339	6.579639	10008
W1098	1260.530608	0.376830	0.000000	0.000000	1139.852996	0.651346	5428.129360	4.330043	10008
W1099	2019.128950	0.505855	0.000000	0.000000	1825.826495	0.999928	8694.825069	6.789371	10008
W1100	2359.942128	0.562084	0.000000	0.000000	2134.011730	1.156886	10162.443552	7.895978	10008
W1101	3065.791917	0.821628	0.000000	0.000000	2772.286590	1.541019	13201.992088	10.385086	10008
W1102	2442.055638	0.567097	0.000000	0.000000	2208.264058	1.191419	10516.042865	8.151735	10008
W1103	1602.194935	0.486471	0.000000	0.000000	1448.807895	0.831461	6899.413081	5.515880	10008
W1104	1557.028711	0.472013	0.000000	0.000000	1407.965685	0.807666	6704.917125	5.359170	10008
W1105	2507.491990	0.553602	0.000000	0.000000	2267.435823	1.212404	10797.826566	8.333987	10008
W1106	2131.550190	0.544713	0.000000	0.000000	1927.485025	1.060061	9178.936310	7.182296	10008
W1107	2801.882215	0.577922	0.000000	0.000000	2533.642432	1.339977	12065.537331	9.263850	10008
W1108	996.034250	0.387009	0.000000	0.000000	900.678347	0.561127	4289.148334	3.583262	10008
W1109	1550.530474	0.453328	0.000000	0.000000	1402.089560	0.796411	6676.934247	5.309922	10008
W1110	1924.156747	0.555763	0.000000	0.000000	1739.946510	0.985167	8285.853325	6.578724	10008
W1111	2901.470040	0.627897	0.000000	0.000000	2623.696161	1.398199	12494.384990	9.627940	10008
W1112	953.504775	0.345324	0.000000	0.000000	862.220454	0.523280	4106.006810	3.381231	10008
W1113	3490.629514	0.780352	0.000000	0.000000	3156.452119	1.691401	15031.438686	11.613586	10008
W1114	1696.799960	0.513036	0.000000	0.000000	1534.355854	0.879525	7306.803674	5.838052	10008
W1115	1557.215051	0.505936	0.000000	0.000000	1408.134185	0.824357	6705.719544	5.416805	10008
W1116	4364.740079	0.841070	0.000000	0.000000	3946.879213	2.067107	18795.556106	14.364722	10008
W1117	3623.290341	0.678602	0.000000	0.000000	3276.412586	1.709523	15602.706153	11.903556	10008
W1118	2886.957741	0.603909	0.000000	0.000000	2610.573205	1.383658	12431.891754	9.554962	10008
W1119	3333.086156	0.912283	0.000000	0.000000	3013.991264	1.683734	14353.021422	11.318688	10008
W1120	3678.644647	0.875827	0.000000	0.000000	3326.467516	1.803201	15841.074292	12.307689	10008
W1121	2371.634902	0.538932	0.000000	0.000000	2144.585090	1.152506	10212.795277	7.901577	10008
W1122	2138.672695	0.517730	0.000000	0.000000	1933.925652	1.051753	9209.607424	7.166747	10008
W1123	3179.730207	0.648826	0.000000	0.000000	2875.316933	1.518211	13692.636085	10.505033	10008
W1124	1338.378829	0.389038	0.000000	0.000000	1210.248373	0.686391	5763.361374	4.579817	10008
W1125	1672.772919	0.462334	0.000000	0.000000	1512.629055	0.847010	7203.337813	5.687236	10008
W1126	2629.511825	0.661870	0.000000	0.000000	2377.774020	1.303490	11323.271524	8.846084	10008
W1127	2997.400247	0.656729	0.000000	0.000000	2710.442435	1.447406	12907.482116	9.956083	10008
W1128	3298.226566	0.713809	0.000000	0.000000	2982.468976	1.589412	14202.908155	10.944559	10008
W1129	2723.053016	0.635995	0.000000	0.000000	2462.359992	1.329933	11726.081006	9.094435	10008
W1130	2131.616037	0.564024	0.000000	0.000000	1927.544567	1.068312	9179.219859	7.210081	10008
W1131	1964.263054	0.508834	0.000000	0.000000	1776.213217	0.979768	8458.560135	6.628341	10008
W1132	1622.303247	0.497677	0.000000	0.000000	1466.991126	0.844345	6986.004010	5.593485	10008
W1133	1785.599062	0.546770	0.000000	0.000000	1614.653723	0.928852	7689.192652	6.154857	10008
W1134	2421.551666	0.620937	0.000000	0.000000	2189.723045	1.205174	10427.748131	8.162440	10008
W1135	1586.910239	0.504297	0.000000	0.000000	1434.986488	0.834455	6833.593730	5.500731	10008
W1136	2108.109203	0.636735	0.000000	0.000000	1906.288174	1.092408	9077.994128	7.252133	10008
W1137	2263.773534	0.593608	0.000000	0.000000	2047.049892	1.132229	9748.319878	7.649317	10008
W1138	2968.042822	0.853493	0.000000	0.000000	2683.895560	1.517896	12781.062415	10.141878	10008
W1139	1648.620478	0.576359	0.000000	0.000000	1490.788862	0.893708	7099.331949	5.807517	10008
W1140	2139.833487	0.676351	0.000000	0.000000	1934.975315	1.123399	9214.606057	7.411134	10008
W1141	2606.256223	0.625390	0.000000	0.000000	2356.744806	1.279482	11223.127650	8.726250	10008
W1142	2531.195956	0.655465	0.000000	0.000000	2288.870476	1.262455	10899.901194	8.541111	10008
W1143	2962.809713	0.727567	0.000000	0.000000	2679.163446	1.461228	12758.527469	9.942379	10008
W1144	2424.634221	0.697896	0.000000	0.000000	2192.510490	1.240296	10441.022309	8.286076	10008
W1145	2671.334450	0.683233	0.000000	0.000000	2415.592732	1.328749	11503.369186	9.001924	10008
W1146	2687.433712	0.663683	0.000000	0.000000	2430.150722	1.326941	11572.696242	9.023379	10008
W1147	1415.044878	0.442844	0.000000	0.000000	1279.574754	0.740722	6093.502686	4.893444	10008
W1148	2424.790123	0.590933	0.000000	0.000000	2192.651466	1.194050	10441.693658	8.130828	10008
W1149	2544.770759	0.595407	0.000000	0.000000	2301.145688	1.243272	10958.357362	8.500374	10008
W1150	633.043680	0.308737	0.000000	0.000000	572.438885	0.394533	2726.028995	2.414987	10008
W1151	2448.578326	0.619664	0.000000	0.000000	2214.162292	1.215186	10544.131029	8.242037	10008
W1152	3902.849673	0.753704	0.000000	0.000000	3529.208147	1.848905	16806.551746	12.846384	10008
W1153	2957.594252	0.658756	0.000000	0.000000	2674.447289	1.432200	12736.068515	9.837112	10008
W1154	4154.787535	0.780534	0.000000	0.000000	3757.026595	1.961067	17891.453057	13.652207	10008
W1155	2861.721646	0.676360	0.000000	0.000000	2587.753102	1.400793	12323.219433	9.567962	10008
W1156	3402.450538	0.744952	0.000000	0.000000	3076.715007	1.642806	14651.720106	11.300847	10008
