# Module Gain Results (Run: 1479)
# LMS Entries: 10008, Sample Rate: 1.00 Hz
# Current Run Time: 2.78 hours 
# Cumulative Time: 61.16 hours (total time up to this run)
# Formula: Gain = (Module LMS Mean - Module Pedestal Mean) × RefPMT Alpha Signal / RefPMT LMS Signal
# Reference PMT Params:
# RefPMT1: AlphaSignal=-571.23, AlphaError=0.04, LMSSignal=2306.93, LMSError=0.87, Valid=No
# RefPMT2: AlphaSignal=2074.47, AlphaError=0.79, LMSSignal=2284.52, LMSError=0.67, Valid=Yes
# RefPMT3: AlphaSignal=5508.96, AlphaError=2.01, LMSSignal=1268.25, LMSError=0.78, Valid=Yes
# G module
# module name	module signal(LMS-Pedestal)	signal error	gain1(RefPMT1)	gain1 error	gain2(RefPMT2)	gain2 error	gain3(RefPMT3)	gain3 error	LMS entries
G1	2467.794867	0.755680	0.000000	0.000000	2240.886268	1.274906	10719.497442	8.323324	10008
G2	2444.478370	0.896956	0.000000	0.000000	2219.713675	1.340219	10618.216282	8.519550	10008
G3	3879.362818	1.172882	0.000000	0.000000	3522.663486	1.996828	16851.003448	13.058596	10008
G4	2765.698274	0.880469	0.000000	0.000000	2511.398077	1.445442	12013.516996	9.386542	10008
G5	2939.022442	1.081676	0.000000	0.000000	2668.785449	1.613159	12766.394798	10.249622	10008
G6	2406.489291	0.868255	0.000000	0.000000	2185.217613	1.311289	10453.201014	8.358022	10008
G7	1804.491318	0.678825	0.000000	0.000000	1638.572099	0.998627	7838.269028	6.322558	10008
G8	4040.784517	1.071956	0.000000	0.000000	3669.242795	2.010691	17552.179832	13.361652	10008
G9	2448.959240	0.680203	0.000000	0.000000	2223.782538	1.232261	10637.680085	8.145135	10008
G10	2857.531816	0.752494	0.000000	0.000000	2594.787716	1.419466	12412.419446	9.440598	10008
G11	3196.051029	0.884664	0.000000	0.000000	2902.180792	1.606797	13882.864127	10.625139	10008
G12	1957.908742	0.687852	0.000000	0.000000	1777.883110	1.056813	8504.676799	6.764059	10008
G13	1491.683956	0.614697	0.000000	0.000000	1354.526723	0.856383	6479.510339	5.338986	10008
G14	1549.071265	0.520084	0.000000	0.000000	1406.637388	0.823373	6728.786777	5.306158	10008
G15	3122.572760	0.756841	0.000000	0.000000	2835.458698	1.523407	13563.692496	10.221279	10008
G16	2584.690635	0.760334	0.000000	0.000000	2347.033713	1.320291	11227.264073	8.665132	10008
G17	3535.177029	1.230702	0.000000	0.000000	3210.124863	1.902136	15355.944544	12.191549	10008
G18	2798.008500	1.237777	0.000000	0.000000	2540.737446	1.657547	12153.864719	10.203667	10008
G19	2634.948409	0.918569	0.000000	0.000000	2392.670390	1.418434	11445.571557	9.089394	10008
G20	2163.464220	0.787174	0.000000	0.000000	1964.538190	1.182479	9397.559530	7.526950	10008
G21	2641.389035	0.724113	0.000000	0.000000	2398.518814	1.324768	11473.548059	8.770205	10008
G22	3953.305560	1.026251	0.000000	0.000000	3589.807347	1.957353	17172.192638	13.038650	10008
G23	404.540092	0.291882	0.000000	0.000000	367.343473	0.318234	1757.223237	1.783140	10008
G24	2737.170698	0.850422	0.000000	0.000000	2485.493553	1.420091	11889.600182	9.252991	10008
G25	2820.843946	0.862089	0.000000	0.000000	2561.473220	1.456467	12253.056312	9.511170	10008
G26	3630.711162	0.961886	0.000000	0.000000	3296.874832	1.806074	15770.921458	12.003720	10008
G27	1720.113063	0.791192	0.000000	0.000000	1561.952249	1.037823	7471.750519	6.343065	10008
G28	1348.497518	0.726627	0.000000	0.000000	1224.505979	0.883227	5857.543465	5.237448	10008
G29	3477.050883	1.349010	0.000000	0.000000	3157.343295	1.947436	15103.458778	12.266905	10008
G30	3013.291184	0.882288	0.000000	0.000000	2736.225335	1.537270	13089.000054	10.095190	10008
G31	1667.475391	0.770938	0.000000	0.000000	1514.154502	1.008555	7243.105346	6.158290	10008
G32	2628.760427	0.733254	0.000000	0.000000	2387.051380	1.324151	11418.692475	8.748056	10008
G33	1601.932106	0.491056	0.000000	0.000000	1454.637785	0.827839	6958.401343	5.403849	10008
G34	453.018566	0.338717	0.000000	0.000000	411.364452	0.365386	1967.801871	2.033768	10008
G35	2526.809604	0.650873	0.000000	0.000000	2294.474723	1.248884	10975.843032	8.326330	10008
G36	1679.706161	0.589359	0.000000	0.000000	1525.260678	0.906244	7296.232820	5.801494	10008
G37	2111.126829	0.732895	0.000000	0.000000	1917.013114	1.134818	9170.218704	7.276609	10008
G38	2212.321791	0.823041	0.000000	0.000000	2008.903409	1.219183	9609.784873	7.732944	10008
G39	2581.006841	0.906663	0.000000	0.000000	2343.688637	1.393089	11211.262573	8.916514	10008
G40	3459.447165	1.340416	0.000000	0.000000	3141.358203	1.936569	15026.992535	12.201140	10008
G41	3320.137208	1.023616	0.000000	0.000000	3014.857506	1.718639	14421.864145	11.209999	10008
G42	2313.145741	0.883185	0.000000	0.000000	2100.456807	1.287448	10047.739456	8.131288	10008
G43	2542.256621	0.766841	0.000000	0.000000	2308.501419	1.307715	11042.941096	8.554652	10008
G44	862.029645	0.556904	0.000000	0.000000	782.767814	0.629764	3744.445982	3.604203	10008
G45	1768.258487	0.668358	0.000000	0.000000	1605.670801	0.980350	7680.882467	6.202025	10008
G46	2420.552862	0.707213	0.000000	0.000000	2197.988067	1.234157	10514.289725	8.106878	10008
G47	2253.204630	0.774121	0.000000	0.000000	2046.027156	1.206894	9787.369928	7.750999	10008
G48	4356.790698	1.651290	0.000000	0.000000	3956.192867	2.418022	18924.833411	15.290318	10008
G49	1716.161839	0.590436	0.000000	0.000000	1558.364331	0.919671	7454.587368	5.905130	10008
G50	3274.785505	0.869141	0.000000	0.000000	2973.675797	1.629703	14224.867438	10.829318	10008
G51	2322.693833	0.762165	0.000000	0.000000	2109.126972	1.225450	10089.214035	7.923761	10008
G52	1721.509095	0.669376	0.000000	0.000000	1563.219918	0.965029	7477.814540	6.076478	10008
G53	2688.459695	0.938289	0.000000	0.000000	2441.261425	1.447809	11678.011497	9.276017	10008
G54	1194.853432	0.421985	0.000000	0.000000	1084.989147	0.646129	5190.151127	4.132151	10008
G55	1443.574631	0.587172	0.000000	0.000000	1310.840950	0.824222	6270.535194	5.150148	10008
G56	2212.578046	0.839533	0.000000	0.000000	2009.136103	1.228508	9610.897983	7.767024	10008
G57	394.416458	0.296548	0.000000	0.000000	358.150686	0.319380	1713.248645	1.775863	10008
G58	1270.246868	0.697286	0.000000	0.000000	1153.450314	0.840710	5517.641779	4.967297	10008
G59	2783.297254	0.898142	0.000000	0.000000	2527.378868	1.460731	12089.962661	9.467756	10008
G60	2619.610309	1.026007	0.000000	0.000000	2378.742597	1.472733	11378.946601	9.262009	10008
G61	2088.702929	0.783109	0.000000	0.000000	1896.651044	1.154438	9072.814765	7.313049	10008
G62	3845.580166	1.249989	0.000000	0.000000	3491.987078	2.022843	16704.259866	13.097518	10008
G63	2364.735052	0.748943	0.000000	0.000000	2147.302589	1.233941	10271.830810	8.018859	10008
G64	3187.832141	0.964384	0.000000	0.000000	2894.717615	1.641156	13847.163290	10.731768	10008
G65	3569.945057	1.110349	0.000000	0.000000	3241.696044	1.852736	15506.968357	12.070243	10008
G66	3655.126976	0.922987	0.000000	0.000000	3319.045663	1.798658	15876.977784	12.017269	10008
G67	2151.307725	0.658595	0.000000	0.000000	1953.499459	1.111320	9344.754689	7.255589	10008
G68	2029.858174	0.579859	0.000000	0.000000	1843.216942	1.028767	8817.207537	6.776843	10008
G69	3818.557988	1.037120	0.000000	0.000000	3467.449533	1.910809	16586.882135	12.663703	10008
G70	3266.110224	0.777762	0.000000	0.000000	2965.798191	1.587792	14187.184140	10.671903	10008
G71	2182.568823	0.707424	0.000000	0.000000	1981.886165	1.147046	9480.545254	7.429914	10008
G72	2112.628824	0.681018	0.000000	0.000000	1918.377003	1.108393	9176.743002	7.185125	10008
G73	2993.131800	0.930403	0.000000	0.000000	2717.919565	1.553113	13001.432620	10.119055	10008
G74	3299.572640	1.436932	0.000000	0.000000	2996.183807	1.940741	14332.536690	11.981028	10008
G75	2188.872793	0.685086	0.000000	0.000000	1987.610498	1.138108	9507.928162	7.408199	10008
G76	4036.255395	1.368580	0.000000	0.000000	3665.130116	2.152408	17532.506433	13.850683	10008
G77	5430.740926	2.045811	0.000000	0.000000	4931.395608	3.007028	23589.810585	19.033931	10008
G78	2271.706160	0.868920	0.000000	0.000000	2062.827510	1.265265	9867.736052	7.988810	10008
G79	1991.300140	0.704234	0.000000	0.000000	1808.204239	1.077338	8649.720868	6.888365	10008
G80	1882.260487	0.658013	0.000000	0.000000	1709.190555	1.014233	8176.079281	6.496467	10008
G81	1698.304785	0.521806	0.000000	0.000000	1542.149196	0.878234	7377.020691	5.731018	10008
G82	3974.515676	1.018743	0.000000	0.000000	3609.067237	1.962256	17264.324196	13.089385	10008
G83	2641.033539	0.973911	0.000000	0.000000	2398.196005	1.450655	11472.003873	9.214208	10008
G84	3581.805812	0.971681	0.000000	0.000000	3252.466227	1.791829	15558.488575	11.876792	10008
G85	2362.660793	0.734810	0.000000	0.000000	2145.419053	1.226157	10262.820734	7.988256	10008
G86	2000.322965	0.905132	0.000000	0.000000	1816.397434	1.197531	8688.913812	7.341389	10008
G87	1655.434560	0.663637	0.000000	0.000000	1503.220799	0.939507	7190.802918	5.885217	10008
G88	2364.749601	0.882849	0.000000	0.000000	2147.315800	1.304912	10271.894006	8.271976	10008
G89	2627.079487	1.294538	0.000000	0.000000	2385.524999	1.640179	11411.390881	9.895392	10008
G90	1860.311044	0.671335	0.000000	0.000000	1689.259317	1.013754	8080.736264	6.461354	10008
G91	2765.665349	0.816767	0.000000	0.000000	2511.368179	1.414256	12013.373976	9.277147	10008
G92	2350.312836	0.896005	0.000000	0.000000	2134.206465	1.307359	10209.184230	8.259131	10008
G93	1746.282662	0.680998	0.000000	0.000000	1585.715607	0.980055	7585.424857	6.168061	10008
G94	1687.404654	0.647187	0.000000	0.000000	1532.251310	0.940826	7329.673189	5.937639	10008
G95	2741.628848	0.798495	0.000000	0.000000	2489.541785	1.396670	11908.965297	9.178067	10008
G96	2113.277314	0.575931	0.000000	0.000000	1918.965866	1.058366	9179.559883	7.011424	10008
G97	2999.842463	1.040414	0.000000	0.000000	2724.013196	1.612004	13030.582098	10.337916	10008
G98	3255.242696	1.059454	0.000000	0.000000	2955.929909	1.713004	14139.978256	11.089344	10008
G99	3140.728764	1.188293	0.000000	0.000000	2851.945295	1.741930	13642.557737	11.018246	10008
G100	2028.234688	0.736400	0.000000	0.000000	1841.742732	1.107705	8810.155514	7.053373	10008
G101	3347.430652	0.810974	0.000000	0.000000	3039.641375	1.632957	14540.420193	10.956804	10008
G102	2712.120956	0.752986	0.000000	0.000000	2462.747082	1.364537	11780.790229	9.019910	10008
G103	3068.210312	0.983822	0.000000	0.000000	2786.094763	1.607093	13327.555315	10.425754	10008
G104	1815.848246	0.726415	0.000000	0.000000	1648.884781	1.029656	7887.600743	6.452250	10008
G105	2976.146986	0.893801	0.000000	0.000000	2702.496468	1.529014	12927.654738	10.008073	10008
G106	2229.316368	0.793036	0.000000	0.000000	2024.335370	1.208609	9683.605158	7.720663	10008
G107	1989.231287	0.637357	0.000000	0.000000	1806.325613	1.041689	8640.734276	6.758519	10008
G108	1832.028762	0.655032	0.000000	0.000000	1663.577533	0.995023	7957.884950	6.351214	10008
G109	3320.879914	1.058184	0.000000	0.000000	3015.531921	1.736085	14425.090279	11.272501	10008
G110	3397.238286	1.140700	0.000000	0.000000	3084.869301	1.805783	14756.772376	11.637040	10008
G111	1894.368702	0.768530	0.000000	0.000000	1720.185445	1.080432	8228.674403	6.754115	10008
G112	1416.835888	0.499069	0.000000	0.000000	1286.560778	0.765462	6154.388631	4.897305	10008
G113	2226.200730	0.778261	0.000000	0.000000	2021.506209	1.199567	9670.071590	7.683569	10008
G114	2763.077885	0.894060	0.000000	0.000000	2509.018628	1.451359	12002.134669	9.403354	10008
G115	1898.542775	0.665606	0.000000	0.000000	1723.975720	1.024024	8246.805556	6.556301	10008
G116	1861.902247	0.654851	0.000000	0.000000	1690.704212	1.005383	8087.648062	6.433780	10008
G117	2021.343790	0.595201	0.000000	0.000000	1835.485437	1.032805	8780.223135	6.777491	10008
G118	1429.583513	0.483913	0.000000	0.000000	1298.136286	0.761923	6209.761199	4.904187	10008
G119	1233.558677	0.504015	0.000000	0.000000	1120.135525	0.705645	5358.277244	4.405772	10008
G120	2112.060666	0.606337	0.000000	0.000000	1917.861086	1.071823	9174.275064	7.056129	10008
G121	2209.640643	0.598639	0.000000	0.000000	2006.468788	1.105035	9598.138623	7.325644	10008
G122	1220.978870	0.430251	0.000000	0.000000	1108.712406	0.659740	5303.633642	4.220652	10008
G123	1975.702293	0.582164	0.000000	0.000000	1794.040582	1.009676	8581.967637	6.625124	10008
G124	1470.729934	0.506085	0.000000	0.000000	1335.499379	0.788194	6388.491190	5.060793	10008
G125	1384.694240	0.476458	0.000000	0.000000	1257.374488	0.742074	6014.773174	4.764703	10008
G126	2601.501265	0.851107	0.000000	0.000000	2362.298642	1.371244	11300.285343	8.870286	10008
G127	1904.832322	0.513385	0.000000	0.000000	1729.686956	0.951409	8274.125809	6.310995	10008
G128	1975.300595	0.597655	0.000000	0.000000	1793.675819	1.016964	8580.222756	6.649953	10008
G129	1310.279783	0.399276	0.000000	0.000000	1189.802286	0.675960	5691.534970	4.415943	10008
G130	2087.101385	0.616463	0.000000	0.000000	1895.196759	1.067308	9065.858051	7.001125	10008
G131	2538.181243	0.607395	0.000000	0.000000	2304.800764	1.235120	11025.238650	8.297520	10008
G132	2530.456394	0.788870	0.000000	0.000000	2297.786198	1.314165	10991.683793	8.558835	10008
G133	1558.968657	0.526209	0.000000	0.000000	1415.624735	0.830096	6771.778624	5.345253	10008
G134	1416.904397	0.566299	0.000000	0.000000	1286.622988	0.803136	6154.686218	5.033576	10008
G135	1787.043960	0.583135	0.000000	0.000000	1622.728989	0.941171	7762.481970	6.090509	10008
G136	2314.782394	0.691658	0.000000	0.000000	2101.942973	1.187540	10054.848677	7.778140	10008
G137	1915.829597	0.623031	0.000000	0.000000	1739.673055	1.007912	8321.895285	6.525590	10008
G138	3235.457419	0.880640	0.000000	0.000000	2937.963847	1.619872	14054.035849	10.732857	10008
G139	1681.289633	0.630261	0.000000	0.000000	1526.698552	0.929204	7303.111032	5.886399	10008
G140	1819.679371	0.550555	0.000000	0.000000	1652.363642	0.936837	7904.242215	6.126021	10008
G141	2369.606507	0.822571	0.000000	0.000000	2151.726124	1.273731	10292.991219	8.167425	10008
G142	2978.484365	0.906261	0.000000	0.000000	2704.618930	1.535909	12937.807742	10.035856	10008
G143	2750.475471	0.795785	0.000000	0.000000	2497.574980	1.398691	11947.392864	9.199029	10008
G144	1569.149186	0.509940	0.000000	0.000000	1424.869186	0.825346	6816.000356	5.344117	10008
G145	2358.921790	0.793647	0.000000	0.000000	2142.023844	1.254698	10246.579420	8.083283	10008
G146	3684.977235	1.308067	0.000000	0.000000	3346.151252	1.996275	16006.640009	12.756562	10008
G147	1957.616349	0.821977	0.000000	0.000000	1777.617603	1.132967	8503.406719	7.040059	10008
G148	2021.765970	0.813116	0.000000	0.000000	1835.868800	1.148940	8782.056986	7.193144	10008
G149	3111.015727	0.928805	0.000000	0.000000	2824.964309	1.595658	13513.491569	10.452360	10008
G150	2353.486104	0.728660	0.000000	0.000000	2137.087958	1.219770	10222.968130	7.951526	10008
G151	3019.082892	0.983109	0.000000	0.000000	2741.484508	1.588993	13114.157817	10.285770	10008
G152	1357.294763	0.495818	0.000000	0.000000	1232.494336	0.742935	5895.756546	4.726079	10008
G153	1498.497802	0.631260	0.000000	0.000000	1360.714050	0.868487	6509.108020	5.393503	10008
G154	3014.722935	0.890412	0.000000	0.000000	2737.525439	1.541658	13095.219228	10.112738	10008
G155	2785.135462	0.883787	0.000000	0.000000	2529.048057	1.454160	12097.947389	9.447438	10008
G156	1297.555748	0.453296	0.000000	0.000000	1178.248199	0.699005	5636.264872	4.477810	10008
G157	3155.265870	0.933184	0.000000	0.000000	2865.145744	1.614130	13705.703369	10.586281	10008
G158	2710.600175	0.827024	0.000000	0.000000	2461.366134	1.398876	11774.184328	9.137109	10008
G159	1894.390569	0.606018	0.000000	0.000000	1720.205301	0.991544	8228.769389	6.434600	10008
G160	1929.628303	0.645000	0.000000	0.000000	1752.202999	1.024166	8381.833491	6.604444	10008
G161	2395.177272	0.802464	0.000000	0.000000	2174.945710	1.272221	10404.064369	8.201266	10008
G162	1374.556141	0.593308	0.000000	0.000000	1248.168566	0.805259	5970.735751	4.979180	10008
G163	1938.813356	0.602714	0.000000	0.000000	1760.543506	1.006056	8421.731115	6.554733	10008
G164	1543.346595	0.536985	0.000000	0.000000	1401.439089	0.830252	6703.920208	5.321873	10008
G165	2085.766788	0.765367	0.000000	0.000000	1893.984876	1.143570	9060.060889	7.269428	10008
G166	2116.913084	0.675657	0.000000	0.000000	1922.267334	1.107236	9195.352780	7.187688	10008
G167	2492.642971	0.794847	0.000000	0.000000	2263.449640	1.303391	10827.431530	8.462129	10008
G168	2442.090567	0.751684	0.000000	0.000000	2217.545425	1.263524	10607.844252	8.243282	10008
G169	2575.778202	0.710128	0.000000	0.000000	2338.940760	1.293668	11188.550643	8.558605	10008
G170	1274.725200	0.470488	0.000000	0.000000	1157.516873	0.700407	5537.094557	4.448178	10008
G171	2197.738405	0.654369	0.000000	0.000000	1995.660935	1.126382	9546.438208	7.380968	10008
G172	2187.299286	0.681899	0.000000	0.000000	1986.181672	1.135954	9501.093230	7.398180	10008
G173	1961.144901	0.685503	0.000000	0.000000	1780.821711	1.056692	8518.733884	6.768563	10008
G174	2001.791681	0.752502	0.000000	0.000000	1817.731105	1.107509	8695.293558	7.012753	10008
G175	2171.444425	0.700373	0.000000	0.000000	1971.784632	1.139451	9432.223590	7.385866	10008
G176	2007.706682	0.682790	0.000000	0.000000	1823.102234	1.071714	8720.986874	6.893377	10008
G177	1445.040401	0.818302	0.000000	0.000000	1312.171945	0.973654	6276.902140	5.717866	10008
G178	2801.993114	0.863850	0.000000	0.000000	2544.355682	1.450417	12171.172904	9.460522	10008
G179	1843.655396	0.780983	0.000000	0.000000	1674.135122	1.071125	8008.388206	6.645382	10008
G180	1915.195114	0.609262	0.000000	0.000000	1739.096912	1.000717	8319.139247	6.499217	10008
G181	1876.028124	0.646486	0.000000	0.000000	1703.531245	1.005897	8149.007418	6.457194	10008
G182	1520.036865	0.453574	0.000000	0.000000	1380.272641	0.779521	6602.668441	5.106604	10008
G183	1410.098568	0.548825	0.000000	0.000000	1280.442942	0.790767	6125.123365	4.978393	10008
G184	2537.216212	0.705349	0.000000	0.000000	2303.924465	1.276958	11021.046791	8.439670	10008
G185	1616.541241	0.621987	0.000000	0.000000	1467.903640	0.902439	7021.859852	5.692359	10008
G186	1183.889569	0.487389	0.000000	0.000000	1075.033389	0.679398	5142.526787	4.236316	10008
G205	2886.971595	0.849642	0.000000	0.000000	2621.520569	1.474884	12540.298648	9.679164	10008
G206	2401.958110	0.665333	0.000000	0.000000	2181.103064	1.207786	10433.518672	7.985954	10008
G207	3074.320535	1.009977	0.000000	0.000000	2791.643164	1.622609	13354.096628	10.490033	10008
G208	2020.849494	0.702020	0.000000	0.000000	1835.036591	1.086538	8778.076035	6.966328	10008
G209	1987.137968	0.760524	0.000000	0.000000	1804.424770	1.107025	8631.641412	6.989006	10008
G210	1982.034612	0.813516	0.000000	0.000000	1799.790657	1.135976	8609.473679	7.086991	10008
G211	917.630709	0.282549	0.000000	0.000000	833.256476	0.474826	3985.963409	3.097635	10008
G212	2422.233687	0.876075	0.000000	0.000000	2199.514344	1.321037	10521.590820	8.416901	10008
G213	2650.232626	0.727315	0.000000	0.000000	2406.549255	1.329553	11511.962454	8.800780	10008
G214	2068.787969	0.700373	0.000000	0.000000	1878.567224	1.102646	8986.309050	7.097147	10008
G215	2668.322105	0.832772	0.000000	0.000000	2422.975445	1.386221	11590.538732	9.026748	10008
G216	1290.087437	0.556664	0.000000	0.000000	1171.466584	0.755663	5603.824358	4.672787	10008
G235	2209.307291	0.853587	0.000000	0.000000	2006.166086	1.235358	9596.690620	7.786958	10008
G236	1202.572895	0.520104	0.000000	0.000000	1091.998822	0.705132	5223.682586	4.358507	10008
G237	1006.023867	0.513965	0.000000	0.000000	913.522067	0.640064	4369.921671	3.834931	10008
G238	2459.582494	0.883360	0.000000	0.000000	2233.429006	1.338011	10683.824904	8.534494	10008
G239	2016.649824	0.707699	0.000000	0.000000	1831.223073	1.088096	8759.833698	6.965478	10008
G240	2105.582124	0.982867	0.000000	0.000000	1911.978232	1.279464	9146.133859	7.798518	10008
G241	1694.025087	0.527941	0.000000	0.000000	1538.263008	0.879689	7358.430731	5.729453	10008
G242	1748.599916	0.613672	0.000000	0.000000	1587.819795	0.943489	7595.490441	6.039713	10008
G243	2706.229776	0.777198	0.000000	0.000000	2457.397584	1.373484	11755.200383	9.041635	10008
G244	1472.769079	0.477891	0.000000	0.000000	1337.351029	0.774281	6397.348738	5.014561	10008
G245	1874.927575	0.558408	0.000000	0.000000	1702.531889	0.961010	8144.226902	6.297088	10008
G246	2190.074412	0.879000	0.000000	0.000000	1988.701631	1.243533	9513.147700	7.788110	10008
G265	1912.193963	0.624993	0.000000	0.000000	1736.371710	1.007605	8306.102978	6.518882	10008
G266	460.279925	0.305931	0.000000	0.000000	417.958144	0.342544	1999.343441	1.949649	10008
G267	1611.708156	0.676496	0.000000	0.000000	1463.514948	0.932630	7000.866114	5.795562	10008
G268	582.314817	0.382545	0.000000	0.000000	528.772182	0.430058	2529.433168	2.453287	10008
G269	2339.077379	1.001435	0.000000	0.000000	2124.004085	1.365339	10160.380152	8.454681	10008
G270	3101.418908	0.970636	0.000000	0.000000	2816.249898	1.612557	13471.805336	10.496584	10008
G271	1788.616604	0.495075	0.000000	0.000000	1624.157032	0.899211	7769.313151	5.946163	10008
G272	1576.144904	0.482287	0.000000	0.000000	1431.221663	0.814091	6846.388045	5.315378	10008
G273	1491.460921	0.474278	0.000000	0.000000	1354.324195	0.779217	6478.541527	5.060947	10008
G274	1441.945435	0.475009	0.000000	0.000000	1309.361555	0.761719	6263.458364	4.922495	10008
G275	1380.837092	0.546598	0.000000	0.000000	1253.871997	0.779628	5998.018664	4.894266	10008
G276	1943.343935	0.646398	0.000000	0.000000	1764.657507	1.029794	8441.410841	6.645528	10008
G295	2564.657673	0.705742	0.000000	0.000000	2328.842741	1.287486	11140.245785	8.519590	10008
G296	2569.162940	0.737362	0.000000	0.000000	2332.933758	1.303698	11159.815566	8.582924	10008
G297	3434.859798	1.065171	0.000000	0.000000	3119.031593	1.781068	14920.191026	11.608027	10008
G298	2178.773078	1.006985	0.000000	0.000000	1978.439430	1.317591	9464.057466	8.045789	10008
G299	2104.643855	0.628988	0.000000	0.000000	1911.126236	1.079791	9142.058251	7.072233	10008
G300	1816.056129	0.672309	0.000000	0.000000	1649.073550	0.998966	7888.503737	6.341202	10008
G301	2262.354023	0.606735	0.000000	0.000000	2054.335282	1.128645	9827.112653	7.490910	10008
G302	1341.054143	0.605081	0.000000	0.000000	1217.747007	0.801766	5825.211262	4.917769	10008
G303	1418.303803	0.478669	0.000000	0.000000	1287.893722	0.755165	6160.764897	4.862842	10008
G304	810.096861	0.375274	0.000000	0.000000	735.610142	0.490442	3518.862670	2.993572	10008
G305	1370.183488	0.443137	0.000000	0.000000	1244.197970	0.719604	5951.742016	4.662640	10008
G306	1220.020006	0.466927	0.000000	0.000000	1107.841707	0.679666	5299.468568	4.290953	10008
G325	2887.319227	0.963777	0.000000	0.000000	2621.836236	1.531772	12541.808673	9.879815	10008
G326	2182.244672	0.789206	0.000000	0.000000	1981.591819	1.190113	9479.137221	7.582837	10008
G327	2144.307391	0.670134	0.000000	0.000000	1947.142792	1.114439	9314.346952	7.255620	10008
G328	2139.322579	0.765787	0.000000	0.000000	1942.616323	1.162402	9292.694147	7.418250	10008
G329	2442.335987	0.760867	0.000000	0.000000	2217.768279	1.268138	10608.910292	8.259860	10008
G330	3318.399357	0.898169	0.000000	0.000000	3013.279447	1.659140	14414.315346	11.000203	10008
G331	2347.001260	0.686198	0.000000	0.000000	2131.199381	1.196880	10194.799551	7.861322	10008
G332	1300.510143	0.521106	0.000000	0.000000	1180.930943	0.737933	5649.098042	4.622903	10008
G333	1549.684815	0.466405	0.000000	0.000000	1407.194523	0.796643	6731.451886	5.212909	10008
G334	1241.263178	0.414763	0.000000	0.000000	1127.131614	0.658737	5391.743715	4.248147	10008
G335	1523.890382	0.483616	0.000000	0.000000	1383.771835	0.795671	6619.407179	5.169268	10008
G336	1126.782171	0.508839	0.000000	0.000000	1023.176897	0.673933	4894.466215	4.133029	10008
G355	2438.504350	0.694666	0.000000	0.000000	2214.288953	1.234980	10592.266598	8.138030	10008
G356	3765.107465	1.013336	0.000000	0.000000	3418.913674	1.879929	16354.706132	12.472179	10008
G357	2728.107371	0.927498	0.000000	0.000000	2477.263580	1.456112	11850.231306	9.366303	10008
G358	2086.997389	1.053744	0.000000	0.000000	1895.102326	1.319575	9065.406318	7.924139	10008
G359	1516.671624	0.776206	0.000000	0.000000	1377.216826	0.965854	6588.050656	5.784939	10008
G360	2140.265022	0.742643	0.000000	0.000000	1943.472110	1.150286	9296.787888	7.376346	10008
G361	1697.381625	0.592742	0.000000	0.000000	1541.310919	0.914271	7373.010711	5.857150	10008
G362	1514.579419	0.524056	0.000000	0.000000	1375.316996	0.813222	6578.962631	5.217129	10008
G363	820.185482	0.377701	0.000000	0.000000	744.771135	0.495135	3562.685169	3.025550	10008
G364	1140.651652	0.674896	0.000000	0.000000	1035.771108	0.788814	4954.711847	4.592701	10008
G365	1318.361390	0.489693	0.000000	0.000000	1197.140806	0.726104	5726.639495	4.606650	10008
G366	1500.912122	0.446995	0.000000	0.000000	1362.906378	0.769295	6519.595235	5.040894	10008
G385	1919.634718	0.735254	0.000000	0.000000	1743.128303	1.069739	8338.423799	6.752750	10008
G386	149.896100	0.179798	0.000000	0.000000	136.113466	0.175827	651.112005	0.908735	10008
G387	1823.178613	0.676028	0.000000	0.000000	1655.541137	1.003484	7919.442068	6.368238	10008
G388	2567.657471	0.689092	0.000000	0.000000	2331.566714	1.281167	11153.276177	8.502536	10008
G389	2195.584718	0.863999	0.000000	0.000000	1993.705275	1.236688	9537.083120	7.771323	10008
G390	1400.878675	0.560883	0.000000	0.000000	1272.070799	0.794628	6085.074404	4.978744	10008
G391	1506.413879	0.527712	0.000000	0.000000	1367.902260	0.812296	6543.493523	5.201348	10008
G392	1538.759347	0.583894	0.000000	0.000000	1397.273629	0.854396	6683.994324	5.401720	10008
G393	1712.798725	0.807952	0.000000	0.000000	1555.310449	1.046143	7439.978824	6.363880	10008
G394	1510.718183	0.504225	0.000000	0.000000	1371.810792	0.801437	6562.190365	5.169281	10008
G395	1473.095667	0.424257	0.000000	0.000000	1337.647588	0.748196	6398.767354	4.923628	10008
G396	2010.856169	0.549327	0.000000	0.000000	1825.962132	1.007659	8734.667478	6.673641	10008
G415	3601.636191	1.124160	0.000000	0.000000	3270.473243	1.871140	15644.626890	12.184268	10008
G416	2362.632101	0.761640	0.000000	0.000000	2145.392999	1.239573	10262.696102	8.035452	10008
G417	1913.963667	0.816642	0.000000	0.000000	1737.978694	1.115512	8313.790143	6.911870	10008
G418	1953.860142	0.664193	0.000000	0.000000	1774.206771	1.042821	8487.090674	6.707965	10008
G419	2268.445719	0.822451	0.000000	0.000000	2059.866859	1.238257	9853.573493	7.886439	10008
G420	2910.513468	0.779194	0.000000	0.000000	2642.897816	1.451393	12642.558789	9.634950	10008
G421	3145.791989	0.854474	0.000000	0.000000	2856.542967	1.574191	13664.551149	10.432690	10008
G422	2212.392748	0.638561	0.000000	0.000000	2008.967842	1.124338	9610.093092	7.396884	10008
G423	1887.788144	0.592119	0.000000	0.000000	1714.209955	0.982189	8200.090069	6.391399	10008
G424	1578.806694	0.515280	0.000000	0.000000	1433.638707	0.831550	6857.950208	5.380979	10008
G425	1784.120815	0.541069	0.000000	0.000000	1620.074622	0.919147	7749.784544	6.008472	10008
G426	1071.929905	0.323857	0.000000	0.000000	973.368183	0.551645	4656.201386	3.607911	10008
G445	2659.760744	0.708348	0.000000	0.000000	2415.201283	1.324708	11553.350272	8.799202	10008
G446	2669.625265	0.972900	0.000000	0.000000	2424.158781	1.459987	11596.199338	9.291025	10008
G447	2181.746652	0.710221	0.000000	0.000000	1981.139591	1.148174	9476.973947	7.432627	10008
G448	1835.164836	0.739045	0.000000	0.000000	1666.425251	1.043467	7971.507286	6.531328	10008
G449	2333.173784	0.735211	0.000000	0.000000	2118.643313	1.215606	10134.736378	7.905264	10008
G450	2416.417086	0.966138	0.000000	0.000000	2194.232567	1.369894	10496.324928	8.585126	10008
G451	1326.365970	0.431070	0.000000	0.000000	1204.409381	0.697662	5761.409432	4.517313	10008
G452	2222.872527	0.674910	0.000000	0.000000	2018.484028	1.145563	9655.614692	7.487405	10008
G453	1617.868561	0.508119	0.000000	0.000000	1469.108916	0.842083	7027.625407	5.478702	10008
G454	2117.491748	0.617203	0.000000	0.000000	1922.792791	1.078945	9197.866355	7.089463	10008
G455	2572.452374	0.590498	0.000000	0.000000	2335.920735	1.241787	11174.104062	8.375528	10008
G456	1746.879819	0.531245	0.000000	0.000000	1586.257857	0.900675	7588.018762	5.885554	10008
G475	3299.921122	1.010190	0.000000	0.000000	2996.500247	1.704651	14334.050412	11.129387	10008
G476	3159.734016	1.268449	0.000000	0.000000	2869.203053	1.794268	13725.111903	11.236887	10008
G477	1694.605043	0.750447	0.000000	0.000000	1538.789638	1.004376	7360.949920	6.181630	10008
G478	1865.765819	0.865865	0.000000	0.000000	1694.212537	1.130539	8104.430473	6.898299	10008
G479	959.537440	0.538454	0.000000	0.000000	871.309971	0.643126	4167.996001	3.783547	10008
G480	2089.404043	0.799344	0.000000	0.000000	1897.287692	1.163816	9075.860231	7.348033	10008
G481	1655.756627	0.612319	0.000000	0.000000	1503.513254	0.910431	7192.201902	5.780185	10008
G482	1997.354973	0.573396	0.000000	0.000000	1813.702343	1.013607	8676.021582	6.672893	10008
G483	901.804785	0.336144	0.000000	0.000000	818.885713	0.497335	3917.219464	3.153471	10008
G484	1605.079354	0.518617	0.000000	0.000000	1457.495650	0.842720	6972.072220	5.461098	10008
G485	1365.603980	0.448310	0.000000	0.000000	1240.039538	0.720595	5931.849755	4.659063	10008
G486	826.244906	0.284620	0.000000	0.000000	750.273407	0.442963	3589.005826	2.843692	10008
G505	3022.898394	0.887488	0.000000	0.000000	2744.949182	1.543302	13130.731425	10.131318	10008
G506	3553.008496	0.941828	0.000000	0.000000	3226.316764	1.767653	15433.400076	11.747620	10008
G507	611.144155	0.361141	0.000000	0.000000	554.950723	0.422312	2654.660764	2.459431	10008
G508	1831.840052	0.658142	0.000000	0.000000	1663.406174	0.996648	7957.065238	6.356754	10008
G509	2155.896776	0.732314	0.000000	0.000000	1957.666557	1.150359	9364.688407	7.400550	10008
G510	2250.466820	0.785229	0.000000	0.000000	2043.541082	1.211832	9775.477551	7.764428	10008
G511	1525.190661	0.557450	0.000000	0.000000	1384.952556	0.835000	6625.055272	5.311285	10008
G512	1849.141572	0.527750	0.000000	0.000000	1679.116855	0.936952	8032.218812	6.172724	10008
G513	1219.908327	0.428632	0.000000	0.000000	1107.740297	0.658494	5298.983464	4.214565	10008
G514	1644.753838	0.610261	0.000000	0.000000	1493.522148	0.905497	7144.408476	5.745799	10008
G515	1760.189658	0.642738	0.000000	0.000000	1598.343884	0.963324	7645.833448	6.128446	10008
G516	1135.729722	0.374683	0.000000	0.000000	1031.301739	0.600240	4933.332188	3.878138	10008
G535	2298.912096	0.845729	0.000000	0.000000	2087.531916	1.261618	9985.911982	8.016567	10008
G536	2304.528174	0.751092	0.000000	0.000000	2092.631608	1.213250	10010.306853	7.852539	10008
G537	3096.941809	0.872085	0.000000	0.000000	2812.184459	1.563757	13452.357910	10.319165	10008
G538	2415.396601	1.007821	0.000000	0.000000	2193.305913	1.394102	10491.892188	8.672340	10008
G539	2511.502442	0.696351	0.000000	0.000000	2280.575022	1.263175	10909.352459	8.351224	10008
G540	1410.420130	0.608562	0.000000	0.000000	1280.734936	0.826132	6126.520147	5.108583	10008
G541	1866.009891	0.621625	0.000000	0.000000	1694.434167	0.989306	8105.490662	6.382818	10008
G542	1685.116874	0.609987	0.000000	0.000000	1530.173887	0.919309	7319.735635	5.856537	10008
G543	2042.353938	0.636543	0.000000	0.000000	1854.563747	1.060595	8871.486083	6.907632	10008
G544	1797.910025	0.510555	0.000000	0.000000	1632.595942	0.909800	7809.681498	5.997563	10008
G545	2126.771415	0.669988	0.000000	0.000000	1931.219213	1.107977	9238.174962	7.205610	10008
G546	2023.715158	0.810715	0.000000	0.000000	1837.638763	1.148191	8790.523779	7.193296	10008
G565	1924.717993	0.861000	0.000000	0.000000	1747.744182	1.146104	8360.504305	7.040925	10008
G566	3366.856802	1.180695	0.000000	0.000000	3057.281330	1.816164	14624.802638	11.627484	10008
G567	2088.290255	0.688056	0.000000	0.000000	1896.276315	1.103221	9071.022210	7.129209	10008
G568	1717.444943	0.764303	0.000000	0.000000	1559.529457	1.020220	7460.160861	6.273530	10008
G569	1907.732491	0.819697	0.000000	0.000000	1732.320461	1.115336	8286.723436	6.902138	10008
G570	2355.912624	0.850166	0.000000	0.000000	2139.291364	1.283816	10233.508339	8.182674	10008
G571	1861.832975	0.697557	0.000000	0.000000	1690.641310	1.028771	8087.347164	6.517729	10008
G572	1776.046438	0.608952	0.000000	0.000000	1612.742667	0.950659	7714.711423	6.107255	10008
G573	1140.532481	0.450482	0.000000	0.000000	1035.662895	0.643377	4954.194199	4.040436	10008
G574	2775.127395	1.009116	0.000000	0.000000	2519.960210	1.516459	12054.474791	9.653795	10008
G575	1732.609131	0.575337	0.000000	0.000000	1573.299330	0.917624	7526.030385	5.923120	10008
G576	1329.799226	0.465296	0.000000	0.000000	1207.526957	0.716769	5776.322658	4.590489	10008
G595	1978.511482	0.879504	0.000000	0.000000	1796.591471	1.174698	8594.170064	7.224911	10008
G596	2714.463686	0.878368	0.000000	0.000000	2464.874402	1.425842	11790.966472	9.237978	10008
G597	3688.733629	1.563200	0.000000	0.000000	3349.562253	2.143455	16022.956864	13.297291	10008
G598	3438.528313	1.264517	0.000000	0.000000	3122.362795	1.886775	14936.126155	11.989628	10008
G599	3480.402409	1.235691	0.000000	0.000000	3160.386655	1.885581	15118.016989	12.048840	10008
G600	1217.812573	0.651498	0.000000	0.000000	1105.837243	0.794442	5289.880023	4.717575	10008
G601	1992.899221	0.626389	0.000000	0.000000	1809.656288	1.037524	8656.666886	6.749545	10008
G602	2041.500720	0.642216	0.000000	0.000000	1853.788980	1.063101	8867.779913	6.915114	10008
G603	1324.073953	0.419271	0.000000	0.000000	1202.328111	0.690874	5751.453472	4.489816	10008
G604	1502.533533	0.423263	0.000000	0.000000	1364.378703	0.758755	6526.638246	5.006767	10008
G605	2584.951335	0.679850	0.000000	0.000000	2347.270443	1.283686	11228.396491	8.538760	10008
G606	3655.145698	0.994592	0.000000	0.000000	3319.062663	1.829868	15877.059107	12.124638	10008
G625	3157.700260	1.196232	0.000000	0.000000	2867.356297	1.752197	13716.277765	11.080876	10008
G626	3765.604329	1.491855	0.000000	0.000000	3419.364853	2.126807	16356.864388	13.349533	10008
G627	2823.828425	0.870030	0.000000	0.000000	2564.183282	1.461449	12266.020156	9.533295	10008
G628	2175.306860	0.885537	0.000000	0.000000	1975.291925	1.242443	9449.001066	7.762281	10008
G629	3088.619661	1.077479	0.000000	0.000000	2804.627515	1.663056	13416.208536	10.655799	10008
G630	2850.442375	0.988518	0.000000	0.000000	2588.350134	1.531679	12381.624647	9.822907	10008
G631	1832.160931	0.703814	0.000000	0.000000	1663.697549	1.022164	7958.459058	6.449286	10008
G632	2986.799074	0.873100	0.000000	0.000000	2712.169119	1.523078	12973.924802	10.004077	10008
G633	1479.599732	0.498183	0.000000	0.000000	1343.553618	0.787189	6427.019425	5.070825	10008
G634	2299.879941	0.847830	0.000000	0.000000	2088.410770	1.263114	9990.116067	8.023418	10008
G635	1966.646072	0.666554	0.000000	0.000000	1785.817061	1.048603	8542.629624	6.748156	10008
G636	1644.103151	0.547982	0.000000	0.000000	1492.931290	0.871803	7141.582051	5.624287	10008
G655	3359.870735	0.976866	0.000000	0.000000	3050.937618	1.710825	14594.456870	11.244964	10008
G656	1814.907849	0.721626	0.000000	0.000000	1648.030851	1.026560	7883.515888	6.439556	10008
G657	1933.342828	0.707116	0.000000	0.000000	1755.575981	1.058721	8397.968479	6.733589	10008
G658	3001.310404	1.013097	0.000000	0.000000	2725.346163	1.598116	13036.958474	10.290709	10008
G659	1969.655774	0.850704	0.000000	0.000000	1788.550027	1.154209	8555.703033	7.136054	10008
G660	2193.747334	0.851529	0.000000	0.000000	1992.036835	1.228913	9529.101974	7.740306	10008
G661	1635.331772	0.480818	0.000000	0.000000	1484.966421	0.835231	7103.481322	5.482017	10008
G662	1529.429813	0.474683	0.000000	0.000000	1388.801927	0.793247	6643.469111	5.169360	10008
G663	2204.987545	0.613312	0.000000	0.000000	2002.243532	1.109897	9577.926700	7.335071	10008
G664	1245.124962	0.392511	0.000000	0.000000	1130.638315	0.648801	5408.518362	4.219012	10008
G665	1579.266632	0.523692	0.000000	0.000000	1434.056354	0.836036	6859.948068	5.397573	10008
G666	1458.618352	0.461932	0.000000	0.000000	1324.501432	0.761105	6335.881438	4.946145	10008
G685	2689.240457	0.938347	0.000000	0.000000	2441.970397	1.448115	11681.402936	9.278301	10008
G686	1921.724978	0.814242	0.000000	0.000000	1745.026368	1.116595	8347.503377	6.927199	10008
G687	2066.256424	1.033540	0.000000	0.000000	1876.268449	1.300068	8975.312636	7.821046	10008
G688	2636.541354	0.922585	0.000000	0.000000	2394.116867	1.421142	11452.490919	9.101499	10008
G689	3224.382739	0.953824	0.000000	0.000000	2927.907461	1.649582	14005.930147	10.818507	10008
G690	3224.453263	1.150478	0.000000	0.000000	2927.971500	1.749979	14006.236485	11.173742	10008
G691	1092.390701	0.474769	0.000000	0.000000	991.947651	0.641938	4745.078079	3.964400	10008
G692	1049.746855	0.480644	0.000000	0.000000	953.224818	0.631977	4559.843640	3.865855	10008
G693	1761.290683	0.506569	0.000000	0.000000	1599.343672	0.894250	7650.616031	5.885763	10008
G694	1620.504784	0.552140	0.000000	0.000000	1471.502744	0.865567	7039.076514	5.565864	10008
G695	2257.858343	0.711830	0.000000	0.000000	2050.252970	1.176542	9807.584519	7.650699	10008
G696	2863.393518	0.810737	0.000000	0.000000	2600.110447	1.447866	12437.881247	9.548032	10008
G715	3455.725073	0.953415	0.000000	0.000000	3137.978349	1.735928	15010.824677	11.483510	10008
G716	3635.202103	1.008352	0.000000	0.000000	3300.952840	1.828546	15790.429006	12.088430	10008
G717	3089.530574	1.118741	0.000000	0.000000	2805.454672	1.685688	13420.165320	10.738248	10008
G718	2512.164575	0.951106	0.000000	0.000000	2281.176274	1.393667	10912.228605	8.814412	10008
G719	2350.163556	0.848715	0.000000	0.000000	2134.070911	1.281024	10208.535794	8.163928	10008
G720	2409.269524	0.925930	0.000000	0.000000	2187.742209	1.344374	10465.277665	8.481603	10008
G721	1410.817963	0.491832	0.000000	0.000000	1281.096189	0.759469	6128.248239	4.866704	10008
G722	1709.855476	0.630815	0.000000	0.000000	1552.637826	0.939340	7427.194072	5.966026	10008
G723	1769.715116	0.546101	0.000000	0.000000	1606.993496	0.916317	7687.209709	5.976048	10008
G724	3763.604800	1.489850	0.000000	0.000000	3417.549176	2.124976	16348.178923	13.339888	10008
G725	2017.875495	0.723181	0.000000	0.000000	1832.336046	1.096885	8765.157714	6.998813	10008
G726	2122.241068	0.700338	0.000000	0.000000	1927.105421	1.121720	9218.496240	7.247111	10008
G727	1428.107811	0.551423	0.000000	0.000000	1296.796272	0.798349	6203.351111	5.032828	10008
G728	1032.779942	0.534483	0.000000	0.000000	937.817977	0.661636	4486.143519	3.954318	10008
G729	1476.937688	0.548408	0.000000	0.000000	1341.136343	0.813337	6415.456155	5.160375	10008
G730	945.197945	0.369023	0.000000	0.000000	858.288962	0.530711	4105.708740	3.339427	10008
G731	1239.432913	0.431191	0.000000	0.000000	1125.469638	0.666732	5383.793490	4.273798	10008
G732	715.564581	0.243025	0.000000	0.000000	649.769908	0.381796	3108.237559	2.456249	10008
G733	1233.224849	0.403571	0.000000	0.000000	1119.832393	0.650085	5356.827181	4.205100	10008
G734	1671.582372	0.549705	0.000000	0.000000	1517.883854	0.882538	7260.945068	5.704696	10008
G735	1473.409935	0.462328	0.000000	0.000000	1337.932960	0.766684	6400.132459	4.988775	10008
G736	1401.460434	0.459393	0.000000	0.000000	1272.599065	0.739162	6087.601419	4.780146	10008
G737	1809.994516	0.560326	0.000000	0.000000	1643.569290	0.938056	7862.173575	6.115165	10008
G738	1447.308456	0.453640	0.000000	0.000000	1314.231457	0.752855	6286.754017	4.899529	10008
G739	1372.053605	0.498846	0.000000	0.000000	1245.896133	0.749714	5959.865346	4.772800	10008
G740	1389.536491	0.403448	0.000000	0.000000	1261.771505	0.707283	6035.806730	4.649657	10008
G741	1806.256503	0.446015	0.000000	0.000000	1640.174979	0.884609	7845.936557	5.924092	10008
G742	1259.882651	0.472652	0.000000	0.000000	1144.039065	0.696506	5472.622150	4.411735	10008
G743	1355.756525	0.378680	0.000000	0.000000	1231.097535	0.683151	5889.074815	4.512531	10008
G744	3886.871486	0.994717	0.000000	0.000000	3529.481747	1.918317	16883.619264	12.798454	10008
G745	483.078829	0.255983	0.000000	0.000000	438.660736	0.313483	2098.376302	1.864989	10008
G746	1486.075743	0.529211	0.000000	0.000000	1349.434173	0.805973	6455.149630	5.147742	10008
G747	2203.339543	0.726047	0.000000	0.000000	2000.747060	1.164043	9570.768183	7.522130	10008
G748	1349.579270	0.462742	0.000000	0.000000	1225.488267	0.722392	5862.242333	4.640794	10008
G749	1195.916831	0.496607	0.000000	0.000000	1085.954769	0.688830	5194.770273	4.288644	10008
G750	1841.371604	0.812896	0.000000	0.000000	1672.061320	1.089795	7998.467971	6.711183	10008
G751	1443.882705	0.463397	0.000000	0.000000	1311.120697	0.756499	6271.873392	4.907042	10008
G752	1652.282368	0.519472	0.000000	0.000000	1500.358445	0.860266	7177.110568	5.596194	10008
G753	1182.874568	0.470805	0.000000	0.000000	1074.111715	0.669345	5138.117873	4.198030	10008
G754	2148.811814	0.815368	0.000000	0.000000	1951.233042	1.193120	9333.913062	7.543243	10008
G755	1802.311054	0.644177	0.000000	0.000000	1636.592306	0.978758	7828.798491	6.247743	10008
G756	1937.233597	0.588825	0.000000	0.000000	1759.109002	0.998670	8414.869028	6.526364	10008
G757	2171.383035	0.725315	0.000000	0.000000	1971.728887	1.152223	9431.956927	7.430975	10008
G758	2039.162876	0.649275	0.000000	0.000000	1851.666096	1.065782	8857.624891	6.920923	10008
G759	860.452992	0.387502	0.000000	0.000000	781.336131	0.513977	3737.597387	3.153661	10008
G760	712.328550	0.348003	0.000000	0.000000	646.831423	0.442778	3094.181031	2.675715	10008
G761	1935.518700	0.633010	0.000000	0.000000	1757.551786	1.020097	8407.419933	6.599112	10008
G762	1620.761606	0.700219	0.000000	0.000000	1471.735952	0.949883	7040.192087	5.872472	10008
G763	1936.060248	0.720597	0.000000	0.000000	1758.043540	1.067124	8409.772283	6.767968	10008
G764	781.969140	0.333984	0.000000	0.000000	710.068706	0.455957	3396.682727	2.824664	10008
G765	1691.123960	0.626606	0.000000	0.000000	1535.628634	0.930548	7345.828945	5.906067	10008
G766	2333.712944	0.584249	0.000000	0.000000	2119.132899	1.146269	10137.078358	7.665445	10008
G767	2125.918930	0.644738	0.000000	0.000000	1930.445112	1.095241	9234.471974	7.159584	10008
G768	1040.871077	0.392035	0.000000	0.000000	945.165149	0.576295	4521.289432	3.647952	10008
G769	1476.222731	0.440155	0.000000	0.000000	1340.487125	0.756886	6412.350557	4.958831	10008
G770	1234.560279	0.423271	0.000000	0.000000	1121.045033	0.660808	5362.627963	4.245217	10008
G771	1611.922582	0.437938	0.000000	0.000000	1463.709657	0.806670	7001.797527	5.345928	10008
G772	1299.562879	0.502819	0.000000	0.000000	1180.070779	0.727075	5644.983360	4.581950	10008
G773	1621.698159	0.497095	0.000000	0.000000	1472.586390	0.838044	7044.260241	5.470492	10008
G774	1644.045491	0.564840	0.000000	0.000000	1492.878931	0.880609	7141.331587	5.655506	10008
G775	38.016834	0.024282	0.000000	0.000000	34.521266	0.027571	165.135832	0.158142	10008
G776	1826.175012	0.513098	0.000000	0.000000	1658.262022	0.921575	7932.457689	6.083083	10008
G777	886.887420	0.421493	0.000000	0.000000	805.339969	0.543694	3852.422078	3.302748	10008
G778	1192.776357	0.396049	0.000000	0.000000	1083.103055	0.631703	5181.128819	4.077588	10008
G779	1132.545975	0.545682	0.000000	0.000000	1028.410731	0.699063	4919.502768	4.235575	10008
G780	1036.472605	0.386985	0.000000	0.000000	941.171108	0.571962	4502.183545	3.625679	10008
G781	2212.911620	0.652189	0.000000	0.000000	2009.439005	1.130962	9612.346946	7.420772	10008
G782	1341.422295	0.488885	0.000000	0.000000	1218.081309	0.733623	5826.810427	4.668568	10008
G783	1986.521066	0.730189	0.000000	0.000000	1803.864590	1.089840	8628.961737	6.925996	10008
G784	1292.936575	0.432164	0.000000	0.000000	1174.053750	0.686229	5616.200317	4.425244	10008
G785	1882.765282	0.554226	0.000000	0.000000	1709.648935	0.961918	8178.271985	6.312562	10008
G786	1739.748790	0.528624	0.000000	0.000000	1579.782512	0.896779	7557.043318	5.860759	10008
G787	2167.226792	0.604755	0.000000	0.000000	1967.954802	1.091778	9413.903226	7.212531	10008
G788	1180.300532	0.387937	0.000000	0.000000	1071.774356	0.623050	5126.936888	4.027693	10008
G789	1950.351409	0.635646	0.000000	0.000000	1771.020658	1.026782	8471.849593	6.645680	10008
G790	972.347957	0.437664	0.000000	0.000000	882.942588	0.580673	4223.641755	3.563238	10008
G791	1169.977163	0.393987	0.000000	0.000000	1062.400200	0.622489	5082.094699	4.009799	10008
G792	1107.196513	0.358202	0.000000	0.000000	1005.392099	0.581546	4809.390906	3.767926	10008
G793	1627.419496	0.546721	0.000000	0.000000	1477.781663	0.865190	7069.112334	5.575144	10008
G794	1194.884611	0.448643	0.000000	0.000000	1085.017459	0.660783	5190.286559	4.184891	10008
G795	1954.236419	0.559941	0.000000	0.000000	1774.548450	0.991224	8488.725128	6.527097	10008
G796	1880.197873	0.594886	0.000000	0.000000	1707.317594	0.980806	8167.119790	6.374732	10008
G797	1336.674271	0.436801	0.000000	0.000000	1213.769856	0.704299	5806.186173	4.556717	10008
G798	1495.324822	0.515179	0.000000	0.000000	1357.832819	0.801709	6495.325371	5.146615	10008
G799	1634.263104	0.492103	0.000000	0.000000	1483.996015	0.840239	7098.839293	5.497828	10008
G800	1261.014552	0.431630	0.000000	0.000000	1145.066890	0.674592	5477.538853	4.334846	10008
G801	2061.830462	0.711804	0.000000	0.000000	1872.249445	1.106205	8956.087341	7.099154	10008
G802	1465.335298	0.598764	0.000000	0.000000	1330.600769	0.838259	6365.058211	5.233688	10008
G803	2009.325050	0.666081	0.000000	0.000000	1824.571796	1.063588	8728.016670	6.867010	10008
G804	2116.021262	0.694354	0.000000	0.000000	1921.457513	1.116413	9191.478923	7.218719	10008
G805	2303.298142	0.769596	0.000000	0.000000	2091.514675	1.222335	10004.963896	7.882819	10008
G806	1096.191570	0.451924	0.000000	0.000000	995.399038	0.629448	4761.588123	3.923892	10008
G807	1639.928779	0.590584	0.000000	0.000000	1489.140743	0.892993	7123.449598	5.693515	10008
G808	1503.819435	0.515378	0.000000	0.000000	1365.546370	0.804820	6532.223893	5.170711	10008
G809	742.268120	0.483293	0.000000	0.000000	674.018112	0.545016	3224.231205	3.114456	10008
G810	1267.326691	0.547678	0.000000	0.000000	1150.798641	0.742838	5504.957243	4.592223	10008
G811	1117.807570	0.489012	0.000000	0.000000	1015.027492	0.658827	4855.482744	4.063880	10008
G812	2462.287981	0.645050	0.000000	0.000000	2235.885729	1.221664	10695.576876	8.129763	10008
G813	1282.490333	0.520297	0.000000	0.000000	1164.568018	0.731455	5570.824394	4.572548	10008
G814	950.278361	0.353443	0.000000	0.000000	862.902245	0.523639	4127.776827	3.321429	10008
G815	1556.724788	0.443218	0.000000	0.000000	1413.587186	0.788286	6762.031809	5.194858	10008
G816	708.553376	0.335700	0.000000	0.000000	643.403369	0.433704	3077.782601	2.636135	10008
G817	2593.404951	0.749620	0.000000	0.000000	2354.946767	1.318478	11265.116933	8.672528	10008
G818	1310.033783	0.536146	0.000000	0.000000	1189.578905	0.749913	5690.466406	4.680821	10008
G819	1188.055718	0.423271	0.000000	0.000000	1078.816469	0.644444	5160.623519	4.115772	10008
G820	1743.115542	0.654368	0.000000	0.000000	1582.839698	0.963894	7571.667662	6.104740	10008
G821	1058.045293	0.477276	0.000000	0.000000	960.760232	0.632496	4595.890024	3.879691	10008
G822	1478.384101	0.687262	0.000000	0.000000	1342.449762	0.896551	6421.739022	5.468812	10008
G823	1240.607910	0.500923	0.000000	0.000000	1126.536596	0.706172	5388.897392	4.418116	10008
G824	997.682291	0.585787	0.000000	0.000000	905.947482	0.686763	4333.687904	4.004556	10008
G825	475.555690	0.271938	0.000000	0.000000	431.829334	0.322257	2065.697626	1.888867	10008
G826	1440.061823	0.592217	0.000000	0.000000	1307.651138	0.826032	6255.276417	5.151601	10008
G827	1622.569593	0.493412	0.000000	0.000000	1473.377698	0.836568	7048.045537	5.466681	10008
G828	967.699556	0.417385	0.000000	0.000000	878.721597	0.566722	4203.450237	3.504692	10008
G829	2302.858733	0.829973	0.000000	0.000000	2091.115668	1.254334	10003.055210	7.996352	10008
G830	2322.282855	0.679402	0.000000	0.000000	2108.753783	1.184478	10087.428846	7.779236	10008
G831	1070.339912	0.449553	0.000000	0.000000	971.924386	0.619536	4649.294842	3.849490	10008
G832	961.898170	0.377818	0.000000	0.000000	873.453636	0.541394	4178.250433	3.403183	10008
G833	1371.174378	0.614319	0.000000	0.000000	1245.097749	0.817070	5956.046199	5.018144	10008
G834	1977.757864	0.667854	0.000000	0.000000	1795.907147	1.053237	8590.896531	6.781696	10008
G835	993.338864	0.348193	0.000000	0.000000	902.003424	0.535749	4314.821120	3.430216	10008
G836	1409.186487	0.503932	0.000000	0.000000	1279.614724	0.765412	6121.161504	4.885485	10008
G837	1990.630591	0.540608	0.000000	0.000000	1807.596254	0.996092	8646.812511	6.601570	10008
G838	1149.397542	0.523353	0.000000	0.000000	1043.712832	0.690142	4992.701856	4.226003	10008
G839	851.599979	0.424124	0.000000	0.000000	773.297134	0.534609	3699.142063	3.218820	10008
G840	1181.100972	0.447882	0.000000	0.000000	1072.501197	0.655640	5130.413803	4.145579	10008
G841	1093.941645	0.416115	0.000000	0.000000	993.355988	0.607981	4751.814998	3.842279	10008
G842	1845.365610	0.631694	0.000000	0.000000	1675.688085	0.987222	8015.816956	6.343693	10008
G843	1333.125678	0.432778	0.000000	0.000000	1210.547548	0.700968	5790.771952	4.539456	10008
G844	1357.346831	0.477789	0.000000	0.000000	1232.541617	0.733148	5895.982719	4.691054	10008
G845	1257.155497	0.429282	0.000000	0.000000	1141.562667	0.671986	5460.776064	4.319654	10008
G846	1549.663492	0.452618	0.000000	0.000000	1407.175161	0.790051	6731.359266	5.189866	10008
G847	609.097392	0.322262	0.000000	0.000000	553.092155	0.394924	2645.770127	2.350208	10008
G848	670.217608	0.252844	0.000000	0.000000	608.592494	0.371309	2911.261397	2.349757	10008
G849	2260.344614	0.985129	0.000000	0.000000	2052.510633	1.329959	9818.384271	8.209248	10008
G850	1571.246302	0.645969	0.000000	0.000000	1426.773477	0.901164	6825.109713	5.620465	10008
G851	1410.340002	0.578582	0.000000	0.000000	1280.662176	0.808149	6126.172093	5.042215	10008
G852	1253.708298	0.551577	0.000000	0.000000	1138.432431	0.740834	5445.802273	4.565039	10008
G853	1458.906749	0.567230	0.000000	0.000000	1324.763311	0.817800	6337.134164	5.149481	10008
G854	1862.441307	0.596719	0.000000	0.000000	1691.193708	0.975286	8089.989610	6.327718	10008
G855	1725.255018	0.521606	0.000000	0.000000	1566.621412	0.888039	7494.085917	5.807492	10008
G856	1519.715592	0.509115	0.000000	0.000000	1379.980908	0.807190	6601.272910	5.203546	10008
G857	1996.211760	0.564578	0.000000	0.000000	1812.664246	1.009089	8671.055745	6.655398	10008
G858	2719.624426	0.778782	0.000000	0.000000	2469.560623	1.379227	11813.383466	9.082723	10008
G859	2008.252965	0.730867	0.000000	0.000000	1823.598287	1.097737	8723.359793	6.987281	10008
G860	1636.230194	0.612752	0.000000	0.000000	1485.782235	0.903955	7107.383847	5.727394	10008
G861	1767.800304	0.675103	0.000000	0.000000	1605.254747	0.983998	7678.892233	6.214542	10008
G862	2006.805661	0.565023	0.000000	0.000000	1822.284060	1.013269	8717.073062	6.686642	10008
G863	2186.972274	0.702845	0.000000	0.000000	1985.884728	1.146315	9499.672771	7.434150	10008
G864	2696.172402	0.837740	0.000000	0.000000	2448.264965	1.398848	11711.513611	9.114493	10008
G865	766.933485	0.449836	0.000000	0.000000	696.415548	0.527596	3331.371517	3.077074	10008
G866	1423.774907	0.689960	0.000000	0.000000	1292.861769	0.881375	6184.530036	5.334374	10008
G867	1691.251000	0.646152	0.000000	0.000000	1535.743992	0.941548	7346.380775	5.946019	10008
G868	1111.906625	0.506411	0.000000	0.000000	1009.669126	0.667712	4829.850480	4.088460	10008
G869	2171.754971	0.714840	0.000000	0.000000	1972.066624	1.146946	9433.572527	7.412845	10008
G870	816.522366	0.580029	0.000000	0.000000	741.444835	0.635454	3546.773489	3.571073	10008
G871	2566.748894	0.736049	0.000000	0.000000	2330.741678	1.302184	11149.329539	8.573853	10008
G872	2064.706050	0.876592	0.000000	0.000000	1874.860629	1.200736	8968.578192	7.446522	10008
G873	1604.583329	0.588991	0.000000	0.000000	1457.045234	0.879856	6969.917608	5.592765	10008
G874	1798.881165	0.597235	0.000000	0.000000	1633.477788	0.952667	7813.899893	6.149480	10008
G875	1660.566943	0.544102	0.000000	0.000000	1507.881271	0.875706	7213.096736	5.663507	10008
G876	804.722077	0.392238	0.000000	0.000000	730.729558	0.499624	3495.515920	3.020557	10008
G877	1190.115613	0.463773	0.000000	0.000000	1080.686961	0.667729	5169.571199	4.202919	10008
G878	1437.627918	0.518676	0.000000	0.000000	1305.441025	0.783350	6244.704128	4.993019	10008
G879	1842.843145	0.592534	0.000000	0.000000	1673.397555	0.966081	8004.859984	6.264864	10008
G880	1474.533271	0.550874	0.000000	0.000000	1338.953007	0.813884	6405.011956	5.158725	10008
G881	1714.885519	0.542290	0.000000	0.000000	1557.205367	0.894425	7449.043349	5.813733	10008
G882	1630.187075	0.498037	0.000000	0.000000	1480.294768	0.841620	7081.134017	5.496285	10008
G883	1026.151854	0.412916	0.000000	0.000000	931.799328	0.583274	4457.352727	3.651359	10008
G884	1842.103676	0.655193	0.000000	0.000000	1672.726079	0.998630	8001.647910	6.379458	10008
G885	2273.158125	0.655478	0.000000	0.000000	2064.145969	1.154928	9874.043030	7.599035	10008
G886	1179.008542	0.551965	0.000000	0.000000	1070.601162	0.717452	5121.324798	4.370579	10008
G887	1822.491174	0.594174	0.000000	0.000000	1654.916906	0.959571	7916.456001	6.210365	10008
G888	1999.362885	0.614872	0.000000	0.000000	1815.525632	1.034195	8684.743462	6.747927	10008
G889	1915.619626	0.610111	0.000000	0.000000	1739.482391	1.001298	8320.983222	6.501922	10008
G890	1494.203808	0.602449	0.000000	0.000000	1356.814879	0.850015	6490.455957	5.319375	10008
G891	1553.438727	0.545116	0.000000	0.000000	1410.603271	0.838152	6747.757960	5.365499	10008
G892	2831.892625	0.834209	0.000000	0.000000	2571.505996	1.447115	12301.049072	9.495788	10008
G893	1976.944281	0.559367	0.000000	0.000000	1795.168371	0.999459	8587.362525	6.591542	10008
G894	1623.122063	0.641049	0.000000	0.000000	1473.879369	0.915582	7050.445332	5.749960	10008
G895	1925.449446	0.615716	0.000000	0.000000	1748.408380	1.007681	8363.681558	6.539674	10008
G896	499.222995	0.328498	0.000000	0.000000	453.320480	0.369088	2168.502611	2.104810	10008
G897	1868.575979	0.646598	0.000000	0.000000	1696.764309	1.003323	8116.637125	6.436615	10008
G898	1231.039564	0.632183	0.000000	0.000000	1117.848040	0.785388	5347.334837	4.700943	10008
G899	1195.571257	0.468897	0.000000	0.000000	1085.640970	0.672509	5193.269183	4.228441	10008
G900	-482.245461	0.010728	0.000000	0.000000	-437.903995	-0.210197	-2094.756357	-1.495406	10008

# W module
# module name	module signal(LMS-Pedestal)	signal error	gain1(RefPMT1)	gain1 error	gain2(RefPMT2)	gain2 error	gain3(RefPMT3)	gain3 error	LMS entries
W1	2088.196217	0.458105	0.000000	0.000000	1896.190923	0.999850	9070.613732	6.771184	10008
W2	888.833373	0.236079	0.000000	0.000000	807.106996	0.442408	3860.874824	2.939535	10008
W3	811.912002	0.196376	0.000000	0.000000	737.258384	0.395938	3526.747196	2.657097	10008
W4	892.842299	0.188571	0.000000	0.000000	810.747309	0.424787	3878.288616	2.885972	10008
W5	1110.671811	0.271698	0.000000	0.000000	1008.547851	0.542889	4824.486749	3.639121	10008
W6	202.664847	0.317624	0.000000	0.000000	184.030237	0.301616	880.326539	1.515942	10008
W7	1408.907898	0.310515	0.000000	0.000000	1279.361751	0.675141	6119.951386	4.570354	10008
W8	644.361527	0.197793	0.000000	0.000000	585.113827	0.333123	2798.948907	2.174110	10008
W9	378.089629	0.147131	0.000000	0.000000	343.325075	0.212014	1642.328892	1.334804	10008
W10	534.242232	0.180626	0.000000	0.000000	485.119771	0.284622	2320.617614	1.832318	10008
W11	1129.179765	0.260153	0.000000	0.000000	1025.354037	0.545458	4904.880777	3.677715	10008
W12	605.738496	0.170959	0.000000	0.000000	550.042103	0.306037	2631.179904	2.018966	10008
W13	908.409090	0.239186	0.000000	0.000000	824.882766	0.451234	3945.906951	3.001117	10008
W14	1028.410101	0.248943	0.000000	0.000000	933.849934	0.501598	4467.161997	3.365901	10008
W15	1579.510100	0.406954	0.000000	0.000000	1434.277436	0.780718	6861.005631	5.204930	10008
W16	1405.332339	0.352659	0.000000	0.000000	1276.114957	0.690619	6104.420029	4.617232	10008
W17	1731.973018	0.350136	0.000000	0.000000	1572.721706	0.818391	7523.267266	5.579401	10008
W18	129.812457	0.093946	0.000000	0.000000	117.876472	0.102333	563.873570	0.573067	10008
W19	1038.938198	0.259610	0.000000	0.000000	943.409994	0.510098	4512.893477	3.411852	10008
W20	1009.310965	0.274409	0.000000	0.000000	916.506924	0.505185	4384.200023	3.347669	10008
W21	909.549702	0.292774	0.000000	0.000000	825.918501	0.476981	3950.861491	3.092651	10008
W22	1392.434487	0.389609	0.000000	0.000000	1264.403036	0.701946	6048.394915	4.635695	10008
W23	990.211848	0.283790	0.000000	0.000000	899.163930	0.502285	4301.238126	3.307390	10008
W24	761.497610	0.213196	0.000000	0.000000	691.479491	0.383939	3307.759407	2.535379	10008
W25	1006.609858	0.241702	0.000000	0.000000	914.054178	0.490164	4372.467075	3.291820	10008
W26	1268.535770	0.318577	0.000000	0.000000	1151.896547	0.623497	5510.209184	4.168140	10008
W27	659.003143	0.193268	0.000000	0.000000	598.409176	0.336347	2862.548505	2.208322	10008
W28	782.299489	0.218449	0.000000	0.000000	710.368680	0.394166	3398.117680	2.603734	10008
W29	925.077079	0.267208	0.000000	0.000000	840.018168	0.470220	4018.308620	3.093223	10008
W30	1284.394426	0.272351	0.000000	0.000000	1166.297034	0.611473	5579.095310	4.152940	10008
W31	1118.136342	0.269405	0.000000	0.000000	1015.326034	0.544848	4856.910848	3.657816	10008
W32	1658.348337	0.347811	0.000000	0.000000	1505.866661	0.788102	7203.459653	5.357353	10008
W33	1104.376044	0.273329	0.000000	0.000000	1002.830966	0.541126	4797.139476	3.622983	10008
W34	1668.300538	0.362623	0.000000	0.000000	1514.903778	0.797533	7246.689580	5.405352	10008
W35	1273.227258	0.305486	0.000000	0.000000	1156.156663	0.619897	5530.587862	4.163388	10008
W36	916.958506	0.273195	0.000000	0.000000	832.646081	0.470042	3983.043523	3.079839	10008
W37	1190.595323	0.311518	0.000000	0.000000	1081.122563	0.590547	5171.654944	3.930427	10008
W38	574.026893	0.152110	0.000000	0.000000	521.246316	0.285560	2493.432455	1.897876	10008
W39	1000.106754	0.230326	0.000000	0.000000	908.149021	0.483073	4344.219181	3.257207	10008
W40	1040.780447	0.223550	0.000000	0.000000	945.082853	0.496548	4520.895757	3.368797	10008
W41	685.992145	0.190330	0.000000	0.000000	622.916596	0.345082	2979.782128	2.281257	10008
W42	645.206103	0.189294	0.000000	0.000000	585.880746	0.329339	2802.617538	2.162207	10008
W43	1560.378995	0.331174	0.000000	0.000000	1416.905396	0.742974	6777.904789	5.045676	10008
W44	1272.270058	0.295239	0.000000	0.000000	1155.287475	0.615414	5526.430018	4.146595	10008
W45	924.408627	0.217924	0.000000	0.000000	839.411178	0.448506	4015.405025	3.017453	10008
W46	1248.626804	0.287504	0.000000	0.000000	1133.818170	0.603091	5423.729507	4.066526	10008
W47	898.060212	0.206936	0.000000	0.000000	815.485445	0.433826	3900.953953	2.925004	10008
W48	342.180863	0.137153	0.000000	0.000000	310.718045	0.194185	1486.349993	1.216437	10008
W49	754.306090	0.234880	0.000000	0.000000	684.949216	0.391605	3276.521204	2.550834	10008
W50	1803.668589	0.382661	0.000000	0.000000	1637.825019	0.858762	7834.695294	5.832200	10008
W51	1072.007598	0.267637	0.000000	0.000000	973.438732	0.526235	4656.538863	3.520111	10008
W52	1749.307515	0.401139	0.000000	0.000000	1588.462332	0.844274	7598.564082	5.694946	10008
W53	319.569341	0.123853	0.000000	0.000000	290.185606	0.178910	1388.131073	1.127155	10008
W54	992.636820	0.244338	0.000000	0.000000	901.365932	0.485821	4311.771614	3.254519	10008
W55	478.409912	0.153954	0.000000	0.000000	434.421117	0.250865	2078.095669	1.626618	10008
W56	1112.871012	0.280997	0.000000	0.000000	1010.544840	0.547625	4834.039540	3.658846	10008
W57	962.228254	0.240520	0.000000	0.000000	873.753370	0.472468	4179.684238	3.160050	10008
W58	1361.716792	0.302883	0.000000	0.000000	1236.509769	0.653582	5914.964759	4.420836	10008
W59	743.376729	0.207440	0.000000	0.000000	675.024786	0.374491	3229.046728	2.473964	10008
W60	1833.525967	0.359021	0.000000	0.000000	1664.937072	0.862324	7964.388440	5.892958	10008
W61	774.130206	0.225118	0.000000	0.000000	702.950545	0.394203	3362.632312	2.590964	10008
W62	1410.140522	0.343708	0.000000	0.000000	1280.481038	0.688753	6125.305602	4.618577	10008
W63	1027.165627	0.239638	0.000000	0.000000	932.719887	0.497360	4461.756306	3.349467	10008
W64	758.688256	0.188512	0.000000	0.000000	688.928451	0.372053	3295.556260	2.489986	10008
W65	1274.623089	0.302340	0.000000	0.000000	1157.424150	0.619169	5536.651009	4.163157	10008
W66	1338.547032	0.320723	0.000000	0.000000	1215.470420	0.651523	5814.320986	4.376378	10008
W67	1463.467113	0.338739	0.000000	0.000000	1328.904360	0.707556	6356.943272	4.768580	10008
W68	1163.899679	0.273328	0.000000	0.000000	1056.881528	0.564281	5055.695595	3.797765	10008
W69	1010.053617	0.291046	0.000000	0.000000	917.181290	0.513082	4387.425919	3.376210	10008
W70	849.053159	0.244411	0.000000	0.000000	770.984490	0.431185	3688.079302	2.837655	10008
W71	888.674316	0.214735	0.000000	0.000000	806.962563	0.433287	3860.183918	2.908023	10008
W72	549.295066	0.162754	0.000000	0.000000	498.788529	0.281143	2386.003446	1.843444	10008
W73	948.567494	0.244765	0.000000	0.000000	861.348689	0.469016	4120.345239	3.126345	10008
W74	1072.225373	0.248610	0.000000	0.000000	973.636483	0.518568	4657.484826	3.494328	10008
W75	1290.134362	0.280702	0.000000	0.000000	1171.509194	0.616854	5604.028189	4.180432	10008
W76	1190.914233	0.267202	0.000000	0.000000	1081.412149	0.572488	5173.040210	3.869320	10008
W77	723.775185	0.196478	0.000000	0.000000	657.225564	0.362133	3143.902417	2.400143	10008
W78	1176.351408	0.263313	0.000000	0.000000	1068.188346	0.565248	5109.782861	3.821197	10008
W79	1021.256186	0.240083	0.000000	0.000000	927.353806	0.495225	4436.087140	3.332667	10008
W80	1115.053685	0.256139	0.000000	0.000000	1012.526821	0.538336	4843.520539	3.630694	10008
W81	654.153296	0.188323	0.000000	0.000000	594.005263	0.332214	2841.481955	2.186299	10008
W82	140.837962	0.085523	0.000000	0.000000	127.888205	0.098951	611.765668	0.573193	10008
W83	639.888348	0.177594	0.000000	0.000000	581.051947	0.321915	2779.518509	2.128027	10008
W84	450.565978	0.137087	0.000000	0.000000	409.137374	0.232339	1957.148428	1.518148	10008
W85	480.542789	0.161514	0.000000	0.000000	436.357880	0.255514	2087.360367	1.646368	10008
W86	211.951991	0.107379	0.000000	0.000000	192.463447	0.134253	920.667621	0.805674	10008
W87	796.889654	0.235351	0.000000	0.000000	723.617310	0.407504	3461.493792	2.673105	10008
W88	773.769798	0.209166	0.000000	0.000000	702.623276	0.386753	3361.066789	2.564570	10008
W89	988.819935	0.229088	0.000000	0.000000	897.900001	0.478158	4295.191997	3.222269	10008
W90	625.614420	0.181170	0.000000	0.000000	568.090477	0.318218	2717.516057	2.092648	10008
W91	363.550254	0.145660	0.000000	0.000000	330.122565	0.206278	1579.173402	1.292280	10008
W92	556.179163	0.165988	0.000000	0.000000	505.039647	0.285238	2415.906280	1.868543	10008
W93	538.814938	0.156565	0.000000	0.000000	489.272027	0.274318	2340.480334	1.803178	10008
W94	1508.293801	0.295602	0.000000	0.000000	1369.609327	0.709455	6551.659444	4.847964	10008
W95	852.636192	0.241742	0.000000	0.000000	774.238070	0.431284	3703.643120	2.843654	10008
W96	760.341115	0.215864	0.000000	0.000000	690.429333	0.384733	3302.735874	2.536304	10008
W97	1015.028681	0.228935	0.000000	0.000000	921.698908	0.488398	4409.036383	3.299424	10008
W98	1159.391084	0.261065	0.000000	0.000000	1052.787488	0.557695	5036.111357	3.768122	10008
W99	1144.395684	0.259525	0.000000	0.000000	1039.170884	0.551192	4970.975008	3.721794	10008
W100	1161.594834	0.268072	0.000000	0.000000	1054.788608	0.561293	5045.683908	3.783892	10008
W101	1178.816388	0.295410	0.000000	0.000000	1070.426676	0.579131	5120.490129	3.872426	10008
W102	1322.372439	0.316000	0.000000	0.000000	1200.783047	0.643306	5744.062511	4.322324	10008
W103	1311.149730	0.265362	0.000000	0.000000	1190.592243	0.619650	5695.313807	4.224111	10008
W104	974.125093	0.258341	0.000000	0.000000	884.556319	0.484689	4231.361196	3.221018	10008
W105	1212.433737	0.321334	0.000000	0.000000	1100.952980	0.603172	5266.515673	4.008689	10008
W106	801.662777	0.239741	0.000000	0.000000	727.951554	0.411370	3482.227068	2.694092	10008
W107	1384.332990	0.340750	0.000000	0.000000	1257.046455	0.677524	6013.203995	4.538751	10008
W108	1363.659114	0.303847	0.000000	0.000000	1238.273498	0.654717	5923.401731	4.427830	10008
W109	1114.734935	0.296043	0.000000	0.000000	1012.237379	0.554833	4842.135969	3.686578	10008
W110	996.074118	0.266684	0.000000	0.000000	904.487178	0.496723	4326.702397	3.297426	10008
W111	988.193035	0.259616	0.000000	0.000000	897.330743	0.490614	4292.468898	3.263834	10008
W112	1094.636317	0.263699	0.000000	0.000000	993.986787	0.533379	4754.832484	3.580878	10008
W113	747.034241	0.217783	0.000000	0.000000	678.345999	0.380662	3244.934070	2.501170	10008
W114	828.702215	0.216681	0.000000	0.000000	752.504772	0.410980	3599.679776	2.735514	10008
W115	981.680885	0.273861	0.000000	0.000000	891.417372	0.494505	4264.181710	3.266918	10008
W116	422.627076	0.157834	0.000000	0.000000	383.767397	0.233242	1835.788674	1.478469	10008
W117	530.737587	0.171740	0.000000	0.000000	481.937371	0.278783	2305.394293	1.806228	10008
W118	1374.054127	0.326321	0.000000	0.000000	1247.712711	0.667628	5968.555124	4.488461	10008
W119	582.638700	0.175869	0.000000	0.000000	529.066284	0.299764	2530.840036	1.960778	10008
W120	543.417687	0.165719	0.000000	0.000000	493.451562	0.280405	2360.473549	1.831657	10008
W121	1259.285106	0.328092	0.000000	0.000000	1143.496463	0.624010	5470.026561	4.155100	10008
W122	1374.930987	0.268263	0.000000	0.000000	1248.508946	0.646313	5972.363990	4.417929	10008
W123	1418.945853	0.314463	0.000000	0.000000	1288.476736	0.680611	6163.553803	4.605148	10008
W124	990.014172	0.263791	0.000000	0.000000	898.984430	0.493139	4300.379471	3.275431	10008
W125	992.591972	0.253524	0.000000	0.000000	901.325207	0.489669	4311.576805	3.267618	10008
W126	726.367322	0.196930	0.000000	0.000000	659.579359	0.363317	3155.162025	2.408351	10008
W127	606.935237	0.192652	0.000000	0.000000	551.128806	0.316919	2636.378253	2.058883	10008
W128	746.101688	0.209520	0.000000	0.000000	677.499192	0.376468	3240.883287	2.485127	10008
W129	1353.721776	0.293860	0.000000	0.000000	1229.249878	0.647003	5880.236367	4.385617	10008
W130	397.373672	0.173403	0.000000	0.000000	360.835990	0.233941	1726.094060	1.443692	10008
W131	955.103531	0.235993	0.000000	0.000000	867.283750	0.467822	4148.736183	3.132728	10008
W132	853.109632	0.224951	0.000000	0.000000	774.667978	0.423908	3705.699630	2.818914	10008
W133	1329.696791	0.304427	0.000000	0.000000	1207.433940	0.641564	5775.877703	4.328234	10008
W134	802.170785	0.225757	0.000000	0.000000	728.412852	0.404985	3484.433734	2.672665	10008
W135	1282.865723	0.260173	0.000000	0.000000	1164.908891	0.606472	5572.454998	4.133623	10008
W136	1432.260038	0.330059	0.000000	0.000000	1300.566710	0.691894	6221.387370	4.664946	10008
W137	1193.507960	0.273469	0.000000	0.000000	1083.767389	0.575941	5184.306727	3.885227	10008
W138	1917.252496	0.431631	0.000000	0.000000	1740.965122	0.922211	8328.076011	6.231127	10008
W139	651.041376	0.212569	0.000000	0.000000	591.179478	0.342944	2827.964537	2.219072	10008
W140	791.688115	0.213638	0.000000	0.000000	718.894042	0.395543	3438.899577	2.623387	10008
W141	881.877657	0.255507	0.000000	0.000000	800.790843	0.448626	3830.660893	2.950043	10008
W142	1198.528395	0.281286	0.000000	0.000000	1088.326205	0.581000	5206.114266	3.910521	10008
W143	1418.750500	0.311234	0.000000	0.000000	1288.299346	0.679309	6162.705239	4.600428	10008
W144	956.624267	0.240886	0.000000	0.000000	868.664658	0.470460	4155.341890	3.144191	10008
W145	641.548379	0.201971	0.000000	0.000000	582.559341	0.334159	2786.729277	2.173364	10008
W146	678.400488	0.178590	0.000000	0.000000	616.022976	0.336967	2946.805827	2.241184	10008
W147	454.643805	0.190189	0.000000	0.000000	412.840254	0.262700	1974.861515	1.633447	10008
W148	1625.930720	0.325339	0.000000	0.000000	1476.429776	0.767104	7062.645451	5.233836	10008
W149	541.006157	0.158887	0.000000	0.000000	491.261767	0.276229	2349.998450	1.813285	10008
W150	372.205310	0.142223	0.000000	0.000000	337.981807	0.207224	1616.768850	1.308622	10008
W151	579.396095	0.175173	0.000000	0.000000	526.121831	0.298233	2516.754955	1.950345	10008
W152	1221.412680	0.273173	0.000000	0.000000	1109.106328	0.586814	5305.518006	3.967277	10008
W153	754.714459	0.210809	0.000000	0.000000	685.320037	0.380296	3278.295059	2.512021	10008
W154	751.294495	0.202169	0.000000	0.000000	682.214531	0.375109	3263.439571	2.488664	10008
W155	1068.118363	0.243852	0.000000	0.000000	969.907104	0.515087	4639.644980	3.475870	10008
W156	493.936035	0.176272	0.000000	0.000000	448.519645	0.268090	2145.537353	1.711715	10008
W157	778.503128	0.223697	0.000000	0.000000	706.921386	0.395167	3381.627216	2.601209	10008
W158	844.020673	0.218480	0.000000	0.000000	766.414730	0.417621	3666.219414	2.782796	10008
W159	849.894160	0.224385	0.000000	0.000000	771.748161	0.422434	3691.732401	2.808714	10008
W160	386.856412	0.143364	0.000000	0.000000	351.285771	0.212883	1680.409655	1.351102	10008
W161	922.956336	0.204752	0.000000	0.000000	838.092423	0.442785	4009.096630	2.995697	10008
W162	360.232980	0.140120	0.000000	0.000000	327.110308	0.201965	1564.763977	1.271633	10008
W163	715.454340	0.208598	0.000000	0.000000	649.669803	0.364580	3107.758699	2.395472	10008
W164	730.350390	0.152023	0.000000	0.000000	663.196193	0.346667	3172.463500	2.358011	10008
W165	1071.186493	0.234696	0.000000	0.000000	972.693126	0.512782	4652.972184	3.473048	10008
W166	552.567999	0.195624	0.000000	0.000000	501.760522	0.299063	2400.220265	1.911857	10008
W167	481.449243	0.199910	0.000000	0.000000	437.180988	0.277300	2091.297782	1.726484	10008
W168	663.378079	0.224858	0.000000	0.000000	602.381846	0.353720	2881.552156	2.276288	10008
W169	933.167984	0.247043	0.000000	0.000000	847.365131	0.464119	4053.453533	3.084931	10008
W170	672.039320	0.190870	0.000000	0.000000	610.246704	0.340087	2919.174469	2.241872	10008
W171	1833.728455	0.523108	0.000000	0.000000	1665.120942	0.929029	7965.268000	6.120880	10008
W172	635.657324	0.237550	0.000000	0.000000	577.209956	0.350899	2761.139974	2.224026	10008
W173	1159.361262	0.260341	0.000000	0.000000	1052.760409	0.557404	5035.981821	3.767089	10008
W174	732.883356	0.211265	0.000000	0.000000	665.496258	0.372327	3183.466086	2.449879	10008
W175	1517.242920	0.368125	0.000000	0.000000	1377.735594	0.740371	6590.532229	4.967000	10008
W176	1259.321980	0.328857	0.000000	0.000000	1143.529947	0.624356	5470.186736	4.156347	10008
W177	1511.824003	0.322663	0.000000	0.000000	1372.814934	0.720516	6566.993777	4.890896	10008
W178	1377.138487	0.349931	0.000000	0.000000	1250.513471	0.678602	5981.952833	4.530899	10008
W179	1016.702191	0.247047	0.000000	0.000000	923.218542	0.496272	4416.305702	3.328893	10008
W180	1012.966739	0.257848	0.000000	0.000000	919.826557	0.499345	4400.079812	3.333406	10008
W181	904.357400	0.252249	0.000000	0.000000	821.203621	0.455537	3928.307401	3.009531	10008
W182	878.628164	0.231892	0.000000	0.000000	797.840134	0.436681	3816.545891	2.903554	10008
W183	574.080330	0.210596	0.000000	0.000000	521.294839	0.314719	2493.664572	2.000693	10008
W184	862.232450	0.243935	0.000000	0.000000	782.951971	0.435895	3745.326916	2.874814	10008
W185	1264.803805	0.269958	0.000000	0.000000	1148.507729	0.602795	5493.998443	4.091781	10008
W186	803.245701	0.230060	0.000000	0.000000	729.388931	0.407378	3489.102903	2.682670	10008
W187	569.946922	0.216185	0.000000	0.000000	517.541489	0.316415	2475.710057	2.000589	10008
W188	777.567906	0.233746	0.000000	0.000000	706.072156	0.399589	3377.564842	2.615156	10008
W189	1019.128794	0.250034	0.000000	0.000000	925.422024	0.498445	4426.846271	3.340210	10008
W190	1057.533740	0.276257	0.000000	0.000000	960.295714	0.524353	4593.667962	3.490493	10008
W191	1105.085813	0.254463	0.000000	0.000000	1003.475474	0.533764	4800.222541	3.599055	10008
W192	881.255929	0.224224	0.000000	0.000000	800.226281	0.434376	3827.960257	2.899837	10008
W193	619.395742	0.194240	0.000000	0.000000	562.443593	0.322244	2690.503640	2.096994	10008
W194	1171.902955	0.366749	0.000000	0.000000	1064.148918	0.609313	5090.459865	3.966215	10008
W195	1205.487260	0.307618	0.000000	0.000000	1094.645216	0.594575	5236.341874	3.968057	10008
W196	515.939070	0.178213	0.000000	0.000000	468.499547	0.276861	2241.113154	1.776628	10008
W197	1259.228346	0.302327	0.000000	0.000000	1143.444922	0.613163	5469.780010	4.117889	10008
W198	1433.383378	0.341194	0.000000	0.000000	1301.586762	0.696771	6226.266886	4.683340	10008
W199	446.783691	0.116586	0.000000	0.000000	405.702861	0.221472	1940.719101	1.474465	10008
W200	440.304364	0.151374	0.000000	0.000000	399.819295	0.235895	1912.574489	1.514832	10008
W201	1345.310412	0.321480	0.000000	0.000000	1221.611921	0.654464	5843.699457	4.397298	10008
W202	697.008570	0.201052	0.000000	0.000000	632.920083	0.354161	3027.634785	2.330166	10008
W203	1297.726921	0.296123	0.000000	0.000000	1178.403633	0.625755	5637.008405	4.222866	10008
W204	1083.916083	0.273931	0.000000	0.000000	984.252256	0.533480	4708.266410	3.564005	10008
W205	1693.159852	0.451799	0.000000	0.000000	1537.477329	0.843674	7354.672361	5.602759	10008
W206	1045.436520	0.262921	0.000000	0.000000	949.310810	0.513998	4541.120601	3.435621	10008
W207	1454.361797	0.314898	0.000000	0.000000	1320.636258	0.694801	6317.392006	4.710637	10008
W208	1282.493822	0.293432	0.000000	0.000000	1164.571186	0.618716	5570.839552	4.174336	10008
W209	952.323428	0.251612	0.000000	0.000000	864.759272	0.473426	4136.660095	3.147498	10008
W210	863.693202	0.251560	0.000000	0.000000	784.278411	0.439997	3751.672068	2.891377	10008
W211	1574.744047	0.322022	0.000000	0.000000	1429.949611	0.745399	6840.303062	5.077272	10008
W212	1252.635077	0.296441	0.000000	0.000000	1137.457890	0.608213	5441.140462	4.090405	10008
W213	1631.886100	0.342087	0.000000	0.000000	1481.837571	0.775464	7088.514167	5.271654	10008
W214	1242.231317	0.292530	0.000000	0.000000	1128.010735	0.602580	5395.949076	4.054456	10008
W215	1775.141819	0.376826	0.000000	0.000000	1611.921226	0.845260	7710.781981	5.740227	10008
W216	1376.168820	0.299239	0.000000	0.000000	1249.632963	0.657922	5977.740834	4.458979	10008
W217	878.455791	0.247968	0.000000	0.000000	797.683610	0.443839	3815.797144	2.928014	10008
W218	654.497962	0.201917	0.000000	0.000000	594.318237	0.338860	2842.979100	2.210053	10008
W219	1280.654386	0.296385	0.000000	0.000000	1162.900882	0.619154	5562.849488	4.172848	10008
W220	1513.264591	0.318608	0.000000	0.000000	1374.123064	0.719601	6573.251341	4.890160	10008
W221	1368.008792	0.282381	0.000000	0.000000	1242.223233	0.648484	5942.295669	4.413885	10008
W222	725.381688	0.206737	0.000000	0.000000	658.684353	0.367413	3150.880674	2.420972	10008
W223	814.678561	0.210710	0.000000	0.000000	739.770564	0.403027	3538.764452	2.685795	10008
W224	1294.388999	0.298785	0.000000	0.000000	1175.372627	0.625487	5622.509292	4.216557	10008
W225	965.822771	0.274480	0.000000	0.000000	877.017379	0.488836	4195.297941	3.222185	10008
W226	835.247024	0.257772	0.000000	0.000000	758.447799	0.432486	3628.108824	2.820549	10008
W227	1404.241039	0.327577	0.000000	0.000000	1275.123999	0.679930	6099.679687	4.579022	10008
W228	602.360056	0.194378	0.000000	0.000000	546.974303	0.316132	2616.504784	2.049013	10008
W229	1336.706554	0.320575	0.000000	0.000000	1213.799170	0.650746	5806.326403	4.370766	10008
W230	2123.336755	0.512025	0.000000	0.000000	1928.100363	1.034838	9223.255638	6.946771	10008
W231	693.239131	0.217410	0.000000	0.000000	629.497237	0.360667	3011.261267	2.347016	10008
W232	1192.062739	0.270584	0.000000	0.000000	1082.455053	0.574248	5178.029039	3.877145	10008
W233	1233.388271	0.279771	0.000000	0.000000	1119.980788	0.594080	5357.537045	4.011300	10008
W234	756.839819	0.222595	0.000000	0.000000	687.249974	0.386582	3287.527101	2.537221	10008
W235	1081.529095	0.253506	0.000000	0.000000	982.084747	0.524155	4697.897917	3.528343	10008
W236	1877.304552	0.408398	0.000000	0.000000	1704.690308	0.897577	8154.551908	6.082970	10008
W237	733.429851	0.208816	0.000000	0.000000	665.992503	0.371390	3185.839923	2.447486	10008
W238	1628.287885	0.332897	0.000000	0.000000	1478.570205	0.770717	7072.884403	5.249819	10008
W239	1102.632107	0.276773	0.000000	0.000000	1001.247381	0.541895	4789.564241	3.622815	10008
W240	1488.297888	0.272401	0.000000	0.000000	1351.451996	0.693614	6464.802085	4.762194	10008
W241	709.676012	0.214226	0.000000	0.000000	644.422781	0.365129	3082.659057	2.388320	10008
W242	1256.825726	0.292450	0.000000	0.000000	1141.263218	0.608259	5459.343617	4.097328	10008
W243	601.367845	0.197448	0.000000	0.000000	546.073324	0.317340	2612.194864	2.051749	10008
W244	740.629976	0.222981	0.000000	0.000000	672.530592	0.380770	3217.115507	2.491496	10008
W245	1443.080928	0.321102	0.000000	0.000000	1310.392642	0.692680	6268.390672	4.685142	10008
W246	1398.383282	0.304991	0.000000	0.000000	1269.804851	0.668888	6074.235025	4.532125	10008
W247	558.318037	0.189875	0.000000	0.000000	506.981857	0.298030	2425.197027	1.916960	10008
W248	1573.927416	0.348257	0.000000	0.000000	1429.208068	0.754739	6836.755816	5.107424	10008
W249	1831.596272	0.406685	0.000000	0.000000	1663.184809	0.878837	7956.006320	5.945387	10008
W250	1364.953126	0.326264	0.000000	0.000000	1239.448528	0.664057	5929.022601	4.461627	10008
W251	785.358532	0.272582	0.000000	0.000000	713.146450	0.422130	3411.405416	2.706848	10008
W252	902.366788	0.247574	0.000000	0.000000	819.396041	0.452664	3919.660668	2.996438	10008
W253	1601.912702	0.378900	0.000000	0.000000	1454.620165	0.777723	6958.317054	5.230679	10008
W254	1996.284116	0.393253	0.000000	0.000000	1812.729949	0.939683	8671.370041	6.418786	10008
W255	1161.877644	0.291633	0.000000	0.000000	1055.045414	0.571007	5046.912368	3.817456	10008
W256	1228.223806	0.339144	0.000000	0.000000	1115.291185	0.617107	5335.103873	4.081881	10008
W257	1453.501250	0.311559	0.000000	0.000000	1319.854837	0.693217	6313.654002	4.703892	10008
W258	1615.618736	0.358472	0.000000	0.000000	1467.065958	0.775109	7017.852715	5.243989	10008
W259	1096.618879	0.303116	0.000000	0.000000	995.787057	0.551125	4763.444250	3.644993	10008
W260	968.299641	0.278232	0.000000	0.000000	879.266505	0.491507	4206.056857	3.235371	10008
W261	921.500035	0.231274	0.000000	0.000000	836.770026	0.452863	4002.770815	3.027638	10008
W262	892.836386	0.231486	0.000000	0.000000	810.741940	0.441935	3878.262932	2.944293	10008
W263	1572.526820	0.409082	0.000000	0.000000	1427.936253	0.778961	6830.671968	5.187737	10008
W264	1143.552902	0.271569	0.000000	0.000000	1038.405594	0.555628	4967.314168	3.735495	10008
W265	1325.108891	0.307064	0.000000	0.000000	1203.267888	0.640801	5755.948987	4.318221	10008
W266	1071.714004	0.256028	0.000000	0.000000	973.172134	0.521336	4655.263565	3.502917	10008
W267	1227.248504	0.298758	0.000000	0.000000	1114.405560	0.599270	5330.867398	4.019037	10008
W268	729.906810	0.214947	0.000000	0.000000	662.793399	0.372955	3170.536697	2.447384	10008
W269	929.090577	0.326524	0.000000	0.000000	843.662634	0.501554	4035.742275	3.209987	10008
W270	989.517529	0.279603	0.000000	0.000000	898.533453	0.500085	4298.222174	3.298654	10008
W271	1353.314484	0.287662	0.000000	0.000000	1228.880036	0.644541	5878.467190	4.376648	10008
W272	1234.291239	0.299358	0.000000	0.000000	1120.800730	0.602252	5361.459314	4.040540	10008
W273	1981.819768	0.396673	0.000000	0.000000	1799.595568	0.935053	8608.540451	6.379579	10008
W274	1172.389223	0.252469	0.000000	0.000000	1064.590476	0.559580	5092.572098	3.795605	10008
W275	1286.194568	0.283321	0.000000	0.000000	1167.931656	0.616282	5586.914687	4.172095	10008
W276	1148.674106	0.235296	0.000000	0.000000	1043.055914	0.543864	4989.559429	3.704024	10008
W277	723.658427	0.204252	0.000000	0.000000	657.119542	0.365619	3143.395249	2.412022	10008
W278	1207.883685	0.288578	0.000000	0.000000	1096.821296	0.587584	5246.751361	3.948018	10008
W279	763.821041	0.217767	0.000000	0.000000	693.589287	0.386918	3317.851822	2.549384	10008
W280	902.610294	0.242702	0.000000	0.000000	819.617157	0.450576	3920.718398	2.989614	10008
W281	944.455621	0.252349	0.000000	0.000000	857.614894	0.470754	4102.484267	3.125762	10008
W282	1146.822939	0.276865	0.000000	0.000000	1041.374958	0.559050	4981.518408	3.752422	10008
W283	828.169817	0.237060	0.000000	0.000000	752.021327	0.419955	3597.367170	2.765689	10008
W284	674.149734	0.211082	0.000000	0.000000	612.163070	0.350566	2928.341591	2.281792	10008
W285	721.093561	0.232616	0.000000	0.000000	654.790510	0.378407	3132.254096	2.452764	10008
W286	1841.200929	0.349780	0.000000	0.000000	1671.906337	0.862292	7997.726598	5.905446	10008
W287	891.148460	0.221875	0.000000	0.000000	809.209214	0.437199	3870.930992	2.925359	10008
W288	2042.920158	0.430270	0.000000	0.000000	1855.077904	0.971521	8873.945602	6.601938	10008
W289	1717.470200	0.376399	0.000000	0.000000	1559.552392	0.822200	7460.270570	5.568587	10008
W290	1256.035744	0.292136	0.000000	0.000000	1140.545873	0.607824	5455.912129	4.094576	10008
W291	1350.679693	0.386353	0.000000	0.000000	1226.487508	0.684785	5867.022299	4.510177	10008
W292	1022.523571	0.260683	0.000000	0.000000	928.504658	0.504228	4441.592350	3.365442	10008
W293	1090.026580	0.281863	0.000000	0.000000	989.800906	0.539217	4734.808914	3.593455	10008
W294	605.379887	0.240558	0.000000	0.000000	549.716467	0.342334	2629.622191	2.147665	10008
W295	1856.924712	0.379452	0.000000	0.000000	1686.184352	0.878870	8066.026867	5.986748	10008
W296	1313.025211	0.319760	0.000000	0.000000	1192.295277	0.641205	5703.460437	4.300111	10008
W297	1652.013759	0.342775	0.000000	0.000000	1500.114535	0.783749	7175.943798	5.332370	10008
W298	1213.680880	0.288170	0.000000	0.000000	1102.085450	0.589680	5271.932956	3.964500	10008
W299	1487.535056	0.300324	0.000000	0.000000	1350.759306	0.702750	6461.488532	4.791496	10008
W300	1153.175713	0.285683	0.000000	0.000000	1047.143608	0.565152	5009.113308	3.783468	10008
W301	849.782793	0.235203	0.000000	0.000000	771.647035	0.427216	3691.248651	2.825042	10008
W302	697.670011	0.227418	0.000000	0.000000	633.520707	0.367315	3030.507925	2.377328	10008
W303	1287.248618	0.308375	0.000000	0.000000	1168.888788	0.626531	5591.493220	4.208580	10008
W304	1174.506943	0.281996	0.000000	0.000000	1066.513476	0.571913	5101.770955	3.840849	10008
W305	1326.919154	0.405841	0.000000	0.000000	1204.911701	0.685274	5763.812328	4.474576	10008
W306	471.648958	0.189868	0.000000	0.000000	428.281819	0.268136	2048.727740	1.678442	10008
W307	1259.399809	0.280438	0.000000	0.000000	1143.600619	0.604592	5470.524806	4.089066	10008
W308	1855.592591	0.352865	0.000000	0.000000	1684.974717	0.869150	8060.240462	5.951998	10008
W309	1111.657922	0.280903	0.000000	0.000000	1009.443291	0.547118	4828.770174	3.655165	10008
W310	686.720781	0.193984	0.000000	0.000000	623.578235	0.347029	2982.947147	2.289156	10008
W311	942.303922	0.259365	0.000000	0.000000	855.661038	0.473075	4093.137810	3.130356	10008
W312	974.994087	0.281904	0.000000	0.000000	885.345411	0.495723	4235.135897	3.260584	10008
W313	815.209099	0.243444	0.000000	0.000000	740.252320	0.418155	3541.068981	2.739033	10008
W314	1066.606677	0.269967	0.000000	0.000000	968.534414	0.525135	4633.078582	3.507686	10008
W315	1690.510258	0.377844	0.000000	0.000000	1535.071360	0.812092	7343.163172	5.490637	10008
W316	953.084849	0.255858	0.000000	0.000000	865.450682	0.475588	4139.967525	3.156158	10008
W317	884.759413	0.220707	0.000000	0.000000	803.407627	0.434241	3843.178535	2.904990	10008
W318	918.076129	0.224010	0.000000	0.000000	833.660940	0.448513	3987.898202	3.007273	10008
W319	1259.219044	0.253155	0.000000	0.000000	1143.436475	0.594510	5469.739607	4.054801	10008
W320	1083.257006	0.280403	0.000000	0.000000	983.653780	0.535993	4705.403540	3.571568	10008
W321	612.459016	0.200819	0.000000	0.000000	556.144684	0.323054	2660.372197	2.089098	10008
W322	888.268409	0.247152	0.000000	0.000000	806.593979	0.447154	3858.420757	2.955027	10008
W323	880.370232	0.227109	0.000000	0.000000	799.422022	0.435271	3824.113007	2.901489	10008
W324	655.947686	0.184768	0.000000	0.000000	595.634662	0.331237	2849.276345	2.185739	10008
W325	1274.040225	0.272632	0.000000	0.000000	1156.894879	0.607457	5534.119191	4.122537	10008
W326	941.733408	0.226783	0.000000	0.000000	855.142982	0.458841	4090.659640	3.080574	10008
W327	1212.799403	0.282804	0.000000	0.000000	1101.285024	0.587189	5268.104037	3.954605	10008
W328	1244.521444	0.319636	0.000000	0.000000	1130.090289	0.614707	5405.896827	4.099561	10008
W329	611.795015	0.194220	0.000000	0.000000	555.541738	0.319469	2657.487941	2.075413	10008
W330	1382.877769	0.308334	0.000000	0.000000	1255.725038	0.664023	6006.882867	4.490498	10008
W331	1452.859232	0.344243	0.000000	0.000000	1319.271852	0.705599	6310.865233	4.744797	10008
W332	1530.375284	0.319804	0.000000	0.000000	1389.660463	0.726861	6647.576004	4.942505	10008
W333	893.615958	0.272445	0.000000	0.000000	811.449832	0.461075	3881.649204	3.011925	10008
W334	1069.349510	0.261095	0.000000	0.000000	971.025049	0.522487	4644.992778	3.503032	10008
W335	674.369853	0.301739	0.000000	0.000000	612.362949	0.401606	2929.297735	2.467109	10008
W336	1592.367807	0.309312	0.000000	0.000000	1445.952903	0.748054	6916.856364	5.115025	10008
W337	1123.868552	0.299419	0.000000	0.000000	1020.531180	0.559797	4881.810168	3.718226	10008
W338	860.965283	0.237930	0.000000	0.000000	781.801318	0.432671	3739.822655	2.861640	10008
W339	429.522116	0.152712	0.000000	0.000000	390.028452	0.232818	1865.739041	1.487379	10008
W340	1257.558705	0.315162	0.000000	0.000000	1141.928801	0.617824	5462.527500	4.131123	10008
W341	1157.966755	0.302801	0.000000	0.000000	1051.494123	0.574284	5029.924422	3.822444	10008
W342	452.570689	0.154694	0.000000	0.000000	410.957757	0.241994	1965.856405	1.555346	10008
W343	909.941123	0.227297	0.000000	0.000000	826.273932	0.446730	3952.561728	2.988114	10008
W344	970.307184	0.247179	0.000000	0.000000	881.089459	0.478397	4214.777136	3.193302	10008
W345	959.584682	0.229531	0.000000	0.000000	871.352869	0.466909	4168.201208	3.136822	10008
W346	1404.277915	0.305037	0.000000	0.000000	1275.157485	0.671242	6099.839868	4.549659	10008
W347	1194.876915	0.255994	0.000000	0.000000	1085.010471	0.569824	5190.253132	3.866758	10008
W348	1145.947692	0.272542	0.000000	0.000000	1040.580188	0.556954	4977.716552	3.743873	10008
W349	719.302022	0.220787	0.000000	0.000000	653.163699	0.371861	3124.472089	2.426946	10008
W350	1054.267235	0.264421	0.000000	0.000000	957.329559	0.518036	4579.479067	3.463601	10008
W351	610.076751	0.215645	0.000000	0.000000	553.981464	0.330005	2650.024222	2.110181	10008
W352	1211.588180	0.305958	0.000000	0.000000	1100.185170	0.596217	5262.842782	3.983455	10008
W353	950.341366	0.251929	0.000000	0.000000	862.959456	0.472809	4128.050503	3.142216	10008
W354	1119.008310	0.298276	0.000000	0.000000	1016.117826	0.557443	4860.698464	3.702377	10008
W355	915.112042	0.240709	0.000000	0.000000	830.969395	0.454458	3975.022933	3.022898	10008
W356	1514.299963	0.316755	0.000000	0.000000	1375.063235	0.719339	6577.748744	4.890968	10008
W357	1235.292799	0.284032	0.000000	0.000000	1121.710198	0.596493	5365.809846	4.022564	10008
W358	1034.915712	0.274824	0.000000	0.000000	939.757367	0.515095	4495.420781	3.422573	10008
W359	1498.204147	0.347246	0.000000	0.000000	1360.447396	0.724534	6507.832454	4.882393	10008
W360	1028.892698	0.261791	0.000000	0.000000	934.288157	0.507149	4469.258281	3.385652	10008
W361	964.999993	0.260376	0.000000	0.000000	876.270253	0.482120	4191.723993	3.197637	10008
W362	1340.615947	0.347063	0.000000	0.000000	1217.349103	0.663352	5823.307849	4.420160	10008
W363	868.076598	0.221904	0.000000	0.000000	788.258762	0.428321	3770.712466	2.857981	10008
W364	777.166300	0.200935	0.000000	0.000000	705.707477	0.384439	3375.820364	2.562018	10008
W365	531.618639	0.206286	0.000000	0.000000	482.737412	0.297768	2309.221368	1.875596	10008
W366	1619.731299	0.321426	0.000000	0.000000	1470.800379	0.763248	7035.716683	5.210758	10008
W367	1342.687202	0.378445	0.000000	0.000000	1219.229910	0.678132	5832.304874	4.474460	10008
W368	1489.019824	0.326573	0.000000	0.000000	1352.107552	0.712926	6467.937999	4.828185	10008
W369	1355.773574	0.277583	0.000000	0.000000	1231.113018	0.641871	5889.148875	4.371675	10008
W370	1587.108109	0.323615	0.000000	0.000000	1441.176823	0.750918	6894.009522	5.116018	10008
W371	999.078190	0.251441	0.000000	0.000000	907.215031	0.491282	4339.751349	3.283532	10008
W372	655.566509	0.180010	0.000000	0.000000	595.288534	0.328926	2847.620606	2.177133	10008
W373	1088.928918	0.262077	0.000000	0.000000	988.804172	0.530497	4730.040940	3.561863	10008
W374	1693.640689	0.358365	0.000000	0.000000	1537.913954	0.806026	7356.761000	5.475244	10008
W375	1181.778143	0.296718	0.000000	0.000000	1073.116104	0.580825	5133.355268	3.882970	10008
W376	538.861228	0.182082	0.000000	0.000000	489.314060	0.287028	2340.681405	1.847965	10008
W377	1177.579774	0.279734	0.000000	0.000000	1069.303766	0.572195	5115.118579	3.846762	10008
W378	906.878458	0.236002	0.000000	0.000000	823.492872	0.449264	3939.258258	2.991900	10008
W379	695.307485	0.201266	0.000000	0.000000	631.375410	0.353627	3020.245688	2.325628	10008
W380	1323.675366	0.326294	0.000000	0.000000	1201.966173	0.648034	5749.722107	4.340549	10008
W381	1199.192593	0.292048	0.000000	0.000000	1088.929332	0.585620	5208.999383	3.927326	10008
W382	901.640230	0.234810	0.000000	0.000000	818.736288	0.446743	3916.504678	2.974873	10008
W383	968.835530	0.266996	0.000000	0.000000	879.753121	0.486543	4208.384630	3.219008	10008
W384	1115.726098	0.283499	0.000000	0.000000	1013.137406	0.549785	4846.441335	3.670821	10008
W385	913.079160	0.233805	0.000000	0.000000	829.123433	0.450695	3966.192593	3.006726	10008
W386	717.435998	0.228037	0.000000	0.000000	651.469252	0.374774	3116.366537	2.434278	10008
W387	1091.706240	0.307205	0.000000	0.000000	991.326125	0.551143	4742.104947	3.637278	10008
W388	1018.952559	0.252669	0.000000	0.000000	925.261993	0.499471	4426.080749	3.343432	10008
W389	1107.905647	0.291976	0.000000	0.000000	1006.036030	0.550445	4812.471211	3.660589	10008
W390	868.889526	0.220236	0.000000	0.000000	788.996943	0.427923	3774.243626	2.857919	10008
W391	1245.404212	0.298609	0.000000	0.000000	1130.891888	0.606269	5409.731352	4.072128	10008
W392	374.065674	0.146840	0.000000	0.000000	339.671114	0.210489	1624.849817	1.323258	10008
W393	1090.107460	0.260480	0.000000	0.000000	989.874349	0.530307	4735.160238	3.563117	10008
W394	1083.433787	0.258771	0.000000	0.000000	983.814307	0.527014	4706.171436	3.541146	10008
W395	645.555040	0.204111	0.000000	0.000000	586.197598	0.336684	2804.133234	2.188482	10008
W396	954.200180	0.254960	0.000000	0.000000	866.463460	0.475614	4144.812246	3.158024	10008
W397	817.037035	0.232969	0.000000	0.000000	741.912181	0.413889	3549.009086	2.727050	10008
W398	1336.089885	0.318740	0.000000	0.000000	1213.239202	0.649762	5803.647741	4.366420	10008
W399	719.955657	0.238210	0.000000	0.000000	653.757234	0.380858	3127.311322	2.459673	10008
W400	1104.480075	0.282041	0.000000	0.000000	1002.925432	0.544840	4797.591362	3.635864	10008
W401	1183.753685	0.279827	0.000000	0.000000	1074.909999	0.574642	5141.936541	3.865049	10008
W402	1824.485323	0.390521	0.000000	0.000000	1656.727697	0.869943	7925.118093	5.903791	10008
W403	1646.677889	0.363785	0.000000	0.000000	1495.269287	0.789409	7152.766083	5.342770	10008
W404	990.452879	0.247261	0.000000	0.000000	899.382799	0.486195	4302.285107	3.252291	10008
W405	985.150852	0.259277	0.000000	0.000000	894.568283	0.489304	4279.254400	3.254476	10008
W406	1085.168888	0.244069	0.000000	0.000000	985.389868	0.521883	4713.708289	3.526524	10008
W407	1045.208025	0.230417	0.000000	0.000000	949.103324	0.500881	4540.128074	3.390626	10008
W408	1982.710787	0.399225	0.000000	0.000000	1800.404659	0.936306	8612.410818	6.385240	10008
W409	1294.833508	0.285942	0.000000	0.000000	1175.776264	0.620693	5624.440130	4.201039	10008
W410	1256.454786	0.266407	0.000000	0.000000	1140.926385	0.598164	5457.732343	4.062576	10008
W411	775.637577	0.188739	0.000000	0.000000	704.319317	0.378714	3369.179965	2.539973	10008
W412	921.591740	0.237902	0.000000	0.000000	836.853299	0.455720	4003.169158	3.037580	10008
W413	1420.620189	0.302999	0.000000	0.000000	1289.997121	0.676976	6170.826712	4.595595	10008
W414	1314.037197	0.274510	0.000000	0.000000	1193.214213	0.624079	5707.856256	4.243714	10008
W415	1143.144298	0.252099	0.000000	0.000000	1038.034560	0.547849	4965.539293	3.708446	10008
W416	1038.861902	0.256270	0.000000	0.000000	943.340713	0.508674	4512.562064	3.406860	10008
W417	1028.290910	0.280492	0.000000	0.000000	933.741702	0.515099	4466.644262	3.412051	10008
W418	1280.666788	0.263359	0.000000	0.000000	1162.912144	0.606725	5562.903363	4.130879	10008
W419	946.893286	0.220648	0.000000	0.000000	859.828420	0.458388	4113.072887	3.087355	10008
W420	831.343636	0.213121	0.000000	0.000000	754.903320	0.410456	3611.153463	2.737935	10008
W421	1048.650734	0.253961	0.000000	0.000000	952.229483	0.511519	4555.082359	3.432312	10008
W422	1098.550361	0.275943	0.000000	0.000000	997.540943	0.539971	4771.834134	3.609684	10008
W423	673.453614	0.184599	0.000000	0.000000	611.530957	0.337755	2925.317817	2.236033	10008
W424	763.642623	0.185068	0.000000	0.000000	693.427274	0.372549	3317.076819	2.499641	10008
W425	547.264065	0.192199	0.000000	0.000000	496.944274	0.295359	2377.181275	1.890527	10008
W426	1473.197920	0.327374	0.000000	0.000000	1337.740439	0.706973	6399.211519	4.782367	10008
W427	722.506706	0.236529	0.000000	0.000000	656.073719	0.380910	3138.392455	2.463795	10008
W428	1125.414508	0.269576	0.000000	0.000000	1021.934988	0.547751	4888.525421	3.679432	10008
W429	1102.682532	0.254671	0.000000	0.000000	1001.293170	0.532903	4789.783276	3.592246	10008
W430	1720.570833	0.344825	0.000000	0.000000	1562.367928	0.811947	7473.738959	5.539125	10008
W431	1965.898008	0.399247	0.000000	0.000000	1785.137780	0.929569	8539.380219	6.335130	10008
W432	1214.509575	0.306276	0.000000	0.000000	1102.837949	0.597477	5275.532604	3.992452	10008
W433	1182.645787	0.260653	0.000000	0.000000	1073.903969	0.566720	5137.124100	3.836390	10008
W434	1000.162019	0.236856	0.000000	0.000000	908.199205	0.485691	4344.459239	3.266193	10008
W435	1468.612222	0.326800	0.000000	0.000000	1333.576387	0.704942	6379.292368	4.768055	10008
W436	1049.430679	0.288144	0.000000	0.000000	952.937714	0.526537	4558.470250	3.485129	10008
W437	722.345738	0.200923	0.000000	0.000000	655.927552	0.363600	3137.693249	2.402949	10008
W438	1363.993773	0.301624	0.000000	0.000000	1238.577386	0.654002	5924.855407	4.425952	10008
W439	1334.977620	0.292585	0.000000	0.000000	1212.229208	0.639096	5798.816334	4.328441	10008
W440	1109.970571	0.250593	0.000000	0.000000	1007.911089	0.534176	4821.440735	3.608360	10008
W441	1580.110541	0.343829	0.000000	0.000000	1434.822668	0.755514	6863.613801	5.120088	10008
W442	781.606513	0.240159	0.000000	0.000000	709.739421	0.404192	3395.107561	2.637588	10008
W443	868.094042	0.215761	0.000000	0.000000	788.274603	0.425732	3770.788241	2.849143	10008
W444	1102.540657	0.221259	0.000000	0.000000	1001.164340	0.520399	4789.167007	3.549815	10008
W445	1125.246935	0.253794	0.000000	0.000000	1021.782823	0.541432	4887.797526	3.657696	10008
W446	1488.858868	0.339496	0.000000	0.000000	1351.961395	0.717823	6467.238845	4.844500	10008
W447	1416.652154	0.322461	0.000000	0.000000	1286.393938	0.682788	6153.590536	4.608799	10008
W448	1361.830616	0.267522	0.000000	0.000000	1236.613127	0.640778	5915.459182	4.377921	10008
W449	947.506502	0.237864	0.000000	0.000000	860.385252	0.465670	4115.736548	3.113175	10008
W450	812.362642	0.198077	0.000000	0.000000	737.667589	0.396810	3528.704667	2.660799	10008
W451	1275.747526	0.281520	0.000000	0.000000	1158.445198	0.611465	5541.535289	4.138848	10008
W452	1469.349668	0.358575	0.000000	0.000000	1334.246026	0.717852	6382.495652	4.813115	10008
W453	808.697758	0.237696	0.000000	0.000000	734.339683	0.412999	3512.785306	2.710819	10008
W454	266.901788	0.130124	0.000000	0.000000	242.360724	0.165730	1159.356099	1.001902	10008
W455	571.997501	0.177979	0.000000	0.000000	519.403522	0.296892	2484.617271	1.934091	10008
W456	986.602153	0.296194	0.000000	0.000000	895.886140	0.506823	4285.558495	3.317532	10008
W457	1041.096883	0.270288	0.000000	0.000000	945.370193	0.515477	4522.270276	3.433747	10008
W458	1218.260128	0.278926	0.000000	0.000000	1106.243646	0.587802	5291.824090	3.965518	10008
W459	808.390621	0.214490	0.000000	0.000000	734.060787	0.402270	3511.451177	2.673158	10008
W460	1033.907649	0.250532	0.000000	0.000000	938.841994	0.504385	4491.042001	3.384254	10008
W461	844.478363	0.251679	0.000000	0.000000	766.830337	0.432925	3668.207507	2.836527	10008
W462	631.273204	0.188860	0.000000	0.000000	573.228947	0.323971	2742.096430	2.121601	10008
W463	881.250201	0.236723	0.000000	0.000000	800.221081	0.439808	3827.935379	2.918504	10008
W464	658.651307	0.201224	0.000000	0.000000	598.089691	0.340043	2861.020217	2.220687	10008
W465	1345.679780	0.314030	0.000000	0.000000	1221.947326	0.651620	5845.303898	4.388217	10008
W466	769.789715	0.204951	0.000000	0.000000	699.009154	0.383371	3343.778284	2.546580	10008
W467	767.202854	0.254680	0.000000	0.000000	696.660149	0.406284	3332.541592	2.622621	10008
W468	1196.596379	0.311375	0.000000	0.000000	1086.571834	0.592780	5197.722063	3.947682	10008
W469	1311.097332	0.325469	0.000000	0.000000	1190.544663	0.642824	5695.086205	4.302541	10008
W470	1492.185055	0.333855	0.000000	0.000000	1354.981746	0.716950	6481.686988	4.846934	10008
W471	891.606621	0.224622	0.000000	0.000000	809.625249	0.438530	3872.921133	2.930650	10008
W472	1112.685024	0.243955	0.000000	0.000000	1010.375953	0.532711	4833.231654	3.607808	10008
W473	823.301227	0.215443	0.000000	0.000000	747.600393	0.408377	3576.219204	2.717945	10008
W474	1067.039344	0.250093	0.000000	0.000000	968.927299	0.517126	4634.957985	3.481050	10008
W475	1186.223215	0.280878	0.000000	0.000000	1077.152461	0.576028	5152.663576	3.873751	10008
W476	1301.318333	0.317107	0.000000	0.000000	1181.664822	0.635569	5652.608621	4.262049	10008
W477	1412.142407	0.343847	0.000000	0.000000	1282.298853	0.689587	6134.001300	4.624645	10008
W478	1029.775260	0.244060	0.000000	0.000000	935.089569	0.500148	4473.091913	3.363161	10008
W479	1049.716310	0.246373	0.000000	0.000000	953.197082	0.508866	4559.710961	3.424998	10008
W480	838.267538	0.229757	0.000000	0.000000	761.190584	0.420405	3641.229202	2.783227	10008
W481	1122.073988	0.252272	0.000000	0.000000	1018.901621	0.539594	4874.015018	3.646328	10008
W482	1233.404086	0.259468	0.000000	0.000000	1119.995149	0.586440	5357.605743	3.985515	10008
W483	1555.296086	0.324525	0.000000	0.000000	1412.289850	0.738521	6755.825874	5.022395	10008
W484	729.723449	0.205501	0.000000	0.000000	662.626897	0.368470	3169.740220	2.431498	10008
W485	896.779818	0.255847	0.000000	0.000000	814.322782	0.454350	3895.392238	2.993437	10008
W486	940.214196	0.238146	0.000000	0.000000	853.763458	0.462979	4084.060552	3.092273	10008
W487	965.466422	0.234637	0.000000	0.000000	876.693795	0.471280	4193.750050	3.161193	10008
W488	934.323423	0.246958	0.000000	0.000000	848.414330	0.464522	4058.472476	3.088160	10008
W489	747.818093	0.223841	0.000000	0.000000	679.057777	0.383837	3248.338930	2.513480	10008
W490	566.126147	0.192527	0.000000	0.000000	514.072027	0.302196	2459.113546	1.943764	10008
W491	891.094365	0.242951	0.000000	0.000000	809.160094	0.446321	3870.696021	2.956626	10008
W492	998.586627	0.258387	0.000000	0.000000	906.768666	0.494056	4337.616118	3.292258	10008
W493	800.915800	0.197804	0.000000	0.000000	727.273260	0.392261	3478.982386	2.626865	10008
W494	188.281305	0.100886	0.000000	0.000000	170.969232	0.122934	817.847950	0.729783	10008
W495	1484.426715	0.347122	0.000000	0.000000	1347.936770	0.719089	6447.986659	4.841630	10008
W496	767.077760	0.206170	0.000000	0.000000	696.546558	0.382880	3331.998214	2.540569	10008
W497	753.441965	0.212347	0.000000	0.000000	684.164546	0.380523	3272.767655	2.510796	10008
W498	1222.771341	0.281495	0.000000	0.000000	1110.340062	0.590581	5311.419696	3.982246	10008
W499	1241.069394	0.296310	0.000000	0.000000	1126.955648	0.603648	5390.901966	4.056216	10008
W500	857.505910	0.245690	0.000000	0.000000	778.660027	0.434939	3724.795984	2.864033	10008
W501	1468.653894	0.310692	0.000000	0.000000	1333.614227	0.698927	6379.473380	4.747818	10008
W502	267.706719	0.115838	0.000000	0.000000	243.091643	0.157005	1162.852523	0.970383	10008
W503	1357.809260	0.317358	0.000000	0.000000	1232.961526	0.657691	5897.991396	4.428442	10008
W504	1221.264998	0.274534	0.000000	0.000000	1108.972224	0.587279	5304.876509	3.968612	10008
W505	1144.873936	0.280587	0.000000	0.000000	1039.605161	0.559822	4973.052416	3.751922	10008
W506	1605.164272	0.328399	0.000000	0.000000	1457.572760	0.759854	6972.441082	5.175539	10008
W507	1181.907514	0.301391	0.000000	0.000000	1073.233580	0.582855	5133.917226	3.890133	10008
W508	892.918551	0.249823	0.000000	0.000000	810.816549	0.450124	3878.619835	2.972675	10008
W509	1311.926391	0.284840	0.000000	0.000000	1191.297492	0.627047	5698.687434	4.250280	10008
W510	1246.443132	0.288644	0.000000	0.000000	1131.835282	0.602684	5414.244168	4.061611	10008
W511	1120.797688	0.272172	0.000000	0.000000	1017.742675	0.547014	4868.471085	3.669487	10008
W512	905.481496	0.245160	0.000000	0.000000	822.224358	0.452760	3933.190196	3.001714	10008
W513	452.563047	0.153399	0.000000	0.000000	410.950817	0.241310	1965.823207	1.552903	10008
W514	1507.444540	0.329573	0.000000	0.000000	1368.838153	0.721355	6547.970459	4.886602	10008
W515	1334.406329	0.318685	0.000000	0.000000	1211.710446	0.649083	5796.334787	4.361396	10008
W516	626.826897	0.204295	0.000000	0.000000	569.191470	0.330001	2722.782762	2.135873	10008
W517	1823.191263	0.369858	0.000000	0.000000	1655.552623	0.861946	7919.497016	5.874773	10008
W518	817.058697	0.232799	0.000000	0.000000	741.931852	0.413818	3549.103183	2.726839	10008
W519	953.325016	0.244952	0.000000	0.000000	865.668766	0.470921	4141.010748	3.140490	10008
W520	1217.958358	0.267450	0.000000	0.000000	1105.969623	0.583268	5290.513273	3.949679	10008
W521	1271.780639	0.305735	0.000000	0.000000	1154.843058	0.619435	5524.304103	4.159483	10008
W522	927.907003	0.242531	0.000000	0.000000	842.587886	0.460140	4030.601117	3.062851	10008
W523	544.825970	0.194083	0.000000	0.000000	494.730356	0.295521	2366.590783	1.887392	10008
W524	1151.142678	0.278529	0.000000	0.000000	1045.297506	0.561409	5000.282302	3.767421	10008
W525	699.038116	0.212036	0.000000	0.000000	634.763017	0.360151	3036.450636	2.354251	10008
W526	1010.310359	0.293875	0.000000	0.000000	917.414425	0.514506	4388.541143	3.381568	10008
W527	1833.847835	0.433318	0.000000	0.000000	1665.229346	0.890150	7965.786558	5.987406	10008
W528	1820.623079	0.383776	0.000000	0.000000	1653.220579	0.865925	7908.341453	5.883958	10008
W529	488.143817	0.191556	0.000000	0.000000	443.260010	0.274644	2120.377374	1.726672	10008
W530	1126.894261	0.164553	0.000000	0.000000	1023.278681	0.512901	4894.953107	3.565103	10008
W531	1388.701813	0.327156	0.000000	0.000000	1261.013573	0.673683	6032.181092	4.532695	10008
W532	863.001895	0.238253	0.000000	0.000000	783.650668	0.433586	3748.669198	2.868033	10008
W533	816.376793	0.224686	0.000000	0.000000	741.312647	0.409846	3546.141156	2.711994	10008
W534	1284.146521	0.320767	0.000000	0.000000	1166.071923	0.630442	5578.018472	4.216943	10008
W535	703.348983	0.197611	0.000000	0.000000	638.677509	0.354940	3055.175990	2.342878	10008
W536	773.827178	0.211699	0.000000	0.000000	702.675381	0.387909	3361.316036	2.568656	10008
W537	1102.574512	0.245258	0.000000	0.000000	1001.195082	0.529207	4789.314065	3.579546	10008
W538	894.134703	0.224099	0.000000	0.000000	811.920879	0.439285	3883.902504	2.937286	10008
W539	1691.205695	0.343696	0.000000	0.000000	1535.702853	0.799765	7346.183983	5.450211	10008
W540	526.705645	0.190734	0.000000	0.000000	478.276157	0.287383	2287.880523	1.830684	10008
W541	1607.286592	0.358676	0.000000	0.000000	1459.499937	0.771896	6981.659920	5.219599	10008
W542	1717.817882	0.346058	0.000000	0.000000	1559.868105	0.811274	7461.780816	5.532364	10008
W543	1456.144140	0.332406	0.000000	0.000000	1322.254718	0.702194	6325.134067	4.738540	10008
W544	1191.682335	0.293093	0.000000	0.000000	1082.109626	0.583139	5176.376657	3.906781	10008
W545	766.056682	0.246074	0.000000	0.000000	695.619366	0.401472	3327.562902	2.603834	10008
W546	1103.770763	0.260534	0.000000	0.000000	1002.281340	0.535660	4794.510285	3.603372	10008
W547	1278.905339	0.298312	0.000000	0.000000	1161.312657	0.619232	5555.252058	4.170284	10008
W548	1162.663651	0.283552	0.000000	0.000000	1055.759149	0.567946	5050.326589	3.808256	10008
W549	1090.853276	0.278197	0.000000	0.000000	990.551589	0.537962	4738.399883	3.590473	10008
W550	1322.724017	0.293147	0.000000	0.000000	1201.102298	0.634461	5745.589678	4.292873	10008
W551	1037.628256	0.266692	0.000000	0.000000	942.220499	0.512599	4507.203408	3.418322	10008
W552	909.719031	0.245682	0.000000	0.000000	826.072261	0.454600	3951.597015	3.014799	10008
W553	1564.230182	0.337216	0.000000	0.000000	1420.402474	0.746741	6794.633402	5.064646	10008
W554	787.041104	0.214808	0.000000	0.000000	714.674314	0.394306	3418.714098	2.611732	10008
W555	1199.889789	0.292270	0.000000	0.000000	1089.562421	0.585982	5212.027828	3.929682	10008
W556	388.565390	0.134083	0.000000	0.000000	352.837612	0.208439	1687.833039	1.337766	10008
W557	444.456040	0.156129	0.000000	0.000000	403.589232	0.239893	1930.608352	1.535445	10008
W558	849.288303	0.199861	0.000000	0.000000	771.198012	0.411917	3689.100707	2.771764	10008
W559	951.414016	0.261138	0.000000	0.000000	863.933479	0.477317	4132.709833	3.159473	10008
W560	761.432386	0.180642	0.000000	0.000000	691.420263	0.369890	3307.476087	2.487023	10008
W563	22.010091	0.036311	0.000000	0.000000	19.986309	0.034336	95.606455	0.171845	10008
W564	1046.324309	0.278151	0.000000	0.000000	950.116968	0.520904	4544.976938	3.460753	10008
W565	908.889951	0.238044	0.000000	0.000000	825.319413	0.450920	3947.995693	3.000802	10008
W566	512.724578	0.179488	0.000000	0.000000	465.580621	0.276407	2227.150188	1.770098	10008
W567	1271.066012	0.276577	0.000000	0.000000	1154.194139	0.607746	5521.199938	4.118675	10008
W568	627.954839	0.185226	0.000000	0.000000	570.215699	0.321005	2727.682262	2.106040	10008
W569	1153.772504	0.297198	0.000000	0.000000	1047.685525	0.570256	5011.705623	3.801907	10008
W570	674.387001	0.235291	0.000000	0.000000	612.378521	0.363136	2929.372222	2.326702	10008
W571	1307.939354	0.313361	0.000000	0.000000	1187.677054	0.636613	5681.368720	4.276267	10008
W572	1055.891671	0.314356	0.000000	0.000000	958.804631	0.541149	4586.535217	3.546094	10008
W573	1036.111240	0.231440	0.000000	0.000000	940.842969	0.497676	4500.613862	3.365022	10008
W574	692.751952	0.189538	0.000000	0.000000	629.054853	0.347276	3009.145079	2.299563	10008
W575	681.695831	0.322834	0.000000	0.000000	619.015319	0.417175	2961.119992	2.535874	10008
W576	1270.078306	0.282595	0.000000	0.000000	1153.297251	0.609634	5516.909585	4.123453	10008
W577	1891.137131	0.433113	0.000000	0.000000	1717.251010	0.912511	8214.637249	6.155948	10008
W578	713.303759	0.237022	0.000000	0.000000	647.716964	0.377863	3098.417103	2.438803	10008
W579	791.700430	0.235634	0.000000	0.000000	718.905224	0.405717	3438.953071	2.658722	10008
W580	892.955429	0.248114	0.000000	0.000000	810.850037	0.449358	3878.780027	2.970080	10008
W581	554.633343	0.157742	0.000000	0.000000	503.635962	0.280774	2409.191614	1.850564	10008
W582	1505.911159	0.352441	0.000000	0.000000	1367.445764	0.729614	6541.309827	4.912103	10008
W583	1633.964420	0.347346	0.000000	0.000000	1483.724794	0.778216	7097.541881	5.284311	10008
W584	617.122969	0.199657	0.000000	0.000000	560.379797	0.324141	2680.631269	2.100154	10008
W585	995.593234	0.231491	0.000000	0.000000	904.050509	0.481763	4324.613552	3.245461	10008
W586	1265.135358	0.317524	0.000000	0.000000	1148.808797	0.621741	5495.438627	4.156680	10008
W587	833.636856	0.232232	0.000000	0.000000	756.985683	0.419781	3621.114650	2.773727	10008
W588	770.916877	0.242256	0.000000	0.000000	700.032676	0.401322	3348.674400	2.610849	10008
W589	1301.782953	0.293020	0.000000	0.000000	1182.086722	0.626147	5654.626819	4.230767	10008
W590	864.359690	0.217652	0.000000	0.000000	784.883617	0.425085	3754.567130	2.840938	10008
W591	1513.326565	0.309621	0.000000	0.000000	1374.179339	0.716384	6573.520538	4.879440	10008
W592	784.689015	0.202095	0.000000	0.000000	712.538494	0.387822	3408.497197	2.585658	10008
W593	727.131025	0.224411	0.000000	0.000000	660.272841	0.376507	3158.479364	2.455461	10008
W594	1658.579357	0.389566	0.000000	0.000000	1506.076439	0.804138	7204.463148	5.411981	10008
W597	1254.436287	0.309833	0.000000	0.000000	1139.093482	0.614389	5448.964477	4.114363	10008
W598	764.986035	0.217383	0.000000	0.000000	694.647162	0.387176	3322.912270	2.552120	10008
W599	1221.649188	0.260176	0.000000	0.000000	1109.321089	0.582017	5306.545339	3.951461	10008
W600	869.685034	0.226644	0.000000	0.000000	789.719307	0.430978	3777.699122	2.869672	10008
W601	1088.668822	0.266108	0.000000	0.000000	988.567991	0.532048	4728.911148	3.566737	10008
W602	647.487202	0.235097	0.000000	0.000000	587.952102	0.353626	2812.526072	2.251717	10008
W603	1545.448631	0.337865	0.000000	0.000000	1403.347848	0.739534	6713.050940	5.009776	10008
W604	774.841653	0.314443	0.000000	0.000000	703.596576	0.441979	3365.722665	2.762799	10008
W605	1038.175207	0.378580	0.000000	0.000000	942.717158	0.567895	4509.579229	3.613596	10008
W606	1089.766198	0.275664	0.000000	0.000000	989.564466	0.536468	4733.677880	3.583610	10008
W607	1280.549718	0.275009	0.000000	0.000000	1162.805838	0.610925	5562.394838	4.144830	10008
W608	1471.376293	0.318298	0.000000	0.000000	1336.086307	0.702824	6391.298817	4.765388	10008
W609	1243.844740	0.290640	0.000000	0.000000	1129.475806	0.602457	5402.957388	4.056642	10008
W610	1186.068191	0.267364	0.000000	0.000000	1077.011691	0.570640	5151.990189	3.855206	10008
W611	1511.171220	0.310210	0.000000	0.000000	1372.222173	0.715731	6564.158247	4.873726	10008
W612	1370.066289	0.353180	0.000000	0.000000	1244.091547	0.677275	5951.232931	4.515032	10008
W613	1281.184606	0.336655	0.000000	0.000000	1163.382349	0.636105	5565.152634	4.231632	10008
W614	1014.967613	0.250385	0.000000	0.000000	921.643455	0.496978	4408.771117	3.328513	10008
W615	400.032346	0.164486	0.000000	0.000000	363.250205	0.229447	1737.642689	1.431000	10008
W616	1156.132947	0.272175	0.000000	0.000000	1049.828930	0.560783	5021.958807	3.773334	10008
W617	1281.821529	0.297521	0.000000	0.000000	1163.960709	0.620060	5567.919273	4.177812	10008
W618	1286.802668	0.297836	0.000000	0.000000	1168.483843	0.622138	5589.556124	4.192919	10008
W619	993.995225	0.223435	0.000000	0.000000	902.599434	0.477986	4317.672192	3.230065	10008
W620	1161.501107	0.279173	0.000000	0.000000	1054.703499	0.565702	5045.276782	3.798733	10008
W621	836.894610	0.239225	0.000000	0.000000	759.943893	0.424224	3635.265535	2.794287	10008
W622	1534.571953	0.346398	0.000000	0.000000	1393.471258	0.738495	6665.805310	4.988608	10008
W623	1178.795835	0.282823	0.000000	0.000000	1070.408012	0.573919	5120.400850	3.854593	10008
W624	1586.759403	0.328177	0.000000	0.000000	1440.860181	0.752410	6892.494833	5.120460	10008
W625	707.543709	0.234313	0.000000	0.000000	642.486539	0.374400	3073.396855	2.417652	10008
W626	720.490598	0.196499	0.000000	0.000000	654.242988	0.360899	3129.634974	2.390664	10008
W627	1281.814534	0.291709	0.000000	0.000000	1163.954357	0.617777	5567.888889	4.170052	10008
W628	3.753907	0.021071	0.000000	0.000000	3.408743	0.019203	16.306055	0.092265	10008
W629	1585.781864	0.360456	0.000000	0.000000	1439.972524	0.764108	6888.248639	5.158365	10008
W630	1007.799462	0.271076	0.000000	0.000000	915.134401	0.503125	4377.634424	3.338157	10008
W631	760.304492	0.218372	0.000000	0.000000	690.396077	0.385885	3302.576792	2.540247	10008
W632	985.826855	0.250633	0.000000	0.000000	895.182128	0.485836	4282.190788	3.243648	10008
W633	1216.177835	0.328415	0.000000	0.000000	1104.352816	0.607728	5282.779120	4.030353	10008
W634	856.693257	0.214581	0.000000	0.000000	777.922097	0.420834	3721.266020	2.814096	10008
W635	620.380300	0.182710	0.000000	0.000000	563.337624	0.316999	2694.780321	2.080169	10008
W636	423.854308	0.139697	0.000000	0.000000	384.881787	0.223940	1841.119468	1.447076	10008
W637	1171.411053	0.283669	0.000000	0.000000	1063.702246	0.571391	5088.323163	3.834085	10008
W638	868.944103	0.225617	0.000000	0.000000	789.046502	0.430249	3774.480698	2.865987	10008
W639	1588.912334	0.359180	0.000000	0.000000	1442.815153	0.764845	6901.846635	5.165935	10008
W640	1470.858476	0.344069	0.000000	0.000000	1335.616102	0.712564	6389.049544	4.797538	10008
W641	2198.446086	0.406165	0.000000	0.000000	1996.303546	1.025807	9549.512202	7.038603	10008
W642	1163.594626	0.347669	0.000000	0.000000	1056.604523	0.596946	5054.370517	3.909892	10008
W643	1816.900819	0.370386	0.000000	0.000000	1649.840572	0.859612	7892.172864	5.856650	10008
W644	1187.787272	0.287580	0.000000	0.000000	1078.572706	0.579357	5159.457454	3.887609	10008
W645	2139.904897	0.447902	0.000000	0.000000	1943.145098	1.016624	9295.223593	6.911929	10008
W646	2215.556116	0.512909	0.000000	0.000000	2011.840345	1.071210	9623.833992	7.219316	10008
W647	2017.358703	0.448584	0.000000	0.000000	1831.866771	0.968219	8762.912893	6.549218	10008
W648	1323.151468	0.328297	0.000000	0.000000	1201.490446	0.648665	5747.446422	4.341863	10008
W649	1722.203661	0.359749	0.000000	0.000000	1563.850620	0.817920	7480.831564	5.561861	10008
W650	1382.468351	0.327711	0.000000	0.000000	1255.353265	0.671472	6005.104458	4.515113	10008
W651	1253.740827	0.260980	0.000000	0.000000	1138.461969	0.595104	5445.943571	4.047848	10008
W652	769.861260	0.238723	0.000000	0.000000	699.074120	0.399186	3344.089056	2.601701	10008
W653	769.240530	0.236201	0.000000	0.000000	698.510465	0.397719	3341.392756	2.595586	10008
W654	1793.114769	0.374916	0.000000	0.000000	1628.241600	0.851726	7788.852078	5.791302	10008
W655	1774.037893	0.417456	0.000000	0.000000	1610.918803	0.860425	7705.986795	5.789773	10008
W656	825.435574	0.238659	0.000000	0.000000	749.538492	0.419681	3585.490289	2.760426	10008
W657	805.818118	0.208176	0.000000	0.000000	731.724820	0.398540	3500.276855	2.656225	10008
W658	856.815736	0.218363	0.000000	0.000000	778.033314	0.422482	3721.798038	2.819938	10008
W659	840.731727	0.244205	0.000000	0.000000	763.428195	0.427985	3651.933034	2.813415	10008
W660	1104.376216	0.263156	0.000000	0.000000	1002.831123	0.536952	4797.140224	3.608745	10008
W661	547.664469	0.179434	0.000000	0.000000	497.307861	0.288806	2378.920529	1.867832	10008
W662	1256.255958	0.297394	0.000000	0.000000	1140.745839	0.610009	5456.868687	4.102360	10008
W663	201.028413	0.120412	0.000000	0.000000	182.544269	0.140059	873.218268	0.813504	10008
W664	1051.135648	0.202524	0.000000	0.000000	954.485914	0.493234	4565.876218	3.374590	10008
W665	1885.672723	0.435973	0.000000	0.000000	1712.289043	0.911489	8190.901200	6.143642	10008
W666	1256.307217	0.300065	0.000000	0.000000	1140.792385	0.611107	5457.091342	4.106179	10008
W667	1209.723550	0.348639	0.000000	0.000000	1098.491989	0.614537	5254.743285	4.043724	10008
W668	953.424593	0.254221	0.000000	0.000000	865.759187	0.474993	4141.443287	3.154648	10008
W669	1569.455232	0.341550	0.000000	0.000000	1425.147092	0.750435	6817.329742	5.085612	10008
W670	1047.210704	0.264143	0.000000	0.000000	950.921861	0.515198	4548.827221	3.442573	10008
W671	1126.707670	0.275356	0.000000	0.000000	1023.109246	0.550618	4894.142601	3.691290	10008
W672	585.130775	0.174975	0.000000	0.000000	531.329219	0.300252	2541.665004	1.966390	10008
W673	918.996064	0.249509	0.000000	0.000000	834.496290	0.459826	3991.894176	3.047579	10008
W674	1324.086911	0.341515	0.000000	0.000000	1202.339877	0.654627	5751.509758	4.363784	10008
W675	1507.009082	0.323167	0.000000	0.000000	1368.442735	0.718788	6546.078938	4.877230	10008
W676	1159.684000	0.270757	0.000000	0.000000	1053.053471	0.561607	5037.383713	3.781867	10008
W677	1482.231690	0.350004	0.000000	0.000000	1345.943573	0.719383	6438.452006	4.839085	10008
W678	1133.863674	0.291663	0.000000	0.000000	1029.607270	0.560242	4925.226531	3.735704	10008
W679	1797.958252	0.407099	0.000000	0.000000	1632.639735	0.865729	7809.890987	5.846463	10008
W680	1590.191559	0.400985	0.000000	0.000000	1443.976757	0.782280	6907.403279	5.227384	10008
W681	1737.514661	0.404243	0.000000	0.000000	1577.753806	0.840872	7547.338807	5.664324	10008
W682	1170.478808	0.279014	0.000000	0.000000	1062.855719	0.569134	5084.273719	3.824894	10008
W683	1317.182832	0.304505	0.000000	0.000000	1196.070613	0.636683	5721.520125	4.291424	10008
W684	1552.604159	0.347268	0.000000	0.000000	1409.845439	0.745939	6744.132801	5.043051	10008
W685	670.274206	0.199112	0.000000	0.000000	608.643889	0.343308	2911.507248	2.250305	10008
W686	934.318113	0.262097	0.000000	0.000000	848.409508	0.471310	4058.449410	3.111599	10008
W687	934.959234	0.251262	0.000000	0.000000	848.991680	0.466663	4061.234285	3.096548	10008
W688	1111.710383	0.286386	0.000000	0.000000	1009.490928	0.549477	4828.998053	3.663337	10008
W689	1257.039813	0.307663	0.000000	0.000000	1141.457620	0.614498	5460.273559	4.118922	10008
W690	761.648171	0.223262	0.000000	0.000000	691.616208	0.388684	3308.413407	2.552105	10008
W691	1274.397137	0.314068	0.000000	0.000000	1157.218974	0.623876	5535.669531	4.178845	10008
W692	1458.629435	0.334703	0.000000	0.000000	1324.511496	0.704069	6335.929581	4.748923	10008
W693	677.970071	0.242764	0.000000	0.000000	615.632135	0.368419	2944.936203	2.351064	10008
W694	710.107170	0.206484	0.000000	0.000000	644.814294	0.361593	3084.531899	2.376657	10008
W695	1439.500346	0.330695	0.000000	0.000000	1307.141287	0.694986	6252.837499	4.687152	10008
W696	451.249412	0.189653	0.000000	0.000000	409.757968	0.261267	1960.117101	1.623197	10008
W697	673.501917	0.275224	0.000000	0.000000	611.574818	0.385294	2925.527633	2.405564	10008
W698	926.905182	0.248214	0.000000	0.000000	841.678180	0.462251	4026.249449	3.068522	10008
W699	864.236223	0.263801	0.000000	0.000000	784.771502	0.446068	3754.030818	2.913436	10008
W700	634.565940	0.223461	0.000000	0.000000	576.218923	0.342800	2756.399269	2.193268	10008
W701	1717.199904	0.365485	0.000000	0.000000	1559.306949	0.818023	7459.096471	5.554050	10008
W702	1340.733083	0.338494	0.000000	0.000000	1217.455468	0.659736	5823.816657	4.407946	10008
W703	1010.160677	0.264281	0.000000	0.000000	917.278506	0.501038	4387.890962	3.334730	10008
W704	474.521908	0.198167	0.000000	0.000000	430.890607	0.273985	2061.207134	1.704125	10008
W705	1680.544359	0.351901	0.000000	0.000000	1526.021805	0.798445	7299.873747	5.428367	10008
W706	598.768180	0.202599	0.000000	0.000000	543.712693	0.319081	2600.902554	2.053919	10008
W707	1453.725819	0.345751	0.000000	0.000000	1320.058758	0.706544	6314.629474	4.749413	10008
W708	1076.553110	0.284879	0.000000	0.000000	977.566294	0.535379	4676.283458	3.558757	10008
W709	1367.581185	0.320904	0.000000	0.000000	1241.834943	0.662927	5940.438248	4.462023	10008
W710	1688.896963	0.390815	0.000000	0.000000	1533.606404	0.816506	7336.155413	5.502986	10008
W711	1169.917691	0.291619	0.000000	0.000000	1062.346195	0.574105	5081.836364	3.840953	10008
W712	1522.869774	0.362509	0.000000	0.000000	1382.845070	0.740277	6614.973905	4.975741	10008
W713	1466.059836	0.334074	0.000000	0.000000	1331.258687	0.706744	6368.205425	4.770020	10008
W714	1655.313819	0.388868	0.000000	0.000000	1503.111161	0.802583	7190.278451	5.401419	10008
W715	957.952150	0.269191	0.000000	0.000000	869.870445	0.483445	4161.109889	3.191046	10008
W716	1389.704839	0.305741	0.000000	0.000000	1261.924373	0.665734	6036.537989	4.507368	10008
W717	2246.815615	0.474301	0.000000	0.000000	2040.225598	1.068882	9759.617607	7.262188	10008
W718	1355.073607	0.304039	0.000000	0.000000	1230.477410	0.651403	5886.108386	4.402687	10008
W719	1381.679817	0.378894	0.000000	0.000000	1254.637235	0.693024	6001.679256	4.587777	10008
W720	701.166949	0.205521	0.000000	0.000000	636.696108	0.357814	3045.697765	2.349427	10008
W721	972.734910	0.278662	0.000000	0.000000	883.293961	0.493364	4225.322582	3.248823	10008
W722	1470.238434	0.340630	0.000000	0.000000	1335.053072	0.710957	6386.356233	4.791078	10008
W723	1035.762300	0.279206	0.000000	0.000000	940.526113	0.517356	4499.098153	3.431713	10008
W724	1251.982157	0.293959	0.000000	0.000000	1136.865005	0.606963	5438.304337	4.085102	10008
W725	1016.587278	0.263689	0.000000	0.000000	923.114195	0.503240	4415.806545	3.352560	10008
W726	1143.746320	0.310103	0.000000	0.000000	1038.581227	0.572091	4968.154327	3.792240	10008
W727	1241.252048	0.347950	0.000000	0.000000	1127.121507	0.626027	5391.695369	4.133398	10008
W728	1397.388344	0.388727	0.000000	0.000000	1268.901396	0.703407	6069.913260	4.648600	10008
W729	801.872195	0.259100	0.000000	0.000000	728.141717	0.421013	3483.136731	2.728290	10008
W730	1141.399271	0.266642	0.000000	0.000000	1036.449985	0.552813	4957.959321	3.722447	10008
W731	979.822311	0.245315	0.000000	0.000000	889.729690	0.481274	4256.108521	3.218401	10008
W732	884.733175	0.243641	0.000000	0.000000	803.383802	0.444227	3843.064565	2.939295	10008
W733	1491.829753	0.346106	0.000000	0.000000	1354.659114	0.721585	6480.143644	4.862073	10008
W734	947.460524	0.239254	0.000000	0.000000	860.343502	0.466239	4115.536831	3.115049	10008
W735	822.066338	0.235347	0.000000	0.000000	746.479050	0.416875	3570.855149	2.745360	10008
W736	1329.337687	0.303014	0.000000	0.000000	1207.107855	0.640871	5774.317845	4.325303	10008
W737	1294.035047	0.341268	0.000000	0.000000	1175.051219	0.643025	5620.971808	4.275935	10008
W738	1263.356137	0.307262	0.000000	0.000000	1147.193171	0.616784	5487.710124	4.136883	10008
W739	922.344497	0.225451	0.000000	0.000000	837.536841	0.450763	4006.438949	3.021817	10008
W740	1462.193354	0.324687	0.000000	0.000000	1327.747720	0.701599	6351.410374	4.746331	10008
W741	835.022935	0.267523	0.000000	0.000000	758.244315	0.437261	3627.135439	2.836997	10008
W742	1440.852758	0.326039	0.000000	0.000000	1308.369347	0.693702	6258.712042	4.684988	10008
W743	676.116968	0.206619	0.000000	0.000000	613.949421	0.349089	2936.886776	2.279675	10008
W744	1154.427272	0.278838	0.000000	0.000000	1048.280088	0.562813	5014.549772	3.777495	10008
W745	1199.726411	0.310855	0.000000	0.000000	1089.414066	0.593753	5211.318154	3.956026	10008
W746	1490.014916	0.324315	0.000000	0.000000	1353.011148	0.712470	6472.260438	4.828263	10008
W747	1380.107527	0.318959	0.000000	0.000000	1253.209514	0.667061	5994.849616	4.496310	10008
W748	1446.102028	0.338046	0.000000	0.000000	1313.135958	0.700478	6281.513590	4.716476	10008
W749	1395.051034	0.319964	0.000000	0.000000	1266.778997	0.673322	6059.760555	4.541729	10008
W750	1159.858891	0.292664	0.000000	0.000000	1053.212282	0.570663	5038.143400	3.813044	10008
W751	1148.409483	0.312470	0.000000	0.000000	1042.815623	0.574916	4988.409969	3.809405	10008
W752	934.681308	0.284084	0.000000	0.000000	848.739308	0.481834	4060.027041	3.148834	10008
W753	899.971355	0.250461	0.000000	0.000000	817.220863	0.453070	3909.255493	2.994043	10008
W754	773.889035	0.218775	0.000000	0.000000	702.731550	0.391156	3361.584726	2.579997	10008
W755	809.562878	0.250612	0.000000	0.000000	735.125257	0.419564	3516.543176	2.735140	10008
W756	1601.400167	0.356515	0.000000	0.000000	1454.154757	0.768745	6956.090731	5.199386	10008
W757	954.253699	0.239039	0.000000	0.000000	866.512059	0.468768	4145.044722	3.134597	10008
W758	1007.365818	0.268223	0.000000	0.000000	914.740629	0.501698	4375.750778	3.332547	10008
W759	895.943329	0.238322	0.000000	0.000000	813.563205	0.446103	3891.758731	2.963586	10008
W760	615.966029	0.219672	0.000000	0.000000	559.329236	0.334242	2675.605807	2.134315	10008
W761	460.093314	0.157510	0.000000	0.000000	417.788692	0.246145	1998.532849	1.581658	10008
W762	1222.555581	0.323960	0.000000	0.000000	1110.144142	0.608182	5310.482490	4.042070	10008
W763	825.603216	0.235295	0.000000	0.000000	749.690720	0.418174	3586.218484	2.755454	10008
W764	928.491974	0.245017	0.000000	0.000000	843.119070	0.461448	4033.142085	3.068284	10008
W765	875.653202	0.233627	0.000000	0.000000	795.138713	0.436310	3803.623381	2.897539	10008
W766	1985.454179	0.410978	0.000000	0.000000	1802.895802	0.941586	8624.327443	6.407459	10008
W767	1169.644853	0.265218	0.000000	0.000000	1062.098444	0.563341	5080.651224	3.803866	10008
W768	1338.943109	0.310520	0.000000	0.000000	1215.830079	0.647589	5816.041451	4.363639	10008
W769	1289.528566	0.271805	0.000000	0.000000	1170.959100	0.613319	5601.396759	4.167523	10008
W770	739.866985	0.230076	0.000000	0.000000	671.837757	0.383956	3213.801262	2.501470	10008
W771	752.455727	0.210146	0.000000	0.000000	683.268989	0.379143	3268.483675	2.504452	10008
W772	1237.155554	0.307282	0.000000	0.000000	1123.401677	0.606641	5373.901199	4.060131	10008
W773	980.431457	0.255360	0.000000	0.000000	890.282826	0.485796	4258.754499	3.234883	10008
W774	1718.612860	0.363947	0.000000	0.000000	1560.589986	0.818020	7465.234004	5.556342	10008
W775	1691.739144	0.364350	0.000000	0.000000	1536.187253	0.807480	7348.501156	5.477049	10008
W776	1510.661093	0.317479	0.000000	0.000000	1371.758951	0.718151	6561.942380	4.881032	10008
W777	1559.436580	0.365464	0.000000	0.000000	1416.049634	0.755745	6773.811170	5.087369	10008
W778	1661.181805	0.368823	0.000000	0.000000	1508.439597	0.797060	7215.767545	5.392189	10008
W779	1431.763057	0.351080	0.000000	0.000000	1300.115425	0.700181	6219.228605	4.692356	10008
W780	1502.168202	0.346060	0.000000	0.000000	1364.046964	0.725622	6525.051337	4.892495	10008
W781	1312.914388	0.333389	0.000000	0.000000	1192.194645	0.646861	5702.979052	4.319273	10008
W782	2219.483581	0.461846	0.000000	0.000000	2015.406688	1.053448	9640.893937	7.165662	10008
W783	1619.006789	0.360020	0.000000	0.000000	1470.142487	0.777038	7032.569591	5.256014	10008
W784	701.435501	0.284031	0.000000	0.000000	636.939968	0.399742	3046.864294	2.499725	10008
W785	1542.575786	0.338469	0.000000	0.000000	1400.739155	0.738625	6700.572003	5.002034	10008
W786	1818.948393	0.431836	0.000000	0.000000	1651.699876	0.883737	7901.067023	5.941550	10008
W787	1547.093433	0.353386	0.000000	0.000000	1404.841414	0.746138	6720.195558	5.034794	10008
W788	1880.842655	0.389511	0.000000	0.000000	1707.903090	0.892042	8169.920564	6.070084	10008
W789	1941.368478	0.386412	0.000000	0.000000	1762.863689	0.915212	8432.829937	6.246832	10008
W790	1391.129301	0.323487	0.000000	0.000000	1263.217859	0.673172	6042.725505	4.534876	10008
W791	1249.739226	0.331682	0.000000	0.000000	1134.828307	0.621933	5428.561596	4.132731	10008
W792	893.827379	0.248720	0.000000	0.000000	811.641813	0.449962	3882.567562	2.973553	10008
W793	950.970892	0.266846	0.000000	0.000000	863.531098	0.479746	4130.785009	3.167182	10008
W794	1542.388989	0.355887	0.000000	0.000000	1400.569533	0.745271	6699.760602	5.024242	10008
W795	1851.199910	0.377958	0.000000	0.000000	1680.985934	0.876046	8041.159729	5.967904	10008
W796	1987.964867	0.428601	0.000000	0.000000	1805.175637	0.949039	8635.233256	6.436656	10008
W797	1035.374590	0.287856	0.000000	0.000000	940.174052	0.521104	4497.414034	3.444051	10008
W798	784.072196	0.211211	0.000000	0.000000	711.978390	0.391573	3405.817887	2.597580	10008
W799	883.460044	0.244600	0.000000	0.000000	802.227733	0.444181	3837.534395	2.937118	10008
W800	530.761455	0.161714	0.000000	0.000000	481.959045	0.273804	2305.497972	1.788749	10008
W801	870.365005	0.238916	0.000000	0.000000	790.336755	0.436666	3780.652746	2.890361	10008
W802	614.273054	0.196630	0.000000	0.000000	557.791926	0.321579	2668.251935	2.086695	10008
W803	977.924637	0.271673	0.000000	0.000000	888.006503	0.492093	4247.865487	3.252618	10008
W804	1076.418489	0.283513	0.000000	0.000000	977.444050	0.534729	4675.698694	3.556307	10008
W805	976.551193	0.236978	0.000000	0.000000	886.759345	0.476545	4241.899584	3.196992	10008
W806	1374.228469	0.323515	0.000000	0.000000	1247.871024	0.666569	5969.312426	4.485139	10008
W807	757.657953	0.215773	0.000000	0.000000	687.992882	0.383686	3291.080876	2.528432	10008
W808	584.068167	0.180812	0.000000	0.000000	530.364315	0.302702	2537.049293	1.973306	10008
W809	1094.569783	0.303262	0.000000	0.000000	993.926371	0.550419	4754.543479	3.639302	10008
W810	1419.950069	0.330387	0.000000	0.000000	1289.388617	0.687197	6167.915874	4.629096	10008
W811	1156.467430	0.286380	0.000000	0.000000	1050.132658	0.566716	5023.411720	3.794099	10008
W812	1749.843660	0.373831	0.000000	0.000000	1588.949179	0.834089	7600.892962	5.661371	10008
W813	1962.537605	0.512076	0.000000	0.000000	1782.086360	0.972820	8524.783452	6.476663	10008
W814	1288.676844	0.288755	0.000000	0.000000	1170.185692	0.619336	5597.697087	4.186457	10008
W815	1408.674207	0.318490	0.000000	0.000000	1279.149547	0.678106	6118.936288	4.580008	10008
W816	1325.449343	0.305687	0.000000	0.000000	1203.577036	0.640391	5757.427830	4.317381	10008
W817	1661.523495	0.380579	0.000000	0.000000	1508.749870	0.801738	7217.251766	5.408589	10008
W818	987.864008	0.304543	0.000000	0.000000	897.031969	0.511349	4291.039683	3.335356	10008
W819	1905.303146	0.424543	0.000000	0.000000	1730.114490	0.914773	8276.170956	6.186570	10008
W820	1920.565337	0.424770	0.000000	0.000000	1743.973354	0.920891	8342.466180	6.232032	10008
W821	1609.404524	0.367552	0.000000	0.000000	1461.423130	0.776163	6990.859698	5.237488	10008
W822	1542.345286	0.354335	0.000000	0.000000	1400.529849	0.744644	6699.570767	5.022043	10008
W823	741.675629	0.250876	0.000000	0.000000	673.480099	0.395195	3221.657566	2.543982	10008
W824	1168.297950	0.280948	0.000000	0.000000	1060.875387	0.569069	5074.800607	3.821158	10008
W825	1240.395229	0.336159	0.000000	0.000000	1126.343471	0.620367	5387.973556	4.112463	10008
W826	885.586770	0.265883	0.000000	0.000000	804.158910	0.454938	3846.772371	2.977887	10008
W827	914.099520	0.260964	0.000000	0.000000	830.049972	0.463206	3970.624785	3.051533	10008
W828	1340.050354	0.336817	0.000000	0.000000	1216.835515	0.658765	5820.851052	4.403526	10008
W829	1321.920638	0.306004	0.000000	0.000000	1200.372788	0.639132	5742.099995	4.307401	10008
W830	1251.128701	0.317226	0.000000	0.000000	1136.090023	0.616218	5434.597136	4.115319	10008
W831	934.039631	0.274187	0.000000	0.000000	848.156632	0.476845	4057.239753	3.130396	10008
W832	1073.016883	0.256420	0.000000	0.000000	974.355215	0.522003	4660.922950	3.507287	10008
W833	1266.212388	0.283044	0.000000	0.000000	1149.786796	0.608280	5500.116983	4.112598	10008
W834	725.302514	0.235262	0.000000	0.000000	658.612459	0.381270	3150.536761	2.469390	10008
W835	1.463669	0.049603	0.000000	0.000000	1.329088	0.045047	6.357822	0.215511	10008
W836	947.606056	0.245425	0.000000	0.000000	860.475652	0.468932	4116.168985	3.124518	10008
W837	1356.768370	0.328346	0.000000	0.000000	1232.016344	0.661719	5893.470024	4.440476	10008
W838	1584.173440	0.358110	0.000000	0.000000	1438.511991	0.762565	6881.262038	5.150529	10008
W839	1431.064095	0.316820	0.000000	0.000000	1299.480732	0.686299	6216.192487	4.644054	10008
W840	837.657729	0.253736	0.000000	0.000000	760.636845	0.431401	3638.580339	2.820512	10008
W841	779.557826	0.245029	0.000000	0.000000	707.879107	0.405849	3386.208568	2.640215	10008
W842	1874.250456	0.435966	0.000000	0.000000	1701.917030	0.907010	8141.285665	6.109964	10008
W843	1954.470772	0.441543	0.000000	0.000000	1774.761255	0.940706	8489.743101	6.354095	10008
W844	1986.996148	0.402380	0.000000	0.000000	1804.295990	0.939138	8631.025379	6.401752	10008
W845	1440.403641	0.326743	0.000000	0.000000	1307.961526	0.693798	6256.761189	4.684588	10008
W846	1673.718909	0.379754	0.000000	0.000000	1519.823941	0.806212	7270.225660	5.443505	10008
W847	1529.529845	0.372350	0.000000	0.000000	1388.892761	0.746878	6643.903624	5.008965	10008
W848	1107.338441	0.275226	0.000000	0.000000	1005.520977	0.543063	4810.007406	3.634362	10008
W849	1409.129496	0.338719	0.000000	0.000000	1279.562974	0.686318	6120.913952	4.608648	10008
W850	1347.092547	0.349752	0.000000	0.000000	1223.230193	0.666994	5851.440616	4.443016	10008
W851	1627.346766	0.395216	0.000000	0.000000	1477.715619	0.794254	7068.796409	5.327975	10008
W852	1721.769002	0.417851	0.000000	0.000000	1563.455928	0.840216	7478.943514	5.636701	10008
W853	882.237849	0.260736	0.000000	0.000000	801.117916	0.451233	3832.225481	2.959694	10008
W854	2037.571144	0.407534	0.000000	0.000000	1850.220721	0.961253	8850.710797	6.558696	10008
W855	1121.829399	0.287742	0.000000	0.000000	1018.679522	0.553942	4872.952585	3.694840	10008
W856	1563.520048	0.355784	0.000000	0.000000	1419.757635	0.753532	6791.548754	5.086462	10008
W857	1659.257935	0.437095	0.000000	0.000000	1506.692623	0.824295	7207.410724	5.482017	10008
W858	1770.719593	0.383938	0.000000	0.000000	1607.905614	0.846140	7691.572911	5.735996	10008
W859	1371.787524	0.328711	0.000000	0.000000	1245.654518	0.667712	5958.709557	4.485090	10008
W860	1435.886962	0.349111	0.000000	0.000000	1303.860146	0.700969	6237.141842	4.701680	10008
W861	1215.667410	0.345255	0.000000	0.000000	1103.889324	0.615185	5280.561959	4.055352	10008
W862	1038.832417	0.285459	0.000000	0.000000	943.313940	0.521321	4512.433990	3.450284	10008
W863	930.940297	0.279564	0.000000	0.000000	845.342275	0.478268	4043.777002	3.130501	10008
W864	1929.660118	0.421223	0.000000	0.000000	1752.231889	0.923149	8381.971687	6.254437	10008
W865	1412.233303	0.423254	0.000000	0.000000	1282.381392	0.725124	6134.396131	4.747538	10008
W866	1155.268907	0.282040	0.000000	0.000000	1049.044337	0.564453	5018.205629	3.784445	10008
W867	817.969742	0.238768	0.000000	0.000000	742.759127	0.416952	3553.060537	2.739173	10008
W868	910.723196	0.298470	0.000000	0.000000	826.984094	0.480305	3955.958859	3.106213	10008
W869	1141.948537	0.303032	0.000000	0.000000	1036.948747	0.568273	4960.345201	3.776217	10008
W870	1486.852946	0.350020	0.000000	0.000000	1350.139914	0.721194	6458.525612	4.852706	10008
W871	577.134920	0.244857	0.000000	0.000000	524.068566	0.335531	2506.932961	2.081101	10008
W872	1065.211526	0.299919	0.000000	0.000000	967.267544	0.537845	4627.018387	3.549275	10008
W873	1614.964727	0.355917	0.000000	0.000000	1466.472084	0.773879	7015.011863	5.238768	10008
W874	1684.869546	0.371830	0.000000	0.000000	1529.949300	0.807568	7318.661302	5.466180	10008
W875	1339.409822	0.310031	0.000000	0.000000	1216.253879	0.647579	5818.068738	4.364358	10008
W876	1879.942277	0.342797	0.000000	0.000000	1707.085500	0.875722	8166.009544	6.013977	10008
W877	1689.300793	0.421553	0.000000	0.000000	1533.973103	0.829174	7337.909554	5.546811	10008
W878	857.177759	0.266372	0.000000	0.000000	778.362050	0.444744	3723.370578	2.897775	10008
W879	2325.313795	0.460246	0.000000	0.000000	2111.506034	1.095316	10100.594506	7.479259	10008
W880	1195.810957	0.324335	0.000000	0.000000	1085.858630	0.598184	5194.310381	3.965045	10008
W881	1904.529080	0.396673	0.000000	0.000000	1729.411597	0.904091	8272.808603	6.149267	10008
W882	1917.305963	0.418071	0.000000	0.000000	1741.013672	0.917067	8328.308256	6.213817	10008
W883	1284.624282	0.323400	0.000000	0.000000	1166.505755	0.631734	5580.093748	4.222134	10008
W884	1365.458335	0.350821	0.000000	0.000000	1239.907285	0.674494	5931.217109	4.498120	10008
W885	1303.842688	0.404537	0.000000	0.000000	1183.957069	0.676180	5663.573805	4.406665	10008
W886	1243.252323	0.321991	0.000000	0.000000	1128.937861	0.615233	5400.384076	4.099339	10008
W887	1443.550386	0.338608	0.000000	0.000000	1310.818934	0.699704	6270.429881	4.709723	10008
W888	1367.252991	0.329588	0.000000	0.000000	1241.536926	0.666303	5939.012654	4.472987	10008
W889	1288.396062	0.316213	0.000000	0.000000	1169.930727	0.630189	5596.477438	4.222902	10008
W890	1748.172504	0.423159	0.000000	0.000000	1587.431683	0.852651	7593.633872	5.721604	10008
W891	1172.219501	0.282715	0.000000	0.000000	1064.436359	0.571315	5091.834866	3.835129	10008
W892	892.905752	0.276549	0.000000	0.000000	810.804928	0.462825	3878.564243	3.016955	10008
W893	1348.387544	0.319814	0.000000	0.000000	1224.406117	0.654992	5857.065764	4.404054	10008
W894	825.342674	0.228700	0.000000	0.000000	749.454134	0.415048	3585.086752	2.744204	10008
W895	1750.355589	0.358099	0.000000	0.000000	1589.414037	0.828583	7603.116656	5.643675	10008
W896	1729.675284	0.357708	0.000000	0.000000	1570.635243	0.820168	7513.286468	5.581616	10008
W897	1531.725645	0.345738	0.000000	0.000000	1390.886661	0.737118	6653.441641	4.979332	10008
W898	867.841604	0.229000	0.000000	0.000000	788.045376	0.431300	3769.691713	2.867841	10008
W899	1288.128271	0.357936	0.000000	0.000000	1169.687559	0.648228	5595.314221	4.284506	10008
W900	1418.601194	0.445662	0.000000	0.000000	1288.163768	0.738429	6162.056690	4.804131	10008
W901	1170.577495	0.320832	0.000000	0.000000	1062.945332	0.587062	5084.702395	3.886557	10008
W902	2105.792793	0.477450	0.000000	0.000000	1912.169531	1.014206	9147.048954	6.848312	10008
W903	1498.254663	0.329124	0.000000	0.000000	1360.493267	0.717546	6508.051882	4.858801	10008
W904	852.920037	0.239395	0.000000	0.000000	774.495816	0.430310	3704.876074	2.840724	10008
W905	804.360313	0.241455	0.000000	0.000000	730.401058	0.413191	3493.944508	2.704684	10008
W906	816.126867	0.301170	0.000000	0.000000	741.085701	0.448397	3545.055539	2.847783	10008
W907	1681.802956	0.372684	0.000000	0.000000	1527.164677	0.806681	7305.340785	5.458200	10008
W908	1276.112281	0.377376	0.000000	0.000000	1158.776415	0.652798	5543.119698	4.281437	10008
W909	1411.079098	0.366716	0.000000	0.000000	1281.333314	0.698828	6129.382547	4.654579	10008
W910	1079.934970	0.301148	0.000000	0.000000	980.637199	0.543943	4690.973431	3.593703	10008
W911	1474.713328	0.400693	0.000000	0.000000	1339.116508	0.738019	6405.794079	4.890925	10008
W912	1103.588810	0.300829	0.000000	0.000000	1002.116117	0.552727	4793.719927	3.661589	10008
W913	718.692980	0.267415	0.000000	0.000000	652.610657	0.396086	3121.826560	2.512203	10008
W914	2033.842458	0.422627	0.000000	0.000000	1846.834880	0.965123	8834.514295	6.565598	10008
W915	1706.094484	0.374012	0.000000	0.000000	1549.222649	0.816795	7410.857240	5.531839	10008
W916	1103.648331	0.307199	0.000000	0.000000	1002.170165	0.555631	4793.978469	3.671726	10008
W917	1710.371419	0.400883	0.000000	0.000000	1553.106329	0.828910	7429.435202	5.579829	10008
W918	2351.639019	0.488132	0.000000	0.000000	2135.410708	1.115735	10214.944843	7.590854	10008
W919	1998.892251	0.442384	0.000000	0.000000	1815.098271	0.958558	8682.699141	6.486568	10008
W920	985.212678	0.262349	0.000000	0.000000	894.624424	0.490676	4279.522958	3.259297	10008
W921	1063.482816	0.298735	0.000000	0.000000	965.697786	0.536652	4619.509296	3.542404	10008
W922	1401.217199	0.362719	0.000000	0.000000	1272.378196	0.693324	6086.544868	4.619920	10008
W923	1338.431378	0.332731	0.000000	0.000000	1215.365400	0.656424	5813.818614	4.392921	10008
W924	1335.633120	0.308784	0.000000	0.000000	1212.824436	0.645606	5801.663665	4.351554	10008
W925	626.592247	0.241346	0.000000	0.000000	568.978395	0.349942	2721.763499	2.206959	10008
W926	1762.489185	0.390451	0.000000	0.000000	1600.431975	0.845339	7655.822031	5.719918	10008
W927	1644.360599	0.481663	0.000000	0.000000	1493.165066	0.838985	7142.700340	5.509294	10008
W928	1117.269908	0.299662	0.000000	0.000000	1014.539267	0.557395	4853.147270	3.699444	10008
W929	1529.281912	0.371528	0.000000	0.000000	1388.667625	0.746444	6642.826664	5.007087	10008
W930	805.796531	0.248607	0.000000	0.000000	731.705218	0.417199	3500.183087	2.720967	10008
W931	1389.018806	0.314281	0.000000	0.000000	1261.301420	0.668735	6033.558032	4.516410	10008
W932	661.472639	0.217791	0.000000	0.000000	600.651607	0.349370	2873.275391	2.257921	10008
W933	1518.540610	0.359151	0.000000	0.000000	1378.913963	0.737235	6596.169074	4.958406	10008
W934	1485.392195	0.356343	0.000000	0.000000	1348.813476	0.723174	6452.180467	4.857089	10008
W935	683.816819	0.235053	0.000000	0.000000	620.941286	0.366338	2970.333044	2.352544	10008
W936	1156.086678	0.287419	0.000000	0.000000	1049.786915	0.567002	5021.757825	3.794466	10008
W937	1608.378855	0.377512	0.000000	0.000000	1460.491769	0.779694	6986.404444	5.247818	10008
W938	1200.073747	0.357186	0.000000	0.000000	1089.729465	0.614997	5212.826897	4.030153	10008
W939	932.794812	0.278496	0.000000	0.000000	847.026271	0.478439	4051.832562	3.134006	10008
W940	1546.057921	0.359522	0.000000	0.000000	1403.901114	0.748146	6715.697544	5.039933	10008
W941	1322.317426	0.321994	0.000000	0.000000	1200.733092	0.645731	5743.823546	4.330501	10008
W942	407.671161	0.182007	0.000000	0.000000	370.186647	0.242531	1770.823833	1.490495	10008
W943	1387.902591	0.342809	0.000000	0.000000	1260.287838	0.679762	6028.709466	4.552129	10008
W944	263.649405	0.098082	0.000000	0.000000	239.407391	0.145292	1145.228542	0.921554	10008
W945	396.627963	0.165566	0.000000	0.000000	360.158848	0.228967	1722.854882	1.424232	10008
W946	1598.244449	0.334138	0.000000	0.000000	1451.289200	0.759151	6942.383060	5.161881	10008
W947	1872.274272	0.398265	0.000000	0.000000	1700.122552	0.891812	8132.701606	6.055336	10008
W948	1759.839856	0.376792	0.000000	0.000000	1598.026246	0.839159	7644.313993	5.694742	10008
W949	1496.742108	0.395385	0.000000	0.000000	1359.119788	0.744042	6501.481715	4.946740	10008
W950	1438.426104	0.353813	0.000000	0.000000	1306.165819	0.703894	6248.171251	4.715747	10008
W951	1873.301945	0.384024	0.000000	0.000000	1701.055732	0.887058	8137.165562	6.041016	10008
W952	1573.950096	0.356961	0.000000	0.000000	1429.228663	0.758094	6836.854334	5.118817	10008
W953	1633.004389	0.374045	0.000000	0.000000	1482.853036	0.787976	7093.371740	5.315752	10008
W954	1103.186046	0.290921	0.000000	0.000000	1001.750386	0.548182	4791.970417	3.645280	10008
W955	1038.249214	0.282491	0.000000	0.000000	942.784361	0.519766	4509.900700	3.443983	10008
W956	1169.146607	0.317520	0.000000	0.000000	1061.646011	0.585033	5078.486966	3.877277	10008
W957	1588.458544	0.386056	0.000000	0.000000	1442.403088	0.775390	6899.875482	5.201052	10008
W958	2260.806060	0.452252	0.000000	0.000000	2052.929651	1.066592	9820.388682	7.277343	10008
W959	1207.266349	0.317473	0.000000	0.000000	1096.260723	0.599510	5244.069804	3.987849	10008
W960	1361.921604	0.331284	0.000000	0.000000	1236.695749	0.664926	5915.854414	4.459707	10008
W961	1642.142385	0.385775	0.000000	0.000000	1491.150812	0.796197	7133.064961	5.358441	10008
W962	1283.536901	0.331245	0.000000	0.000000	1165.518356	0.634660	5575.370431	4.230424	10008
W963	1229.511358	0.289445	0.000000	0.000000	1116.460349	0.596374	5340.696682	4.012817	10008
W964	749.910605	0.212174	0.000000	0.000000	680.957887	0.379119	3257.428292	2.500342	10008
W965	1394.748272	0.316827	0.000000	0.000000	1266.504073	0.671979	6058.445429	4.536683	10008
W966	1520.871317	0.322048	0.000000	0.000000	1381.030366	0.723891	6606.293096	4.917007	10008
W967	1741.560725	0.341257	0.000000	0.000000	1581.427843	0.819155	7564.913921	5.597661	10008
W968	769.390434	0.235095	0.000000	0.000000	698.646585	0.397234	3342.043902	2.594119	10008
W969	2307.404813	0.560011	0.000000	0.000000	2095.243746	1.126018	10022.802271	7.553994	10008
W970	1107.802372	0.270380	0.000000	0.000000	1005.942250	0.541232	4812.022607	3.628852	10008
W971	1111.628594	0.269476	0.000000	0.000000	1009.416660	0.542347	4828.642781	3.638811	10008
W972	1221.448095	0.311234	0.000000	0.000000	1109.138487	0.602252	5305.671841	4.019925	10008
W973	1249.429610	0.330258	0.000000	0.000000	1134.547160	0.621190	5427.216700	4.129679	10008
W974	620.347228	0.209033	0.000000	0.000000	563.307592	0.330127	2694.636663	2.126328	10008
W975	676.818490	0.226601	0.000000	0.000000	614.586440	0.359418	2939.934018	2.317190	10008
W976	1193.807564	0.318019	0.000000	0.000000	1084.039445	0.594619	5185.608134	3.949564	10008
W977	1500.914050	0.329649	0.000000	0.000000	1362.908129	0.718797	6519.603609	4.867350	10008
W978	701.079284	0.241166	0.000000	0.000000	636.616503	0.375681	3045.316970	2.412271	10008
W979	144.497574	0.108276	0.000000	0.000000	131.211323	0.116727	627.662128	0.649447	10008
W980	849.876364	0.263971	0.000000	0.000000	771.732002	0.440891	3691.655102	2.872864	10008
W981	1245.186959	0.311095	0.000000	0.000000	1130.694611	0.611340	5408.787659	4.089093	10008
W982	1516.905215	0.382706	0.000000	0.000000	1377.428939	0.746313	6589.065317	4.986763	10008
W983	1133.599230	0.309102	0.000000	0.000000	1029.367141	0.567799	4924.077852	3.761303	10008
W984	2112.498485	0.487536	0.000000	0.000000	1918.258648	1.020785	9176.176841	6.881478	10008
W985	1488.116250	0.373625	0.000000	0.000000	1351.287059	0.731382	6464.013094	4.889495	10008
W986	1919.523138	0.435650	0.000000	0.000000	1743.026982	0.924662	8337.939121	6.243108	10008
W987	829.554636	0.238125	0.000000	0.000000	753.278815	0.420968	3603.382484	2.771395	10008
W988	337.039175	0.125892	0.000000	0.000000	306.049125	0.186019	1464.015760	1.179101	10008
W989	1106.956782	0.294447	0.000000	0.000000	1005.174411	0.551168	4808.349573	3.661567	10008
W990	889.562362	0.276660	0.000000	0.000000	807.768955	0.461658	3864.041373	3.007644	10008
W991	1104.688758	0.278741	0.000000	0.000000	1003.114928	0.543518	4798.497833	3.631669	10008
W992	1383.459791	0.327165	0.000000	0.000000	1256.253544	0.671639	6009.411029	4.517283	10008
W993	1030.472002	0.276578	0.000000	0.000000	935.722247	0.514180	4476.118391	3.412344	10008
W994	1093.104255	0.280200	0.000000	0.000000	992.595595	0.539683	4748.177582	3.599977	10008
W995	1091.758817	0.262514	0.000000	0.000000	991.373868	0.531776	4742.333330	3.570782	10008
W996	1836.685949	0.351493	0.000000	0.000000	1667.806501	0.861040	7978.114632	5.893848	10008
W997	1017.326434	0.254120	0.000000	0.000000	923.785387	0.499449	4419.017259	3.340750	10008
W998	1290.409604	0.297212	0.000000	0.000000	1171.759128	0.623306	5605.223771	4.202720	10008
W999	1302.726357	0.309310	0.000000	0.000000	1182.943381	0.632943	5658.724734	4.255365	10008
W1000	1671.990207	0.375050	0.000000	0.000000	1518.254190	0.803713	7262.716603	5.432236	10008
W1001	1996.959861	0.393319	0.000000	0.000000	1813.343560	0.939978	8674.305310	6.420881	10008
W1002	1641.941205	0.377414	0.000000	0.000000	1490.968131	0.792807	7132.191085	5.346601	10008
W1003	1000.707338	0.300350	0.000000	0.000000	908.694382	0.514031	4346.827968	3.364831	10008
W1004	1986.312862	0.431908	0.000000	0.000000	1803.675531	0.949620	8628.057354	6.435927	10008
W1005	1728.332478	0.373929	0.000000	0.000000	1569.415906	0.825579	7507.453650	5.597657	10008
W1006	1229.244730	0.293019	0.000000	0.000000	1116.218237	0.597707	5339.538514	4.016924	10008
W1007	1860.361835	0.421211	0.000000	0.000000	1689.305438	0.895770	8080.956889	6.049360	10008
W1008	873.130211	0.244580	0.000000	0.000000	792.847706	0.440283	3792.664127	2.907262	10008
W1009	1247.608154	0.349961	0.000000	0.000000	1132.893183	0.629338	5419.304740	4.154928	10008
W1010	1241.104489	0.315897	0.000000	0.000000	1126.987516	0.611797	5391.054408	4.084113	10008
W1011	2117.303893	0.467839	0.000000	0.000000	1922.622209	1.015056	9197.050359	6.869857	10008
W1012	1816.362704	0.374794	0.000000	0.000000	1649.351936	0.860971	7889.835423	5.860338	10008
W1013	1282.982924	0.322713	0.000000	0.000000	1165.015316	0.630811	5572.964089	4.216342	10008
W1014	1000.013355	0.276658	0.000000	0.000000	908.064209	0.502685	4343.813477	3.324276	10008
W1015	1347.189681	0.319613	0.000000	0.000000	1223.318395	0.654443	5851.862541	4.400256	10008
W1016	1055.294270	0.268604	0.000000	0.000000	958.262160	0.520203	4583.940256	3.472667	10008
W1017	926.706485	0.249568	0.000000	0.000000	841.497753	0.462776	4025.386358	3.070018	10008
W1018	1085.991783	0.277093	0.000000	0.000000	986.137100	0.535623	4717.282743	3.574671	10008
W1019	1552.832741	0.346652	0.000000	0.000000	1410.053004	0.745793	6745.125707	5.042928	10008
W1020	1585.363868	0.341338	0.000000	0.000000	1439.592962	0.756668	6886.432967	5.132529	10008
W1021	1432.372267	0.315460	0.000000	0.000000	1300.668620	0.686300	6221.874866	4.646181	10008
W1022	1242.014510	0.301035	0.000000	0.000000	1127.813862	0.605940	5395.007315	4.065548	10008
W1023	1441.685048	0.315652	0.000000	0.000000	1309.125110	0.690059	6262.327308	4.674014	10008
W1024	562.772911	0.157224	0.000000	0.000000	511.027114	0.283591	2444.547908	1.873200	10008
W1025	1821.056650	0.381121	0.000000	0.000000	1653.614283	0.865131	7910.224776	5.881991	10008
W1026	1615.254928	0.378053	0.000000	0.000000	1466.735601	0.782600	7016.272424	5.268798	10008
W1027	1594.072169	0.373660	0.000000	0.000000	1447.500552	0.772562	6924.259696	5.200469	10008
W1028	1656.677320	0.383014	0.000000	0.000000	1504.349290	0.800793	7196.201165	5.397541	10008
W1029	1376.975728	0.323086	0.000000	0.000000	1250.365678	0.667472	5981.245847	4.492645	10008
W1030	696.638535	0.240909	0.000000	0.000000	632.584072	0.373975	3026.027444	2.399393	10008
W1031	1172.960987	0.265528	0.000000	0.000000	1065.109667	0.564766	5095.055698	3.814069	10008
W1032	1285.101406	0.294958	0.000000	0.000000	1166.939008	0.620338	5582.166255	4.184059	10008
W1033	1034.529255	0.264777	0.000000	0.000000	939.406444	0.510589	4493.742105	3.406470	10008
W1034	1495.816118	0.333041	0.000000	0.000000	1358.278941	0.718072	6497.459437	4.856619	10008
W1035	1503.204442	0.298399	0.000000	0.000000	1364.987924	0.708372	6529.552514	4.835997	10008
W1036	1497.272133	0.335188	0.000000	0.000000	1359.601078	0.719469	6503.784011	4.863711	10008
W1037	1151.405278	0.332742	0.000000	0.000000	1045.535961	0.585338	5001.422972	3.850265	10008
W1038	1364.199870	0.335881	0.000000	0.000000	1238.764532	0.667707	5925.750641	4.472864	10008
W1039	1150.575016	0.271383	0.000000	0.000000	1044.782039	0.558294	4997.816515	3.755897	10008
W1040	1127.318337	0.295883	0.000000	0.000000	1023.663764	0.559562	4896.795190	3.722915	10008
W1041	1664.517188	0.376709	0.000000	0.000000	1511.468299	0.801408	7230.255632	5.412319	10008
W1042	1331.127803	0.315057	0.000000	0.000000	1208.733374	0.646341	5782.093673	4.346774	10008
W1043	1856.567350	0.405114	0.000000	0.000000	1685.859848	0.888123	8064.474573	6.017333	10008
W1044	722.649376	0.251934	0.000000	0.000000	656.203271	0.389019	3139.012178	2.492839	10008
W1045	1880.633970	0.397663	0.000000	0.000000	1707.713593	0.894920	8169.014088	6.079429	10008
W1046	1444.022317	0.312387	0.000000	0.000000	1311.247472	0.689760	6272.479831	4.676805	10008
W1047	1320.522689	0.375119	0.000000	0.000000	1199.103378	0.668286	5736.027650	4.405275	10008
W1048	1984.943804	0.426922	0.000000	0.000000	1802.432355	0.947215	8622.110500	6.425585	10008
W1049	1389.489819	0.333872	0.000000	0.000000	1261.729124	0.676702	6035.603996	4.544241	10008
W1050	1387.757415	0.325371	0.000000	0.000000	1260.156010	0.672601	6028.078856	4.527490	10008
W1051	2120.533418	0.426797	0.000000	0.000000	1925.554786	1.001328	9211.078625	6.828881	10008
W1052	1216.324300	0.311422	0.000000	0.000000	1104.485814	0.600363	5283.415329	4.005249	10008
W1053	2349.627417	0.453770	0.000000	0.000000	2133.584069	1.102898	10206.206935	7.544503	10008
W1054	1784.227759	0.387142	0.000000	0.000000	1620.171732	0.852698	7750.249082	5.780101	10008
W1055	1336.503146	0.315171	0.000000	0.000000	1213.614465	0.648486	5805.442848	4.362745	10008
W1056	1272.910951	0.302022	0.000000	0.000000	1155.869439	0.618372	5529.213900	4.157686	10008
W1057	1284.260798	0.283402	0.000000	0.000000	1166.175692	0.615547	5578.514860	4.166472	10008
W1058	1763.497059	0.360689	0.000000	0.000000	1601.347177	0.834769	7660.199989	5.685930	10008
W1059	932.923130	0.256019	0.000000	0.000000	847.142791	0.468020	4052.389945	3.098000	10008
W1060	937.257736	0.286821	0.000000	0.000000	851.078839	0.484114	4071.218416	3.160849	10008
W1061	490.579434	0.204685	0.000000	0.000000	445.471677	0.283144	2130.957099	1.761379	10008
W1062	1311.407702	0.316381	0.000000	0.000000	1190.826494	0.639192	5696.434372	4.290643	10008
W1063	1254.077045	0.346995	0.000000	0.000000	1138.767272	0.630420	5447.404018	4.168918	10008
W1064	915.055787	0.272177	0.000000	0.000000	830.918313	0.468850	3974.778578	3.072694	10008
W1065	1291.358661	0.302623	0.000000	0.000000	1172.620921	0.625821	5609.346241	4.212794	10008
W1066	1517.194099	0.348548	0.000000	0.000000	1377.691261	0.732498	6590.320161	4.940136	10008
W1067	1122.706590	0.278666	0.000000	0.000000	1019.476057	0.550441	4876.762887	3.684259	10008
W1068	1141.738635	0.305369	0.000000	0.000000	1036.758146	0.569224	4959.433439	3.779158	10008
W1069	1652.308196	0.341376	0.000000	0.000000	1500.381898	0.783363	7177.222756	5.331554	10008
W1070	1059.855844	0.285975	0.000000	0.000000	962.404306	0.529513	4603.754617	3.511961	10008
W1071	827.236222	0.256094	0.000000	0.000000	751.173574	0.428729	3593.311860	2.794870	10008
W1072	1802.687752	0.393374	0.000000	0.000000	1636.934368	0.862355	7830.434778	5.842725	10008
W1073	1635.631213	0.364779	0.000000	0.000000	1485.238329	0.785423	7104.782021	5.311359	10008
W1074	1362.777913	0.296735	0.000000	0.000000	1237.473322	0.651673	5919.574007	4.416108	10008
W1075	671.707276	0.205782	0.000000	0.000000	609.945190	0.347062	2917.732150	2.265680	10008
W1076	1299.217025	0.298028	0.000000	0.000000	1179.756725	0.627085	5643.481055	4.229790	10008
W1077	1479.728574	0.365485	0.000000	0.000000	1343.670613	0.724734	6427.579080	4.853298	10008
W1078	1294.877969	0.344441	0.000000	0.000000	1175.816637	0.644740	5624.633258	4.283180	10008
W1079	2027.202155	0.421987	0.000000	0.000000	1840.805139	0.962239	8805.670444	6.545061	10008
W1080	1726.152689	0.366042	0.000000	0.000000	1567.436544	0.821791	7497.985180	5.581335	10008
W1081	1483.912542	0.366701	0.000000	0.000000	1347.469874	0.726859	6445.753215	4.867281	10008
W1082	1450.795198	0.369188	0.000000	0.000000	1317.397601	0.715128	6301.899574	4.774025	10008
W1083	1182.041718	0.318559	0.000000	0.000000	1073.355444	0.590386	5134.500174	3.916248	10008
W1084	1731.473206	0.358450	0.000000	0.000000	1572.267850	0.821153	7521.096203	5.587865	10008
W1085	1376.728197	0.316231	0.000000	0.000000	1250.140906	0.664662	5980.170631	4.482702	10008
W1086	1761.535099	0.377155	0.000000	0.000000	1599.565615	0.839967	7651.677714	5.700227	10008
W1087	1701.901522	0.366766	0.000000	0.000000	1545.415222	0.812415	7392.644041	5.510235	10008
W1088	2461.893253	0.490756	0.000000	0.000000	2235.527295	1.160858	10693.862274	7.922610	10008
W1089	1216.303349	0.292172	0.000000	0.000000	1104.466789	0.592322	5283.324319	3.977726	10008
W1090	1681.684900	0.356601	0.000000	0.000000	1527.057476	0.800617	7304.827978	5.437539	10008
W1091	944.324670	0.262252	0.000000	0.000000	857.495983	0.475146	4101.915445	3.140727	10008
W1092	1133.264895	0.314902	0.000000	0.000000	1029.063548	0.570295	4922.625583	3.769405	10008
W1093	757.710389	0.245876	0.000000	0.000000	688.040497	0.398358	3291.308644	2.579912	10008
W1094	1254.829089	0.313674	0.000000	0.000000	1139.450167	0.616145	5450.670714	4.121000	10008
W1095	1249.825267	0.328285	0.000000	0.000000	1134.906436	0.620478	5428.935334	4.127859	10008
W1096	1163.282006	0.295517	0.000000	0.000000	1056.320648	0.573191	5053.012571	3.827188	10008
W1097	1009.107845	0.245405	0.000000	0.000000	916.322480	0.492649	4383.317716	3.304312	10008
W1098	620.455660	0.185993	0.000000	0.000000	563.406055	0.318598	2695.107667	2.085866	10008
W1099	1041.560632	0.265148	0.000000	0.000000	945.791301	0.513450	4524.284691	3.427531	10008
W1100	1197.370646	0.288372	0.000000	0.000000	1087.274908	0.583407	5201.085288	3.916847	10008
W1101	1568.693027	0.423252	0.000000	0.000000	1424.454970	0.783723	6814.018911	5.198025	10008
W1102	1255.903093	0.291004	0.000000	0.000000	1140.425419	0.607325	5455.335924	4.092664	10008
W1103	836.692468	0.259601	0.000000	0.000000	759.760338	0.433916	3634.387480	2.827821	10008
W1104	831.685587	0.256626	0.000000	0.000000	755.213829	0.430619	3612.638813	2.808442	10008
W1105	1250.050326	0.282296	0.000000	0.000000	1135.110802	0.601620	5429.912939	4.063842	10008
W1106	1085.314718	0.276500	0.000000	0.000000	985.522290	0.535110	4714.341739	3.571828	10008
W1107	1404.684916	0.293341	0.000000	0.000000	1275.527063	0.667093	6101.607782	4.536335	10008
W1108	510.291867	0.197155	0.000000	0.000000	463.371592	0.285335	2216.583086	1.798581	10008
W1109	803.107749	0.238362	0.000000	0.000000	729.263664	0.411244	3488.503675	2.695918	10008
W1110	990.125530	0.291703	0.000000	0.000000	899.085549	0.505977	4300.863182	3.320108	10008
W1111	1474.548988	0.322013	0.000000	0.000000	1338.967279	0.705475	6405.080225	4.779498	10008
W1112	499.592412	0.185667	0.000000	0.000000	453.655930	0.275211	2170.107270	1.745885	10008
W1113	1812.262646	0.409845	0.000000	0.000000	1645.628869	0.872426	7872.025773	5.892331	10008
W1114	875.322691	0.262782	0.000000	0.000000	794.838592	0.449656	3802.187724	2.943340	10008
W1115	803.522667	0.262786	0.000000	0.000000	729.640431	0.423486	3490.305978	2.739583	10008
W1116	2280.545052	0.724448	0.000000	0.000000	2070.853683	1.191097	9906.130034	7.737197	10008
W1117	1822.767214	0.350588	0.000000	0.000000	1655.167564	0.855108	7917.655049	5.851166	10008
W1118	1472.460384	0.305363	0.000000	0.000000	1337.070719	0.698509	6396.007844	4.752618	10008
W1119	1719.824477	0.476697	0.000000	0.000000	1561.690198	0.864928	7470.496974	5.718508	10008
W1120	1878.347996	0.451521	0.000000	0.000000	1705.637810	0.914857	8159.084376	6.143277	10008
W1121	1221.187966	0.281781	0.000000	0.000000	1108.902276	0.590072	5304.541903	3.977957	10008
W1122	1108.325960	0.277390	0.000000	0.000000	1006.417696	0.544351	4814.296949	3.640353	10008
W1123	1647.620088	0.338888	0.000000	0.000000	1496.124852	0.780596	7156.858763	5.314594	10008
W1124	695.359189	0.205841	0.000000	0.000000	631.422360	0.355811	3020.470278	2.333319	10008
W1125	856.770406	0.238292	0.000000	0.000000	777.992152	0.431254	3721.601135	2.850090	10008
W1126	1353.040353	0.349813	0.000000	0.000000	1228.631110	0.669299	5877.276428	4.460433	10008
W1127	1513.705751	0.332642	0.000000	0.000000	1374.523660	0.724993	6575.167631	4.909067	10008
W1128	1652.972145	0.359195	0.000000	0.000000	1500.984798	0.790169	7180.106789	5.355565	10008
W1129	1389.545539	0.327354	0.000000	0.000000	1261.779720	0.674092	6035.846031	4.535448	10008
W1130	1099.672087	0.294920	0.000000	0.000000	998.559528	0.548606	4776.706638	3.641142	10008
W1131	1013.924224	0.268067	0.000000	0.000000	920.696003	0.504128	4404.238891	3.351363	10008
W1132	827.154387	0.253430	0.000000	0.000000	751.099264	0.427392	3592.956391	2.790050	10008
W1133	908.299210	0.279733	0.000000	0.000000	824.782989	0.470025	3945.429657	3.066233	10008
W1134	1210.652795	0.312593	0.000000	0.000000	1099.335792	0.598689	5258.779696	3.990436	10008
W1135	823.656185	0.257089	0.000000	0.000000	747.922714	0.427912	3577.761058	2.786422	10008
W1136	1069.340070	0.322415	0.000000	0.000000	971.016477	0.549993	4644.951774	3.598078	10008
W1137	1163.463911	0.306442	0.000000	0.000000	1056.485827	0.577971	5053.802724	3.843894	10008
W1138	1525.232709	0.444362	0.000000	0.000000	1384.990738	0.777067	6625.237917	5.106206	10008
W1139	833.638147	0.291142	0.000000	0.000000	756.986856	0.449042	3621.120260	2.876686	10008
W1140	1111.557568	0.345275	0.000000	0.000000	1009.352165	0.576656	4828.334264	3.757478	10008
W1141	1278.199510	0.309934	0.000000	0.000000	1160.671727	0.623646	5552.186107	4.184174	10008
W1142	1269.424526	0.335717	0.000000	0.000000	1152.703584	0.631207	5514.069724	4.196028	10008
W1143	1484.306804	0.370665	0.000000	0.000000	1347.827884	0.728667	6447.465792	4.874096	10008
W1144	1255.097878	0.356499	0.000000	0.000000	1139.694242	0.635160	5451.838269	4.186961	10008
W1145	1384.296512	0.360428	0.000000	0.000000	1257.013330	0.685855	6013.045540	4.567234	10008
W1146	1417.218873	0.355425	0.000000	0.000000	1286.908549	0.696368	6156.052228	4.655972	10008
W1147	714.626419	0.226005	0.000000	0.000000	648.918008	0.372736	3104.162413	2.422736	10008
W1148	1258.798251	0.311733	0.000000	0.000000	1143.054373	0.616867	5467.911784	4.129840	10008
W1149	1288.262218	0.300399	0.000000	0.000000	1169.809190	0.623724	5595.896052	4.200667	10008
W1150	323.164460	0.158843	0.000000	0.000000	293.450161	0.201502	1403.747389	1.216270	10008
W1151	1256.635706	0.324150	0.000000	0.000000	1141.090670	0.621293	5458.518216	4.141534	10008
W1152	1986.242619	0.388172	0.000000	0.000000	1803.611746	0.933890	8627.752232	6.382925	10008
W1153	1500.745429	0.344612	0.000000	0.000000	1362.755012	0.724495	6518.871159	4.886368	10008
W1154	2110.096712	0.405255	0.000000	0.000000	1916.077713	0.989701	9165.744126	6.772832	10008
W1155	1451.914703	0.349475	0.000000	0.000000	1318.414170	0.707349	6306.762429	4.749234	10008
W1156	1732.537446	0.374981	0.000000	0.000000	1573.234236	0.827641	7525.719001	5.611455	10008
