# Module Gain Results (Run: 1059)
# LMS Entries: 10001, Sample Rate: 1.00 Hz
# Current Run Time: 2.78 hours 
# Cumulative Time: 58.38 hours (total time up to this run)
# Formula: Gain = (Module LMS Mean - Module Pedestal Mean) × RefPMT Alpha Signal / RefPMT LMS Signal
# Reference PMT Params:
# RefPMT1: AlphaSignal=4541.90, AlphaError=2.68, LMSSignal=2372.33, LMSError=0.90, Valid=Yes
# RefPMT2: AlphaSignal=1917.46, AlphaError=1.07, LMSSignal=2372.89, LMSError=0.73, Valid=Yes
# RefPMT3: AlphaSignal=5641.65, AlphaError=2.87, LMSSignal=1593.40, LMSError=0.85, Valid=Yes
# G module
# module name	module signal(LMS-Pedestal)	signal error	gain1(RefPMT1)	gain1 error	gain2(RefPMT2)	gain2 error	gain3(RefPMT3)	gain3 error	LMS entries
G1	4927.682686	1.398793	9434.201626	7.142779	3981.919550	2.779923	17447.136940	13.799638	10001
G2	4242.058474	1.388232	8121.552767	6.289565	3427.886218	2.457368	15019.590306	12.128749	10001
G3	6701.676814	1.770123	12830.568509	9.622157	5415.433505	3.738535	23728.206652	18.604677	10001
G4	5175.619530	1.448045	9908.884419	7.487096	4182.270228	2.912895	18324.991370	14.467289	10001
G5	5348.256933	1.752925	10239.404090	7.931864	4321.773579	3.099166	18936.237789	15.295410	10001
G6	4946.046910	1.494515	9469.360503	7.236150	3996.759154	2.820812	17512.157995	13.969280	10001
G7	3816.809287	1.283389	7307.399984	5.687141	3084.254504	2.223825	13513.937187	10.962702	10001
G8	7137.497284	1.689230	13664.960342	10.121828	5767.607572	3.923788	25271.288851	19.591683	10001
G9	5147.901719	1.232086	9855.817808	7.308786	4159.872257	2.833902	18226.852655	14.145372	10001
G10	5638.843755	1.295633	10795.741590	7.973067	4556.588485	3.089116	19965.100319	15.436535	10001
G11	6054.279841	1.463405	11591.106887	8.604556	4892.290514	3.336962	21436.008807	16.651693	10001
G12	4496.336522	1.327907	8608.375990	6.555181	3633.361042	2.553805	15919.896636	12.658345	10001
G13	3214.076127	1.214565	6153.448619	4.905210	2597.203063	1.925464	11379.877701	9.437806	10001
G14	3026.693316	0.972427	5794.698406	4.473071	2445.784369	1.746705	10716.423140	8.628086	10001
G15	5941.969982	1.256252	11376.086173	8.339092	4801.536127	3.226382	21038.360337	16.155839	10001
G16	-384.238328	0.014424	-735.636218	-0.517071	-310.492011	-0.198381	-1360.448541	-1.005643	10001
G17	6630.288497	2.046254	12693.893359	9.732933	5357.746647	3.796307	23475.446519	18.784095	10001
G18	5555.930043	2.150843	10637.000713	8.526277	4489.588284	3.349731	19671.532941	16.398005	10001
G19	4671.288064	1.470764	8943.326154	6.879833	3774.734383	2.684967	16539.336585	13.274184	10001
G20	4374.625795	1.450833	8375.357021	6.501752	3535.010082	2.541290	15488.963101	12.535511	10001
G21	5123.949994	1.252408	9809.961486	7.291032	4140.517552	2.828182	18142.048285	14.108279	10001
G22	6662.557152	1.600607	12755.672700	9.462952	5383.822024	3.669422	23589.698120	18.313903	10001
G23	794.466701	0.560361	1521.031187	1.513510	641.985836	0.610496	2812.918407	2.872068	10001
G24	5314.349402	1.500333	10174.487069	7.697373	4294.373872	2.995364	18816.183523	14.872051	10001
G25	5476.186940	1.495924	10484.330065	7.896489	4425.150162	3.070419	19389.191541	15.262488	10001
G26	6639.013019	1.598993	12710.596726	9.432020	5364.796683	3.657608	23506.336885	18.253618	10001
G27	3321.665967	1.372353	6359.432712	5.179481	2684.143338	2.039790	11760.814300	9.949550	10001
G28	2559.307281	1.204737	4899.873317	4.140986	2068.103071	1.639420	9061.578726	7.933887	10001
G29	6489.930159	2.288560	12425.172959	9.759848	5244.327085	3.822122	22978.488558	18.799673	10001
G30	5846.093476	1.489108	11192.527623	8.357201	4724.061062	3.244494	20698.896407	16.164879	10001
G31	3318.638413	1.468077	6353.636366	5.271370	2681.696858	2.081573	11750.094829	10.112602	10001
G32	5052.632620	1.254330	9673.422156	7.201823	4082.888020	2.794452	17889.539330	13.933603	10001
G33	3240.871233	0.913569	6204.748684	4.693131	2618.855423	1.826222	11474.749455	9.067732	10001
G34	930.228186	0.690550	1780.950768	1.819466	751.690812	0.735694	3293.600578	3.448201	10001
G35	4986.632906	1.152426	9547.063654	7.054843	4029.555538	2.733643	17655.858285	13.658102	10001
G36	3305.489642	1.052624	6328.462635	4.877653	2671.071712	1.904203	11703.539800	9.409644	10001
G37	3992.591080	1.248107	7643.939690	5.873248	3226.298747	2.291667	14136.316756	11.333143	10001
G38	3942.846817	1.338506	7548.702751	5.885516	3186.101830	2.302077	13960.190363	11.343475	10001
G39	4567.646086	1.443681	8744.900367	6.731545	3690.984262	2.627383	16172.377936	12.987389	10001
G40	6490.741944	2.255696	12426.727146	9.732741	5244.983065	3.809711	22981.362793	18.751734	10001
G41	5429.810463	1.581904	10395.540859	7.900077	4387.674656	3.076672	19224.989259	15.257961	10001
G42	4379.120838	1.475268	8383.962922	6.527320	3538.642398	2.552507	15504.878420	12.581899	10001
G43	4600.605578	1.278563	8808.002338	6.649194	3717.617886	2.586485	16289.075542	12.849201	10001
G44	1664.421469	0.986386	3186.586623	2.927248	1344.971421	1.170995	5893.112674	5.578936	10001
G45	3501.587807	1.184971	6703.898665	5.223734	2829.533034	2.043026	12397.852269	10.068462	10001
G46	4643.605715	1.241016	8890.327438	6.677037	3752.365068	2.594943	16441.323431	12.908597	10001
G47	4512.009173	1.406878	8638.381769	6.634528	3646.025664	2.588522	15975.387811	12.802566	10001
G48	7878.581846	10.623923	15083.789765	22.930234	6366.456827	9.496803	27895.200467	42.883747	10001
G49	3475.902445	1.066432	6654.723243	5.097602	2808.777428	1.987984	12306.909722	9.838893	10001
G50	6016.654550	1.443692	11519.072099	8.544484	4861.886591	3.313193	21302.791300	16.536549	10001
G51	4233.127184	1.283900	8104.453534	6.196778	3420.669098	2.415887	14987.967846	11.962210	10001
G52	3257.766465	1.121013	6237.095129	4.875529	2632.507976	1.907839	11534.569340	9.394942	10001
G53	4835.949390	1.567480	9258.575380	7.157935	3907.792495	2.795850	17122.342614	13.805194	10001
G54	2481.081760	0.827447	4750.108127	3.691261	2004.891263	1.443020	8784.610532	7.116246	10001
G55	2876.378725	1.094846	5506.916451	4.397011	2324.319444	1.726419	10184.213698	8.458962	10001
G56	4386.609677	1.495158	8398.300537	6.552938	3544.693915	2.563457	15531.393682	12.629067	10001
G57	792.833877	0.614214	1517.905095	1.586785	640.666398	0.642901	2807.137170	3.004002	10001
G58	2362.498625	1.135463	4523.077031	3.847647	1909.067621	1.524639	8364.750668	7.368591	10001
G59	5381.326744	1.534044	10302.717271	7.805004	4348.496348	3.037975	19053.325994	15.078284	10001
G60	4870.674386	1.702858	9325.057463	7.312147	3935.852771	2.862763	17245.291227	14.086746	10001
G61	4137.145244	1.365937	7920.693128	6.143789	3343.108836	2.401050	14648.130615	11.846123	10001
G62	6689.845867	2.005480	12807.917794	9.775324	5405.873255	3.809830	23686.317563	18.873031	10001
G63	4719.113434	1.354755	9034.889313	6.851393	3813.380698	2.667267	16708.668875	13.234922	10001
G64	5951.333061	1.672653	11394.012079	8.614632	4809.102163	3.351939	21071.511603	16.645149	10001
G65	6571.124212	1.861970	12580.621497	9.522588	5309.937679	3.705965	23265.967247	18.397746	10001
G66	6483.522111	1.480402	12412.904552	9.161873	5239.148925	3.549311	22955.799983	17.739102	10001
G67	4264.800458	1.164788	8165.093001	6.149554	3446.263366	2.391141	15100.111421	11.886002	10001
G68	4027.902553	1.019346	7711.544602	5.753710	3254.832939	2.233443	14261.341873	11.129807	10001
G69	7109.893831	1.735963	13612.112673	10.115728	5745.302010	3.923794	25173.555035	19.574312	10001
G70	6113.715910	1.323946	11704.899088	8.597645	4940.319102	3.327703	21646.450368	16.653740	10001
G71	4210.816243	1.200373	8061.738544	6.107314	3402.640264	2.377177	14908.972897	11.798561	10001
G72	4138.450549	1.179536	7923.192174	6.002206	3344.163615	2.336255	14652.752224	11.595529	10001
G73	5754.311694	1.600041	11016.808548	8.317229	4649.894826	3.235380	20373.930407	16.072490	10001
G74	6218.950557	2.454811	11906.374090	9.587826	5025.356213	3.769445	22019.048080	18.433238	10001
G75	4210.293979	1.228063	8060.738653	6.126811	3402.218238	2.386149	14907.123750	11.832960	10001
G76	6314.786841	2.081971	12089.855634	9.375254	5102.798775	3.663781	22358.369600	18.077232	10001
G77	7715.622137	6.638156	14771.798338	16.401695	6234.773743	6.677387	27318.219247	30.969919	10001
G78	4371.341335	1.521398	8369.068821	6.556651	3532.356003	2.566608	15477.334020	12.632183	10001
G79	3858.689545	1.271630	7387.581040	5.728343	3118.096743	2.238564	13662.219991	11.045380	10001
G80	3704.305728	1.210800	7092.008425	5.491083	2993.343593	2.145321	13115.602896	10.589145	10001
G81	3238.714818	0.867221	6200.620159	4.658081	2617.112885	1.810381	11467.114369	9.005199	10001
G82	7460.643590	2.359276	14283.633986	10.996040	6028.732866	4.291918	26415.432702	21.214869	10001
G83	5062.515215	1.675302	9692.342692	7.521125	4090.873863	2.939529	17924.530014	14.501345	10001
G84	6784.593890	1.633973	12989.315827	9.638795	5482.436425	3.737789	24021.785942	18.653794	10001
G85	4500.541450	1.295587	8616.426457	6.536659	3636.758925	2.544917	15934.784764	12.626528	10001
G86	3802.584063	1.550393	7280.165351	5.909418	3072.759507	2.326084	13463.570830	11.354536	10001
G87	3243.687624	1.234013	6210.140750	4.957916	2621.131267	1.946614	11484.721271	9.538115	10001
G88	4481.401227	1.529298	8579.781904	6.696075	3621.292257	2.619549	15867.016175	12.904691	10001
G89	4848.993988	2.187504	9283.549668	7.745834	3918.333462	3.061142	17168.528802	14.853716	10001
G90	3563.615191	1.200274	6822.652019	5.311548	2879.655591	2.077066	12617.468736	10.238441	10001
G91	5235.162849	1.337111	10022.881953	7.486219	4230.385482	2.906523	18535.812663	14.479794	10001
G92	4477.303790	1.515444	8571.937235	6.679560	3617.981236	2.612421	15852.508639	12.874450	10001
G93	3526.173683	1.282075	6750.969089	5.336431	2849.400178	2.091956	12484.901939	10.274123	10001
G94	3237.198899	1.173577	6197.717884	4.896086	2615.887914	1.919146	11461.747049	9.426783	10001
G95	4843.467474	1.282325	9272.968986	6.956205	3913.867644	2.702864	17148.961422	13.449657	10001
G96	4163.280123	1.022589	7970.729166	5.927213	3364.227685	2.299383	14740.664741	11.468737	10001
G97	5746.102245	1.695237	11001.091304	8.375897	4643.261006	3.263041	20344.863728	16.174437	10001
G98	5836.202945	1.713892	11173.591894	8.501365	4716.068807	3.311523	20663.877624	16.417664	10001
G99	5438.628747	1.913871	10412.423736	8.175447	4394.800459	3.201428	19256.211601	15.748273	10001
G100	3886.965892	1.319497	7441.716984	5.802071	3140.946051	2.269436	13762.336278	11.182650	10001
G101	6361.384008	1.350132	12179.067357	8.930587	5140.452614	3.455442	22523.353263	17.301284	10001
G102	5438.461398	1.265830	10412.103343	7.699465	4394.665229	2.983814	19255.619081	14.905169	10001
G103	5832.563178	1.683690	11166.623447	8.474691	4713.127615	3.299681	20650.990529	16.369579	10001
G104	3642.859804	1.361819	6974.368294	5.546247	2943.690898	2.176274	12898.045167	10.673145	10001
G105	5572.060792	1.506302	10667.883532	8.023807	4502.623081	3.119166	19728.646071	15.510356	10001
G106	4506.644232	1.449838	8628.110422	6.661788	3641.690408	2.601486	15956.392499	12.849654	10001
G107	-365.167574	0.011487	-699.124668	-0.491199	-295.081481	-0.188438	-1292.925921	-0.955363	10001
G108	3511.044403	1.193079	6722.003613	5.241930	2837.174640	2.050405	12431.334648	10.102907	10001
G109	5961.725174	1.732789	11413.908102	8.670991	4817.499732	3.376700	21108.306305	16.747360	10001
G110	5983.301520	1.859457	11455.216687	8.793141	4834.934961	3.430406	21184.700320	16.968770	10001
G111	3547.372883	1.299353	6791.555616	5.376966	2866.530646	2.108374	12559.960616	10.350906	10001
G112	2987.813540	0.954711	5720.261866	4.411458	2414.366732	1.722373	10578.763954	8.509889	10001
G113	4463.422093	1.424584	8545.360295	6.588873	3606.763833	2.572419	15803.358586	12.710417	10001
G114	5439.077446	1.528374	10413.282785	7.872917	4395.163040	3.063324	19257.800283	15.212047	10001
G115	3624.597457	1.254847	6939.404462	5.430949	2928.933617	2.125591	12833.384819	10.464237	10001
G116	3756.389679	1.179508	7191.724767	5.529875	3035.431145	2.157958	13300.013273	10.669922	10001
G117	3931.586305	1.028631	7527.144151	5.638310	3177.002532	2.190213	13920.320975	10.902898	10001
G118	2839.195090	0.935480	5435.727225	4.214729	2294.272410	1.647054	10052.559932	8.126854	10001
G119	2441.086771	0.978629	4673.536478	3.777665	1972.572456	1.486036	8643.002784	7.260775	10001
G120	4259.252679	1.102572	8154.471606	6.100372	3441.780364	2.369152	15080.468748	11.797691	10001
G121	4162.078477	1.000876	7968.428577	5.912085	3363.256669	2.292556	14736.410148	11.441714	10001
G122	2396.956164	0.820333	4589.047060	3.583492	1936.911774	1.402013	8486.752314	6.905813	10001
G123	3803.015779	1.016489	7280.991884	5.468437	3073.108364	2.125242	13465.099380	10.572019	10001
G124	2845.524170	0.888958	5447.844446	4.185427	2299.386759	1.633071	10074.968910	8.076358	10001
G125	2810.298239	0.859251	5380.403306	4.119184	2270.921691	1.606264	9950.246665	7.950806	10001
G126	5109.612691	1.500206	9782.512273	7.442739	4128.931987	2.899143	18091.285093	14.373304	10001
G127	3868.001430	0.937206	7405.408933	5.498748	3125.621412	2.132589	13695.189998	10.641040	10001
G128	3767.073726	1.048516	7212.179706	5.445631	3044.064618	2.118387	13337.841606	10.523199	10001
G129	2756.425224	0.791412	5277.261745	4.001960	2227.388447	1.557979	9759.501861	7.730625	10006
G130	3978.298673	1.067629	7616.576432	5.723407	3214.749462	2.224537	14085.712527	11.064468	10001
G131	5254.507897	1.118103	10059.918647	7.378277	4246.017662	2.854937	18604.306458	14.293707	10001
G132	4881.042016	1.328290	9344.906613	7.034802	3944.230557	2.735123	17281.999244	13.597575	10001
G133	3064.185742	0.986842	5866.478820	4.530371	2476.080926	1.769205	10849.170219	8.738317	10001
G134	2676.382424	0.969947	5124.017318	4.047603	2162.708149	1.586544	9476.099343	7.793180	10001
G135	3278.474227	0.969817	6276.740784	4.780843	2649.241327	1.862628	11607.888016	9.231832	10001
G136	4479.514769	1.203488	8576.170223	6.445410	3619.767865	2.505225	15860.336914	12.460088	10001
G137	3760.836937	1.125639	7200.239181	5.494063	3039.024847	2.141163	13315.759400	10.607496	10001
G138	5812.687447	1.447456	11128.570742	8.288013	4697.066604	3.216118	20580.617774	16.034618	10001
G139	3003.597913	1.007530	5750.481538	4.473436	2427.121633	1.749105	10634.650693	8.623435	10001
G140	3621.731049	0.988195	6933.916635	5.221625	2926.617355	2.030287	12823.235909	10.092588	10017
G141	4347.527705	1.395803	8323.476887	6.424312	3513.112890	2.508601	15393.018595	12.391949	10001
G142	5122.580220	1.468107	9807.339010	7.435370	4139.410677	2.894488	18137.198410	14.363286	10001
G143	4915.717093	1.310642	9411.293126	7.066198	3972.250496	2.746038	17404.771115	13.661302	10001
G144	3138.988620	0.950033	6009.691254	4.593564	2536.526994	1.790752	11114.020075	8.867620	10001
G145	4180.216542	1.284808	8003.154467	6.132273	3377.913521	2.391606	14800.630458	11.835636	10001
G146	6702.882179	2.193297	12832.876217	9.937948	5416.407526	3.882799	23732.474412	19.164294	10001
G147	3761.377146	1.415506	7201.273427	5.735154	3039.461375	2.250920	13317.672083	11.035431	10001
G148	3890.720224	1.345558	7448.904769	5.828493	3143.979819	2.281107	13775.629004	11.230399	10001
G149	5676.897775	1.545013	10868.597195	8.181929	4587.338851	3.181131	20099.835802	15.814842	10001
G150	4630.569514	1.315888	8865.369226	6.713137	3741.830887	2.612780	16395.166973	12.969416	10001
G151	5345.014198	1.603270	10233.195775	7.810942	4319.153218	3.044280	18924.756444	15.080322	10001
G152	2499.948133	0.866474	4786.228385	3.746654	2020.136640	1.466436	8851.409517	7.218846	10001
G153	2963.277747	1.164260	5673.287328	4.563425	2394.540060	1.793801	10491.891612	8.774223	10001
G154	6002.332578	1.607468	11491.652238	8.633018	4850.313415	3.355268	21252.082392	16.689690	10001
G155	4981.099501	1.418913	9536.469778	7.223771	4025.084151	2.811688	17636.266505	13.955536	10001
G156	2690.808609	0.906386	5151.636697	4.010705	2174.365536	1.568379	9527.177231	7.730949	10001
G157	5659.462737	1.497168	10835.217273	8.127333	4573.250095	3.157855	20038.104657	15.714140	10001
G158	5330.895652	1.481478	10206.165380	7.704643	4307.744424	2.997045	18874.767793	14.888804	10001
G159	3740.830113	1.062745	7161.935495	5.423026	3022.857905	2.110648	13244.922494	10.477027	10001
G160	3883.077053	1.167716	7434.271681	5.676770	3137.803591	2.212647	13748.567308	10.959594	10001
G161	4509.220772	1.330446	8633.043288	6.573025	3643.772436	2.560693	15965.515092	12.692953	10001
G162	2742.727915	1.065189	5251.037821	4.212219	2216.320043	1.655052	9711.004659	8.100615	10001
G163	3889.252954	1.083397	7446.095635	5.622869	3142.794161	2.187376	13770.433934	10.865594	10001
G164	3263.137244	1.000347	6247.377652	4.784952	2636.847949	1.866014	11553.585320	9.235544	10001
G165	3790.845334	1.248787	7257.691190	5.627231	3063.273776	2.199025	13422.008250	10.850478	10001
G166	4182.178492	1.190739	8006.910680	6.064719	3379.498916	2.360525	14807.577010	11.716444	10001
G167	4974.025444	1.406182	9522.926275	7.205822	4019.367808	2.804175	17611.219834	13.922104	10001
G168	4721.607961	1.263611	9039.665162	6.790388	3815.396454	2.639078	16717.501090	13.127541	10001
G169	4557.535433	1.114239	8725.543208	6.485236	3682.814133	2.515627	16136.579783	12.549020	10001
G170	2447.038557	0.902386	4684.931357	3.714514	1977.381924	1.456841	8664.075900	7.149810	10001
G171	4188.609664	1.113629	8019.223359	6.018863	3384.695763	2.338878	14830.347457	11.636809	10001
G172	4441.030633	1.230506	8502.491149	6.415952	3588.669934	2.495576	15724.078548	12.398898	10001
G173	3737.989219	1.192785	7156.496515	5.517785	3020.562260	2.154233	13234.863920	10.644243	10001
G174	3857.383028	1.290943	7385.079672	5.742570	3117.040984	2.245174	13657.594087	11.070319	10001
G175	4316.611734	1.236211	8264.287300	6.264858	3488.130578	2.438778	15283.556357	12.102253	10001
G176	3854.407255	1.209993	7379.382462	5.673941	3114.636347	2.214163	13647.057954	10.947933	10001
G177	2777.853352	1.506542	5318.286562	4.717346	2244.703905	1.879326	9835.371091	9.009651	10001
G178	5301.328523	1.427091	10149.558191	7.629813	4283.852072	2.965717	18770.081312	14.749427	10001
G179	3308.515644	1.297521	6334.256009	5.092863	2673.516937	2.001780	11714.253774	9.792508	10001
G180	3244.776582	0.943851	6212.225595	4.719892	2622.011223	1.838081	11488.576877	9.116026	10001
G181	3641.189210	1.135044	6971.169889	5.353823	2942.340939	2.088828	12892.130199	10.331243	10001
G182	3093.715764	0.842389	5923.014965	4.459156	2499.943293	1.733738	10953.725316	8.619052	10001
G183	2735.698665	1.014420	5237.580103	4.157674	2210.639907	1.630958	9686.116633	8.002080	10001
G184	4470.683803	1.099906	8559.263063	6.366007	3612.631813	2.469689	15829.069664	12.317581	10001
G185	3058.788002	1.046240	5856.144679	4.572441	2471.719167	1.788899	10830.058781	8.811710	10001
G186	2321.719529	0.900641	4445.004184	3.564678	1876.115199	1.400564	8220.366679	6.855455	10001
G205	5326.831699	1.395205	10198.384814	7.640264	4304.460460	2.967948	18860.378808	14.773942	10001
G206	4636.109883	1.174141	8875.976435	6.623081	3746.307901	2.570950	16414.783410	12.811397	10001
G207	5541.959446	1.683433	10610.253571	8.114698	4478.299044	3.163741	19622.068125	15.664237	10001
G208	3494.737081	1.093635	6690.782737	5.141790	2823.997159	2.006321	12373.596334	9.921566	10001
G209	3674.439272	1.269226	7034.828166	5.503196	2969.209363	2.153712	13009.856607	10.603810	10001
G210	3459.169226	1.264995	6622.686974	5.241456	2795.255792	2.055125	12247.663462	10.090311	10001
G211	1883.690570	0.560786	3606.384131	2.749554	1522.156516	1.071413	6669.465026	5.308978	10001
G212	4531.746770	1.442308	8676.170012	6.686502	3661.975052	2.610322	16045.271482	12.899255	10001
G213	4911.715323	1.223411	9403.631613	7.003563	3969.016780	2.717708	17390.602298	13.549590	10001
G214	3653.557009	1.080787	6994.848426	5.327820	2952.335004	2.075732	12935.920091	10.288045	10001
G215	4719.635231	1.346294	9035.888308	6.845927	3813.802347	2.664713	16710.516367	13.225367	10001
G216	2438.734242	0.952995	4669.032488	3.750804	1970.671444	1.474083	8634.673333	7.212469	10001
G235	4114.071812	1.422809	7876.518326	6.163091	3324.463855	2.412059	14566.435962	11.875105	10001
G236	2445.802432	0.979523	4682.564757	3.784017	1976.383046	1.488479	8659.699228	7.273119	10001
G237	1945.310890	0.967077	3724.358148	3.203349	1571.950135	1.271197	6887.640225	6.130184	10001
G238	4623.958574	1.461365	8852.712376	6.814445	3736.488775	2.659734	16371.760031	13.147345	10001
G239	3753.174915	1.204736	7185.570001	5.545845	3032.833386	2.165559	13288.630959	10.697492	10001
G240	4059.649869	1.678685	7772.325824	6.331612	3280.487038	2.493605	14373.747601	12.162546	10001
G241	3255.749218	0.899474	6233.233048	4.701739	2630.877897	1.828682	11527.427002	9.086462	10001
G242	3432.522212	1.097260	6571.670437	5.068420	2773.723101	1.978895	12153.316050	9.777140	10001
G243	4554.231354	1.198375	8719.217446	6.535834	3680.144201	2.539180	16124.881238	12.637698	10001
G244	2913.858396	0.896791	5578.672445	4.275482	2354.605695	1.667513	10316.915618	8.251778	10001
G245	3775.904676	1.009027	7229.086836	5.429307	3051.200657	2.110024	13369.108800	10.496393	10001
G246	4265.344826	1.603971	8166.135211	6.502502	3446.703254	2.552020	15102.038830	12.512098	10001
G265	3840.553941	1.133784	7352.859863	5.598785	3103.441880	2.181184	13598.008396	10.811556	10001
G266	909.661699	0.614401	1741.575589	1.696435	735.071621	0.682867	3220.782108	3.222707	10001
G267	3105.991224	1.211273	5946.516714	4.774756	2509.862741	1.876363	10997.188266	9.181771	10001
G268	1085.876799	0.744617	2078.944875	2.039982	877.466008	0.821750	3844.695859	3.873864	10001
G269	3978.490037	1.528483	7616.942804	6.094716	3214.904097	2.393787	14086.390076	11.723115	10001
G270	5589.122525	1.597565	10700.548752	8.109478	4516.410180	3.156699	19789.055481	15.665991	10001
G271	3668.824879	0.895832	7024.079237	5.219915	2964.672533	2.024757	12989.978080	10.100726	10001
G272	3233.615199	0.905413	6190.856780	4.678276	2612.992028	1.820143	11449.058467	9.039735	10001
G273	2888.573742	0.826058	5530.264190	4.191437	2334.173888	1.631580	10227.391830	8.097023	10001
G274	2723.484597	0.822511	5214.195891	3.984181	2200.770068	1.553101	9642.871050	7.691453	10001
G275	2636.819712	0.991530	5048.273276	4.019786	2130.738651	1.577633	9336.022129	7.734868	10001
G276	3669.677877	1.098699	7025.712329	5.361151	2965.361817	2.089382	12992.998237	10.350838	10001
G295	4884.356223	1.193718	9351.251766	6.950026	3946.908673	2.695900	17293.733650	13.448439	10001
G296	4797.330178	1.254367	9184.637700	6.879363	3876.585414	2.672267	16985.605994	13.302827	10001
G297	5979.875583	1.709302	11448.657623	8.676470	4832.166559	3.377409	21172.570319	16.761309	10001
G298	4135.646218	1.721541	7917.823196	6.461276	3341.897515	2.545322	14642.823106	12.410058	10001
G299	4119.157919	1.104324	7886.255836	5.925300	3328.573793	2.302955	14584.444022	11.454889	10001
G300	3590.656460	1.230760	6874.423370	5.369687	2901.506868	2.100949	12713.212063	10.347779	10001
G301	4376.615840	0.986061	8379.167026	6.176792	3536.618181	2.392324	15496.009130	11.960752	10001
G302	2482.681190	1.131165	4753.170286	3.977459	2006.183717	1.572530	8790.273535	7.625779	10001
G303	2922.439492	0.931357	5595.101221	4.312982	2361.539833	1.683796	10347.298167	8.320229	10001
G304	1696.430173	0.758187	3247.868281	2.702554	1370.836740	1.067637	6006.443884	5.183509	10001
G305	2829.281652	0.873777	5416.747640	4.153706	2286.261645	1.620173	10017.460045	8.016380	10001
G306	2355.373283	0.839596	4509.435342	3.549897	1903.309836	1.390692	8339.522415	6.836733	10001
G325	5240.673486	1.615324	10033.432239	7.691458	4234.838470	2.999928	18555.323830	14.844395	10001
G326	3679.715237	1.260642	7044.929165	5.502330	2973.472720	2.152813	13028.536886	10.603473	10001
G327	4037.938006	1.110144	7730.757789	5.827527	3262.942302	2.266280	14296.873772	11.262750	10001
G328	4006.402718	1.280430	7670.382498	5.915582	3237.459537	2.309643	14185.218753	11.411377	10001
G329	4834.447946	1.335879	9255.700819	6.981770	3906.579221	2.715483	17117.026544	13.492764	10001
G330	5945.830938	1.459350	11383.478092	8.464333	4804.656054	3.283576	21052.030579	16.377997	10001
G331	4445.110867	1.150203	8510.302883	6.366252	3591.967054	2.472387	15738.525176	12.311936	10001
G332	2513.087728	0.959451	4811.384547	3.844300	2030.754371	1.509566	8897.932054	7.395271	10001
G333	3169.429768	0.876087	6067.971778	4.577405	2561.125616	1.780346	11221.801140	8.846125	10001
G334	2400.107663	0.772699	4595.080702	3.548320	1939.458409	1.385679	8497.910627	6.844141	10001
G335	3153.443555	0.912489	6037.365677	4.583531	2548.207614	1.784739	11165.199759	8.853221	10001
G336	2146.623287	0.941308	4109.776988	3.401278	1734.624930	1.342630	7600.414401	6.526163	10001
G355	4615.032233	1.203591	8835.622618	6.615872	3729.275654	2.569769	16340.155094	12.793650	10001
G356	6929.461744	1.649082	13266.669836	9.832382	5599.499997	3.811983	24534.710465	19.030495	10001
G357	5048.720497	1.519733	9665.932277	7.381975	4079.726746	2.877363	17875.687924	14.251489	10001
G358	4100.018895	1.935037	7849.613579	6.639256	3313.108094	2.628779	14516.679679	12.719723	10001
G359	2782.313393	1.302238	5326.825449	4.493856	2248.307937	1.778692	9851.162477	8.611008	10001
G360	3965.446670	1.187607	7591.970872	5.793516	3204.364125	2.257904	14040.208245	11.185568	10001
G361	3397.474823	1.045049	6504.571123	4.984641	2745.402308	1.944068	12029.225960	9.620541	10001
G362	3049.613846	0.963007	5838.580473	4.493666	2464.305794	1.753873	10797.576423	8.669883	10001
G363	1584.320823	0.736046	3033.231448	2.553110	1280.244379	1.010219	5609.505344	4.892965	10001
G364	2561.123901	1.399138	4903.351292	4.361190	2069.571029	1.738017	9068.010718	8.328014	10001
G365	2798.247165	0.998968	5357.331150	4.218680	2261.183562	1.652773	9907.578183	8.124544	10001
G366	2998.100836	0.813311	5739.957213	4.319237	2422.679602	1.679191	10615.187538	8.348947	10001
G385	3685.828765	1.325834	7056.633704	5.565519	2978.412887	2.180979	13050.182671	10.717048	10001
G386	314.056646	0.381528	601.271208	0.843599	253.780200	0.348211	1111.960664	1.580722	10001
G387	3402.750246	1.150603	6514.671084	5.075522	2749.665226	1.985010	12047.904319	9.782907	10001
G388	4942.739324	1.188428	9463.028028	7.020876	3994.086389	2.722509	17500.447034	13.587585	10001
G389	4009.988749	1.431634	7677.248067	6.045587	3240.357306	2.368514	14197.915591	11.642881	10001
G390	2670.323790	1.092250	5112.417873	4.153199	2157.812339	1.634994	9454.647915	7.979605	10001
G391	2917.901212	0.994342	5586.412542	4.358730	2357.872578	1.705089	10331.229761	8.400334	10001
G392	3106.923284	1.074114	5948.301172	4.654007	2510.615913	1.821426	11000.488353	8.967435	10001
G393	3197.382419	1.367573	6121.487997	5.031498	2583.713354	1.984179	11320.771336	9.658870	10001
G394	3095.100259	0.926401	5925.665624	4.521529	2501.062064	1.762145	10958.627311	8.729803	10001
G395	2857.222355	0.772754	5470.240984	4.114666	2308.839728	1.599548	10116.387939	7.953783	10001
G396	3911.522883	0.957744	7488.732106	5.566890	3160.789853	2.159465	13849.283674	10.771855	10001
G415	6175.357520	1.782468	11822.913865	8.972641	4990.129925	3.493553	21864.700948	17.331432	10001
G416	4873.474241	1.310222	9330.417874	7.012874	3938.115255	2.725831	17255.204500	13.556993	10001
G417	3719.384860	1.458536	7120.877890	5.725212	3005.528608	2.250321	13168.992630	11.008398	10001
G418	3782.873644	1.177055	7242.429141	5.560475	3056.832081	2.169343	13393.783387	10.730282	10001
G419	4254.356165	1.385323	8145.097078	6.302200	3437.823631	2.461940	15063.131968	12.153982	10001
G420	5510.682828	1.307797	10550.373513	7.817005	4453.025303	3.030467	19511.328965	15.130127	10001
G421	6084.716769	1.463632	11649.379332	8.643379	4916.885725	3.351701	21543.774930	16.727569	10001
G422	4199.604805	1.089304	8040.273897	6.016381	3393.580622	2.336634	14869.277262	11.635020	10001
G423	3698.477407	1.079111	7080.849923	5.382263	2988.633894	2.096194	13094.966925	10.394945	10001
G424	3023.056122	0.912679	5787.734884	4.422193	2442.845256	1.723830	10703.545154	8.537071	10001
G425	3218.280778	0.839330	6161.498554	4.613567	2600.600721	1.792024	11394.764845	8.921629	10001
G426	2061.589002	0.604630	3946.976207	3.002453	1665.911154	1.169501	7299.338843	5.798369	10001
G445	5081.460276	1.198055	9728.613601	7.203328	4106.182826	2.792213	17991.607606	13.943142	10001
G446	4992.647718	1.612360	9558.579198	7.385136	4034.415935	2.884283	17677.154551	14.244122	10001
G447	4376.078725	1.250897	8378.138702	6.349470	3536.184153	2.471600	15494.107401	12.265978	10001
G448	3540.427805	1.281833	6778.259048	5.353234	2860.918527	2.098245	12535.370614	10.307182	10001
G449	4374.576164	1.237374	8375.262002	6.337877	3534.969977	2.466443	15488.787377	12.245103	10001
G450	4432.702842	1.616829	8486.547333	6.712893	3581.940484	2.631832	15694.592859	12.923521	10001
G451	2816.107198	0.853168	5391.524739	4.121712	2275.615745	1.606849	9970.814084	7.956634	10001
G452	4345.966661	1.186270	8320.488220	6.266114	3511.851455	2.436430	15387.491506	12.111370	10001
G453	3285.285520	0.966146	6289.781216	4.786558	2654.745338	1.864569	11632.004333	9.243542	10001
G454	4057.932850	1.078937	7769.038537	5.831121	3279.099564	2.265925	14367.668259	11.273824	10001
G455	5078.711638	1.026643	9723.351248	7.102094	4103.961730	2.745911	17981.875676	13.763717	10001
G456	3598.100504	0.995518	6888.675223	5.197166	2907.522187	2.021442	12739.568721	10.043744	10001
G475	5998.818148	1.601233	11484.923753	8.624356	4847.473505	3.351649	21239.639071	16.673535	10001
G476	5441.644614	1.993469	10418.197708	8.248467	4397.237495	3.234339	19266.889693	15.878642	10001
G477	3911.598938	1.462970	7488.877716	5.956021	3160.851312	2.337102	13849.552958	11.461617	10001
G478	3657.760673	1.555444	7002.896470	5.746976	2955.731864	2.265812	12950.803739	11.033601	10001
G479	1914.300552	1.026452	3664.987893	3.237156	1546.891567	1.288968	6777.843868	6.184276	10001
G480	4041.849283	1.387631	7738.246049	6.046292	3266.102893	2.365798	14310.722184	11.651362	10001
G481	3193.116173	1.081962	6113.320136	4.764699	2580.265923	1.863569	11305.666106	9.183522	10001
G482	3853.279257	0.986733	7377.222875	5.511826	3113.724844	2.140084	13643.064123	10.660656	10001
G483	1833.050597	0.676397	3509.432328	2.782886	1481.235800	1.091478	6490.167249	5.356527	10001
G484	3288.037454	0.964456	6295.049878	4.788720	2656.969097	1.865286	11641.747932	9.248013	10001
G485	2727.478137	0.812397	5221.841647	3.981507	2203.997133	1.551485	9657.010725	7.687645	10001
G486	1762.267474	0.607985	3373.915841	2.638719	1424.037982	1.032640	6239.549888	5.084499	10001
G505	5615.986951	1.464473	10751.981530	8.050678	4538.118555	3.127075	19884.172669	15.568270	10001
G506	6582.254796	1.518117	12601.931344	9.310418	5318.931985	3.607511	23305.376606	18.025182	10001
G507	1191.869869	0.714884	2281.871900	2.106756	963.115979	0.843250	4219.978871	4.014013	10001
G508	3492.368173	1.160439	6686.247390	5.192308	2822.082912	2.029594	12365.208891	10.010598	10001
G509	4261.258668	1.304401	8158.312135	6.247084	3443.401346	2.436111	15087.571228	12.057873	10001
G510	4429.083245	1.372030	8479.617503	6.505623	3579.015591	2.537766	15681.777180	12.554918	10001
G511	3019.793149	0.974443	5781.487822	4.466253	2440.208541	1.744265	10691.992152	8.614408	10001
G512	3292.971547	0.830149	6304.496354	4.701809	2660.956197	1.824974	11659.217768	9.095386	10001
G513	2386.776751	0.772269	4569.558257	3.531701	1928.686081	1.379392	8450.710704	6.811604	10001
G514	2993.797270	0.986642	5731.717904	4.444413	2419.202014	1.736823	10599.950174	8.569705	10001
G515	3607.763953	1.153330	6907.176197	5.327220	2915.330944	2.079943	12773.783489	10.276368	10001
G516	2222.063069	0.675491	4254.208794	3.254001	1795.585661	1.268689	7867.519302	6.281310	10001
G535	4296.137020	1.379350	8225.087823	6.348409	3471.585546	2.478964	15211.062820	12.245533	10001
G536	4564.070444	1.354791	8738.054690	6.659049	3688.094889	2.594617	16159.717886	12.858101	10001
G537	5601.161074	1.385437	10723.596928	7.980445	4526.138188	3.096343	19831.679617	15.440567	10001
G538	4540.967190	1.733013	8693.822792	6.945779	3669.425809	2.727408	16077.917644	13.361667	10001
G539	4677.257517	1.153980	8954.754858	6.662219	3779.558127	2.584751	16560.472253	12.890375	10001
G540	2848.249736	1.120973	5453.062626	4.388067	2301.589211	1.724978	10084.619150	8.436800	10001
G541	3716.382704	1.119089	7115.130170	5.434208	3003.102652	2.118179	13158.363086	10.491122	10001
G542	3198.232811	1.036542	6123.116099	4.733784	2584.400532	1.848985	11323.782267	9.129854	10001
G543	3617.893948	1.011121	6926.570386	5.232897	2923.516703	2.035833	12809.650126	10.111634	10001
G544	3318.601971	0.830064	6353.566595	4.734183	2681.667410	1.837241	11749.965799	9.158715	10001
G545	4000.398188	1.116309	7658.886641	5.784935	3232.607448	2.250517	14163.958894	11.178547	10001
G546	3557.733382	1.262950	6811.391114	5.357498	2874.902669	2.098544	12596.643385	10.318665	10001
G565	3626.702511	1.496828	6943.434654	5.653619	2930.634651	2.226428	12840.838053	10.860560	10001
G566	6130.511260	1.975661	11737.054308	9.064933	4953.890945	3.540114	21705.916611	17.484559	10001
G567	4178.464861	1.218203	7999.800820	6.080070	3376.498038	2.367917	14794.428392	11.742755	10001
G568	3550.454006	1.483689	6797.454521	5.552627	2869.020413	2.187701	12570.869754	10.664045	10001
G569	3692.797493	1.495709	7069.975552	5.729286	2984.044117	2.254619	13074.856411	11.009772	10001
G570	4468.396141	1.442555	8554.883264	6.609262	3610.783219	2.581238	15820.969884	12.747713	10001
G571	3585.982858	1.248926	6865.475612	5.379413	2897.730263	2.105824	12696.664531	10.363980	10001
G572	3781.657537	1.126449	7240.100867	5.520416	3055.849379	2.151159	13389.477593	10.659023	10001
G573	2256.640423	0.851944	4320.408213	3.443264	1823.526633	1.351555	7989.945171	6.625077	10001
G574	5244.033060	1.714012	10039.864247	7.773446	4237.553246	3.037017	18567.218862	14.990519	10001
G575	3293.134240	1.001377	6304.807833	4.822702	2661.087664	1.880318	11659.793801	9.309394	10001
G576	2546.746739	0.844763	4875.825770	3.785197	2057.953256	1.479498	9017.106404	7.297920	10001
G595	3826.636410	1.548169	7326.214316	5.935261	3092.195521	2.335576	13548.731465	11.405824	10001
G596	5020.514967	1.453912	9611.931913	7.298169	4056.934663	2.841824	17775.822373	14.096483	10001
G597	6792.794028	2.614316	13005.015248	10.410241	5489.062722	4.089028	24050.819658	20.023358	10001
G598	5790.750960	2.004781	11086.572655	8.676629	4679.340356	3.395901	20502.948630	16.717943	10001
G599	5954.059697	1.938618	11399.232308	8.819923	4811.305479	3.445473	21081.165631	17.009508	10001
G600	2479.064541	1.231744	4746.246099	4.081532	2003.261206	1.619651	8777.468293	7.810839	10001
G601	3614.661274	0.966329	6920.381331	5.197723	2920.904472	2.020041	12798.204400	10.048633	10001
G602	3675.019805	1.047269	7035.939614	5.329938	2969.678475	2.074577	13011.912063	10.296812	10001
G603	2844.915395	0.852608	5446.678928	4.156862	2298.894826	1.620081	10072.813459	8.025602	10001
G604	3148.759964	0.777866	6028.398797	4.485683	2544.422938	1.740362	11148.616863	8.679005	10001
G605	4775.538505	1.115760	9142.916864	6.763489	3858.976185	2.621274	16908.449583	13.092808	10001
G606	6629.055196	1.604959	12691.532165	9.423083	5356.750051	3.654515	23471.079847	18.235447	10001
G625	6149.180793	2.109178	11772.797708	9.197070	4968.977260	3.598533	21772.018652	17.723241	10001
G626	6815.905672	2.506947	13049.263207	10.340483	5507.738581	4.055201	24132.649603	19.904537	10001
G627	5152.710219	1.439176	9865.023830	7.452213	4163.757868	2.899203	18243.877807	14.400167	10001
G628	4122.088585	1.506806	7891.866687	6.245391	3330.941980	2.448725	14594.820447	12.023066	10001
G629	5695.763978	1.802070	10904.717127	8.395541	4602.584091	3.276951	20166.634184	16.197566	10001
G630	5162.443172	1.554766	9883.657872	7.548859	4171.622789	2.942452	18278.338665	14.573576	10001
G631	3631.625506	1.257376	6952.859880	5.441560	2934.612782	2.129749	12858.268591	10.484670	10001
G632	5487.237968	1.426046	10505.487601	7.862881	4434.080181	3.053904	19428.319221	15.205646	10001
G633	2909.813436	0.952946	5570.928242	4.314852	2351.337077	1.685874	10302.593879	8.320640	10001
G634	3938.277800	1.314827	7539.955226	5.860374	3182.409737	2.291063	13944.013131	11.297822	10001
G635	3545.026998	1.077576	6787.064346	5.191290	2864.635003	2.024006	12551.654687	10.020937	10001
G636	3279.078418	0.996216	6277.897525	4.801443	2649.729556	1.871984	11610.027234	9.268463	10001
G655	6130.217842	1.570242	11736.492550	8.769103	4953.653842	3.404811	21704.877724	16.960648	10001
G656	3636.076746	1.396549	6961.381917	5.569815	2938.209702	2.187603	12874.028817	10.713525	10001
G657	3953.601322	1.350181	7569.292585	5.908275	3194.792238	2.311410	13998.268164	11.386315	10001
G658	5557.295643	1.766793	10639.615197	8.198166	4490.691787	3.200356	19676.368037	15.815716	10001
G659	3614.673417	1.277061	6920.404580	5.437981	2920.914284	2.129737	12798.247395	10.474468	10001
G660	3834.942584	1.337063	7342.116745	5.754099	3098.907503	2.252575	13578.140616	11.085666	10001
G661	3173.881544	0.832794	6076.494842	4.553290	2564.722969	1.768848	11237.563265	8.804510	10001
G662	3161.465487	0.895790	6052.723914	4.581436	2554.689908	1.782984	11193.602508	8.851389	10001
G663	3909.875740	0.983116	7485.578600	5.580994	3159.458844	2.166107	13843.451739	10.796395	10001
G664	2645.749564	0.780266	5065.369754	3.856401	2137.954609	1.502343	9367.639494	7.447013	10001
G665	3276.201505	1.012767	6272.389586	4.810580	2647.404805	1.876440	11599.841129	9.283986	10001
G666	2995.215840	0.871000	5734.433799	4.356689	2420.348319	1.696625	10604.972813	8.414564	10001
G685	4618.341408	1.486797	8841.958137	6.827719	3731.949704	2.666337	16351.871684	13.169583	10001
G686	3851.738500	1.455734	7374.273048	5.878572	3112.479803	2.307554	13637.608863	11.310564	10001
G687	3779.034412	1.733842	7235.078812	6.066894	3053.729707	2.399303	13380.190058	11.630069	10001
G688	5175.473813	1.574265	9908.605438	7.579720	4182.152478	2.955275	18324.475436	14.631279	10001
G689	5910.482556	1.590216	11315.802516	8.505936	4776.092037	3.306226	20926.874780	16.443185	10001
G690	6004.259797	1.995965	11495.341959	8.927604	4851.870745	3.489712	21258.905975	17.212014	10001
G691	2214.226613	0.920828	4239.205657	3.458505	1789.253246	1.362375	7839.773257	6.642809	10001
G692	2059.469000	0.865141	3942.917396	3.225276	1664.198041	1.270997	7291.832683	6.193655	10001
G693	3700.162287	0.953435	7084.075678	5.296693	2989.995397	2.056828	13100.932473	10.243915	10001
G694	3352.960428	1.048132	6419.346930	4.932310	2709.431497	1.924523	11871.616635	9.517492	10001
G695	4414.862987	1.270530	8452.392377	6.411934	3567.524607	2.496338	15631.428405	12.385647	10001
G696	5104.018556	1.311224	9771.802128	7.303679	4124.411527	2.836004	18071.478291	14.125897	10001
G715	6403.412659	1.598869	12259.532517	9.133063	5174.414766	3.544231	22672.161473	17.669053	10001
G716	6722.717096	1.674015	12870.850783	9.585545	5432.435556	3.719615	23802.702660	18.544925	10001
G717	5730.871402	1.885606	10971.931381	8.505213	4630.953397	3.323572	20290.936836	16.400115	10001
G718	4778.434665	1.618415	9148.461653	7.129678	3861.316490	2.788521	16918.703836	13.741893	10001
G719	4370.503120	1.456670	8367.464033	6.501529	3531.678666	2.541586	15474.366205	12.534171	10001
G720	4565.618416	1.579282	8741.018329	6.839794	3689.345760	2.676918	16165.198692	13.178943	10001
G721	2752.498464	0.900676	5269.743841	4.080968	2224.215345	1.594452	9745.598628	7.869720	10001
G722	3454.594844	1.203830	6613.929178	5.182880	2791.559365	2.028924	12231.467236	9.985252	10001
G723	3534.729824	0.954983	6767.350086	5.089647	2856.314151	1.978517	12515.196129	9.838565	10001
G724	7002.517045	2.476318	13406.536480	10.536725	5658.533898	4.126741	24793.372786	20.295206	10001
G725	3857.219314	1.177746	7384.766236	5.652480	3116.908691	2.204087	13657.014434	10.910552	10001
G726	4253.592638	1.236342	8143.635282	6.186628	3437.206647	2.409228	15060.428596	11.948999	10001
G727	2669.789691	0.974233	5111.395326	4.043511	2157.380749	1.585308	9452.756866	7.784427	10001
G728	1885.420119	0.907425	3609.695405	3.072019	1523.554114	1.217367	6675.588729	5.883018	10001
G729	2689.496991	0.894258	5149.125562	3.999121	2173.305655	1.563227	9522.533264	7.710098	10001
G730	1918.782487	0.735399	3673.568697	2.937788	1550.513291	1.153759	6793.712775	5.651037	10001
G731	2418.121980	0.780546	4629.569671	3.576588	1954.015264	1.396826	8561.692789	6.898412	10001
G732	1396.988851	0.469521	2674.578565	2.081373	1128.866765	0.813862	4946.230780	4.012143	10001
G733	2489.342058	0.773998	4765.922724	3.658661	2011.566174	1.427347	8813.857250	7.060342	10001
G734	3172.062237	0.982382	6073.011722	4.659064	2563.252839	1.817432	11231.121757	8.991354	10001
G735	2771.434159	0.840328	5305.996818	4.056855	2239.516739	1.581600	9812.643058	7.831349	10001
G736	2661.815155	0.813399	5096.127828	3.901199	2150.936754	1.521238	9424.521926	7.530108	10001
G737	3293.514875	0.911848	6305.536571	4.757639	2661.395245	1.850517	11661.141493	9.194272	10001
G738	2812.687342	0.830582	5384.977317	4.100532	2272.852257	1.597504	9958.705612	7.918319	10001
G739	2623.010941	0.864105	5021.835955	3.893689	2119.580178	1.521589	9287.130281	7.507844	10001
G740	2652.491267	0.717397	5078.276955	3.819844	2143.402387	1.484938	9391.509421	7.383881	10001
G741	3757.167635	0.851996	7193.214188	5.305781	3036.059789	2.055208	13302.767733	10.273576	10001
G742	2504.209804	0.870207	4794.387486	3.754955	2023.580375	1.469808	8866.498547	7.234550	10001
G743	2814.234186	0.703153	5387.938799	4.014187	2274.102217	1.557790	9964.182426	7.765896	10001
G744	7437.956233	1.772461	14240.198336	10.555353	6010.399861	4.092381	26335.105000	20.429554	10001
G745	918.468151	0.490090	1758.435816	1.550387	742.187864	0.617195	3251.962560	2.962199	10001
G746	3015.116522	0.984596	5772.534274	4.468708	2436.429492	1.745838	10675.433912	8.617688	10001
G747	4155.019028	1.253749	7954.913043	6.077541	3357.552130	2.369072	14711.415200	11.732813	10001
G748	2808.408414	0.896716	5376.785178	4.146039	2269.394578	1.618710	9943.555482	7.997967	10001
G749	2474.016622	0.973414	4736.581702	3.811261	1999.182127	1.498216	8759.595443	7.327830	10001
G750	3444.261745	1.394279	6594.146139	5.342958	2783.209482	2.102545	12194.881480	10.267482	10001
G751	2928.667364	0.830908	5607.024675	4.244851	2366.572398	1.652047	10369.348802	8.200978	10001
G752	2917.063488	0.810438	5584.808693	4.215818	2357.195637	1.639909	10328.263684	8.146865	10001
G753	2305.463038	0.889192	4413.880626	3.534967	1862.978793	1.388602	8162.808340	6.799004	10001
G754	4193.277159	1.381686	8028.159423	6.224879	3388.467432	2.432594	14846.873363	12.002828	10001
G755	3501.246708	1.150223	6703.245620	5.194773	2829.257402	2.029861	12396.644561	10.017006	10001
G756	3650.800798	1.028769	6989.571574	5.286500	2950.107788	2.057100	12926.161347	10.214238	10001
G757	3819.654337	1.131121	7312.846921	5.570925	3086.553507	2.170507	13524.010478	10.757338	10001
G758	4000.059341	1.165304	7658.237906	5.819822	3232.333635	2.266517	14162.759157	11.240230	10001
G759	1690.446405	0.748936	3236.412172	2.686279	1366.001428	1.060830	5985.257533	5.153205	10001
G760	1395.948292	0.635629	2672.586383	2.236011	1128.025920	0.884007	4942.546540	4.287045	10001
G761	3623.146408	1.079201	6936.626384	5.288999	2927.761066	2.060981	12828.247182	10.212198	10001
G762	3299.722050	1.296789	6317.420400	5.081866	2666.411085	1.997610	11683.118848	9.770998	10001
G763	3472.133773	1.148464	6647.508002	5.157930	2805.732072	2.015878	12293.566220	9.944981	10001
G764	1565.727160	0.656351	2997.633301	2.450687	1265.219371	0.965673	5543.671926	4.706362	10001
G765	3154.121405	1.070367	6038.663441	4.707860	2548.755365	1.841425	11167.599778	9.073763	10001
G766	4364.842245	0.993506	8356.626112	6.166111	3527.104275	2.388618	15454.323101	11.939061	10001
G767	3873.211384	1.067477	7415.383552	5.591626	3129.831427	2.174667	13713.636556	10.806531	10001
G768	2069.201682	0.751947	3961.550918	3.131139	1672.062743	1.227429	7326.292580	6.028370	10001
G769	3032.520976	0.808564	5805.855641	4.359176	2450.493534	1.694047	10737.056769	8.427730	10001
G770	2432.292981	0.774838	4656.700493	3.589368	1965.466445	1.401279	8611.867162	6.924335	10001
G771	3139.759818	0.819255	6011.167737	4.501272	2537.150177	1.748425	11116.750609	8.704431	10001
G772	2506.528102	0.932845	4798.825939	3.812432	2025.453725	1.495716	8874.706799	7.337160	10001
G773	3295.346352	0.939311	6309.042991	4.779463	2662.875209	1.860327	11667.626089	9.233331	10001
G774	3425.467423	1.116255	6558.163824	5.075000	2768.022327	1.982581	12128.337601	9.787185	10001
G775	76.044062	0.033526	145.588719	0.120674	61.449033	0.047645	269.244439	0.231516	10001
G776	3266.737442	0.799872	6254.270345	4.649233	2639.757167	1.803494	11566.332318	8.996201	10001
G777	1770.413966	0.793020	3389.512553	2.822235	1430.620929	1.115018	6268.393660	5.412813	10001
G778	2363.206410	0.699940	4524.432106	3.446799	1909.639561	1.342925	8367.256675	6.655683	10001
G779	2231.733857	0.899234	4272.723818	3.457998	1803.400349	1.360544	7901.760055	6.645752	10001
G780	1997.419320	0.736137	3824.121356	3.031613	1614.057468	1.188981	7072.137274	5.835400	10001
G781	4177.628661	1.123221	7998.199888	6.011611	3375.822328	2.336655	14791.467709	11.621387	10001
G782	2810.226477	0.977397	5380.265916	4.214536	2270.863703	1.649748	9949.992584	8.119901	10001
G783	3781.473640	1.297811	7239.748790	5.656429	3055.700777	2.213229	13388.826480	10.900141	10001
G784	2518.104173	0.762931	4820.988688	3.685583	2034.808017	1.436827	8915.693469	7.114717	10001
G785	3711.906435	1.002631	7106.560214	5.344612	2999.485507	2.077620	13142.514240	10.331452	10001
G786	3380.651359	0.935732	6472.362078	4.883343	2731.807747	1.899399	11969.660176	9.437225	10001
G787	4165.352906	1.036164	7974.697573	5.938474	3365.902641	2.304343	14748.003713	11.489136	10001
G788	2378.159905	0.733193	4553.061038	3.490435	1921.723054	1.361397	8420.201579	6.736464	10001
G789	3600.285746	1.037312	6892.858937	5.229757	2909.288018	2.036145	12747.305871	10.101948	10001
G790	1966.953194	0.887409	3765.793011	3.142101	1589.438662	1.241757	6964.267774	6.025406	10001
G791	2316.491381	0.745025	4434.994733	3.424100	1871.890482	1.337129	8201.855705	6.604634	10001
G792	2309.570431	0.710425	4421.744359	3.388519	1866.297860	1.321562	8177.351132	6.539966	10001
G793	3384.078546	1.065050	6478.923533	4.983702	2734.577159	1.944948	11981.794600	9.615777	10001
G794	2458.188199	0.893197	4706.277692	3.719663	1986.391630	1.458129	8703.552736	7.161467	10001
G795	3884.542386	1.018287	7437.077107	5.572158	3138.987685	2.164609	13753.755523	10.774762	10001
G796	3691.127339	1.015688	7066.777989	5.327635	2982.694514	2.071919	13068.943000	10.296517	10001
G797	2544.818694	0.820421	4872.134468	3.763166	2056.395258	1.469639	9010.279897	7.258403	10001
G798	2916.208115	0.959442	5583.171055	4.327904	2356.504435	1.691206	10325.235119	8.345258	10001
G799	3148.375015	0.881202	6027.661800	4.554710	2544.111872	1.772051	11147.253898	8.801010	10001
G800	2505.727654	0.815067	4797.293457	3.711173	2024.806906	1.449716	8871.872704	7.157216	10001
G801	3910.531819	1.239201	7486.834684	5.765654	3159.989003	2.250554	13845.774677	11.123468	10001
G802	2937.153588	1.083829	5623.271814	4.459118	2373.429873	1.748915	10399.395442	8.582954	10001
G803	3725.963582	1.133246	7133.473060	5.456762	3010.844686	2.127544	13192.285501	10.533306	10001
G804	3911.944109	1.163775	7489.538557	5.709498	3161.130234	2.224765	13850.775083	11.024287	10001
G805	4500.622491	1.374202	8616.581611	6.595344	3636.824411	2.571740	15935.071698	12.730489	10001
G806	2150.881444	0.797441	4117.929362	3.268767	1738.065825	1.282254	7615.490990	6.291259	10001
G807	3136.413740	0.992941	6004.761567	4.623552	2534.446308	1.804699	11104.903362	8.920170	10001
G808	3002.455304	0.982170	5748.293979	4.451324	2426.198324	1.739136	10630.605131	8.583949	10001
G809	1571.001326	1.007382	3007.730856	2.859445	1269.481273	1.148160	5562.345834	5.439138	10001
G810	2543.574862	1.044328	4869.753113	3.959850	2055.390153	1.559101	9005.875938	7.607587	10001
G811	2374.702678	0.944510	4546.442069	3.667828	1918.929367	1.442406	8407.960790	7.050680	10001
G812	4674.858449	1.081683	8950.161768	6.614544	3777.619509	2.563091	16551.978024	12.805555	10001
G813	2390.486391	0.885638	4576.660478	3.632333	1931.683735	1.424837	8463.845193	6.991084	10001
G814	1818.886966	0.632712	3482.315617	2.727898	1469.790575	1.067821	6440.018970	5.255669	10001
G815	3178.456373	0.866527	6085.253493	4.582035	2568.419757	1.781565	11253.761073	8.856443	10001
G816	1395.450280	0.654712	2671.632923	2.255546	1127.623490	0.892848	4940.783259	4.321796	10001
G817	4551.995479	1.141616	8714.936794	6.495655	3678.337455	2.520972	16116.964816	12.566118	10001
G818	2579.259357	1.029447	4938.072187	3.987155	2084.225773	1.568186	9132.221790	7.664040	10001
G819	2406.898087	0.796056	4608.081179	3.575447	1944.945557	1.397391	8521.953054	6.893810	10001
G820	3475.290737	1.166632	6653.552108	5.176681	2808.283124	2.024119	12304.743884	9.978967	10001
G821	2088.787227	0.950654	3999.048053	3.345321	1687.889262	1.322547	7395.637890	6.413957	10001
G822	2785.115842	1.216383	5332.190824	4.407984	2250.572516	1.739739	9861.084932	8.458446	10001
G823	2429.529365	0.905209	4651.409466	3.696233	1963.233246	1.450185	8602.082203	7.113395	10001
G824	1939.892647	1.042343	3713.984754	3.282956	1567.571808	1.307329	6868.456193	6.271469	10001
G825	927.808083	0.520644	1776.317406	1.596256	749.735196	0.636927	3285.031873	3.046240	10001
G826	2833.838283	1.059882	5425.471451	4.314965	2289.943728	1.693163	10033.593421	8.303610	10001
G827	3333.003632	0.904314	6381.139024	4.801822	2693.304981	1.866813	11800.956859	9.281753	10001
G828	1848.261163	0.798125	3538.553430	2.916071	1493.527024	1.150392	6544.022347	5.596879	10001
G829	4318.203445	1.410626	8267.334680	6.400421	3489.416793	2.500547	15289.192027	12.342840	10001
G830	4537.968276	1.220971	8688.081278	6.530734	3667.002473	2.538474	16067.299577	12.624835	10001
G831	2222.739807	0.906921	4255.504430	3.454894	1796.132514	1.359964	7869.915386	6.638248	10001
G832	1898.303171	0.711949	3634.360408	2.892237	1533.964540	1.135003	6721.202943	5.565489	10001
G833	2498.162129	1.033910	4782.809024	3.897129	2018.693421	1.534874	8845.085923	7.485964	10001
G834	3777.012569	1.170690	7231.207931	5.548342	3052.095913	2.164375	13373.031445	10.707422	10001
G835	2118.262315	0.719122	4055.479026	3.161963	1711.707239	1.236780	7499.998487	6.094221	10001
G836	2834.444593	0.937198	5426.632251	4.210352	2290.433670	1.645517	10035.740146	8.118002	10001
G837	4150.984625	1.057227	7947.189053	5.933912	3354.292044	2.303703	14697.130842	11.477656	10001
G838	2203.436435	0.918598	4218.547524	3.443856	1780.534011	1.356733	7801.569148	6.614365	10001
G839	1599.491666	0.811135	3062.276498	2.651683	1292.503503	1.053201	5663.219795	5.072229	10001
G840	2250.977824	0.837119	4309.566991	3.423185	1818.950849	1.342970	7969.895962	6.588121	10001
G841	2415.231069	0.790917	4624.034933	3.581409	1951.679202	1.399304	8551.457122	6.906296	10001
G842	3527.161993	1.135601	6752.861239	5.214600	2850.198803	2.036392	12488.401186	10.058123	10001
G843	2635.884155	0.838421	5046.482122	3.888803	2129.982654	1.518112	9332.709660	7.502139	10001
G844	2616.275509	0.872271	5008.940760	3.892181	2114.137468	1.521551	9263.282556	7.503624	10001
G845	2395.130028	0.808007	4585.550865	3.571001	1935.436125	1.396499	8480.286627	6.883230	10001
G846	3167.866215	0.853381	6064.978307	4.559694	2559.862153	1.772387	11216.265165	8.814417	10001
G847	1177.954425	0.640182	2255.230350	2.001958	951.871306	0.797629	4170.709330	3.823351	10001
G848	1313.806459	0.505558	2515.323291	2.013388	1061.649452	0.790832	4651.712105	3.872619	10001
G849	4433.169440	1.742020	8487.440649	6.827277	3582.317528	2.683694	15696.244912	13.126959	10001
G850	2994.560749	1.145542	5733.179608	4.582895	2419.818960	1.799722	10602.653376	8.815803	10001
G851	2729.541576	1.084712	5225.792165	4.215012	2205.664539	1.657539	9664.316614	8.102661	10001
G852	2638.852853	1.073352	5052.165786	4.098455	2132.381574	1.613102	9343.220742	7.875245	10001
G853	2852.598979	1.085975	5461.389387	4.360825	2305.103710	1.712221	10100.018242	8.389323	10001
G854	3641.412236	1.089187	6971.596879	5.319069	2942.521159	2.072928	12892.919852	10.269715	10001
G855	3293.097626	0.899084	6304.737735	4.748205	2661.058078	1.846237	11659.664166	9.177478	10001
G856	3160.347032	0.994056	6050.582599	4.653760	2553.786117	1.816155	11189.642467	8.979244	10001
G857	3906.456100	1.007444	7479.031594	5.592561	3156.695532	2.171760	13831.344036	10.816035	10001
G858	4918.043878	1.273857	9415.747828	7.044430	3974.130704	2.735822	17413.009416	13.623350	10001
G859	3903.700106	1.323292	7473.755158	5.825479	3154.468492	2.278491	13821.586061	11.228006	10001
G860	3236.528436	1.100542	6196.434263	4.832704	2615.346132	1.890374	11459.373185	9.314101	10001
G861	3604.174377	1.225504	6900.303841	5.381621	2912.430310	2.105088	12761.074101	10.372039	10001
G862	3914.290470	0.978249	7494.030738	5.583447	3163.026262	2.166786	13859.082696	10.801782	10001
G863	4002.566900	1.175694	7663.038706	5.830586	3234.359922	2.271193	14171.637514	11.259876	10001
G864	5143.459184	1.443391	9847.312437	7.443656	4156.282371	2.896206	18211.123250	14.382849	10001
G865	1615.324796	0.885211	3092.589516	2.753894	1305.297803	1.097637	5719.279164	5.258379	10001
G866	2385.173901	1.063972	4566.489550	3.797688	1927.390863	1.500150	8445.035591	7.284264	10001
G867	3179.808006	1.074131	6087.841237	4.742080	2569.511973	1.854544	11258.546715	9.140347	10001
G868	2225.022277	0.956727	4259.874291	3.506402	1797.976913	1.383044	7877.996786	6.730477	10001
G869	3748.556026	1.140185	7176.726995	5.489901	3029.100994	2.140468	13272.277149	10.597266	10001
G870	1512.941785	1.054465	2896.574061	2.865125	1222.565018	1.155032	5356.778061	5.438555	10001
G871	4751.132912	1.228231	9096.191597	6.803768	3839.254723	2.642246	16822.038231	13.158192	10001
G872	3904.899494	1.427088	7476.051422	5.916039	3155.437682	2.319573	13825.832657	11.389069	10001
G873	3048.219867	1.062460	5835.911657	4.573406	2463.179359	1.790349	10792.640849	8.811019	10001
G874	3630.231583	1.135837	6950.191172	5.340987	2933.486393	2.084037	12853.333216	10.305958	10001
G875	3334.293784	0.961877	6383.609060	4.844253	2694.347516	1.886113	11805.524818	9.357157	10001
G876	1529.699200	0.745188	2928.656653	2.502171	1236.106206	0.992068	5416.109990	4.790484	10001
G877	2346.018612	0.845500	4491.525534	3.543843	1895.750593	1.388826	8306.400919	6.823867	10001
G878	2715.726795	0.908855	5199.343338	4.042951	2194.501210	1.580673	9615.403488	7.793857	10001
G879	3566.767779	1.072748	6828.687748	5.214464	2882.203107	2.032460	12628.630909	10.067046	10001
G880	2866.062743	0.881624	5487.166182	4.205001	2315.983393	1.640001	10147.688547	8.115803	10001
G881	3256.976238	0.907850	6235.582215	4.709169	2631.869416	1.831962	11531.771433	9.099899	10001
G882	3271.855126	0.898758	6264.068309	4.721385	2643.892621	1.836073	11584.452179	9.125018	10001
G883	2085.897160	0.798740	3993.514931	3.193003	1685.553882	1.253950	7385.405212	6.142055	10001
G884	3534.652163	1.125736	6767.201402	5.215918	2856.251396	2.036266	12514.921160	10.062185	10001
G885	4285.917080	1.099851	8205.521431	6.132212	3463.327105	2.381070	15174.877722	11.860319	10001
G886	2189.417836	0.966885	4191.708481	3.476013	1769.205981	1.372522	7751.934374	6.668616	10001
G887	3563.344853	1.081559	6822.134448	5.216909	2879.437138	2.033914	12616.511567	10.070582	10001
G888	4066.173911	1.144376	7784.816305	5.886948	3285.758930	2.290678	14396.846867	11.374553	10001
G889	3761.333321	1.095850	7201.189524	5.472559	3039.425961	2.131281	13317.516917	10.569526	10001
G890	3239.071773	1.128653	6201.303561	4.859472	2617.401330	1.902317	11468.378219	9.362189	10001
G891	3046.342439	0.984096	5832.317261	4.506388	2461.662263	1.759996	10785.993555	8.691684	10001
G892	4849.673320	1.316492	9284.850270	6.987337	3918.882410	2.716512	17170.934071	13.506199	10001
G893	4124.083117	1.091166	7895.685280	5.922550	3332.553704	2.301200	14601.882360	11.451188	10001
G894	3346.979613	1.163364	6407.896474	5.018905	2704.598572	1.964573	11850.440738	9.669723	10001
G895	3642.896886	1.023440	6974.439288	5.272845	2943.720863	2.051635	12898.176461	10.188213	10001
G896	931.984567	0.644049	1784.313414	1.757522	753.110093	0.708231	3299.819286	3.336831	10001
G897	3015.818197	1.039957	5773.877652	4.515287	2436.996496	1.766992	10677.918288	8.700489	10001
G898	2334.518216	1.143657	4469.507668	3.825640	1886.457452	1.517171	8265.682188	7.323410	10001
G899	3036.255718	0.970895	5813.005921	4.483541	2453.511472	1.750553	10750.280135	8.648854	10001
G900	1.804443	0.030996	3.454662	0.059393	1.458119	0.025064	6.388877	0.109848	10001

# W module
# module name	module signal(LMS-Pedestal)	signal error	gain1(RefPMT1)	gain1 error	gain2(RefPMT2)	gain2 error	gain3(RefPMT3)	gain3 error	LMS entries
W1	4029.610784	1.020583	7714.815063	5.756673	3256.213312	2.234630	14267.390099	11.135451	10001
W2	1720.798661	0.471031	3294.522509	2.482006	1390.528219	0.965133	6092.723861	4.797161	10001
W3	1591.447475	0.378938	3046.875645	2.258269	1286.003223	0.875532	5634.738234	4.370840	10001
W4	1772.693475	0.388881	3393.876743	2.495755	1432.462935	0.966185	6276.464574	4.833821	10001
W5	2188.014220	0.545601	4189.021215	3.120257	1768.071760	1.210833	7746.964681	6.036606	10001
W6	395.462468	0.379142	757.125183	0.899613	319.561918	0.367979	1400.189149	1.694271	10001
W7	2583.646545	0.573750	4946.471595	3.641489	2087.770935	1.410027	9147.755233	7.052214	10001
W8	1226.813491	0.368341	2348.772550	1.793069	991.352921	0.698858	4343.701561	3.461775	10001
W9	732.941103	0.283969	1403.238518	1.125002	592.268759	0.441994	2595.078583	2.163609	10001
W10	1021.717261	0.343679	1956.109446	1.522492	825.620519	0.595342	3617.530207	2.934784	10001
W11	2211.736781	0.513209	4234.438795	3.130298	1787.241283	1.213032	7830.957664	6.060013	10001
W12	1121.808611	0.312626	2147.737445	1.621944	906.501478	0.630966	3971.917370	3.134218	10001
W13	1714.543698	0.446952	3282.547188	2.457749	1385.473762	0.954641	6070.577306	4.752772	10001
W14	1944.642773	0.471112	3723.079016	2.764459	1571.410248	1.072142	6885.274664	5.349720	10001
W15	3078.737640	0.898286	5894.338880	4.480376	2487.839899	1.744942	10900.693211	8.653100	10001
W16	2735.926788	0.752235	5238.016852	3.948508	2210.824247	1.535547	9686.924334	7.631201	10001
W17	3400.540027	0.758027	6510.439550	4.794510	2747.879211	1.856611	12040.078734	9.284905	10001
W18	250.116059	0.172135	478.854967	0.470715	202.111639	0.189647	885.570238	0.893791	10001
W19	1895.101415	0.569804	3628.230547	2.770430	1531.377293	1.079832	6709.866687	5.348612	10001
W20	1880.243732	0.599532	3599.785052	2.775141	1519.371224	1.083437	6657.261022	5.353522	10001
W21	1719.839555	0.546370	3292.686271	2.536799	1389.753193	0.990281	6089.328016	4.893986	10001
W22	2655.328542	0.726224	5083.709006	3.829505	2145.695108	1.489081	9401.555182	7.401644	10001
W23	1823.618433	0.514978	3491.374157	2.641452	1473.613938	1.027904	6456.771377	5.103519	10001
W24	1440.172926	0.387709	2757.255819	2.072750	1163.762583	0.805681	5099.129928	4.006895	10001
W25	2005.307142	0.477492	3839.222836	2.845543	1620.431391	1.103220	7100.065190	5.507498	10001
W26	2362.269616	0.659702	4522.638586	3.416416	1908.882565	1.329116	8363.939830	6.601669	10001
W27	1298.664568	0.394553	2486.333671	1.901595	1049.413723	0.741393	4598.100163	3.670743	10001
W28	1551.851270	0.444583	2971.067479	2.252372	1254.006661	0.876809	5494.542435	4.351043	10001
W29	1814.665216	0.558261	3474.232946	2.662464	1466.379100	1.038396	6425.071285	5.138645	10001
W30	2537.478880	0.592714	4858.082166	3.593687	2050.464164	1.392772	8984.292277	6.956700	10001
W31	2231.416545	0.617085	4272.116316	3.222890	1803.143938	1.253531	7900.636571	6.228407	10001
W32	3275.437911	0.725149	6270.927661	4.615242	2646.787766	1.786981	11597.137520	8.938231	10001
W33	2145.295100	0.540490	4107.234131	3.062905	1733.551659	1.188830	7595.711770	5.925054	10001
W34	3250.049374	0.722160	6222.320519	4.580986	2626.272016	1.773829	11507.245921	8.871630	10001
W35	2609.503923	0.645292	4995.976349	3.717875	2108.665543	1.442496	9239.306829	7.193363	10001
W36	1716.729880	0.537536	3286.732702	2.526056	1387.240354	0.985680	6078.317785	4.874223	10001
W37	2181.475036	0.587785	4176.501745	3.140009	1762.787632	1.220551	7723.811803	6.069988	10001
W38	1117.263201	0.291797	2139.035116	1.601929	902.828462	0.622249	3955.823722	3.097735	10001
W39	1985.315578	0.451783	3800.948366	2.804547	1604.276780	1.086416	7029.282315	5.430282	10001
W40	2073.426426	0.450540	3969.639323	2.916701	1675.476638	1.128967	7341.250868	5.649536	10001
W41	1314.382104	0.367748	2516.425382	1.901402	1062.114615	0.739751	4653.750257	3.674071	10001
W42	1243.825317	0.354224	2381.342221	1.803775	1005.099691	0.702074	4403.934267	3.484706	10001
W43	2975.018476	0.627227	5695.765319	4.174240	2404.027407	1.614936	10533.461276	8.087181	10001
W44	2433.030098	0.562964	4658.111727	3.442541	1966.062088	1.333961	8614.477027	6.664653	10001
W45	1693.778303	0.395681	3242.791193	2.398828	1368.693840	0.929693	5997.054574	4.643673	10001
W46	2180.357890	0.504939	4174.362933	3.085293	1761.884898	1.195549	7719.856392	5.972989	10001
W47	1765.857151	0.402957	3380.788388	2.495189	1426.938697	0.966626	6252.259630	4.831178	10001
W48	657.809823	0.264513	1259.397347	1.018742	531.557318	0.400792	2329.065972	1.957941	10001
W49	1479.218631	0.463345	2832.010035	2.176712	1195.314301	0.849374	5237.376606	4.200115	10001
W50	3489.534548	0.796239	6680.822327	4.930747	2819.793140	1.910149	12355.176052	9.546905	10001
W51	2114.968526	0.542707	4049.172964	3.026035	1709.045622	1.174974	7488.336373	5.852661	10001
W52	3327.200625	1.045774	6370.028987	4.898862	2688.615737	1.911767	11780.410516	9.452253	10001
W53	582.655810	0.237043	1115.512655	0.904980	470.827509	0.356192	2062.972874	1.738927	10001
W54	1866.964104	0.576200	3574.360792	2.740621	1508.640336	1.068973	6610.242676	5.289265	10001
W55	945.566292	0.297175	1810.316048	1.392201	764.085097	0.543301	3347.907247	2.686225	10001
W56	2191.297350	0.554591	4195.306869	3.130212	1770.724763	1.215069	7758.589053	6.054985	10001
W57	1829.712447	0.448621	3503.041336	2.604438	1478.538336	1.010321	6478.348069	5.039487	10001
W58	2620.750133	0.599069	5017.507566	3.703780	2117.753283	1.434873	9279.125577	7.171144	10001
W59	1409.988979	0.384777	2699.467714	2.032890	1139.371797	0.790437	4992.259519	3.929254	10001
W60	3443.276850	0.804555	6592.260525	4.876676	2782.413616	1.890019	12191.394321	9.440297	10001
W61	1373.558599	0.413929	2629.720621	2.008700	1109.933449	0.782979	4863.272761	3.877898	10001
W62	2670.952716	0.787342	5113.621972	3.892872	2158.320556	1.516534	9456.874714	7.517484	10001
W63	1940.339332	0.509125	3714.839945	2.783635	1567.932761	1.081378	6870.037741	5.382601	10001
W64	1477.655906	0.379389	2829.018148	2.114330	1194.051507	0.820980	5231.843561	4.089307	10001
W65	2413.755828	0.596754	4621.210538	3.438900	1950.487102	1.334251	8546.233830	6.653616	10001
W66	2564.537685	0.643521	4909.887089	3.659796	2072.329611	1.420387	9080.097691	7.079992	10001
W67	2832.072750	0.696924	5422.091285	4.032816	2288.517051	1.564536	10027.342312	7.803075	10001
W68	2220.113691	0.515564	4250.476649	3.142401	1794.010425	1.217740	7860.617262	6.083402	10001
W69	2000.435619	0.575956	3829.896154	2.905525	1616.494853	1.131212	7082.816895	5.612444	10001
W70	1664.863129	0.509841	3187.432195	2.440885	1345.328314	0.951858	5894.676433	4.711273	10001
W71	1754.767207	0.426354	3359.556346	2.495313	1417.977231	0.967814	6212.994162	4.828744	10001
W72	1103.335214	0.321596	2112.369552	1.605405	891.573654	0.625230	3906.509772	3.100611	10001
W73	1817.964420	0.464792	3480.549375	2.599973	1469.045092	1.009460	6436.752570	5.028799	10001
W74	2051.622805	0.475834	3927.895612	2.903553	1657.857755	1.125156	7264.052153	5.621076	10001
W75	2584.500689	0.556363	4948.106881	3.632684	2088.461144	1.405887	9150.779447	7.036871	10001
W76	2199.271176	0.501351	4210.573007	3.107310	1777.168184	1.203738	7786.821477	6.016417	10001
W77	1386.500638	0.377286	2654.498555	1.998276	1120.391540	0.776926	4909.095823	3.862473	10001
W78	2399.493830	0.535235	4593.905501	3.383314	1938.962389	1.310159	8495.737269	6.551990	10001
W79	2061.543817	0.476614	3946.889699	2.916682	1665.874642	1.130177	7299.178859	5.646646	10001
W80	2119.225393	0.477174	4057.322867	2.990728	1712.485474	1.158322	7503.408395	5.791281	10001
W81	1270.890997	0.364791	2433.160305	1.845090	1026.970693	0.718296	4499.764020	3.564190	10001
W82	278.054174	0.161595	532.343356	0.485104	224.687631	0.193879	984.488969	0.924979	10001
W83	1244.291107	0.349993	2382.233990	1.801326	1005.476083	0.700906	4405.583461	3.480480	10001
W84	873.711847	0.259834	1672.748481	1.275119	706.021573	0.496859	3093.496722	2.462098	10001
W85	893.092222	0.295131	1709.852811	1.326485	721.682301	0.518417	3162.115600	2.557624	10001
W86	400.239281	0.202695	766.270540	0.663221	323.421924	0.263404	1417.102112	1.268669	10001
W87	1439.214328	0.492769	2755.420553	2.151830	1162.987967	0.841898	5095.735878	4.146803	10001
W88	1390.247702	0.441988	2661.672426	2.050901	1123.419436	0.800620	4922.362818	3.956553	10001
W89	1891.513571	0.429767	3621.361509	2.671642	1528.478059	1.034904	6697.163433	5.173014	10001
W90	1194.738993	0.334501	2287.364928	1.728486	965.434436	0.672488	4230.137399	3.339921	10001
W91	700.593805	0.273286	1341.308611	1.077067	566.129832	0.423265	2480.548534	2.071172	10001
W92	1042.251554	0.305400	1995.422987	1.517709	842.213694	0.591157	3690.234689	2.931049	10001
W93	1020.548756	0.335865	1953.872305	1.514664	824.676283	0.591888	3613.392953	2.920630	10001
W94	3005.115024	0.685434	5753.386095	4.246098	2428.347568	1.644908	10640.022235	8.221314	10001
W95	1604.430973	0.465232	3071.732954	2.332749	1296.494816	0.908376	5680.708089	4.505657	10001
W96	1443.729153	0.420397	2764.064326	2.100389	1166.636268	0.817983	5111.721237	4.056651	10001
W97	1994.111877	0.450351	3817.789155	2.814952	1611.384818	1.090301	7060.426820	5.450772	10001
W98	2343.016239	0.560372	4485.777397	3.326275	1893.324461	1.289709	8295.770604	6.437689	10001
W99	2156.864623	0.511703	4129.384344	3.059452	1742.900661	1.186069	7636.675257	5.921708	10001
W100	2187.189516	0.522852	4187.442293	3.104899	1767.405340	1.203863	7744.044702	6.009264	10001
W101	2266.855077	0.606399	4339.964485	3.259902	1831.780803	1.266945	8026.111555	6.302246	10001
W102	2649.831319	0.652575	5073.184402	3.773624	2141.252959	1.464004	9382.091510	7.301512	10001
W103	2566.495306	0.553719	4913.635014	3.608068	2073.911508	1.396411	9087.028915	6.989070	10001
W104	1840.764293	0.501429	3524.200439	2.653346	1487.469018	1.031642	6517.478649	5.128598	10001
W105	2280.669819	0.613929	4366.413239	3.282389	1842.944101	1.275868	8075.024547	6.345290	10001
W106	1497.831625	0.437333	2867.645190	2.179968	1210.354929	0.849033	5303.278465	4.210208	10001
W107	2666.163619	0.654542	5104.453097	3.795582	2154.450624	1.472430	9439.918258	7.344215	10001
W108	2663.429660	0.593617	5099.218849	3.755182	2152.241390	1.454141	9430.238304	7.272183	10001
W109	2072.762557	0.550121	3968.368326	2.977822	1674.940185	1.157110	7338.900349	5.757398	10001
W110	1899.155658	0.505995	3635.992521	2.729733	1534.653411	1.060801	6724.221290	5.277520	10001
W111	1888.843658	0.492498	3616.249878	2.707676	1526.320579	1.051724	6687.710241	5.236066	10001
W112	2113.615960	0.497112	4046.583433	2.995460	1707.952652	1.161071	7483.547427	5.798295	10001
W113	1393.395531	0.402542	2667.699042	2.024824	1125.963106	0.788395	4933.508139	3.911081	10001
W114	1541.928846	0.411605	2952.070690	2.216812	1245.988634	0.861512	5459.410731	4.285777	10001
W115	1762.744334	0.501363	3374.828802	2.555840	1424.423318	0.994765	6241.238273	4.937694	10001
W116	816.551536	0.304612	1563.313290	1.242621	659.831960	0.487553	2891.112797	2.391373	10001
W117	1020.098714	0.327856	1953.010687	1.507669	824.312617	0.588741	3611.799519	2.908122	10001
W118	2572.422571	0.633924	4924.982947	3.663647	2078.701162	1.421357	9108.015210	7.088676	10001
W119	1105.135532	0.323550	2115.816317	1.609076	893.028439	0.626731	3912.884044	3.107532	10001
W120	988.435174	0.330856	1892.389855	1.471553	798.726215	0.575337	3499.690408	2.836799	10001
W121	2307.507423	0.730590	4417.794666	3.401672	1864.630802	1.327769	8170.046768	6.562800	10001
W122	2587.793182	0.680749	4954.410460	3.713647	2091.121713	1.442748	9162.436969	7.180735	10001
W123	2566.489567	0.680253	4913.624028	3.686519	2073.906871	1.432450	9087.008598	7.127712	10001
W124	1838.139709	0.536499	3519.175591	2.675113	1485.348166	1.041868	6508.185949	5.166514	10001
W125	1928.840993	0.560092	3692.826019	2.805001	1558.641282	1.092311	6829.326295	5.417710	10001
W126	1325.648321	0.392044	2537.994904	1.933055	1071.218522	0.753118	4693.639844	3.732751	10001
W127	1115.263293	0.373386	2135.206231	1.660435	901.212394	0.649188	3948.742774	3.200908	10001
W128	1505.330833	0.422595	2882.002658	2.178640	1216.414825	0.847681	5329.830442	4.209614	10001
W129	2578.034767	0.616889	4935.727671	3.660110	2083.236217	1.419162	9127.885960	7.083763	10001
W130	770.950810	0.326427	1476.009282	1.209895	622.983316	0.476935	2729.657165	2.323068	10001
W131	1844.914528	0.456695	3532.146193	2.628833	1490.822704	1.019981	6532.173124	5.086230	10001
W132	1595.327432	0.422330	3054.303943	2.291189	1289.138505	0.890250	5648.475754	4.429964	10001
W133	2656.004536	0.643321	5085.003218	3.775636	2146.241360	1.464301	9403.948633	7.306539	10001
W134	1571.334836	0.440477	3008.369372	2.273707	1269.750774	0.884639	5563.526674	4.393378	10001
W135	2452.133769	0.502038	4694.686299	3.432458	1981.499219	1.327356	8682.116197	6.651451	10001
W136	2877.711848	0.698344	5509.468755	4.091629	2325.396702	1.586912	10188.933801	7.917906	10001
W137	2343.013085	0.560960	4485.771359	3.326634	1893.321913	1.289874	8295.759439	6.438323	10001
W138	3656.099311	0.963171	6999.715742	5.247671	2954.389365	2.038780	12944.921460	10.146779	10001
W139	1269.909658	0.410955	2431.281501	1.879128	1026.177701	0.733942	4496.289454	3.624273	10001
W140	1528.881860	0.401228	2927.091830	2.193397	1235.445737	0.852087	5413.216084	4.241274	10001
W141	1724.282810	0.503734	3301.193021	2.509756	1393.343661	0.977490	6105.059970	4.847101	10001
W142	2330.208265	0.539008	4461.256133	3.296957	1882.974704	1.277541	8250.422216	6.382825	10001
W143	2623.923587	0.568337	5023.583243	3.690059	2120.317661	1.428235	9290.361626	7.147676	10001
W144	1752.407558	0.443921	3355.038725	2.503534	1416.070466	0.971828	6204.639502	4.842714	10001
W145	1196.420248	0.370904	2290.583742	1.757569	966.793009	0.685621	4236.090111	3.391821	10001
W146	1265.185866	0.335116	2422.237655	1.817168	1022.360540	0.706076	4479.564221	3.513435	10001
W147	864.307455	0.357793	1654.743480	1.348399	698.422153	0.531068	3060.199182	2.590118	10001
W148	3093.839725	0.674584	5923.252292	4.353436	2500.043463	1.685180	10954.164217	8.432209	10001
W149	997.656579	0.300341	1910.044521	1.458746	806.177769	0.568595	3532.340059	2.816221	10001
W150	681.011853	0.258414	1303.818354	1.040306	550.306215	0.408416	2411.215942	2.001446	10001
W151	1065.883644	0.324609	2040.667358	1.561333	861.310111	0.608772	3773.907348	3.013824	10001
W152	2287.818742	0.530695	4380.100073	3.237877	1848.720941	1.254713	8100.336288	6.268295	10001
W153	1400.744106	0.392146	2681.768118	2.026501	1131.901280	0.788433	4959.526778	3.915772	10001
W154	1360.813107	0.406183	2605.318980	1.987123	1099.634181	0.774371	4818.145596	3.836711	10001
W155	1995.241557	0.551307	3819.951961	2.881450	1612.297680	1.120707	7064.426606	5.568609	10001
W156	923.818504	0.341686	1768.679233	1.403225	746.511331	0.550404	3270.906220	2.700836	10001
W157	1390.819528	0.462823	2662.767206	2.068373	1123.881513	0.808532	4924.387449	3.987669	10001
W158	1560.338625	0.515383	2987.316783	2.317326	1260.865050	0.905644	5524.593078	4.468117	10001
W159	1481.854910	0.461040	2837.057272	2.178155	1197.444602	0.849775	5246.710711	4.203283	10001
W160	720.370673	0.277123	1379.172038	1.103885	582.110953	0.433587	2550.571247	2.123260	10001
W161	1750.598804	0.468681	3351.575808	2.517749	1414.608863	0.978530	6198.235357	4.867428	10001
W162	668.820141	0.253153	1280.476943	1.021105	540.454442	0.400842	2368.049515	1.964589	10001
W163	1342.657088	0.393329	2570.558717	1.955084	1084.962821	0.761513	4753.861717	3.775733	10001
W164	1378.387905	0.300791	2638.966476	1.939711	1113.835873	0.750857	4880.371579	3.757021	10001
W165	2014.484465	0.463912	3856.793107	2.849012	1627.847324	1.103877	7132.558764	5.515823	10001
W166	1018.202496	0.353687	1949.380319	1.526635	822.780338	0.597566	3605.085700	2.941336	10001
W167	914.902295	0.378293	1751.608873	1.426900	739.306397	0.561961	3239.337157	2.740969	10001
W168	1311.932091	0.439394	2511.734756	1.953375	1060.134829	0.763729	4645.075649	3.765604	10001
W169	1810.854023	0.469447	3466.936297	2.594071	1463.299383	1.007470	6411.577231	5.016676	10001
W170	1305.111306	0.365135	2498.676150	1.887977	1054.623147	0.734527	4620.925722	3.648133	10001
W171	3481.837113	1.071218	6666.085348	5.108582	2813.573063	1.992418	12327.922227	9.859727	10001
W172	1222.755732	0.450922	2341.003845	1.856108	988.073962	0.727970	4329.334509	3.572691	10001
W173	2237.598761	0.515199	4283.952359	3.164499	1808.139610	1.226112	7922.525552	6.126631	10001
W174	1404.036822	0.396433	2688.072126	2.033660	1134.562030	0.791383	4971.185092	3.929218	10001
W175	2837.603474	0.708279	5432.680027	4.047063	2292.986271	1.570516	10046.924598	7.829575	10001
W176	2474.149963	0.725569	4736.836987	3.603255	1999.289876	1.403520	8760.067554	6.958651	10001
W177	2954.901561	0.668073	5657.250859	4.171667	2387.771503	1.615821	10462.234575	8.077792	10001
W178	2640.412036	0.709048	5055.150891	3.798961	2133.641505	1.476578	9348.741243	7.344084	10001
W179	1869.958619	0.459535	3580.093883	2.662386	1511.060118	1.032848	6620.845166	5.151504	10001
W180	1952.342744	0.478812	3737.820850	2.779070	1577.632375	1.078070	6912.537468	5.377380	10001
W181	1625.612870	0.478198	3112.286354	2.368566	1313.611302	0.922664	5755.705503	4.574030	10001
W182	1621.721926	0.427408	3104.837021	2.327809	1310.467141	0.904389	5741.929082	4.500979	10001
W183	1058.460384	0.383116	2026.455296	1.600331	855.311586	0.627257	3747.624277	3.081311	10001
W184	1611.229891	0.458232	3084.749694	2.336130	1301.988827	0.909249	5704.780592	4.513234	10001
W185	2358.778089	0.518019	4515.953949	3.321221	1906.061162	1.285773	8351.577599	6.432542	10001
W186	1469.643509	0.419632	2813.678167	2.132044	1187.576919	0.829899	5203.474573	4.118761	10001
W187	1024.355917	0.397634	1961.161234	1.573003	827.752741	0.618049	3626.872730	3.025104	10001
W188	1410.619747	0.462875	2700.675339	2.092488	1139.881503	0.817613	4994.492840	4.034983	10001
W189	1795.211088	0.525457	3436.987413	2.613732	1450.658775	1.018036	6356.191274	5.047792	10001
W190	1935.587018	0.574692	3705.741493	2.824153	1564.092552	1.100403	6853.211523	5.453200	10001
W191	1997.007220	0.532395	3823.332379	2.870603	1613.724462	1.115560	7070.678179	5.549833	10001
W192	1639.250248	0.442442	3138.395538	2.360051	1324.631277	0.917410	5803.990512	4.562157	10001
W193	1103.122283	0.360299	2111.961889	1.634997	891.401590	0.638765	3905.755860	3.153003	10001
W194	2098.333525	0.707442	4017.324738	3.128130	1695.603353	1.223284	7429.437870	6.029637	10001
W195	2252.275993	0.643852	4312.052376	3.267969	1819.999862	1.272095	7974.492307	6.313095	10001
W196	947.153923	0.315883	1813.355617	1.409144	765.368016	0.550875	3353.528472	2.716637	10001
W197	2457.973890	0.599251	4705.867392	3.496566	1986.218454	1.356244	8702.793948	6.766079	10001
W198	2576.427236	0.661004	4932.650004	3.686201	2081.937217	1.431304	9122.194278	7.129503	10001
W199	892.095102	0.223417	1707.943795	1.272808	720.876557	0.493964	3158.585162	2.462335	10001
W200	850.847571	0.288157	1628.974114	1.269495	687.545606	0.496517	3012.542615	2.446853	10001
W201	2662.357647	0.632341	5097.166446	3.776916	2151.375127	1.464243	9426.442693	7.310319	10001
W202	1296.068901	0.383743	2481.364185	1.890255	1047.316238	0.736465	4588.909846	3.650050	10001
W203	2482.648426	0.573425	4753.107558	3.512135	2006.157241	1.360884	8790.157529	6.799490	10001
W204	2066.965404	0.538866	3957.269496	2.962965	1670.255671	1.150880	7318.374733	5.729748	10001
W205	3214.621008	0.900423	6154.491811	4.651029	2597.643365	1.809558	11381.806927	8.987049	10001
W206	1994.021349	0.521193	3817.615835	2.859298	1611.311665	1.110676	7060.106292	5.529129	10001
W207	2733.838022	0.612775	5234.017845	3.856464	2209.136375	1.493507	9679.528772	7.467980	10001
W208	2494.736070	0.593980	4776.249728	3.540014	2015.924921	1.372464	8832.955492	6.851639	10001
W209	1771.201537	0.482114	3391.020381	2.552822	1431.257343	0.992540	6271.182162	4.934340	10001
W210	1575.527297	0.489442	3016.395968	2.315268	1273.138582	0.903229	5578.370657	4.467966	10001
W211	2921.210053	0.683964	5592.747420	4.138123	2360.546358	1.603844	10342.945166	8.010458	10001
W212	2307.134130	0.569865	4417.079983	3.286659	1864.329154	1.275159	8168.725071	6.359114	10001
W213	2995.149819	0.672248	5734.307401	4.225607	2420.294970	1.636505	10604.739059	8.182730	10001
W214	2354.785533	0.563570	4508.310075	3.343219	1902.834891	1.296296	8337.441404	6.470444	10001
W215	3293.792046	0.785305	6306.067223	4.674530	2661.619218	1.812364	11662.122854	9.047366	10001
W216	2418.709598	0.547323	4630.694685	3.414962	1954.490102	1.322745	8563.773332	6.612503	10001
W217	1569.011378	0.476253	3003.921039	2.297125	1267.873254	0.895580	5555.300152	4.434306	10001
W218	1185.125766	0.368199	2268.960106	1.741594	957.666262	0.679430	4196.100449	3.360894	10001
W219	2266.731626	0.623097	4339.728135	3.271269	1831.681046	1.272166	8025.674461	6.322329	10001
W220	2632.550624	0.659999	5040.099974	3.756476	2127.288923	1.457883	9320.906836	7.267087	10001
W221	2449.003657	0.610401	4688.693601	3.492267	1978.969865	1.355180	8671.033604	6.756344	10001
W222	1193.072355	0.385492	2284.174097	1.764950	964.087673	0.689316	4224.236437	3.404133	10001
W223	1330.368001	0.388493	2547.030878	1.936279	1075.032361	0.754126	4710.350519	3.739562	10001
W224	2210.930949	0.603953	4232.896005	3.188090	1786.590113	1.239635	7828.104504	6.162002	10001
W225	1707.134378	0.542419	3268.361814	2.518127	1379.486502	0.982996	6044.343591	4.857952	10001
W226	1534.027426	0.521860	2936.943176	2.290766	1239.603722	0.896075	5431.434668	4.414978	10001
W227	2556.980347	0.725177	4895.418331	3.705924	2066.222742	1.442289	9053.339899	7.159812	10001
W228	1095.281987	0.386352	2096.951399	1.647237	885.066072	0.645093	3877.996217	3.172936	10001
W229	2398.145483	0.742903	4591.324048	3.522505	1937.872828	1.374088	8490.963261	6.797927	10001
W230	3786.810170	0.991969	7249.965742	5.431499	3060.013075	2.109934	13407.721196	10.502850	10001
W231	1295.594753	0.409960	2480.456413	1.909743	1046.933093	0.745414	4587.231059	3.684471	10001
W232	2216.317238	0.517826	4243.208223	3.138923	1790.942620	1.216529	7847.175401	6.076349	10001
W233	2371.230359	0.550433	4539.794207	3.356161	1916.123486	1.300566	8395.666570	6.497245	10001
W234	1391.090459	0.408236	2663.285910	2.026140	1124.100443	0.789225	4925.346714	3.912873	10001
W235	2126.971785	0.499780	4072.153575	3.014100	1718.745112	1.168276	7530.835558	5.834426	10001
W236	3593.504412	0.860574	6879.875862	5.102232	2903.808216	1.978357	12723.295627	9.874769	10001
W237	1417.351070	0.411385	2713.562666	2.061038	1145.320893	0.802591	5018.326013	3.980806	10001
W238	3308.678536	0.771590	6334.567871	4.685130	2673.648566	1.815717	11714.830516	9.069656	10001
W239	2047.289271	0.550477	3919.598926	2.946072	1654.355950	1.145111	7248.708680	5.695216	10001
W240	2902.058498	0.596747	5556.081174	4.063649	2345.070534	1.571545	10275.136459	7.874337	10001
W241	1375.922603	0.414941	2634.246580	2.012383	1111.843733	0.784430	4871.642841	3.884974	10001
W242	2510.231924	0.630005	4805.917022	3.582369	2028.446678	1.390343	8887.820691	6.930195	10001
W243	1156.557024	0.386948	2214.264361	1.721697	934.580677	0.673127	4094.948895	3.319041	10001
W244	1417.722803	0.438863	2714.274362	2.082167	1145.621280	0.812212	5019.642187	4.018322	10001
W245	2713.475210	0.657249	5195.032609	3.857338	2192.681769	1.495988	9607.431443	7.464647	10001
W246	2674.093994	0.664805	5119.636047	3.812157	2160.858933	1.479237	9467.996841	7.375404	10001
W247	1069.736134	0.369126	2048.043070	1.601817	864.423198	0.626861	3787.547619	3.086503	10001
W248	2885.980076	0.701577	5525.298536	4.104153	2332.078021	1.591824	10218.208599	7.942013	10001
W249	3225.814468	0.754852	6175.922038	4.569358	2606.688480	1.770962	11421.438909	8.845274	10001
W250	2470.109947	0.605430	4729.102249	3.515857	1996.025254	1.363872	8745.763321	6.803070	10001
W251	1398.516641	0.510944	2677.503567	2.118653	1130.101329	0.830677	4951.640133	4.078677	10001
W252	1551.312772	0.473368	2970.036508	2.273107	1253.571516	0.886343	5492.635809	4.387642	10001
W253	2770.335616	0.831740	5303.893623	4.049005	2238.629038	1.578121	9808.753515	7.817187	10001
W254	3591.743859	0.978945	6876.505229	5.177650	2902.385564	2.013137	12717.062149	10.007713	10001
W255	2065.340400	0.562481	3954.158375	2.976973	1668.942552	1.157465	7312.621182	5.754145	10001
W256	2136.630051	0.695770	4090.644628	3.165127	1726.549682	1.236451	7565.031978	6.104038	10001
W257	2587.436602	0.714436	4953.727777	3.736324	2090.833572	1.453176	9161.174450	7.220772	10001
W258	2811.930722	0.872451	5383.528745	4.131348	2272.240854	1.611660	9956.026694	7.972739	10001
W259	1951.445929	0.658358	3736.103871	2.909518	1576.907685	1.137817	6909.362175	5.608194	10001
W260	1687.966094	0.547950	3231.663540	2.499110	1363.997160	0.976182	5976.475653	4.819820	10001
W261	1604.707911	0.445078	3072.263161	2.318637	1296.718602	0.901889	5681.688627	4.480740	10001
W262	1646.900684	0.486551	3153.042535	2.401133	1330.813376	0.935456	5831.077930	4.636673	10001
W263	2700.428529	0.874081	5170.054332	3.996071	2182.139118	1.560780	9561.237876	7.707197	10001
W264	2159.544139	0.523238	4134.514361	3.069998	1745.065901	1.190642	7646.162451	5.940985	10001
W265	2619.436010	0.685482	5014.991637	3.756650	2116.691378	1.459285	9274.472745	7.264281	10001
W266	1989.037088	0.479807	3808.073313	2.826285	1607.284026	1.096028	7042.458833	5.469579	10001
W267	2281.454763	0.589269	4367.916038	3.266771	1843.578392	1.268628	8077.803748	6.317850	10001
W268	1400.843993	0.428919	2681.959354	2.053748	1131.981996	0.800884	4959.880440	3.964049	10001
W269	1813.492740	0.505192	3471.988203	2.621864	1465.431655	1.019943	6420.919971	5.066470	10001
W270	1864.954012	0.543754	3570.512408	2.713717	1507.016038	1.056874	6603.125669	5.241139	10001
W271	2598.543293	0.592610	4974.991882	3.671576	2099.808571	1.422338	9200.499213	7.108932	10001
W272	2388.891537	0.604068	4573.607081	3.412125	1930.394979	1.324477	8458.198395	6.600366	10001
W273	3874.131701	0.835689	7417.145526	5.446304	3130.575108	2.107847	13716.895062	10.549870	10001
W274	2211.851555	0.512497	4234.658534	3.130017	1787.334029	1.212891	7831.364038	6.059545	10001
W275	2593.403726	0.567272	4965.152021	3.650283	2095.655434	1.413070	9182.301870	7.070091	10001
W276	2255.683298	0.521647	4318.575767	3.191440	1822.753207	1.236649	7986.556338	6.178559	10001
W277	1370.280565	0.389177	2623.444722	1.986396	1107.284563	0.773102	4851.666430	3.837636	10001
W278	2273.595633	0.553380	4352.869490	3.233703	1837.227654	1.254244	8049.977421	6.257519	10001
W279	1377.741346	0.413031	2637.728618	2.013190	1113.313407	0.784620	4878.082347	3.886825	10001
W280	1699.891731	0.461107	3254.495541	2.448940	1373.633926	0.952074	6018.700005	4.733727	10001
W281	1749.160167	0.488517	3348.821493	2.529737	1413.446341	0.984165	6193.141665	4.888301	10001
W282	2177.128458	0.535087	4168.180085	3.099767	1759.275287	1.202528	7708.422146	5.997793	10001
W283	1583.146252	0.456468	3030.982694	2.299912	1279.295241	0.895460	5605.346612	4.442537	10001
W284	1216.442429	0.378938	2328.916831	1.788398	982.972362	0.697741	4306.981394	3.451093	10001
W285	1330.562095	0.454443	2547.402477	1.988436	1075.189203	0.777910	4711.037735	3.832069	10001
W286	3194.855001	0.763479	6116.649177	4.535205	2581.671020	1.758424	11311.822667	8.777525	10001
W287	1497.465857	0.410459	2866.944916	2.160271	1210.059363	0.840053	5301.983415	4.175255	10001
W288	3582.707428	0.984905	6859.204701	5.170483	2895.083482	2.010757	12685.067424	9.992903	10001
W289	3014.786672	0.834175	5771.902766	4.354649	2436.162950	1.693747	10674.266033	8.415540	10001
W290	2120.635284	0.629047	4060.022148	3.093712	1713.624767	1.205405	7508.400307	5.973767	10001
W291	2349.050095	0.830665	4497.329402	3.534598	1898.200248	1.384334	8317.134299	6.808134	10001
W292	1727.562606	0.500923	3307.472292	2.511766	1395.993970	0.978085	6116.672538	4.851426	10001
W293	1879.058826	0.578103	3597.516513	2.756967	1518.413736	1.075255	6653.065700	5.321034	10001
W294	1078.226117	0.464086	2064.297406	1.699636	871.283710	0.670420	3817.607568	3.262357	10001
W295	3314.816926	0.979706	6346.320010	4.833200	2678.608823	1.882983	11736.564329	9.333035	10001
W296	2268.692372	0.712850	4343.482043	3.340174	1833.265468	1.303482	8032.616750	6.444824	10001
W297	2978.943443	0.788431	5703.279790	4.278197	2407.199061	1.662301	10547.358159	8.271821	10001
W298	2378.896913	0.613102	4554.472062	3.405415	1922.318608	1.322407	8422.811055	6.586129	10001
W299	2880.257552	0.591945	5514.342586	4.032950	2327.453813	1.559660	10197.947218	7.814880	10001
W300	2239.232968	0.567933	4287.081099	3.199473	1809.460166	1.242011	7928.311687	6.188830	10001
W301	1546.677308	0.441661	2961.161768	2.243823	1249.825730	0.873410	5476.223311	4.334695	10001
W302	1261.560944	0.404136	2415.297629	1.863486	1019.431345	0.727618	4466.729688	3.594617	10001
W303	2491.873798	0.593405	4770.769819	3.536018	2013.612001	1.370920	8822.821225	6.843893	10001
W304	2298.771639	0.553853	4401.069734	3.265979	1857.571664	1.266511	8139.116523	6.320570	10001
W305	2559.726101	0.806791	4900.675161	3.770614	2068.441507	1.471588	9063.061616	7.275046	10001
W306	890.100058	0.359815	1704.124220	1.380294	719.264419	0.543141	3151.521434	2.652559	10001
W307	2456.800541	0.542422	4703.620979	3.460888	1985.270304	1.339963	8698.639545	6.702767	10001
W308	3521.058138	0.678752	6741.175218	4.906746	2845.266452	1.895843	12466.789648	9.512146	10001
W309	2080.674279	0.512515	3983.515563	2.963155	1681.333421	1.149582	7366.912886	5.733340	10001
W310	1203.868979	0.336041	2304.844570	1.740975	972.812117	0.677298	4262.463368	3.364169	10001
W311	1719.051048	0.475734	3291.176650	2.483107	1389.116023	0.965812	6086.536199	4.798698	10001
W312	1843.471008	0.529014	3529.382529	2.676274	1489.656237	1.041871	6527.062145	5.169816	10001
W313	1554.731478	0.464101	2976.581727	2.270319	1256.334075	0.884733	5504.740206	4.383498	10001
W314	2025.357386	0.558882	3877.609652	2.924420	1636.633421	1.137383	7171.055833	5.651736	10001
W315	3225.924428	0.768002	6176.132561	4.577522	2606.777336	1.774704	11421.828239	8.859727	10001
W316	1704.699668	0.462997	3263.700486	2.456271	1377.519083	0.954952	6035.723166	4.747832	10001
W317	1561.370224	0.391198	2989.291812	2.227813	1261.698655	0.864599	5528.245597	4.309839	10001
W318	1603.149138	0.385307	3069.278842	2.277086	1295.459002	0.882987	5676.169578	4.406888	10001
W319	2209.721705	0.526234	4230.580870	3.135650	1785.612958	1.215697	7823.823011	6.068988	10001
W320	1875.447138	0.519797	3590.601824	2.709565	1515.495234	1.053931	6640.278022	5.236246	10001
W321	1039.123398	0.354335	1989.434034	1.552424	839.685920	0.607304	3679.159022	2.991869	10001
W322	1589.252455	0.485359	3042.673210	2.329015	1284.229489	0.908165	5626.966463	4.495508	10001
W323	1478.397572	0.402645	2830.438092	2.130965	1194.650827	0.828532	5234.469535	4.118908	10001
W324	1050.562729	0.324600	2011.334989	1.542462	848.929717	0.601653	3719.661544	2.976832	10001
W325	2136.687741	0.591068	4090.755076	3.086197	1726.596299	1.200374	7565.236235	5.964219	10001
W326	1641.174685	0.453332	3142.079933	2.370021	1326.186360	0.921786	5810.804246	4.580252	10001
W327	1979.241044	0.575337	3789.318482	2.878742	1599.368123	1.121057	7007.774593	5.560064	10001
W328	2116.238177	0.622624	4051.603750	3.083496	1710.071591	1.201167	7492.831747	5.954648	10001
W329	1053.090897	0.352044	2016.175247	1.567436	850.972658	0.612800	3728.612873	3.021697	10001
W330	2501.647695	0.698680	4789.482250	3.618030	2021.510008	1.407554	8857.427050	6.991248	10001
W331	2618.593736	0.747413	5013.379079	3.798648	2116.010761	1.478610	9271.490560	7.338400	10001
W332	2881.862286	0.610280	5517.414897	4.045019	2328.750552	1.565052	10203.628996	7.836572	10001
W333	1645.187531	0.516406	3149.762652	2.421778	1329.429026	0.945056	5825.012279	4.672855	10001
W334	2077.554400	0.497663	3977.542456	2.949893	1678.812336	1.143807	7355.866524	5.709156	10001
W335	1219.185699	0.548964	2334.168906	1.946463	985.189120	0.769179	4316.694317	3.732758	10001
W336	2997.770042	0.633274	5739.323898	4.206852	2422.412297	1.627604	10614.016317	8.150244	10001
W337	2088.776592	0.585694	3999.027693	3.022559	1687.880669	1.176006	7395.600236	5.840331	10001
W338	1672.223356	0.461713	3201.523578	2.414721	1351.275903	0.939162	5920.736326	4.666660	10001
W339	848.428402	0.297120	1624.342540	1.274136	685.590744	0.498861	3003.977215	2.454541	10001
W340	2348.022100	0.581419	4495.361273	3.345832	1897.369555	1.298183	8313.494543	6.473449	10001
W341	2201.049876	0.572292	4213.978383	3.154154	1778.605501	1.225070	7793.119209	6.099636	10001
W342	804.426983	0.266422	1540.100456	1.195276	650.034455	0.467169	2848.184153	2.304562	10001
W343	1786.426915	0.445656	3420.169840	2.547691	1443.560535	0.988654	6325.089702	4.928870	10001
W344	1873.989810	0.468953	3587.811723	2.673501	1514.317608	1.037542	6635.118151	5.172111	10001
W345	1916.397632	0.449328	3669.002816	2.715108	1548.586157	1.052343	6785.268866	5.255763	10001
W346	2616.853806	0.584469	5010.047929	3.690229	2114.604773	1.429041	9265.330099	7.146276	10001
W347	2210.663877	0.490304	4232.384687	3.115437	1786.374300	1.206307	7827.158899	6.033507	10001
W348	1995.794564	0.486535	3821.010711	2.839074	1612.744549	1.101215	7066.384604	5.493794	10001
W349	1227.126999	0.391686	2349.372771	1.811497	991.606257	0.707244	4344.811578	3.494507	10001
W350	1840.580220	0.457591	3523.848026	2.623913	1487.320274	1.018161	6516.826914	5.076500	10001
W351	1097.193155	0.391582	2100.610389	1.654046	886.610431	0.648008	3884.762968	3.185460	10001
W352	2138.222111	0.539586	4093.692675	3.053375	1727.836179	1.185171	7570.668883	5.906524	10001
W353	1613.207125	0.448560	3088.535169	2.331709	1303.586573	0.907028	5711.781259	4.505873	10001
W354	1959.407281	0.520183	3751.346126	2.815070	1583.341025	1.093875	6937.550432	5.442713	10001
W355	1423.558493	0.367920	2725.446971	2.038521	1150.336934	0.791656	5040.304248	3.942421	10001
W356	2521.732922	0.536245	4827.936040	3.540772	2037.740306	1.370045	8928.541552	6.859461	10001
W357	1903.560830	0.441477	3644.426361	2.693999	1538.213105	1.043951	6739.818409	5.215395	10001
W358	1618.348163	0.471471	3098.377847	2.354598	1307.740900	0.916994	5729.983811	4.547598	10001
W359	2459.848624	0.656532	4709.456629	3.536423	1987.733373	1.374343	8709.431701	6.837001	10001
W360	1778.715166	0.486836	3405.405458	2.565509	1437.328892	0.997601	6297.785198	4.958559	10001
W361	1753.269405	0.496927	3356.688757	2.540853	1416.766899	0.988846	6207.690987	4.908942	10001
W362	2319.417480	0.641381	4440.596839	3.349964	1874.254978	1.302954	8212.215958	6.473988	10001
W363	1449.780597	0.427336	2775.650003	2.113011	1171.526267	0.823157	5133.147205	4.080416	10001
W364	1321.625387	0.412740	2530.292871	1.943842	1067.967704	0.758441	4679.396092	3.750929	10001
W365	965.658988	0.383720	1848.784139	1.491162	780.321430	0.586392	3419.048195	2.866515	10001
W366	2967.437576	0.629216	5681.251450	4.165585	2397.901498	1.611733	10506.620058	8.070071	10001
W367	2471.942690	0.710142	4732.611094	3.589226	1997.506242	1.397320	8752.252401	6.933294	10001
W368	2825.214796	0.619000	5408.961517	3.977146	2282.975334	1.539646	10003.060782	7.703079	10001
W369	2592.011820	0.548813	4962.487174	3.638134	2094.530674	1.407621	9177.373637	7.048305	10001
W370	2940.690896	0.614369	5630.044100	4.122992	2376.288271	1.594882	10411.919766	7.988424	10001
W371	1851.465650	0.474700	3544.688520	2.648765	1496.116479	1.028466	6555.368273	5.123026	10001
W372	1262.721060	0.344582	2417.518707	1.820559	1020.368801	0.707877	4470.837237	3.518851	10001
W373	2039.487211	0.486839	3904.661640	2.894789	1648.051328	1.122366	7221.084416	5.602687	10001
W374	3453.976512	0.788400	6612.745362	4.880666	2791.059708	1.890760	12229.277945	9.449910	10001
W375	2330.750892	0.580053	4462.295009	3.323079	1883.413185	1.289487	8252.343460	6.429116	10001
W376	1019.638067	0.334786	1952.128764	1.512680	823.940382	0.591071	3610.168536	2.916902	10001
W377	2303.363937	0.538890	4409.861833	3.262645	1861.282569	1.264510	8155.376187	6.315776	10001
W378	1719.057114	0.444416	3291.188263	2.461754	1389.120925	0.956024	6086.557675	4.760923	10001
W379	1313.376632	0.374932	2514.500374	1.905286	1061.302121	0.741629	4650.190244	3.680711	10001
W380	2461.135361	0.626949	4711.920127	3.518315	1988.773148	1.365909	8713.987570	6.805281	10001
W381	2115.944276	0.526981	4051.041068	3.017065	1709.834098	1.170759	7491.791152	5.837034	10001
W382	1615.083433	0.425306	3092.127419	2.318043	1305.102764	0.900578	5718.424585	4.482136	10001
W383	1693.337835	0.478853	3241.947905	2.453221	1368.337911	0.954688	5995.495040	4.739762	10001
W384	1943.665254	0.500988	3721.207526	2.782413	1570.620343	1.080483	6881.813625	5.381228	10001
W385	1562.950342	0.397577	2992.316998	2.233944	1262.975504	0.867254	5533.840222	4.321055	10001
W386	1201.706743	0.373807	2300.704901	1.766314	971.064875	0.689097	4254.807673	3.408543	10001
W387	1897.480783	0.537545	3632.785923	2.749662	1533.299993	1.070097	6718.291168	5.312391	10001
W388	1562.570030	0.389269	2991.588877	2.228093	1262.668184	0.864607	5532.493673	4.310620	10001
W389	1753.868212	0.465538	3357.835193	2.519720	1417.250778	0.979105	6209.811148	4.871686	10001
W390	1480.390937	0.384500	2834.254452	2.121158	1196.261608	0.823836	5241.527317	4.102031	10001
W391	1963.630003	0.474776	3759.430660	2.790867	1586.753287	1.082342	6952.501561	5.400922	10001
W392	634.827158	0.243781	1215.396320	0.972400	512.985683	0.381918	2247.692690	1.870415	10001
W393	1884.843085	0.465061	3608.590656	2.684762	1523.087830	1.041612	6673.545662	5.194601	10001
W394	1748.432940	0.427192	3347.429195	2.487798	1412.858690	0.965006	6190.566821	4.813951	10001
W395	1080.743746	0.352409	2069.117486	1.601359	873.318135	0.625593	3826.521581	3.088208	10001
W396	1574.092881	0.454596	3013.649735	2.287298	1271.979471	0.890586	5573.291911	4.418084	10001
W397	1355.652044	0.412483	2595.437964	1.985509	1095.463673	0.774141	4799.872143	3.832651	10001
W398	2210.706931	0.591278	4232.467115	3.179088	1786.409091	1.235533	7827.311337	6.146022	10001
W399	1279.730364	0.458239	2450.083549	1.930539	1034.113534	0.756412	4531.061015	3.717748	10001
W400	1895.410852	0.493488	3628.822975	2.716609	1531.627340	1.055159	6710.962292	5.253419	10001
W401	2127.303832	0.502807	4072.789290	3.016368	1719.013430	1.169284	7532.011217	5.838512	10001
W402	3447.529510	0.747434	6600.402375	4.848705	2785.850069	1.876718	12206.451448	9.391915	10001
W403	3131.867233	0.698849	5996.057138	4.416115	2530.772405	1.710112	11088.805830	8.552045	10001
W404	1888.972718	0.486772	3616.496966	2.704041	1526.424868	1.050043	6688.167193	5.229668	10001
W405	1882.660853	0.490844	3604.412705	2.698785	1521.324430	1.048268	6665.819169	5.218877	10001
W406	2160.060458	0.494790	4135.502870	3.053319	1745.483124	1.182924	7647.990550	5.911639	10001
W407	2041.229741	0.455733	3907.997770	2.878397	1649.459418	1.114652	7227.254085	5.574148	10001
W408	3851.550793	0.846531	7373.913677	5.423473	3112.328122	2.099664	13636.944259	10.504118	10001
W409	2581.190806	0.560348	4941.770007	3.630679	2085.786522	1.405305	9139.060353	7.032533	10001
W410	2300.331392	0.492456	4404.055932	3.231734	1858.832057	1.250603	8144.639046	6.260455	10001
W411	1511.356458	0.351350	2893.538903	2.139436	1221.283960	0.829088	5351.164993	4.141715	10001
W412	1658.919949	0.427778	3176.053793	2.374914	1340.525801	0.922249	5873.633790	4.593098	10001
W413	2759.981354	0.624224	5284.070067	3.896611	2230.262055	1.509293	9772.092829	7.545168	10001
W414	2347.137060	0.543952	4493.666836	3.321526	1896.654379	1.287106	8310.360935	6.430285	10001
W415	2123.751500	0.485916	4065.988240	3.001664	1716.142892	1.162888	7519.433699	5.811685	10001
W416	1848.123917	0.481696	3538.290667	2.649181	1493.416119	1.028994	6543.536406	5.122969	10001
W417	1815.825946	0.510196	3476.455199	2.628324	1467.317052	1.022669	6429.181008	5.078452	10001
W418	2179.599120	0.448569	4172.910244	3.052220	1761.271758	1.180408	7717.169862	5.914405	10001
W419	1626.336455	0.379294	3113.671679	2.302931	1314.196010	0.892500	5758.267454	4.458099	10001
W420	1396.510670	0.355274	2673.663073	1.996073	1128.480361	0.774910	4944.537716	3.860944	10001
W421	1625.270297	0.396900	3111.630487	2.312427	1313.334478	0.896972	5754.492576	4.474626	10001
W422	1691.843544	0.426415	3239.087038	2.415607	1367.130417	0.937597	5990.204295	4.672866	10001
W423	1100.653577	0.300336	2107.235476	1.586880	889.406700	0.617016	3897.015070	3.067190	10001
W424	1248.492196	0.304398	2390.277105	1.776040	1008.870863	0.688890	4420.457992	3.436751	10001
W425	705.491049	0.256259	1350.684535	1.067455	570.087154	0.418443	2497.887896	2.055181	10001
W426	2325.249674	0.571381	4451.762755	3.310590	1878.967808	1.284310	8232.865641	6.405729	10001
W427	1227.235356	0.411839	2349.580224	1.827938	991.693818	0.714729	4345.195232	3.523690	10001
W428	1820.404843	0.439583	3485.221639	2.586953	1471.017128	1.003236	6445.393220	5.006364	10001
W429	1796.621118	0.423329	3439.686959	2.546679	1451.798180	0.987153	6361.183679	4.929512	10001
W430	2816.862311	0.599255	5392.970426	3.955303	2276.225930	1.530452	9973.487664	7.662500	10001
W431	3241.690546	0.813862	6206.317283	4.626419	2619.517485	1.795559	11477.650342	8.949909	10001
W432	2019.377811	0.608393	3866.161569	2.953031	1631.801497	1.151066	7149.884325	5.700996	10001
W433	2132.240868	0.534047	4082.241399	3.042232	1723.002908	1.180662	7549.491471	5.885402	10001
W434	1800.712420	0.417382	3447.519884	2.548298	1455.104244	0.987480	6375.669495	4.933353	10001
W435	2666.917443	0.634151	5105.896317	3.783831	2155.059768	1.466956	9442.587277	7.323629	10001
W436	1977.707723	0.535405	3786.382892	2.848442	1598.129090	1.107337	7002.345661	5.506072	10001
W437	1347.585337	0.368745	2579.994003	1.943611	1088.945198	0.755771	4771.310859	3.756579	10001
W438	2600.424144	0.589585	4978.592829	3.672196	2101.328433	1.422431	9207.158623	7.110479	10001
W439	2395.504848	0.519738	4586.268470	3.369325	1935.739006	1.304132	8481.613729	6.526328	10001
W440	2051.989162	0.460220	3928.597015	2.894782	1658.153798	1.121085	7265.349291	5.605671	10001
W441	3057.279130	0.684651	5853.255896	4.312362	2470.499890	1.670038	10824.716410	8.350880	10001
W442	1601.968742	0.494700	3067.018936	2.351839	1294.505157	0.917344	5671.990221	4.538901	10001
W443	1691.332517	0.413012	3238.108661	2.406407	1366.717470	0.933425	5988.394934	4.656482	10001
W444	2106.312028	0.426574	4032.599829	2.945896	1702.050553	1.139015	7457.686854	5.709015	10001
W445	2173.087534	0.471157	4160.443611	3.056307	1756.009931	1.182962	7694.114700	5.920048	10001
W446	2781.008183	0.692286	5324.326584	3.965149	2247.253234	1.538644	9846.541203	7.671302	10001
W447	2668.634333	0.627686	5109.183356	3.782066	2156.447137	1.465970	9448.666162	7.320920	10001
W448	2425.307676	0.535858	4643.326909	3.416747	1959.821819	1.322889	8587.134731	6.617241	10001
W449	1745.712721	0.439789	3342.221251	2.492390	1410.660559	0.967390	6180.935511	4.821421	10001
W450	1391.206533	0.349421	2663.508139	1.985570	1124.194240	0.770626	4925.757693	3.841113	10001
W451	2277.570109	0.524394	4360.478747	3.221023	1840.439314	1.248012	8064.049598	6.236064	10001
W452	2485.111930	0.623171	4757.824013	3.546179	2008.147929	1.376273	8798.879904	6.860241	10001
W453	1436.021615	0.417708	2749.308005	2.088850	1160.408027	0.813467	5084.431642	4.034418	10001
W454	417.033041	0.198230	798.422716	0.676819	336.992482	0.268064	1476.562726	1.296477	10001
W455	778.374895	0.242909	1490.222923	1.144695	628.982507	0.446624	2755.943157	2.208878	10001
W456	1592.169198	0.494123	3048.257404	2.339344	1286.586426	0.912597	5637.293591	4.514488	10001
W457	1646.925103	0.409276	3153.089286	2.347732	1330.833108	0.910986	5831.164389	4.542189	10001
W458	1940.803759	0.444067	3715.729106	2.743096	1568.308052	1.062715	6871.682111	5.311055	10001
W459	786.185295	0.223003	1505.176177	1.139472	635.293868	0.443467	2783.596950	2.201446	10001
W460	1563.841812	0.401507	2994.023744	2.237644	1263.695875	0.868861	5536.996593	4.327808	10001
W461	1393.995746	0.424837	2668.848174	2.042192	1126.448123	0.796276	4935.633284	3.941984	10001
W462	960.329266	0.305434	1838.580222	1.416782	776.014635	0.553082	3400.177586	2.733209	10001
W463	1430.281016	0.395264	2738.317450	2.065599	1155.769213	0.803394	5064.106262	3.991912	10001
W464	1130.268238	0.335143	2163.933664	1.648808	913.337461	0.642419	4001.869841	3.183762	10001
W465	2189.615765	0.608950	4192.087422	3.164925	1769.365922	1.231153	7752.635169	6.115995	10001
W466	1276.247579	0.358401	2443.415648	1.847175	1031.299194	0.718718	4518.729734	3.569137	10001
W467	1409.389582	0.503794	2698.320150	2.125377	1138.887442	0.832705	4990.137272	4.093073	10001
W468	2228.881792	0.606273	4267.263451	3.212183	1801.095677	1.248880	7891.661928	6.208864	10001
W469	2490.948565	0.631395	4768.998432	3.558883	2012.864346	1.381513	8819.545311	6.884090	10001
W470	2782.884833	0.619048	5327.919489	3.922912	2248.769701	1.519041	9853.185741	7.597121	10001
W471	1496.738819	0.389059	2865.552980	2.144790	1209.471865	0.833029	5299.409237	4.147697	10001
W472	2221.049345	0.493493	4252.267989	3.130584	1794.766500	1.212210	7863.930075	6.062754	10001
W473	1565.660974	0.409177	2997.506587	2.245022	1265.165888	0.872062	5543.437587	4.341287	10001
W474	2107.391416	0.492215	4034.666352	2.984556	1702.922776	1.156695	7461.508577	5.777541	10001
W475	2316.586751	0.555214	4435.177320	3.289473	1871.967547	1.275491	8202.193373	6.366341	10001
W476	2606.562977	0.639117	4990.345816	3.710232	2106.289048	1.439285	9228.894004	7.179154	10001
W477	2744.978406	0.666255	5255.346456	3.902981	2218.138601	1.513751	9718.972830	7.552831	10001
W478	1970.292535	0.457241	3772.186283	2.788613	1592.137088	1.080627	6976.091168	5.398533	10001
W479	1890.649483	0.441362	3619.707185	2.677461	1527.779814	1.037667	6694.104010	5.183085	10001
W480	1588.668828	0.445387	3041.555838	2.298825	1283.757877	0.894414	5624.900052	4.441907	10001
W481	2060.363737	0.462134	3944.630398	2.906617	1664.921052	1.125670	7295.000622	5.628585	10001
W482	2219.452396	0.477271	4249.210580	3.119299	1793.476051	1.207181	7858.275857	6.042443	10001
W483	2835.155374	0.612539	5427.993064	3.986242	2291.008031	1.542809	10038.256764	7.721536	10001
W484	1311.347004	0.367644	2510.614588	1.897540	1059.662037	0.738285	4643.004066	3.666522	10001
W485	1506.664431	0.411707	2884.555872	2.172655	1217.492468	0.844807	5334.552229	4.199335	10001
W486	1626.664804	0.402821	3114.300315	2.317944	1314.461340	0.899363	5759.430021	4.484709	10001
W487	1658.004165	0.398888	3174.300494	2.355247	1339.785781	0.913313	5870.391328	4.558113	10001
W488	1564.295670	0.408895	2994.892670	2.243114	1264.062625	0.871325	5538.603541	4.337590	10001
W489	1228.641430	0.372740	2352.272196	1.798652	992.830026	0.701231	4350.173629	3.472092	10001
W490	912.697349	0.310501	1747.387437	1.362942	737.524644	0.533140	3231.530246	2.626788	10001
W491	1456.619012	0.393939	2788.742361	2.097658	1177.052194	0.815449	5157.359551	4.054843	10001
W492	749.367482	0.208923	1434.687331	1.083520	605.542446	0.421513	2653.238432	2.093766	10001
W493	1364.853786	0.336518	2613.054985	1.943938	1102.899338	0.754182	4832.452173	3.761246	10001
W494	214.804549	0.114102	411.249985	0.361995	173.577417	0.144078	760.544992	0.691708	10001
W495	1728.140435	0.421907	3308.578562	2.458718	1396.460896	0.953711	6118.718419	4.757716	10001
W496	902.120019	0.243323	1727.136810	1.298682	728.977406	0.504822	3194.079757	2.510470	10001
W497	1168.885546	0.337044	2237.867699	1.698110	944.543004	0.661152	4138.599719	3.280087	10001
W498	2067.973023	0.482330	3959.198613	2.928321	1671.069899	1.134871	7321.942345	5.668750	10001
W499	1977.846582	0.526040	3786.648741	2.842214	1598.241298	1.104468	7002.837309	5.495087	10001
W500	1489.029998	0.450579	2850.794202	2.178968	1203.242586	0.849443	5272.115098	4.206386	10001
W501	2410.867161	0.562871	4615.680096	3.414212	1948.152853	1.323203	8536.006109	6.609297	10001
W502	489.082408	0.209012	936.363467	0.769459	395.213516	0.303427	1731.663397	1.477140	10001
W503	2546.517340	0.600871	4875.386578	3.610160	2057.767885	1.399421	9016.294185	6.987967	10001
W504	2252.038437	0.509792	4311.597568	3.179749	1819.807900	1.231646	7973.651209	6.157033	10001
W505	2152.201587	0.535353	4120.456816	3.068342	1739.132594	1.190627	7620.165136	5.936309	10001
W506	3089.663817	0.624962	5915.257387	4.320811	2496.669031	1.670588	10939.378842	8.373609	10001
W507	2200.531940	0.570581	4212.986779	3.152365	1778.186972	1.224302	7791.285387	6.096349	10001
W508	1676.158783	0.463557	3209.058074	2.420936	1354.456009	0.941615	5934.670244	4.678584	10001
W509	2635.104099	0.602382	5044.988681	3.724084	2129.352313	1.442741	9329.947765	7.210454	10001
W510	2513.253234	0.582088	4811.701413	3.556387	2030.888112	1.378100	8898.518051	6.884999	10001
W511	2127.118454	0.520337	4072.434379	3.027011	1718.863632	1.174192	7531.354862	5.857276	10001
W512	2020.944732	0.526881	3869.161489	2.897003	1633.067681	1.125260	7155.432226	5.602191	10001
W513	825.784432	0.279383	1580.989955	1.231862	667.292799	0.481783	2923.803131	2.374356	10001
W514	2781.744950	0.633251	5325.737147	3.929756	2247.848594	1.522306	9849.149827	7.608935	10001
W515	2511.222542	0.604416	4807.813591	3.567431	2029.247168	1.383383	8891.328109	6.904028	10001
W516	1097.654860	0.356027	2101.494339	1.624891	886.983523	0.634686	3886.397700	3.133825	10001
W517	3256.210349	0.678001	6234.115896	4.564120	2631.250523	1.765430	11529.059697	8.843336	10001
W518	1442.202510	0.408638	2761.141520	2.089963	1165.402631	0.813363	5106.315948	4.037834	10001
W519	1626.532756	0.421989	3114.047505	2.330245	1314.354636	0.905022	5758.962487	4.506426	10001
W520	2026.753018	0.444732	3880.281632	2.853510	1637.761191	1.104688	7175.997257	5.526715	10001
W521	2018.584037	0.487176	3864.641865	2.868419	1631.160071	1.112378	7147.073861	5.551094	10001
W522	1575.146296	0.403843	3015.666530	2.253447	1272.830705	0.874971	5577.021670	4.358435	10001
W523	883.411948	0.324022	1691.319625	1.339431	713.859948	0.525231	3127.841261	2.578408	10001
W524	1686.502224	0.408799	3228.860914	2.397633	1362.814248	0.929885	5971.292618	4.639822	10001
W525	1200.533305	0.359188	2298.458318	1.753709	970.116654	0.683454	4250.652955	3.385938	10001
W526	1989.055890	0.583076	3808.109309	2.896610	1607.299219	1.128260	7042.525401	5.593998	10001
W527	3102.031688	0.737696	5938.936059	4.401223	2506.663153	1.706317	10983.168985	8.518586	10001
W528	2344.680568	0.545778	4488.963807	3.319490	1894.669358	1.286421	8301.663391	6.426100	10001
W529	802.263432	0.317450	1535.958271	1.237584	648.286152	0.486599	2840.523804	2.379234	10001
W530	1000.107511	0.281343	1914.736908	1.447852	808.158298	0.563369	3541.017922	2.797503	10001
W531	2339.381049	0.600661	4478.817713	3.347360	1890.386968	1.299758	8282.899716	6.474097	10001
W532	1517.148109	0.421243	2904.627200	2.192439	1225.964028	0.852823	5371.671130	4.236812	10001
W533	1450.322617	0.427740	2776.687717	2.113982	1171.964258	0.823548	5135.066301	4.082262	10001
W534	2165.269718	0.627828	4145.476159	3.148155	1749.692578	1.225895	7666.434648	6.080601	10001
W535	1186.788539	0.382773	2272.143536	1.755103	959.009901	0.685434	4201.987724	3.385227	10001
W536	1431.667528	0.393035	2740.971970	2.065775	1156.889614	0.803336	5069.015398	3.992549	10001
W537	1958.304295	0.438240	3749.234426	2.762055	1582.449734	1.069642	6933.645160	5.348745	10001
W538	1647.008169	0.416336	3153.248320	2.352383	1330.900232	0.913113	5831.458498	4.550431	10001
W539	3189.247621	0.649236	6105.913673	4.462273	2577.139856	1.725445	11291.968968	8.647378	10001
W540	1010.338966	0.363153	1934.325346	1.525347	816.426044	0.597728	3577.243791	2.937267	10001
W541	3176.457843	0.698415	6081.427247	4.473006	2566.804803	1.731707	11246.685005	8.663240	10001
W542	3310.737846	0.712646	6338.510484	4.653428	2675.312635	1.800923	11722.121786	9.014159	10001
W543	2843.992736	0.644479	5444.912468	4.015958	2298.149251	1.555573	10069.546658	7.776139	10001
W544	2352.255098	0.574066	4503.465479	3.346547	1900.790119	1.298081	8328.482052	6.475720	10001
W545	1456.707598	0.448426	2788.911963	2.137491	1177.123779	0.833664	5157.673204	4.125395	10001
W546	2137.260492	0.497818	4091.851625	3.026029	1727.059122	1.172708	7567.264137	5.857964	10001
W547	2400.967914	0.564112	4596.727679	3.402346	1940.153553	1.318759	8500.956463	6.585962	10001
W548	2223.713698	0.552478	4257.368976	3.169871	1796.919488	1.229994	7873.363583	6.132808	10001
W549	2022.529531	0.508538	3872.195636	2.886968	1634.348312	1.120495	7161.043424	5.584822	10001
W550	2305.140402	0.548644	4413.262931	3.270859	1862.718080	1.268104	8161.666006	6.330715	10001
W551	1888.257455	0.487844	3615.127573	2.703847	1525.846885	1.050026	6685.634707	5.229156	10001
W552	1619.557487	0.437958	3100.693134	2.332271	1308.718119	0.906651	5734.265587	4.508363	10001
W553	2825.484141	0.623936	5409.477188	3.980317	2283.192985	1.541077	10004.014437	7.708744	10001
W554	1291.796986	0.354240	2473.185472	1.863677	1043.864226	0.724726	4573.784547	3.601997	10001
W555	1976.754340	0.483671	3784.557610	2.813107	1597.358688	1.091223	6998.970077	5.443359	10001
W556	682.548289	0.233487	1306.759909	1.020331	551.547766	0.399191	2416.655907	1.966312	10001
W557	588.602944	0.208925	1126.898627	0.886344	475.633218	0.347182	2084.029518	1.707121	10001
W558	1174.253521	0.273726	2248.144856	1.662690	948.880712	0.644369	4157.605775	3.218711	10001
W559	1424.284339	0.377330	2726.836625	2.045728	1150.923469	0.794888	5042.874202	3.955340	10001
W560	1213.434871	0.335383	2323.158768	1.752464	980.542041	0.681606	4296.332722	3.386751	10001
W563	40.202268	0.058343	76.968492	0.124078	32.486304	0.051498	142.341649	0.231764	10001
W564	1702.834673	0.467473	3260.129896	2.457043	1376.012034	0.955492	6029.119898	4.748757	10001
W565	1445.436785	0.387638	2767.333641	2.079307	1168.016157	0.808159	5117.767344	4.019738	10001
W566	788.041714	0.305020	1508.730350	1.209303	636.793988	0.475098	2790.169858	2.325776	10001
W567	2223.144347	0.568947	4256.278935	3.179813	1796.459411	1.234614	7871.347716	6.150249	10001
W568	1031.375769	0.332415	1974.600960	1.525081	833.425283	0.595590	3651.727482	2.941592	10001
W569	1989.991305	0.574782	3809.900190	2.891690	1608.055101	1.125916	7045.837367	5.585504	10001
W570	1207.705192	0.430269	2312.189119	1.819993	975.912051	0.712980	4276.046007	3.505147	10001
W571	2461.851594	0.604779	4713.291378	3.504971	1989.351916	1.359711	8716.523492	6.781859	10001
W572	1944.221851	0.569559	3722.273148	2.831043	1571.070113	1.102702	6883.784332	5.467418	10001
W573	1928.927808	0.428648	3692.992229	2.718872	1558.711435	1.052791	6829.633676	5.265419	10001
W574	1299.931251	0.347866	2488.758774	1.869480	1050.437293	0.726571	4602.585027	3.614183	10001
W575	1341.057180	0.473475	2567.495643	2.017236	1083.669981	0.790015	4748.197022	3.885577	10001
W576	2368.374470	0.523153	4534.326518	3.336468	1913.815723	1.291802	8385.554902	6.461776	10001
W577	3571.945239	0.895625	6838.600154	5.097004	2886.386864	1.978145	12646.962414	9.860390	10001
W578	1385.661157	0.465207	2652.891343	2.064077	1119.713180	0.807071	4906.123525	3.978867	10001
W579	1553.887639	0.459331	2974.966171	2.265715	1255.652193	0.882712	5501.752479	4.375147	10001
W580	1591.934181	0.436720	3047.807457	2.296808	1286.396515	0.893165	5636.461481	4.439105	10001
W581	1044.035700	0.295391	1998.838789	1.512654	843.655411	0.588667	3696.551702	2.922516	10001
W582	2820.054427	0.687989	5399.081831	4.011931	2278.805388	1.556164	9984.789788	7.763295	10001
W583	2990.439697	0.637341	5725.289725	4.199677	2416.488855	1.625056	10588.062224	8.135808	10001
W584	1116.137639	0.361021	2136.880192	1.651448	901.918928	0.645007	3951.838514	3.185169	10001
W585	1780.711503	0.441441	3409.227507	2.537756	1438.942074	0.984672	6304.853502	4.909947	10001
W586	2097.083226	0.553680	4014.931001	3.010806	1694.593022	1.169790	7425.011013	5.821492	10001
W587	1485.103286	0.424629	2843.276389	2.154892	1200.069522	0.838821	5258.212033	4.162832	10001
W588	1292.290118	0.402700	2474.129588	1.900012	1044.262712	0.741295	4575.530546	3.666460	10001
W589	2069.095493	0.473548	3961.347616	2.924497	1671.976935	1.132998	7325.916603	5.662262	10001
W590	1446.574534	0.357651	2769.511896	2.060956	1168.935539	0.799626	5121.795699	3.987556	10001
W591	2371.621027	0.609008	4540.542152	3.393537	1916.439173	1.317691	8397.049782	6.563400	10001
W592	1013.237835	0.288607	1939.875320	1.469417	818.768537	0.571936	3587.507634	2.838757	10001
W593	1061.778439	0.353495	2032.807816	1.579173	857.992812	0.617311	3759.372308	3.044506	10001
W594	2463.400085	0.678571	4716.256011	3.556080	1990.603207	1.382995	8722.006135	6.872619	10001
W597	1753.398172	0.554707	3356.935285	2.584467	1416.870952	1.008768	6208.146903	4.986234	10001
W598	1017.141731	0.339067	1947.349452	1.513141	821.923164	0.591522	3601.329916	2.917147	10001
W599	1947.153676	0.540174	3727.886220	2.813517	1573.439238	1.094390	6894.164864	5.437077	10001
W600	1398.853173	0.433364	2678.147867	2.054718	1130.373271	0.801522	4952.831669	3.965306	10001
W601	1782.634540	0.475801	3412.909220	2.562831	1440.496025	0.995982	6311.662278	4.954745	10001
W602	1107.528313	0.411359	2120.397371	1.683812	894.961978	0.660558	3921.356016	3.240664	10001
W603	2542.782054	0.694148	4868.235258	3.666292	2054.749508	1.425554	9003.068894	7.086332	10001
W604	1432.088898	0.455018	2741.778695	2.112411	1157.230110	0.824617	5070.507315	4.075249	10001
W605	1978.110712	0.571498	3787.154426	2.874533	1598.454734	1.119244	7003.772498	5.552347	10001
W606	1977.441279	0.495208	3785.872776	2.821324	1597.913784	1.094927	7001.402278	5.458049	10001
W607	2371.729231	0.503490	4540.749313	3.329676	1916.526610	1.288330	8397.432895	6.450592	10001
W608	2809.969450	0.615548	5379.773830	3.955621	2270.656006	1.531308	9949.082545	7.661399	10001
W609	2314.843439	0.541045	4431.839695	3.278584	1870.558827	1.270665	8196.020938	6.346685	10001
W610	2228.279718	0.569629	4266.110762	3.186744	1800.609158	1.237276	7889.530203	6.163723	10001
W611	3026.625457	0.652934	5794.568487	4.254903	2445.729533	1.646749	10716.182874	8.242037	10001
W612	2611.413216	0.707686	4999.631750	3.761652	2110.208388	1.462384	9246.066944	7.271235	10001
W613	2435.520094	0.653149	4662.878901	3.503567	1968.074183	1.361722	8623.293199	6.773133	10001
W614	1929.620349	0.485089	3694.318119	2.754292	1559.271057	1.068997	6832.085711	5.328170	10001
W615	734.849359	0.290800	1406.891932	1.133613	593.810766	0.445720	2601.835023	2.179349	10001
W616	2080.857666	0.507598	3983.866663	2.960284	1681.481611	1.148245	7367.562193	5.728309	10001
W617	2434.297488	0.588904	4660.538185	3.460021	1967.086230	1.341865	8618.964396	6.695844	10001
W618	2231.165903	0.544598	4271.636453	3.174326	1802.941402	1.231283	7899.749137	6.142457	10001
W619	1789.438265	0.413644	3425.935164	2.531669	1445.993922	0.980987	6335.751803	4.901274	10001
W620	2117.528895	0.529976	4054.074870	3.020993	1711.114583	1.172402	7497.401712	5.844355	10001
W621	1460.965852	0.436158	2797.064523	2.133431	1180.564752	0.831391	5172.750137	4.119192	10001
W622	2682.024873	0.678697	5134.819960	3.831144	2167.267650	1.487150	9496.077205	7.410856	10001
W623	1957.582925	0.516077	3747.853340	2.810003	1581.866815	1.091736	6931.091049	5.433320	10001
W624	2583.444543	0.566099	4946.084855	3.636838	2087.607702	1.407908	9147.040015	7.043952	10001
W625	1000.718048	0.345430	1915.905800	1.498571	808.651655	0.586463	3543.179611	2.887546	10001
W626	880.016723	0.249672	1684.819361	1.275507	711.116364	0.496412	3115.820001	2.464257	10001
W627	1985.486518	0.518087	3801.275635	2.846475	1604.414911	1.105654	7029.887550	5.504430	10001
W628	11.769317	0.033676	22.532723	0.066386	9.510448	0.027881	41.670881	0.123140	10001
W629	2343.655881	0.671752	4487.002012	3.401843	1893.841338	1.324295	8298.035346	6.571507	10001
W630	1425.576804	0.439794	2729.311090	2.092544	1151.967874	0.816183	5047.450354	4.038530	10001
W631	1201.269968	0.398058	2299.868682	1.785100	970.711930	0.697710	4253.261211	3.441752	10001
W632	984.863973	0.274933	1885.552680	1.424278	795.840430	0.554093	3487.046082	2.752198	10001
W633	850.862644	0.290943	1629.002971	1.271841	687.557786	0.497584	3012.595982	2.451020	10001
W634	1381.318907	0.385073	2644.577972	1.997241	1116.204332	0.776969	4890.749196	3.859421	10001
W635	1068.265148	0.314152	2045.226820	1.556424	863.234536	0.606293	3782.339388	3.005683	10001
W636	689.198569	0.221538	1319.492076	1.018636	556.921667	0.397777	2440.202134	1.964829	10001
W637	2081.938348	0.491862	3985.935661	2.951907	1682.354879	1.144286	7371.388494	5.713763	10001
W638	1564.074166	0.405029	2994.468593	2.240262	1263.883633	0.870039	5537.819274	4.332494	10001
W639	2853.361003	0.662832	5462.848306	4.038842	2305.719480	1.565137	10102.716293	7.818810	10001
W640	2729.728723	0.655079	5226.150464	3.876644	2205.815768	1.503204	9664.979235	7.502647	10001
W641	4000.200277	0.775979	7658.507734	5.576924	3232.447522	2.154968	14163.258162	10.810912	10001
W642	2097.739330	0.623342	4016.187132	3.061121	1695.123201	1.192761	7427.334040	5.910707	10001
W643	3422.215204	0.721511	6551.937350	4.801701	2765.394302	1.857689	12116.822673	9.302825	10001
W644	2240.955940	0.557313	4290.379784	3.194802	1810.852451	1.239693	7934.412108	6.180983	10001
W645	4166.389365	0.934897	7976.681905	5.877877	3366.740174	2.276390	14751.673437	11.382311	10001
W646	4319.725360	1.077310	8270.248434	6.160317	3490.646610	2.390551	15294.580578	11.918042	10001
W647	3838.723678	0.945846	7349.355767	5.467030	3101.962897	2.120995	13591.528099	10.578000	10001
W648	2465.410134	0.623097	4720.104312	3.521211	1992.227470	1.366806	8729.122989	6.811415	10001
W649	3233.365615	0.724632	6190.378944	4.561055	2612.790347	1.766372	11448.174781	8.832419	10001
W650	2615.763477	0.660971	5007.960459	3.735870	2113.723709	1.450123	9261.469637	7.226665	10001
W651	2279.984575	0.493584	4365.101317	3.206228	1842.390375	1.240958	8072.598344	6.210515	10001
W652	1391.824523	0.447928	2664.691299	2.057546	1124.693620	0.803498	4927.945769	3.968696	10001
W653	1372.518826	0.432734	2627.729942	2.021900	1109.093238	0.789110	4859.591300	3.901049	10001
W654	3195.633724	0.729792	6118.140067	4.515827	2582.300284	1.749437	11314.579844	8.743475	10001
W655	3068.684635	0.758412	5875.092091	4.371818	2479.716354	1.696199	10865.099169	8.458660	10001
W656	1431.085194	0.425738	2739.857073	2.088675	1156.419046	0.813874	5066.953564	4.032955	10001
W657	1352.766882	0.344586	2589.914232	1.933836	1093.132256	0.750769	4789.656831	3.740513	10001
W658	1441.747467	0.372084	2760.270327	2.064212	1165.034924	0.801608	5104.704806	3.992165	10001
W659	1294.006716	0.408038	2477.416068	1.906286	1045.649846	0.743991	4581.608398	3.677977	10001
W660	1675.073206	0.450289	3206.979704	2.410377	1353.578785	0.936886	5930.826610	4.659645	10001
W661	874.113827	0.295039	1673.518084	1.303380	706.346402	0.509716	3094.919988	2.512291	10001
W662	2009.156038	0.572971	3846.591667	2.914215	1623.541574	1.134324	7113.692734	5.629870	10001
W663	317.728082	0.189638	608.300286	0.560456	256.746983	0.224276	1124.959887	1.067968	10001
W664	837.210370	0.298804	1602.865269	1.262124	676.525773	0.494464	2964.258233	2.430670	10001
W665	2850.365168	0.892166	5457.112688	4.193869	2303.298632	1.636452	10092.109129	8.092440	10001
W666	1959.874330	0.566465	3752.240306	2.848205	1583.718434	1.109004	6939.204083	5.501464	10001
W667	1463.976103	0.474138	2802.827741	2.166599	1182.997250	0.846242	5183.408343	4.178672	10001
W668	1422.390462	0.431382	2723.210739	2.082185	1149.393082	0.811763	5036.168672	4.019436	10001
W669	2245.174712	0.496075	4298.456752	3.162987	1814.261519	1.224640	7949.349246	6.125780	10001
W670	1774.966502	0.440886	3398.228523	2.530124	1434.299703	0.981750	6284.512536	4.895088	10001
W671	1978.247697	0.488751	3787.416688	2.818216	1598.565427	1.093418	7004.257511	5.452746	10001
W672	1021.767274	0.303817	1956.205196	1.491161	825.660933	0.581039	3617.707284	2.879252	10001
W673	1668.944895	0.452910	3195.246862	2.404493	1348.626672	0.934803	5909.128484	4.647790	10001
W674	2396.074657	0.635390	4587.359387	3.441941	1936.199453	1.337430	8483.631216	6.654798	10001
W675	2744.539399	0.605675	5254.505964	3.866067	2217.783852	1.496826	9717.418466	7.487512	10001
W676	2190.991392	0.525176	4194.721104	3.111170	1770.477527	1.206357	7757.505767	6.021255	10001
W677	2756.353633	0.655381	5277.124682	3.910701	2227.330597	1.516141	9759.248384	7.569190	10001
W678	2137.549717	0.568626	4092.405355	3.071786	1727.292837	1.193684	7568.288179	5.938924	10001
W679	3485.352134	0.873137	6672.814966	4.972940	2816.413451	1.929960	12340.367642	9.620466	10001
W680	3052.827142	0.837925	5844.732427	4.404855	2466.902366	1.712947	10808.953536	8.513337	10001
W681	3349.427804	0.795927	6412.583611	4.751863	2706.576885	1.842230	11859.108893	9.197314	10001
W682	2240.068626	0.559900	4288.680992	3.195336	1810.135437	1.240028	7931.270448	6.181716	10001
W683	2575.776053	0.586923	4931.403294	3.639115	2081.411015	1.409742	9119.888676	7.046130	10001
W684	2954.226499	0.699426	5655.958432	4.189601	2387.226004	1.624135	10459.844425	8.109313	10001
W685	1197.632224	0.351392	2292.904108	1.744313	967.772373	0.679444	4240.381279	3.368619	10001
W686	1663.178659	0.454883	3184.207225	2.398637	1343.967142	0.932697	5888.712336	4.636069	10001
W687	1746.252778	0.474478	3343.255207	2.516279	1411.096964	0.978291	6182.847658	4.863801	10001
W688	1964.742814	0.515317	3761.561170	2.818503	1587.652517	1.094913	6956.441619	5.450047	10001
W689	2159.903654	0.549009	4135.202663	3.086904	1745.356415	1.198367	7647.435363	5.970956	10001
W690	1308.861479	0.388505	2505.855974	1.909638	1057.653555	0.744066	4634.203726	3.687362	10001
W691	2270.328678	0.577464	4346.614803	3.244974	1834.587721	1.259750	8038.410317	6.276667	10001
W692	2467.222295	0.607773	4723.573750	3.513677	1993.691825	1.363164	8735.539193	6.798529	10001
W693	1164.850356	0.422998	2230.142204	1.762393	941.282283	0.690854	4124.312578	3.393169	10001
W694	1221.349602	0.371735	2338.311765	1.788896	986.937708	0.697488	4324.355911	3.453113	10001
W695	2427.135114	0.676235	4646.825596	3.509110	1961.298520	1.365100	8593.605026	6.780966	10001
W696	440.466844	0.190390	843.287461	0.695128	355.928669	0.274239	1559.533322	1.334148	10001
W697	741.237480	0.308907	1419.122188	1.158408	598.972823	0.456358	2624.453041	2.224886	10001
W698	1160.637239	0.345594	2222.076061	1.694188	937.877783	0.660174	4109.395459	3.271216	10001
W699	1463.739734	0.501226	2802.375206	2.188549	1182.806247	0.856267	5182.571447	4.217557	10001
W700	757.805154	0.280079	1450.841516	1.150878	612.360688	0.451412	2683.113167	2.215163	10001
W701	3376.141250	0.968820	6463.727334	4.901327	2728.163257	1.908080	11953.691515	9.468000	10001
W702	2157.236514	0.623477	4130.096340	3.135000	1743.201175	1.220672	7637.991987	6.055428	10001
W703	1769.618995	0.453812	3387.990555	2.531737	1429.978535	0.983031	6265.578954	4.896668	10001
W704	777.148751	0.319366	1487.875432	1.210148	627.991695	0.476485	2751.601825	2.324873	10001
W705	2884.030238	0.607002	5521.565509	4.046002	2330.502412	1.565281	10211.304927	7.838829	10001
W706	1066.116916	0.359751	2041.113964	1.589595	861.498611	0.621642	3774.733280	3.063989	10001
W707	2653.831890	0.634542	5080.843619	3.767422	2144.485706	1.460749	9396.256081	7.291506	10001
W708	2019.376813	0.549944	3866.159659	2.910708	1631.800691	1.131699	7149.880793	5.626065	10001
W709	2532.541240	0.650391	4848.628900	3.623836	2046.474198	1.407118	8966.809885	7.008813	10001
W710	3239.238419	0.743805	6201.622611	4.579854	2617.535992	1.774416	11468.968252	8.867034	10001
W711	2218.523120	0.535075	4247.431453	3.152312	1792.725130	1.222457	7854.985630	6.100535	10001
W712	2921.307213	0.710567	5592.933436	4.154644	2360.624870	1.611426	10343.289175	8.039677	10001
W713	2816.400007	0.692193	5392.085330	4.009945	2275.852355	1.555623	9971.850812	7.758914	10001
W714	3218.538991	0.778966	6161.992911	4.574925	2600.809376	1.774262	11395.679084	8.853373	10001
W715	1839.580687	0.525169	3521.934390	2.668653	1486.512580	1.038769	6513.287931	5.155413	10001
W716	2749.423140	0.598983	5263.856037	3.868510	2221.730263	1.497448	9734.710021	7.493002	10001
W717	4315.360193	0.963126	8261.891186	6.085019	3487.119243	2.356393	15279.125105	11.783950	10001
W718	2532.541832	0.602036	4848.630033	3.593079	2046.474676	1.392996	8966.811980	6.954444	10001
W719	2604.239608	0.730300	4985.897654	3.768508	2104.411600	1.466240	9220.667798	7.281681	10001
W720	1266.160485	0.370558	2424.103594	1.843429	1023.148102	0.718004	4483.014995	3.560142	10001
W721	1738.139991	0.498129	3327.723024	2.522882	1404.541252	0.982123	6154.123221	4.873581	10001
W722	2538.986721	0.612984	4860.968975	3.608045	2051.682608	1.399216	8989.630997	6.982431	10001
W723	1787.076077	0.490303	3421.412680	2.578389	1444.085104	1.002666	6327.388149	4.983318	10001
W724	2075.594009	0.506519	3973.789227	2.952924	1677.228200	1.145399	7348.925490	5.714046	10001
W725	1700.067975	0.457298	3254.832966	2.446542	1373.776344	0.950957	6019.324022	4.729526	10001
W726	1944.884094	0.559769	3723.541034	2.824700	1571.605253	1.099735	6886.129096	5.456340	10001
W727	2069.878859	0.674783	3962.847395	3.066849	1672.609951	1.198098	7328.690219	5.914412	10001
W728	2631.795818	0.837942	5038.654875	3.883421	2126.678986	1.516053	9318.234344	7.491655	10001
W729	1247.530811	0.413685	2388.436503	1.854087	1008.093995	0.724690	4417.054076	3.574724	10001
W730	1946.571279	0.488161	3726.771202	2.777720	1572.968619	1.078036	6892.102806	5.373620	10001
W731	1108.267623	0.300282	2121.812803	1.596383	895.559393	0.620609	3923.973644	3.085799	10001
W732	1326.767467	0.395667	2540.137544	1.937143	1072.122872	0.754876	4697.602333	3.740252	10001
W733	2509.240288	0.712585	4804.018504	3.637412	2027.645365	1.415672	8884.309666	7.027338	10001
W734	1322.080860	0.380837	2531.164889	1.920390	1068.335759	0.747677	4681.008757	3.709489	10001
W735	1521.679732	0.456991	2913.303133	2.224125	1229.625904	0.866871	5387.715963	4.293977	10001
W736	2093.522680	0.605589	4008.114226	3.042792	1691.715847	1.184795	7412.404413	5.877262	10001
W737	2271.428040	0.615830	4348.719565	3.272107	1835.476084	1.272081	8042.302759	6.324918	10001
W738	2181.716623	0.523749	4176.964270	3.098494	1762.982852	1.201477	7724.667174	5.996637	10001
W739	1721.059510	0.417092	3295.021913	2.446709	1390.739004	0.948915	6093.647435	4.734802	10001
W740	2659.646571	0.595367	5091.976006	3.751354	2149.184384	1.452768	9416.843756	7.264512	10001
W741	1606.683214	0.496329	3076.044939	2.358894	1298.314787	0.920105	5688.682456	4.552494	10001
W742	2741.210541	0.628270	5248.132762	3.875009	2215.093897	1.501281	9705.632189	7.502505	10001
W743	1313.763535	0.408652	2515.241111	1.931010	1061.614766	0.753350	4651.560126	3.726367	10001
W744	2183.749637	0.517760	4180.856537	3.097390	1764.625672	1.200763	7731.865337	5.995173	10001
W745	2303.136963	0.590587	4409.427284	3.294995	1861.099158	1.279389	8154.572555	6.372901	10001
W746	2700.434829	0.607553	5170.066394	3.810666	2182.144209	1.475867	9561.260183	7.379067	10001
W747	2725.127822	0.652361	5217.341897	3.869112	2202.097912	1.500212	9648.689115	7.488237	10001
W748	2886.108575	0.720874	5525.544551	4.116555	2332.181857	1.597506	10218.663568	7.963965	10001
W749	2642.960926	0.588283	5060.030820	3.725876	2135.701191	1.442760	9357.765939	7.215506	10001
W750	2152.458232	0.531551	4120.948170	3.066244	1739.339982	1.189637	7621.073822	5.932661	10001
W751	2127.041296	0.587796	4072.286658	3.071840	1718.801282	1.194761	7531.081674	5.936544	10001
W752	1755.307690	0.533839	3360.591117	2.570663	1418.413979	1.002277	6214.907815	4.962210	10001
W753	1745.831758	0.477883	3342.449151	2.518113	1410.756749	0.979173	6181.356977	4.866947	10001
W754	1423.989745	0.399131	2726.272616	2.060469	1150.685417	0.801672	5041.831154	3.981354	10001
W755	1478.383267	0.469879	2830.410704	2.180818	1194.639267	0.851329	5234.418884	4.207200	10001
W756	2931.414669	0.689850	5612.284476	4.154702	2368.792417	1.610423	10379.076012	8.042193	10001
W757	1709.757605	0.434960	3273.384063	2.443803	1381.606257	0.948726	6053.631486	4.726975	10001
W758	1823.833298	0.494669	3491.785522	2.627456	1473.787564	1.021472	6457.532135	5.078799	10001
W759	1602.690229	0.446203	3068.400245	2.316909	1295.088170	0.901298	5674.544745	4.477207	10001
W760	1049.918711	0.382248	2010.101997	1.589372	848.409305	0.623084	3717.381311	3.059919	10001
W761	815.719475	0.277716	1561.720282	1.218296	659.159595	0.476571	2888.166768	2.347987	10001
W762	2011.427596	0.624760	3850.940636	2.955758	1625.377156	1.153091	7121.735500	5.703984	10001
W763	1317.985771	0.415034	2523.324714	1.941168	1065.026635	0.757576	4666.509534	3.745348	10001
W764	1522.396873	0.422770	2914.676121	2.200073	1230.205405	0.855796	5390.255099	4.251557	10001
W765	1483.142975	0.402469	2839.523313	2.136790	1198.485451	0.830727	5251.271283	4.130333	10001
W766	3234.288320	0.936249	6192.145491	4.701307	2613.535958	1.830617	11451.441746	9.080665	10001
W767	1884.367720	0.493962	3607.680555	2.703018	1522.703701	1.050038	6671.862566	5.226768	10001
W768	2242.898233	0.618365	4294.098363	3.238145	1812.421962	1.259373	7941.289062	6.258105	10001
W769	2216.587734	0.591919	4243.726095	3.186909	1791.161200	1.238528	7848.133128	6.161248	10001
W770	1170.578911	0.378148	2241.109700	1.731613	945.911364	0.676292	4144.595312	3.339844	10001
W771	1401.102550	0.388114	2682.454370	2.024102	1132.190928	0.787298	4960.795898	3.911610	10001
W772	2223.242262	0.544804	4256.466396	3.164401	1796.538533	1.227530	7871.694397	6.123026	10001
W773	1669.789509	0.429864	3196.863902	2.390001	1349.309181	0.928074	5912.118957	4.622356	10001
W774	3294.904613	0.687011	6308.197267	4.618875	2662.518252	1.786648	11666.062050	8.949340	10001
W775	3170.119348	0.668033	6069.292000	4.447805	2561.682846	1.720760	11224.242692	8.617217	10001
W776	2805.441035	0.590411	5371.104038	3.935721	2266.996723	1.522614	9933.049068	7.625174	10001
W777	2940.371305	0.708400	5629.432233	4.177509	2376.030018	1.619990	10410.788210	8.084635	10001
W778	3185.022809	0.731256	6097.825140	4.503141	2573.725907	1.744690	11277.010442	8.718520	10001
W779	2645.437110	0.670217	5064.771552	3.779386	2137.702124	1.467094	9366.533209	7.310653	10001
W780	2848.839317	0.676959	5454.191398	4.041666	2302.065635	1.566896	10086.706643	7.822717	10001
W781	2543.092831	0.633281	4868.830250	3.626072	2055.000638	1.407077	9004.169243	7.015272	10001
W782	4389.880636	1.039304	8404.562890	6.225593	3547.337083	2.413404	15542.974961	12.050143	10001
W783	3069.918993	0.679690	5877.455307	4.325680	2480.713802	1.674867	10869.469581	8.377439	10001
W784	1300.502849	0.522605	2489.853117	2.013746	1050.899185	0.792226	4604.608848	3.870308	10001
W785	2998.232523	0.673616	5740.209333	4.230350	2422.786015	1.638370	10615.653796	8.191847	10001
W786	3456.170670	0.900264	6616.946145	4.953855	2792.832744	1.924149	12237.046661	9.579795	10001
W787	2964.979882	0.672998	5676.546119	4.187451	2395.915506	1.622048	10497.918256	8.108091	10001
W788	3598.400378	0.781046	6889.249341	5.061405	2907.764506	1.959082	12740.630466	9.803826	10001
W789	3607.725372	0.823207	6907.102332	5.097752	2915.299767	1.974846	12773.646887	9.870258	10001
W790	2601.150135	0.623046	4979.982762	3.693314	2101.915086	1.432064	9209.729096	7.147962	10001
W791	2290.419432	0.602415	4385.079176	3.286826	1850.822485	1.276923	8109.544391	6.355442	10001
W792	1507.595846	0.428733	2886.339094	2.185852	1218.245117	0.850758	5337.850029	4.222911	10001
W793	1684.333797	0.470102	3224.709393	2.435762	1361.062004	0.947590	5963.615004	4.706745	10001
W794	2822.181176	0.710541	5403.153558	4.029002	2280.523953	1.563787	9992.319835	7.793979	10001
W795	2966.286208	0.692689	5679.047120	4.200870	2396.971111	1.628084	10502.543482	8.132110	10001
W796	3273.402604	0.842386	6267.031003	4.685082	2645.143093	1.819275	11589.931237	9.061164	10001
W797	1752.042820	0.493542	3354.340422	2.536904	1415.775731	0.987160	6203.348095	4.901663	10001
W798	1303.371265	0.353056	2495.344789	1.877356	1053.217070	0.729835	4614.764870	3.628927	10001
W799	1408.217731	0.391720	2696.076604	2.035532	1137.940502	0.791824	4985.988171	3.933512	10001
W800	852.304291	0.270999	1631.763050	1.257351	688.722739	0.490839	3017.700332	2.425648	10001
W801	1422.190780	0.407740	2722.828442	2.064401	1149.231725	0.803650	5035.461672	3.987892	10001
W802	1035.273805	0.345073	1982.063869	1.540082	836.575174	0.602052	3665.529010	2.969092	10001
W803	1628.232683	0.477450	3117.302068	2.371261	1315.728298	0.923638	5764.981312	4.579414	10001
W804	1793.949275	0.535372	3434.571632	2.619537	1449.639139	1.020815	6351.723651	5.057779	10001
W805	1824.152668	0.436919	3492.396966	2.590064	1474.045638	1.004284	6458.662909	5.012757	10001
W806	2562.500879	0.590971	4905.987561	3.624564	2070.683726	1.404409	9072.886100	7.017242	10001
W807	1390.017043	0.387637	2661.230823	2.009916	1123.233047	0.781907	4921.546141	3.883898	10001
W808	1071.058908	0.328250	2050.575561	1.570492	865.492093	0.612448	3792.231079	3.031253	10001
W809	2097.164677	0.582183	4015.086942	3.030551	1694.658841	1.178830	7425.299404	5.856446	10001
W810	2489.445448	0.575950	4766.120668	3.522324	2011.649720	1.364873	8814.223318	6.819117	10001
W811	2229.969412	0.561645	4269.345734	3.183682	1801.974552	1.235700	7895.512797	6.158711	10001
W812	3316.705060	0.755381	6349.934901	4.685697	2680.134570	1.815157	11743.249526	9.072580	10001
W813	3704.690122	1.013111	7092.744358	5.342814	2993.654211	2.077518	13116.963893	10.326570	10001
W814	2448.150399	0.563748	4687.060012	3.462311	1978.280371	1.341505	8668.012527	6.703203	10001
W815	2725.470712	0.632048	5217.998370	3.857171	2202.374991	1.494689	9649.903163	7.467221	10001
W816	2684.554376	0.653166	5139.662773	3.818054	2169.311669	1.480883	9505.033259	7.388319	10001
W817	3222.389555	0.770288	6169.364936	4.574433	2603.920906	1.773644	11409.312535	8.853423	10001
W818	1823.436874	0.554840	3491.026557	2.670653	1473.467226	1.041277	6456.128544	5.155189	10001
W819	3623.714195	0.829551	6937.713431	5.121942	2928.219879	1.984333	12830.257511	9.916824	10001
W820	3694.513486	0.844364	7073.260872	5.221186	2985.430762	2.022722	13080.932117	10.109116	10001
W821	3016.821836	0.727015	5775.799150	4.286248	2437.807507	1.662167	10681.471809	8.295054	10001
W822	2910.015373	0.696031	5571.314859	4.131249	2351.500258	1.601827	10303.308868	7.995636	10001
W823	1379.900687	0.477690	2641.862744	2.067556	1115.058309	0.809208	4885.727791	3.983728	10001
W824	2141.472957	0.540228	4099.916521	3.057902	1730.463095	1.186920	7582.178950	5.915300	10001
W825	2300.716410	0.643536	4404.793060	3.328121	1859.143178	1.294815	8146.002253	6.430935	10001
W826	1613.262166	0.473544	3088.640547	2.349816	1303.631051	0.915309	5711.976140	4.537942	10001
W827	1633.223731	0.480728	3126.857585	2.379871	1319.761421	0.927083	5782.652802	4.595827	10001
W828	2445.327711	0.647214	4681.655889	3.511856	1975.999438	1.364538	8658.018414	6.790113	10001
W829	2451.625245	0.613609	4693.712713	3.497644	1981.088295	1.357383	8680.315697	6.766474	10001
W830	2128.731088	0.591265	4075.521816	3.076391	1720.166755	1.196676	7537.064613	5.944994	10001
W831	1551.783957	0.478108	2970.938606	2.277320	1253.952267	0.888222	5494.304102	4.395216	10001
W832	1824.021614	0.444930	3492.146060	2.594891	1473.939738	1.006514	6458.198896	5.021256	10001
W833	2354.376978	0.575342	4507.527885	3.350043	1902.504750	1.299472	8335.994860	6.482406	10001
W834	1159.119974	0.384078	2219.171209	1.722454	936.651724	0.673224	4104.023373	3.320969	10001
W835	5.847676	0.021659	11.195557	0.042205	4.725340	0.017760	20.704499	0.078196	10001
W836	1604.457232	0.458942	3071.783227	2.328210	1296.516035	0.906296	5680.801061	4.497627	10001
W837	2272.705859	0.626706	4351.165989	3.281266	1836.508653	1.276149	8046.827053	6.341426	10001
W838	2897.174789	0.780526	5546.731160	4.170117	2341.124148	1.620959	10257.845015	8.061312	10001
W839	2604.263847	0.567975	4985.944060	3.664617	2104.431187	1.418550	9220.753618	7.098017	10001
W840	1495.787763	0.439036	2863.732152	2.178688	1208.703343	0.848650	5296.041891	4.207465	10001
W841	1382.871961	0.420636	2647.551341	2.025277	1117.459311	0.789640	4896.247996	3.909432	10001
W842	3542.027891	0.806659	6781.322463	5.004000	2862.211511	1.938460	12541.035939	9.688892	10001
W843	3779.904280	0.857538	7236.744202	5.338116	3054.432623	2.067750	13383.269946	10.336148	10001
W844	3850.311305	0.786424	7371.540639	5.388604	3111.326527	2.083737	13632.555682	10.442261	10001
W845	2809.777656	0.682639	5379.406634	3.995527	2270.501023	1.549674	9948.403470	7.731851	10001
W846	3135.426760	0.779109	6002.871964	4.469580	2533.648757	1.734320	11101.408824	8.647366	10001
W847	2832.325450	0.738984	5422.575087	4.060488	2288.721251	1.577209	10028.237031	7.852061	10001
W848	2148.946226	0.547712	4114.224327	3.072215	1736.502030	1.192734	7608.639085	5.942383	10001
W849	2726.645700	0.643288	5220.247921	3.865473	2203.324465	1.498385	9654.063370	7.482170	10001
W850	2630.771540	0.674582	5036.693862	3.763714	2125.851296	1.461384	9314.607745	7.279461	10001
W851	3081.412511	0.728518	5899.460005	4.369349	2490.001386	1.693771	10910.163960	8.457335	10001
W852	3275.930741	0.807629	6271.871201	4.665799	2647.186009	1.810169	11598.882454	9.027673	10001
W853	1680.797168	0.481020	3217.938407	2.439161	1358.204156	0.949498	5951.093084	4.711933	10001
W854	3827.198906	0.785131	7327.291233	5.358095	3092.650058	2.072075	13550.723061	10.382822	10001
W855	2169.839580	0.555973	4154.225301	3.104008	1753.385352	1.205212	7682.614871	6.003557	10001
W856	2896.133243	0.677278	5544.737088	4.102106	2340.282504	1.589849	10254.157278	7.940821	10001
W857	3030.530916	0.832392	5802.045609	4.373094	2448.885423	1.700624	10730.010688	8.451884	10001
W858	3279.233965	0.789612	6278.195324	4.658680	2649.855249	1.806564	11610.577970	9.015879	10001
W859	2646.190690	0.645303	5066.214304	3.764415	2138.311071	1.460145	9369.201362	7.284368	10001
W860	2607.173330	0.687782	4991.514356	3.742761	2106.782257	1.454150	9231.055044	7.236815	10001
W861	2180.785500	0.612179	4175.181607	3.156187	1762.230438	1.228031	7721.370406	6.098455	10001
W862	1846.731875	0.524185	3535.625561	2.676851	1492.291250	1.041811	6538.607692	5.171601	10001
W863	1679.462010	0.535904	3215.382207	2.479109	1357.125253	0.967884	5946.365776	4.782398	10001
W864	3339.547356	0.881753	6393.667187	4.794647	2698.592777	1.862868	11824.125811	9.270604	10001
W865	2545.541817	0.785827	4873.518909	3.736896	2056.979593	1.457578	9012.840211	7.212003	10001
W866	2064.578213	0.533508	3952.699144	2.956398	1668.326650	1.148108	7309.922554	5.717570	10001
W867	1410.663412	0.422634	2700.758937	2.061096	1139.916787	0.803278	4994.647441	3.979349	10001
W868	1548.804212	0.545194	2965.233792	2.328332	1251.544421	0.911762	5483.753908	4.485019	10001
W869	2016.712081	0.599820	3861.057947	2.943297	1629.647397	1.146879	7140.445945	5.683134	10001
W870	2720.180755	0.742689	5207.870584	3.922151	2198.100328	1.525045	9631.173345	7.580853	10001
W871	1018.920982	0.455486	1950.755883	1.623328	823.360926	0.641297	3607.629599	3.113536	10001
W872	1988.380408	0.584924	3806.816078	2.897138	1606.753381	1.128568	7040.133765	5.594775	10001
W873	2923.148357	0.638168	5596.458364	4.113706	2362.112646	1.592416	10349.807998	7.967797	10001
W874	3112.075034	0.799031	5958.164357	4.452971	2514.778895	1.729058	11018.728831	8.612451	10001
W875	2503.728842	0.564108	4793.466669	3.533562	2023.191723	1.368579	8864.795635	6.842396	10001
W876	3698.544073	0.662590	7080.977557	5.129381	2988.687764	1.980014	13095.202964	9.948058	10001
W877	3346.806712	0.826501	6407.565450	4.767634	2704.458855	1.849741	11849.828559	9.224560	10001
W878	1580.510604	0.492827	3025.936664	2.324017	1277.165449	0.906737	5596.014738	4.484625	10001
W879	4357.421775	0.965838	8342.419391	6.140468	3521.108005	2.377584	15428.049907	11.891989	10001
W880	2360.386175	0.651974	4519.032678	3.408620	1907.360610	1.325733	8357.271245	6.587427	10001
W881	3605.266121	0.773846	6902.394020	5.066171	2913.312517	1.960569	12764.939573	9.813897	10001
W882	3565.211101	0.823562	6825.707438	5.043664	2880.945200	1.954326	12623.119275	9.764518	10001
W883	2423.827684	0.605544	4640.493420	3.457276	1958.625881	1.341666	8581.894619	6.688496	10001
W884	2598.479472	0.659703	4974.869695	3.713200	2099.756999	1.441466	9200.273246	7.182476	10001
W885	2487.395257	0.777030	4762.195513	3.658626	2009.993019	1.427521	8806.964334	7.059828	10001
W886	2407.090696	0.628657	4608.449936	3.451276	1945.101199	1.340603	8522.635015	6.673916	10001
W887	2834.234980	0.687228	5426.230941	4.029459	2290.264287	1.562774	10034.997983	7.797656	10001
W888	2580.384508	0.649382	4940.226324	3.683627	2085.134976	1.429722	9136.205543	7.125891	10001
W889	2546.680829	0.594196	4875.699584	3.606316	2057.899996	1.397637	9016.873042	6.981215	10001
W890	3405.782742	0.821494	6520.476891	4.839340	2752.115700	1.876684	12058.641287	9.365360	10001
W891	2148.589198	0.543361	4113.540785	3.068931	1736.213526	1.191262	7607.374978	5.936490	10001
W892	1623.328205	0.487440	3107.912292	2.372638	1311.765129	0.924751	5747.616334	4.580711	10001
W893	2442.533161	0.594293	4676.305636	3.473852	1973.741242	1.347381	8648.123925	6.722252	10001
W894	1570.512764	0.427403	3006.795489	2.263512	1269.086481	0.880052	5560.616015	4.375143	10001
W895	3353.771439	0.686119	6420.899635	4.694280	2710.086852	1.815291	11874.488128	9.096669	10001
W896	3202.366223	0.651409	6131.029646	4.480362	2587.740624	1.732420	11338.417181	8.682480	10001
W897	2868.183379	0.745795	5491.226206	4.110200	2317.697019	1.596400	10155.196951	7.948473	10001
W898	1474.081349	0.393152	2822.174549	2.119036	1191.163010	0.823497	5219.187355	4.096784	10001
W899	2396.452639	0.690873	4588.083045	3.481372	1936.504889	1.355452	8484.969513	6.724670	10001
W900	2612.114589	0.839624	5000.974550	3.860691	2110.775147	1.507595	9248.550249	7.446820	10001
W901	2105.788559	0.607634	4031.597631	3.059524	1701.627553	1.191235	7455.833439	5.909756	10001
W902	3782.780680	1.065806	7242.251159	5.477502	3056.756959	2.131416	13393.454236	10.583297	10001
W903	2862.454461	0.758528	5480.258014	4.111529	2313.067644	1.597585	10134.912930	7.949467	10001
W904	1557.904157	0.459999	2982.655918	2.271186	1258.897825	0.884817	5515.973509	4.385773	10001
W905	1462.141823	0.450673	2799.315955	2.145908	1181.515021	0.836976	5176.913823	4.141569	10001
W906	1475.965368	0.558879	2825.781562	2.253590	1192.685432	0.884675	5225.857982	4.335841	10001
W907	3162.825160	0.762871	6055.327051	4.494104	2555.788621	1.742801	11198.416618	8.697243	10001
W908	2271.890474	0.754223	4349.604910	3.377198	1835.849764	1.320060	8043.940071	6.511211	10001
W909	2585.034701	0.711408	4949.129264	3.731201	2088.892664	1.451069	9152.670190	7.211140	10001
W910	2085.771469	0.578687	3993.274290	3.013852	1685.452314	1.172318	7384.960185	5.824214	10001
W911	2843.256963	0.768939	5443.503807	4.094529	2297.554694	1.591718	10066.941552	7.914861	10001
W912	2120.727736	0.569534	4060.199150	3.051280	1713.699475	1.185971	7508.727646	5.898675	10001
W913	1356.129111	0.512406	2596.351324	2.069622	1095.849178	0.812395	4801.561265	3.982037	10001
W914	3983.237570	0.878381	7626.032104	5.610570	3218.740443	2.172219	14103.199370	10.866201	10001
W915	3319.785886	0.734806	6355.833239	4.677638	2682.624098	1.811134	11754.157615	9.059087	10001
W916	2113.099768	0.591021	4045.595169	3.056697	1707.535532	1.189215	7481.719779	5.906465	10001
W917	3295.498523	0.794504	6309.334328	4.682393	2662.998174	1.815803	11668.164873	9.061668	10001
W918	4734.308037	1.029075	9063.979852	6.659974	3825.659023	2.577890	16762.467452	12.900076	10001
W919	3870.614332	0.864718	7410.411414	5.458385	3127.732823	2.113768	13704.441335	10.570356	10001
W920	1955.715528	0.506592	3744.278150	2.801316	1580.357825	1.087939	6924.479273	5.417512	10001
W921	2040.227246	0.565433	3906.078460	2.947608	1648.649329	1.146520	7223.704611	5.696269	10001
W922	2636.649791	0.676522	5047.947957	3.772408	2130.601343	1.464780	9335.420502	7.296230	10001
W923	2610.883748	0.634126	4998.618067	3.712578	2109.780540	1.439923	9244.192290	7.184330	10001
W924	2588.530056	0.583182	4955.821228	3.653225	2091.717160	1.414924	9165.045972	7.074114	10001
W925	1147.722970	0.432344	2197.351292	1.750374	927.442132	0.687006	4063.670717	3.367966	10001
W926	3298.253168	0.775752	6314.608180	4.674363	2665.224124	1.811833	11677.918070	9.048138	10001
W927	3069.145681	0.929465	5875.974778	4.491789	2480.088912	1.751105	10866.731565	8.671081	10001
W928	2176.620908	0.558339	4167.208365	3.114122	1758.865150	1.209168	7706.625095	6.023051	10001
W929	2817.495082	0.690359	5394.181886	4.010175	2276.737255	1.555618	9975.728078	7.759582	10001
W930	1477.923177	0.450388	2829.529848	2.165124	1194.267482	0.844208	5232.789873	4.179280	10001
W931	2610.302494	0.595963	4997.505237	3.688589	2109.310845	1.428958	9242.134277	7.141804	10001
W932	1211.712296	0.399124	2319.860844	1.798665	979.150077	0.702885	4290.233708	3.468207	10001
W933	2675.940308	0.653527	5123.170872	3.807346	2162.350887	1.476840	9474.533969	7.367339	10001
W934	2688.089184	0.655132	5146.430274	3.823775	2172.168047	1.483152	9517.548733	7.399274	10001
W935	1201.675953	0.411153	2300.645953	1.796436	971.039995	0.702836	4254.698657	3.461959	10001
W936	2016.641506	0.531700	3860.922829	2.894815	1629.590367	1.124689	7140.196063	5.597302	10001
W937	3024.540405	0.806376	5790.576591	4.347663	2444.044663	1.689570	10708.800463	8.405477	10001
W938	2148.291620	0.676603	4112.971063	3.164149	1735.973062	1.234872	7606.321362	6.104991	10001
W939	1677.652387	0.530149	3211.917626	2.472352	1355.662948	0.964976	5939.958555	4.770002	10001
W940	2882.843364	0.703528	5519.293202	4.101396	2329.543333	1.590876	10207.102638	7.936391	10001
W941	2453.741132	0.630230	4697.763646	3.511131	1982.798083	1.363359	8687.807287	6.790822	10001
W942	750.868506	0.334780	1437.561087	1.195368	606.755380	0.472180	2658.553011	2.292832	10001
W943	2654.322052	0.663162	5081.782050	3.786067	2144.881792	1.469262	9397.991567	7.324578	10001
W944	494.657152	0.180913	947.036488	0.749540	399.718307	0.293889	1751.401543	1.442935	10001
W945	743.224686	0.308351	1422.926756	1.160163	600.578628	0.456970	2631.489017	2.228445	10001
W946	2938.324957	0.602098	5625.514436	4.113300	2374.376423	1.590663	10403.542833	7.970744	10001
W947	3628.980507	0.819241	6947.795948	5.122592	2932.475434	1.984093	12848.903610	9.919237	10001
W948	3457.226971	0.777128	6618.968467	4.878195	2793.686311	1.889290	12240.786641	9.446325	10001
W949	2797.019595	0.736559	5354.980930	4.014418	2260.191598	1.559633	9903.231805	7.762223	10001
W950	2755.400276	0.696944	5275.299451	3.935748	2226.560216	1.527739	9755.872894	7.613235	10001
W951	3630.416084	0.735886	6950.544406	5.077857	2933.635484	1.963351	12853.986470	9.840601	10001
W952	3145.077432	0.719683	6021.348474	4.445236	2541.447189	1.722152	11135.578351	8.606653	10001
W953	3170.173963	0.747294	6069.396563	4.493862	2561.726979	1.741941	11224.436065	8.698570	10001
W954	2151.235825	0.540129	4118.607835	3.070187	1738.352190	1.191571	7616.745725	5.939341	10001
W955	2006.826290	0.531773	3842.131293	2.882521	1621.658972	1.120038	7105.443943	5.573235	10001
W956	2254.403625	0.621021	4316.125794	3.254395	1821.719141	1.265668	7982.025481	6.289568	10001
W957	3055.935004	0.769028	5850.682526	4.362478	2469.413741	1.693203	10819.957350	8.439117	10001
W958	4308.863868	0.930408	8249.453770	6.057987	3481.869748	2.344622	15256.123974	11.734651	10001
W959	2304.758165	0.613762	4412.531126	3.312520	1862.409205	1.287263	8160.312643	6.404281	10001
W960	2566.515231	0.654907	4913.673163	3.669689	2073.927610	1.424728	9087.099465	7.097954	10001
W961	3040.866315	0.731752	5821.833053	4.319753	2457.237164	1.675113	10766.604589	8.360006	10001
W962	2396.699572	0.616301	4588.555807	3.429983	1936.704429	1.331883	8485.843814	6.633797	10001
W963	2365.108769	0.552294	4528.074232	3.349475	1911.176803	1.298118	8373.992239	6.483966	10001
W964	1419.484393	0.404062	2717.646980	2.058378	1147.044771	0.801162	5025.879338	3.976595	10001
W965	2575.674022	0.592114	4931.207952	3.642066	2081.328567	1.411109	9119.527421	7.051319	10001
W966	3002.681802	0.621308	5748.727616	4.206638	2426.381350	1.626997	10631.407078	8.151053	10001
W967	3345.437347	0.657387	6404.943758	4.668400	2703.352311	1.804229	11844.980134	9.048978	10001
W968	1441.287003	0.443396	2759.388754	2.114647	1164.662836	0.824740	5103.074469	4.081340	10001
W969	4179.470000	1.154102	8001.725188	6.035315	3377.310261	2.347331	14797.987222	11.663763	10001
W970	2001.687060	0.507304	3832.292077	2.859813	1617.506107	1.110140	7087.247794	5.531859	10001
W971	2094.489043	0.557758	4009.964357	3.010304	1692.496737	1.169820	7415.825952	5.819991	10001
W972	2280.917971	0.601400	4366.888334	3.274189	1843.144626	1.272084	8075.903164	6.330842	10001
W973	2247.662013	0.610156	4303.218768	3.238402	1816.271436	1.259015	7958.155877	6.259681	10001
W974	1157.381273	0.387360	2215.842411	1.723036	935.246729	0.673657	4097.867262	3.321604	10001
W975	1250.086879	0.413213	2393.330175	1.856808	1010.159480	0.725683	4426.104185	3.580137	10001
W976	2237.854484	0.591250	4284.441950	3.213184	1808.346253	1.248439	7923.430977	6.212753	10001
W977	2812.297678	0.674573	5384.231295	3.993707	2272.537381	1.548582	9957.325954	7.729236	10001
W978	1267.871252	0.422632	2427.378910	1.886122	1024.530524	0.737328	4489.072199	3.636211	10001
W979	272.236302	0.201894	521.204860	0.532199	219.986375	0.215183	963.889995	1.008634	10001
W980	1596.030098	0.494459	3055.649217	2.344350	1289.706309	0.914505	5650.963637	4.524254	10001
W981	2474.901394	0.605797	4738.275624	3.522168	1999.897086	1.366284	8762.728098	6.815366	10001
W982	2919.863161	0.722111	5590.168755	4.160103	2359.457974	1.614079	10338.176313	8.048981	10001
W983	2206.012083	0.577424	4223.478683	3.163828	1782.615318	1.229008	7810.688584	6.117920	10001
W984	4108.010427	0.984910	7864.913616	5.833446	3319.565823	2.261931	14544.974796	11.289832	10001
W985	2807.332663	0.711893	5374.725619	4.011106	2268.525294	1.557074	9939.746638	7.758809	10001
W986	3897.207731	0.925354	7461.325304	5.528548	3149.222189	2.143307	13798.598916	10.700677	10001
W987	1568.572250	0.446607	3003.080314	2.274645	1267.518407	0.885343	5553.745358	4.394391	10001
W988	661.245795	0.246316	1265.975622	1.005955	534.333829	0.394675	2341.231502	1.935967	10001
W989	2195.142430	0.574645	4202.668394	3.148283	1773.831862	1.222972	7772.203085	6.087853	10001
W990	1635.798384	0.498544	3131.786838	2.396441	1321.841925	0.934404	5791.768714	4.625780	10001
W991	2196.053855	0.564734	4204.413347	3.142852	1774.568359	1.220389	7775.430112	6.078465	10001
W992	2684.721011	0.666920	5139.981801	3.826970	2169.446322	1.484961	9505.623252	7.404119	10001
W993	1888.796651	0.504599	3616.159880	2.715772	1526.282593	1.055440	6687.543804	5.250375	10001
W994	2052.896090	0.523332	3930.333357	2.934964	1658.886661	1.139453	7268.560395	5.676896	10001
W995	2124.898116	0.508170	4068.183472	3.016600	1717.069440	1.169636	7523.493449	5.838347	10001
W996	3601.808579	0.682576	6895.774447	5.013367	2910.518576	1.936598	12752.697669	9.719872	10001
W997	1948.200338	0.469688	3729.890085	2.768092	1574.285015	1.073449	6897.870712	5.356989	10001
W998	2443.528457	0.547234	4678.211161	3.446668	1974.545512	1.334784	8651.647908	6.674463	10001
W999	2507.789687	0.589758	4801.241283	3.554053	2026.473176	1.377585	8879.173614	6.879568	10001
W1000	3230.947088	0.737462	6185.748599	4.565495	2610.836004	1.768662	11439.611656	8.839682	10001
W1001	3853.931539	0.749780	7378.471689	5.374112	3114.251935	2.076683	13645.373616	10.417566	10001
W1002	3029.729587	0.785078	5800.511441	4.339893	2448.237892	1.685485	10727.173473	8.392961	10001
W1003	1882.189812	0.573772	3603.510883	2.757507	1520.943796	1.075195	6664.151386	5.322719	10001
W1004	3627.229815	0.970273	6944.444193	5.216195	2931.060750	2.027248	12842.705044	10.084278	10001
W1005	3264.369332	0.803796	6249.736524	4.648709	2637.843565	1.803494	11557.947699	8.994711	10001
W1006	2403.031813	0.562763	4600.679077	3.404158	1941.821331	1.319381	8508.263981	6.589658	10001
W1007	3447.333973	0.837189	6600.028015	4.901921	2785.692062	1.901206	12205.759125	9.485876	10001
W1008	1633.561756	0.459302	3127.504743	2.364731	1320.034569	0.920122	5783.849624	4.569100	10001
W1009	2265.823938	0.641897	4337.990337	3.283434	1830.947569	1.277828	8022.460665	6.343648	10001
W1010	2228.125785	0.549814	4265.816053	3.173766	1800.484769	1.231335	7888.985183	6.140743	10001
W1011	3981.443207	0.978033	7622.596739	5.668402	3217.290469	2.198985	14096.846179	10.967944	10001
W1012	3526.546530	0.716267	6751.682917	4.933338	2849.701466	1.907530	12486.222056	9.560400	10001
W1013	2491.059832	0.625848	4769.211456	3.555431	2012.954258	1.379918	8819.939266	6.878012	10001
W1014	1912.875561	0.527200	3662.259702	2.761556	1545.740072	1.074010	6772.798491	5.337059	10001
W1015	2624.898019	0.628234	5025.448824	3.726724	2121.105072	1.444996	9293.811738	7.212675	10001
W1016	1982.601235	0.490785	3795.751673	2.825028	1602.083397	1.096104	7019.671812	5.465823	10001
W1017	1795.377627	0.472347	3437.306257	2.576516	1450.793350	1.000976	6356.780928	4.981963	10001
W1018	2126.026253	0.547685	4070.343327	3.043266	1717.981055	1.181764	7527.487776	5.885754	10001
W1019	3032.827311	0.675719	5806.442129	4.275865	2450.741074	1.655758	10738.141389	8.280546	10001
W1020	3210.522568	0.679061	6146.645221	4.505879	2594.331533	1.743330	11367.295839	8.729491	10001
W1021	2786.950581	0.607397	5335.703490	3.921448	2252.055116	1.517950	9867.581079	7.595515	10001
W1022	2337.305742	0.551286	4474.844474	3.313430	1888.709972	1.284388	8275.551807	6.413627	10001
W1023	2877.787803	0.601908	5509.614173	4.035171	2325.458079	1.560938	10189.202730	7.818204	10001
W1024	1078.529073	0.297199	2064.877424	1.557002	871.528520	0.605539	3818.680225	3.009110	10001
W1025	3494.217344	0.758538	6689.787684	4.914923	2823.577174	1.902389	12371.756133	9.520084	10001
W1026	3079.001234	0.719643	5894.843541	4.360880	2488.052902	1.690125	10901.626504	8.441794	10001
W1027	3027.421412	0.706160	5796.092367	4.286963	2446.372722	1.661415	10719.001062	8.298852	10001
W1028	3106.353218	0.735608	5947.209763	4.405444	2510.155259	1.707816	10998.469956	8.527078	10001
W1029	2640.662998	0.647886	5055.631366	3.759028	2133.844301	1.458232	9349.629811	7.273529	10001
W1030	1305.758817	0.442523	2499.915831	1.948489	1055.146383	0.762097	4623.218326	3.755525	10001
W1031	2186.942717	0.498458	4186.969789	3.089843	1767.205909	1.196967	7743.170876	5.982605	10001
W1032	2548.546100	0.573785	4879.270703	3.596567	2059.407268	1.392964	9023.477289	6.964441	10001
W1033	1945.734237	0.496826	3725.168659	2.782289	1572.292230	1.080217	6889.139145	5.381499	10001
W1034	2882.850850	0.624867	5519.307534	4.054444	2329.549382	1.569289	10207.129143	7.853450	10001
W1035	2744.371099	0.543358	5254.183748	3.831755	2217.647853	1.481042	9716.822577	7.426902	10001
W1036	2759.353165	0.669978	5282.867379	3.923566	2229.754433	1.521746	9769.868638	7.592641	10001
W1037	2107.210383	0.625671	4034.319758	3.074579	1702.776488	1.197981	7460.867604	5.936751	10001
W1038	2525.819355	0.672931	4835.759643	3.630444	2041.042435	1.410825	8943.010129	7.018909	10001
W1039	2203.331372	0.564323	4218.346379	3.151767	1780.449113	1.223745	7801.197160	6.095955	10001
W1040	2135.876688	0.544063	4089.202290	3.053323	1725.940910	1.185384	7562.364591	5.905875	10001
W1041	3069.876725	0.712458	5877.374383	4.344911	2480.679647	1.683716	10869.319925	8.411396	10001
W1042	2411.219071	0.562949	4616.353838	3.414708	1948.437221	1.323395	8537.252093	6.610257	10001
W1043	3420.950233	0.744997	6549.515525	4.813206	2764.372116	1.863116	12112.343872	9.322831	10001
W1044	1304.845998	0.452215	2498.168210	1.955529	1054.408760	0.765390	4619.986363	3.767810	10001
W1045	3604.433623	0.788144	6900.800176	5.073176	2912.639799	1.963878	12761.991999	9.826064	10001
W1046	2714.713551	0.580598	5197.403451	3.813582	2193.682437	1.475740	9611.815958	7.387653	10001
W1047	2630.374851	0.741391	5035.934389	3.809006	2125.530743	1.482181	9313.203214	7.359498	10001
W1048	3859.753744	0.827253	7389.618482	5.423100	3118.956692	2.098647	13665.987934	10.505435	10001
W1049	2617.681158	0.621287	5011.631920	3.713265	2115.273333	1.439547	9268.259453	7.187166	10001
W1050	2697.091780	0.620105	5163.666023	3.813800	2179.442787	1.477651	9549.423659	7.383801	10001
W1051	4185.157788	0.830568	8012.614636	5.844428	3381.906401	2.259053	14818.125618	11.327793	10001
W1052	2358.570104	0.590741	4515.555754	3.365158	1905.893095	1.305987	8350.841198	6.510123	10001
W1053	4702.590499	0.892667	9003.255639	6.546290	3800.028986	2.528801	16650.167154	12.691759	10001
W1054	3618.341774	0.782364	6927.427762	5.087754	2923.878578	1.969156	12811.235714	9.855154	10001
W1055	2659.857762	0.624731	5092.380338	3.769085	2149.355041	1.460899	9417.591507	7.295886	10001
W1056	2476.147935	0.576278	4740.662165	3.505554	2000.904380	1.358523	8767.141647	6.786306	10001
W1057	2521.818386	0.562153	4828.099664	3.555580	2037.809367	1.376852	8928.844149	6.885630	10001
W1058	3416.664023	0.697896	6541.309442	4.781728	2760.908552	1.849064	12097.167955	9.266227	10001
W1059	1790.181487	0.477107	3427.358084	2.573199	1446.594498	0.999977	6338.383279	4.974869	10001
W1060	1776.420615	0.530224	3401.012468	2.594004	1435.474730	1.010869	6289.661023	5.008469	10001
W1061	929.184241	0.379214	1778.952102	1.444354	750.847230	0.568552	3289.904347	2.775175	10001
W1062	2455.727789	0.612772	4701.567162	3.502301	1984.403444	1.359105	8694.841318	6.775681	10001
W1063	2369.233777	0.648663	4535.971687	3.417377	1914.510104	1.328861	8388.597394	6.605006	10001
W1064	1747.609992	0.516950	3345.853636	2.548444	1412.193690	0.992879	6187.653061	4.921060	10001
W1065	2524.624479	0.587019	4833.472016	3.573858	2040.076890	1.384970	8938.779507	6.918589	10001
W1066	2939.277202	0.659556	5627.337540	4.146692	2375.145905	1.605936	10406.914390	8.029929	10001
W1067	2222.124827	0.548925	4254.327031	3.165594	1795.635566	1.228191	7867.737965	6.124869	10001
W1068	2218.953439	0.593274	4248.255311	3.190804	1793.072858	1.240076	7856.509231	6.168696	10001
W1069	3174.298096	0.669435	6077.292344	4.453956	2565.059573	1.723161	11239.038125	8.629083	10001
W1070	2031.006712	0.543343	3888.425461	2.920759	1641.198479	1.135141	7191.058045	5.646589	10001
W1071	1527.638685	0.475895	2924.711732	2.245926	1234.441163	0.876247	5408.814453	4.333990	10001
W1072	3342.430979	0.893153	6399.187973	4.805996	2700.922951	1.867782	11834.335676	9.291361	10001
W1073	3095.508258	0.766255	5926.446750	4.410804	2501.391756	1.711380	10960.071887	8.533963	10001
W1074	2428.848296	0.579942	4650.105537	3.447535	1962.682894	1.336683	8599.670783	6.672477	10001
W1075	1272.048816	0.379513	2435.376986	1.857374	1027.906294	0.723800	4503.863438	3.586214	10001
W1076	2535.222982	0.578563	4853.763178	3.582342	2048.641237	1.387786	8976.304959	6.936116	10001
W1077	2834.931216	0.689415	5427.563907	4.031712	2290.826896	1.563739	10037.463104	7.801805	10001
W1078	2550.336360	0.678581	4882.698210	3.665084	2060.853926	1.424244	9029.815949	7.085978	10001
W1079	3907.306133	0.812728	7480.659007	5.476280	3157.382418	2.118225	13834.353692	10.610796	10001
W1080	3408.802573	0.705109	6526.258451	4.775471	2754.555938	1.846995	12069.333412	9.253282	10001
W1081	2772.718728	0.679950	5308.456164	3.946800	2240.554762	1.531059	9817.191248	7.636893	10001
W1082	2850.331147	0.716000	5457.047552	4.068139	2303.271140	1.578903	10091.988671	7.869862	10001
W1083	2316.087926	0.616852	4434.222306	3.328853	1871.564462	1.293614	8200.427217	6.435850	10001
W1084	3523.584660	0.735200	6746.012324	4.939721	2847.308063	1.910777	12475.735147	9.570950	10001
W1085	2688.649651	0.619632	5147.503305	3.802739	2172.620944	1.473428	9519.533144	7.362237	10001
W1086	3548.859791	0.758110	6794.402348	4.984881	2867.732174	1.928961	12565.225218	9.656774	10001
W1087	3334.138016	0.718959	6383.310838	4.687035	2694.221644	1.813982	11804.973301	9.079136	10001
W1088	4937.860805	0.975254	9453.687951	6.893113	3990.144197	2.664221	17483.173967	13.360800	10001
W1089	2402.982598	0.572726	4600.584855	3.410180	1941.781563	1.322154	8508.089730	6.600287	10001
W1090	3309.995762	0.700138	6337.089741	4.645508	2674.712978	1.797354	11719.494335	8.999998	10001
W1091	1844.107741	0.511119	3530.601574	2.664293	1490.170762	1.036322	6529.316584	5.148757	10001
W1092	2202.124938	0.617941	4216.036623	3.186909	1779.474228	1.239973	7796.925614	6.157843	10001
W1093	1462.672594	0.469262	2800.332133	2.161111	1181.943922	0.843865	5178.793092	4.168641	10001
W1094	2521.155700	0.634365	4826.830931	3.599003	2037.273869	1.396872	8926.497819	6.962200	10001
W1095	2338.780885	0.601794	4477.668680	3.347349	1889.901993	1.299813	8280.774753	6.473935	10001
W1096	2162.338345	0.552166	4139.863954	3.092042	1747.323819	1.200479	7656.055720	5.980618	10001
W1097	1968.308147	0.466582	3768.387110	2.791752	1590.533561	1.082272	6969.065169	5.403603	10001
W1098	1272.340966	0.376744	2435.936317	1.855668	1028.142373	0.722991	4504.897837	3.583261	10001
W1099	1995.677057	0.514853	3820.785740	2.857172	1612.649595	1.109535	7065.968555	5.525763	10001
W1100	2335.903089	0.559937	4472.159050	3.316959	1887.576528	1.286153	8270.585520	6.419527	10001
W1101	3000.822054	0.845835	5745.167070	4.345466	2424.878541	1.690933	10624.822384	8.396007	10001
W1102	2324.828469	0.553097	4450.956347	3.298652	1878.627445	1.278869	8231.374310	6.384532	10001
W1103	1528.151493	0.478748	2925.693519	2.248777	1234.855548	0.877498	5410.630119	4.339161	10001
W1104	1492.754721	0.465612	2857.925299	2.195094	1206.252428	0.856444	5285.302990	4.235826	10001
W1105	2417.309370	0.552562	4628.013905	3.416264	1953.358618	1.323488	8558.815634	6.614466	10001
W1106	2020.887714	0.589196	3869.052326	2.940602	1633.021607	1.145235	7155.230345	5.679335	10001
W1107	2701.117164	0.671076	5171.372745	3.850396	2182.695584	1.494054	9563.676082	7.449432	10001
W1108	953.672391	0.366044	1825.835426	1.460630	770.635404	0.573664	3376.608003	2.809551	10001
W1109	1501.594026	0.444619	2874.848423	2.190021	1213.395218	0.853259	5316.599762	4.228890	10001
W1110	1884.088435	0.575445	3607.145855	2.761124	1522.478019	1.076661	6670.873720	5.329567	10001
W1111	2769.162469	0.590953	5301.647596	3.889352	2237.681051	1.505008	9804.599825	7.534558	10001
W1112	913.994409	0.343068	1749.870698	1.392806	738.572761	0.546595	3236.122664	2.680118	10001
W1113	3328.900943	0.904648	6373.284299	4.796911	2689.989715	1.864973	11786.430726	9.272096	10001
W1114	1654.616173	0.502785	3167.814080	2.422871	1337.048042	0.944633	5858.395680	4.676977	10001
W1115	1512.251068	0.489161	2895.251663	2.237553	1222.006870	0.873923	5354.332484	4.315595	10001
W1116	4241.935467	0.833471	8121.317266	5.919379	3427.786820	2.287701	15019.154783	11.473818	10001
W1117	3576.819433	0.670539	6847.931950	4.974960	2890.325561	1.921490	12664.220167	9.646041	10001
W1118	2832.497041	0.587864	5422.903603	3.969175	2288.859909	1.535225	10028.844573	7.690765	10001
W1119	3267.062029	0.912649	6254.891776	4.725157	2640.019456	1.838278	11567.481562	9.130566	10001
W1120	3594.607591	0.869341	6881.987933	5.109079	2904.699664	1.981390	12727.201585	9.887132	10001
W1121	2329.934978	0.541232	4460.732916	3.297944	1882.753868	1.278023	8249.454604	6.384502	10001
W1122	2107.191399	0.524849	4034.283412	3.004615	1702.761148	1.165930	7460.800387	5.812943	10001
W1123	3193.750343	0.644068	6114.534275	4.465342	2580.778378	1.726393	11307.911475	8.653885	10001
W1124	1318.996009	0.382508	2525.258846	1.917774	1065.842979	0.746786	4670.086419	3.704137	10001
W1125	1652.363213	0.456018	3163.500717	2.385895	1335.227489	0.927940	5850.418764	4.610975	10001
W1126	2579.099120	0.698109	4937.765409	3.714539	2084.096291	1.444029	9131.654451	7.180259	10001
W1127	3019.689118	0.679726	5781.288651	4.261378	2440.124476	1.650442	10691.623815	8.251802	10001
W1128	3251.719912	0.711310	6225.518817	4.576903	2627.621930	1.771778	11513.160691	8.864821	10001
W1129	2624.777059	0.653302	5025.217241	3.742336	2121.007327	1.452179	9293.383461	7.240240	10001
W1130	2106.817569	0.564173	4033.567704	3.030155	1702.459067	1.177683	7459.476792	5.858020	10001
W1131	1921.781179	0.528165	3679.309786	2.773372	1552.936448	1.078534	6804.330056	5.360064	10001
W1132	1586.329529	0.490786	3037.077177	2.329586	1281.867556	0.908711	5616.617442	4.495841	10001
W1133	1745.959433	0.536863	3342.693588	2.561459	1410.859920	0.998989	6181.809027	4.943733	10001
W1134	2356.670877	0.616935	4511.919626	3.379951	1904.358384	1.312966	8344.116725	6.535831	10001
W1135	1517.444952	0.492200	2905.195515	2.246328	1226.203899	0.877422	5372.722143	4.332351	10001
W1136	2044.429572	0.641802	3914.123944	3.009539	1652.045109	1.174424	7238.583523	5.806939	10001
W1137	2165.309554	0.592666	4145.552426	3.123122	1749.724768	1.214430	7666.575692	6.036298	10001
W1138	2935.125854	0.870007	5619.389653	4.281462	2371.791319	1.668156	10392.215970	8.267315	10001
W1139	1586.856535	0.564318	3038.086146	2.390474	1282.293415	0.936409	5618.483379	4.603978	10001
W1140	2022.995751	0.679867	3873.088228	3.014018	1634.725051	1.178543	7162.694139	5.809955	10001
W1141	2490.927876	0.633593	4768.958823	3.560288	2012.847628	1.382160	8819.472059	6.886569	10001
W1142	2506.161955	0.710001	4798.124939	3.631723	2025.157852	1.413374	8873.410405	7.016546	10001
W1143	2878.802055	0.809212	5511.555992	4.167182	2326.277667	1.621449	10192.793831	8.051795	10001
W1144	2299.280479	0.731877	4402.043925	3.392614	1857.982844	1.324437	8140.918142	6.544845	10001
W1145	2575.579451	0.738253	4931.026893	3.738501	2081.252147	1.455352	9119.192579	7.221842	10001
W1146	2553.632961	0.721042	4889.009656	3.698792	2063.517815	1.439357	9041.488018	7.146402	10001
W1147	1344.543867	0.434238	2574.171013	1.988870	1086.487473	0.776759	4760.542116	3.836041	10001
W1148	2386.467176	0.580332	4568.965566	3.393912	1928.435922	1.316361	8449.614610	6.567595	10001
W1149	2549.012257	0.594005	4880.163173	3.609175	2059.783956	1.398713	9025.127780	6.986823	10001
W1150	626.779744	0.301368	1199.989297	1.020931	506.482799	0.404554	2219.199719	1.955157	10001
W1151	2440.751229	0.614074	4672.894072	3.484185	1972.301314	1.352306	8641.814752	6.740093	10001
W1152	3918.593303	0.767732	7502.268645	5.467036	3166.503258	2.112796	13874.317466	10.597216	10001
W1153	3008.920610	0.693673	5760.672008	4.255857	2431.422753	1.649006	10653.496434	8.239467	10001
W1154	4173.629683	0.792063	7990.543721	5.809847	3372.590869	2.244309	14777.308780	11.263982	10001
W1155	2860.777141	0.671020	5477.046733	4.053246	2311.712249	1.571001	10128.974147	7.846033	10001
W1156	3392.446852	0.746319	6494.944916	4.777394	2741.339348	1.849567	12011.423739	9.252731	10001
