# Module Gain Results (Run: 0979)
# LMS Entries: 10001, Sample Rate: 1.00 Hz
# Current Run Time: 2.78 hours 
# Cumulative Time: 8.34 hours (total time up to this run)
# Formula: Gain = (Module LMS Mean - Module Pedestal Mean) × RefPMT Alpha Signal / RefPMT LMS Signal
# Reference PMT Params:
# RefPMT1: AlphaSignal=4503.23, AlphaError=2.94, LMSSignal=2333.91, LMSError=0.89, Valid=Yes
# RefPMT2: AlphaSignal=1946.88, AlphaError=1.16, LMSSignal=2334.66, LMSError=0.78, Valid=Yes
# RefPMT3: AlphaSignal=5499.25, AlphaError=3.00, LMSSignal=1357.92, LMSError=0.85, Valid=Yes
# G module
# module name	module signal(LMS-Pedestal)	signal error	gain1(RefPMT1)	gain1 error	gain2(RefPMT2)	gain2 error	gain3(RefPMT3)	gain3 error	LMS entries
G1	4819.811302	1.399109	9299.716119	7.537348	4019.259179	2.981939	19519.086208	17.196626	10001
G2	4276.436872	1.445998	8251.287534	6.838951	3566.137153	2.717067	17318.549366	15.550647	10001
G3	6665.110442	1.812996	12860.178777	10.341251	5558.061228	4.084934	26992.107605	23.622579	10001
G4	5096.095934	1.453168	9832.801024	7.951483	4249.653996	3.144406	20637.973072	18.147776	10001
G5	5188.592644	1.759876	10011.271319	8.301981	4326.787358	3.298631	21012.562686	18.875892	10001
G6	5155.425275	1.520728	9947.275636	8.079028	4299.128962	3.197526	20878.242753	18.426581	10001
G7	3800.843169	1.276200	7333.640317	6.071322	3169.537734	2.411579	15392.508300	13.807558	10001
G8	7052.721850	1.696080	13608.066159	10.805070	5881.291872	4.257355	28561.841359	24.731294	10001
G9	4942.299947	1.229688	9536.055170	7.596229	4121.402931	2.994976	20015.136006	17.377827	10001
G10	5543.905655	1.313608	10696.839680	8.482109	4623.084245	3.341162	22451.495635	19.418511	10001
G11	5911.693346	1.475555	11406.477652	9.088990	4929.783814	3.583753	23940.948064	20.791782	10001
G12	4616.719681	1.355021	8907.855463	7.230071	3849.900295	2.861163	18696.613582	16.491948	10001
G13	3222.563823	1.201439	6217.863492	5.245272	2687.308364	2.090521	13050.614875	11.896265	10001
G14	2959.892725	0.964239	5711.045592	4.705148	2468.265926	1.867248	11986.859578	10.708297	10001
G15	5778.734543	1.264743	11149.936671	8.783248	4818.908958	3.455096	23402.496625	20.129211	10001
G16	7776.376762	725.140865	15004.341829	1399.188852	6484.750486	604.713965	31492.471156	2936.764390	10001
G17	6609.053732	2.094599	12752.018632	10.461921	5511.315322	4.148575	26765.091301	23.824971	10001
G18	5833.378236	2.197037	11255.370432	9.513853	4864.476543	3.793112	23623.790549	21.571206	10001
G19	4673.230216	1.480918	9016.891254	7.397453	3897.024648	2.933380	18925.467772	16.846288	10001
G20	4670.587844	1.454077	9011.792857	7.374035	3894.821164	2.922659	18914.766795	16.799561	10001
G21	4940.648350	1.231883	9532.868452	7.595262	4120.025659	2.994719	20008.447434	17.375046	10001
G22	6663.177247	1.634312	12856.448722	10.227089	5556.449130	4.031127	26984.278628	23.401528	10001
G23	789.213215	0.564903	1522.768922	1.586149	658.127935	0.651019	3196.125288	3.507398	10001
G24	5251.806568	1.483277	10133.241145	8.184756	4379.501693	3.235909	21268.564001	18.683589	10001
G25	5425.456852	1.513377	10468.295412	8.442673	4524.309332	3.336897	21971.806233	19.276831	10001
G26	6635.693494	1.605366	12803.419447	10.171776	5533.530322	4.008277	26872.975985	23.279730	10001
G27	3237.882699	1.354943	6247.420914	5.402293	2700.082834	2.162232	13112.652668	12.209833	10001
G28	2462.686737	1.224449	4751.697963	4.302431	2053.643940	1.734543	9973.293913	9.665008	10001
G29	6337.625921	2.292315	12228.304854	10.256187	5284.970627	4.083462	25665.873405	23.280394	10001
G30	5784.273971	1.520335	11160.624872	8.940476	4823.528308	3.528947	23424.929987	20.434938	10001
G31	3300.503293	1.510119	6368.245924	5.631411	2752.302388	2.262110	13366.251140	12.689281	10001
G32	4968.774528	1.246114	9587.137271	7.642871	4143.480186	3.013838	20122.351745	17.482375	10001
G33	3103.374117	0.902335	5987.889670	4.854161	2587.915611	1.920490	12567.924996	11.074517	10001
G34	923.287044	0.700001	1781.461320	1.908280	769.932616	0.785550	3739.092315	4.208322	10001
G35	4832.185346	1.160681	9323.591557	7.402301	4029.577942	2.916549	19569.198137	16.943128	10001
G36	3284.545877	1.053197	6337.456453	5.208493	2738.995437	2.066060	13301.627410	11.858181	10001
G37	3962.525137	1.269653	7645.601992	6.282896	3304.364950	2.492192	16047.281711	14.304518	10001
G38	3983.780445	1.348010	7686.613624	6.371692	3322.089833	2.531484	16133.360638	14.487921	10001
G39	4553.297903	1.470322	8785.484587	7.228200	3797.012631	2.867796	18439.770509	16.453794	10001
G40	6471.950152	2.241982	12487.480397	10.392683	5396.984119	4.132038	26209.854501	23.616932	10001
G41	6162.391227	1.696713	11890.193503	9.574686	5138.841741	3.783174	24956.214688	21.866735	10001
G42	4369.446007	1.495142	8430.746542	7.001690	3643.697828	2.782741	17695.214181	15.915985	10001
G43	4582.434519	1.280021	8841.703024	7.132027	3821.309767	2.818968	18557.766853	16.283859	10001
G44	1670.676345	1.000896	3223.531953	3.111250	1393.183429	1.265488	6765.840729	6.935699	10001
G45	3619.686373	1.217209	6984.102407	5.783386	3018.470386	2.297313	14658.866487	13.152243	10001
G46	4571.240812	1.247200	8820.105022	7.094968	3811.975292	2.802799	18512.435011	16.206201	10001
G47	4450.927966	1.411367	8587.964125	7.046229	3711.645947	2.794156	18025.196679	16.046213	10001
G48	7806.380007	6.622307	15062.232408	17.122520	6509.770307	7.088828	31613.977144	37.560431	10001
G49	3434.884087	1.078667	6627.530604	5.429927	2864.363049	2.152635	13910.461303	12.368125	10001
G50	5988.417779	1.453820	11554.515699	9.182546	4993.764614	3.618700	24251.663719	21.014638	10001
G51	4183.978941	1.311879	8072.892062	6.612610	3489.036128	2.621385	16944.116797	15.062522	10001
G52	3217.729491	1.123732	6208.535758	5.174344	2683.276996	2.057800	13031.036983	11.756042	10001
G53	4811.748838	1.587854	9284.159780	7.664524	4012.535860	3.042833	19486.435154	17.438145	10001
G54	2614.196166	0.834854	5044.031956	4.142930	2179.988236	1.643192	10586.870966	9.433085	10001
G55	2857.098741	1.083596	5512.706940	4.666222	2382.545627	1.860845	11570.568458	10.577843	10001
G56	4242.753877	1.496820	8186.296962	6.834932	3538.048773	2.719087	17182.141269	15.524791	10001
G57	777.072804	0.608907	1499.344275	1.633287	648.004000	0.673483	3146.959518	3.596274	10001
G58	2338.762002	1.141862	4512.588011	4.063849	1950.302628	1.637026	9471.428296	9.135372	10001
G59	5298.723528	1.547279	10223.766352	8.292623	4418.625926	3.281227	21458.566501	18.917580	10001
G60	4838.239293	1.755989	9335.272509	7.834729	4034.626352	3.119722	19593.715177	17.782310	10001
G61	4107.051619	1.373726	7924.462546	6.556315	3424.886138	2.603920	16632.579490	14.911937	10001
G62	6846.604359	2.120256	13210.367156	10.801325	5709.409703	4.280427	27727.114681	24.610473	10001
G63	4599.540951	1.354879	8874.709496	7.206592	3835.574887	2.852133	18627.043825	16.437195	10001
G64	5907.917058	1.695948	11399.191390	9.225877	4926.634753	3.648956	23925.654997	21.053630	10001
G65	6511.919448	1.879730	12564.600245	10.176225	5430.314670	4.025379	26371.720620	23.219838	10001
G66	6433.635253	1.521710	12413.552673	9.841820	5365.033178	3.876636	26054.688300	22.531936	10001
G67	4215.536981	1.179004	8133.782581	6.561976	3515.352499	2.593729	17071.919332	14.981970	10001
G68	3865.769668	1.007428	7458.914519	5.969681	3223.680192	2.355899	15655.445139	13.646649	10001
G69	7048.256201	1.765233	13599.449791	10.840038	5877.567950	4.274472	28543.756546	24.796129	10001
G70	6075.683454	1.344792	11722.892830	9.242703	5066.535796	3.636494	24605.068888	21.179180	10001
G71	4198.242874	1.185315	8100.413996	6.542543	3500.930877	2.586626	17001.882323	14.934956	10001
G72	4099.310735	1.180682	7909.526689	6.404220	3418.430986	2.533160	16601.230760	14.613611	10001
G73	5737.606762	1.656750	11070.581555	8.966568	4784.612343	3.546906	23235.938921	20.459545	10001
G74	5695.089455	2.333367	10988.545378	9.455899	4749.156997	3.781585	23063.753966	21.385855	10001
G75	4222.012771	1.256954	8146.277471	6.624418	3520.752686	2.622438	17098.144739	15.106079	10001
G76	6303.857529	2.163614	12163.149510	10.106648	5256.811035	4.017148	25529.119469	22.972311	10001
G77	7655.589228	5.419350	14771.285034	15.306275	6384.025297	6.278730	31003.310454	33.863784	10001
G78	4352.427346	1.536445	8397.909424	7.012373	3629.505901	2.789731	17626.292663	15.927577	10001
G79	3810.729269	1.301070	7352.715323	6.104096	3177.781792	2.425836	15432.544650	13.876376	10001
G80	3631.470124	1.240570	7006.838886	5.817514	3028.296902	2.311985	14706.587868	13.224704	10001
G81	3204.716780	0.874802	6183.428029	4.974290	2672.425646	1.965068	12978.338607	11.362084	10001
G82	7460.496007	2.428600	14394.857107	11.858095	6221.336309	4.705809	30213.229438	26.987928	10001
G83	4991.835587	1.687622	9631.633059	7.982813	4162.710892	3.171499	20215.743534	18.151673	10001
G84	6752.428131	1.666761	13028.656270	10.370376	5630.875785	4.088107	27345.723421	23.727111	10001
G85	4524.208105	1.301122	8729.356485	7.066694	3772.754537	2.795096	18321.963765	16.125758	10001
G86	3703.607376	1.529663	7146.026071	6.160599	3088.452433	2.464491	14998.726533	13.929531	10001
G87	3231.211375	1.230901	6234.548746	5.281916	2694.519591	2.106705	13085.635398	11.972040	10001
G88	4438.171404	1.534942	8563.350630	7.124820	3701.008201	2.832620	17973.535646	16.191524	10001
G89	4725.652968	2.180722	9118.039760	8.081604	3940.740183	3.247514	19137.767415	18.204780	10001
G90	3560.279220	1.194894	6869.477658	5.686637	2968.930533	2.258749	14418.281687	12.932840	10001
G91	5267.192148	1.393918	10162.927272	8.147276	4392.331787	3.216331	21330.871931	18.619787	10001
G92	4431.575320	1.567239	8550.623635	7.142222	3695.507701	2.841556	17946.823078	16.221736	10001
G93	3210.593576	1.248616	6194.767173	5.270581	2677.326329	2.103733	13002.138231	11.939135	10001
G94	3146.709052	1.153622	6071.503438	5.105257	2624.052779	2.033556	12743.421143	11.584109	10001
G95	4805.246656	1.332497	9271.613966	7.472306	4007.113665	2.952962	19460.102864	17.063085	10001
G96	4150.395286	1.023925	8008.093165	6.373844	3461.030589	2.512607	16808.111005	14.583285	10001
G97	5751.085755	1.727323	11096.588964	9.034300	4795.852527	3.577264	23290.525626	20.597745	10001
G98	5752.921212	1.711911	11100.130436	9.025866	4797.383121	3.573067	23297.958789	20.582453	10001
G99	5344.717624	1.928794	10312.510912	8.645716	4456.980580	3.442000	21644.831618	19.626005	10001
G100	3790.114150	1.284705	7312.938920	6.063695	3160.590765	2.409244	15349.058334	13.787010	10001
G101	6329.424121	1.375765	12212.479667	9.615178	5278.131114	3.781941	25632.658069	22.037681	10001
G102	5416.206608	1.274552	10450.447278	8.281674	4516.595518	3.261803	21934.344953	18.961493	10001
G103	5786.525167	1.705321	11164.968503	9.066923	4825.405589	3.588433	23434.046794	20.680147	10001
G104	3674.981375	1.373522	7090.792854	5.984571	3064.581101	2.385376	14882.798057	13.572047	10001
G105	5586.360720	1.497190	10778.755762	8.653011	4658.487687	3.416925	22623.428525	19.771288	10001
G106	4536.621373	1.505302	8753.307602	7.232649	3783.106008	2.871846	18372.234539	16.453396	10001
G107	-364.674890	0.011719	-703.631894	-0.532936	-304.103793	-0.207862	-1476.846328	-1.229387	10001
G108	3408.160312	1.186570	6575.967690	5.477611	2842.077991	2.178194	13802.236391	12.446045	10001
G109	5888.066130	1.743885	11360.889477	9.232090	4910.080988	3.654263	23845.263475	21.054749	10001
G110	6018.643622	1.865581	11612.835773	9.496382	5018.970061	3.763390	24374.071172	21.636768	10001
G111	3446.039081	1.298087	6649.053911	5.620431	2873.665241	2.240842	13955.636368	12.743413	10001
G112	2969.581317	0.960564	5729.739509	4.715353	2476.345280	1.870914	12026.096063	10.733291	10001
G113	4554.985197	1.446276	8788.740183	7.212388	3798.419672	2.860152	18446.603647	16.424114	10001
G114	5517.783405	1.572584	10646.437394	8.608882	4601.300800	3.404331	22345.706755	19.648363	10001
G115	3553.264785	1.263925	6855.943465	5.732659	2963.081168	2.281185	14389.874897	13.018290	10001
G116	3686.937177	1.201762	7113.861301	5.861398	3074.551090	2.326146	14931.216203	13.339595	10001
G117	3828.556350	1.036321	7387.112268	5.936877	3192.647863	2.344888	15504.740074	13.562824	10001
G118	2724.845170	0.917146	5257.526688	4.354312	2272.258866	1.729696	11034.973041	9.902100	10001
G119	2456.532830	0.995653	4739.824141	4.068825	2048.512174	1.626530	9948.372060	9.205334	10001
G120	4214.046820	1.129054	8130.907349	6.527139	3514.109848	2.577438	17065.884535	14.913957	10001
G121	4145.021970	1.026329	7997.725473	6.367826	3456.549760	2.510413	16786.350355	14.568707	10001
G122	2328.666216	0.822753	4493.108421	3.752392	1941.883712	1.492855	9430.542769	8.522813	10001
G123	3768.989404	1.039017	7272.179203	5.856838	3142.974757	2.314235	15263.508150	13.375586	10001
G124	2783.833724	0.889781	5371.343759	4.412334	2321.449647	1.750087	11273.862614	10.046300	10001
G125	2735.386646	0.862521	5277.866226	4.326756	2281.049443	1.715490	11077.663505	9.854460	10001
G126	5088.138012	1.534387	9817.446396	7.997291	4243.017855	3.166979	20605.745388	18.231884	10001
G127	3804.949604	0.952104	7341.563591	5.851403	3172.962107	2.307300	15409.138385	13.385023	10001
G128	3745.386597	1.059193	7226.638124	5.837983	3123.292286	2.308165	15167.922411	13.326211	10001
G129	2677.268626	0.786554	5165.728831	4.193305	2232.584603	1.659462	10842.299386	9.564833	10005
G130	4020.432756	1.065500	7757.333424	6.219765	3352.654336	2.455476	16281.793756	14.214306	10001
G131	5249.627477	1.178659	10129.036638	7.995166	4377.684540	3.146397	21259.739202	18.317152	10001
G132	4918.993634	1.392640	9491.086170	7.668349	4101.967707	3.031918	19920.750997	17.503969	10001
G133	2966.457397	0.995525	5723.711977	4.738102	2473.740231	1.881984	12013.444934	10.775652	10001
G134	2632.197913	0.972007	5078.765917	4.276424	2194.999962	1.703828	10659.773749	9.701505	10001
G135	3254.329463	0.971036	6279.154570	5.107643	2713.797853	2.022103	13179.258139	11.646745	10001
G136	4476.892028	1.225708	8638.061192	6.951316	3733.297478	2.746268	18130.344938	15.877083	10001
G137	3710.465950	1.150438	7159.259531	5.854707	3094.171824	2.320221	15026.502119	13.339414	10001
G138	5778.763757	1.463447	11149.993038	8.897436	4818.933319	3.509241	23402.614932	20.348951	10001
G139	2965.958575	0.999905	5722.749512	4.740869	2473.324262	1.883343	12011.424825	10.780744	10001
G140	3524.424551	0.989645	6800.296891	5.488813	2939.031186	2.169747	14273.078829	12.530847	10014
G141	4275.595952	1.366651	8249.664999	6.776803	3565.435906	2.687922	17315.143842	15.429868	10001
G142	5179.417036	1.519596	9993.567192	8.110887	4319.135783	3.209698	20975.403661	18.501250	10001
G143	4874.203967	1.330972	9404.665528	7.565922	4064.617432	2.988902	19739.363530	17.281687	10001
G144	3104.809815	0.943514	5990.659815	4.885167	2589.112844	1.934949	12573.739228	11.135200	10001
G145	4149.257895	1.301264	8005.898595	6.557936	3460.082115	2.599726	16803.504843	14.937914	10001
G146	6622.706663	2.179199	12778.361651	10.544333	5522.700554	4.185769	26820.382414	23.991855	10001
G147	3736.854508	1.407720	7210.175653	6.094820	3116.177344	2.429984	15133.369486	13.818988	10001
G148	3844.620654	1.355758	7418.107979	6.193062	3206.043948	2.463701	15569.796677	14.067017	10001
G149	5627.390187	1.536755	10857.921183	8.735121	4692.702317	3.450797	22789.588077	19.952283	10001
G150	4602.362629	1.305968	8880.153859	7.176755	3837.927895	2.837706	18638.470946	16.381135	10001
G151	5261.003842	1.639028	10150.987075	8.307034	4387.171335	3.292510	21305.810766	18.924835	10001
G152	2428.433573	0.860494	4685.607264	3.915192	2025.080095	1.557769	9834.576770	8.891907	10001
G153	2930.003387	1.193943	5653.374795	4.858879	2443.341092	1.942751	11865.814889	10.990921	10001
G154	5847.281287	1.574068	11282.196052	9.061650	4876.070351	3.578640	23680.094588	20.703387	10001
G155	4990.354647	1.457144	9628.775620	7.809958	4161.475931	3.090241	20209.746081	17.816519	10001
G156	2623.609847	0.915266	5062.195438	4.218164	2187.838340	1.677477	10624.994127	9.583877	10001
G157	5695.566447	1.534242	10989.465725	8.827191	4749.554763	3.486099	23065.685673	20.167478	10001
G158	4500.126902	1.382918	8682.892353	7.091700	3752.673129	2.809766	18224.440638	16.160898	10001
G159	3697.237249	1.098562	7133.735055	5.799512	3083.140360	2.295763	14972.929037	13.225524	10001
G160	3793.790296	1.173943	7320.031959	5.984481	3163.656317	2.371523	15363.945848	13.635679	10001
G161	4568.013450	1.381582	8813.877900	7.182676	3809.283982	2.844605	18499.364965	16.373757	10001
G162	2662.166866	1.059493	5136.590328	4.391778	2219.991187	1.754439	10781.140859	9.941558	10001
G163	3845.572841	1.093415	7419.945200	5.998132	3206.837980	2.371790	15573.652804	13.690373	10001
G164	3252.497570	1.012066	6275.619974	5.134737	2712.270231	2.035096	13171.839410	11.698113	10001
G165	3742.664724	1.283286	7221.386333	5.999405	3121.022506	2.384545	15156.899476	13.636928	10001
G166	4178.267561	1.199049	8061.872086	6.524575	3484.273387	2.580536	16920.987072	14.889298	10001
G167	5011.297942	1.436670	9669.185230	7.824411	4178.940625	3.094559	20294.561429	17.855913	10001
G168	4589.633247	1.306627	8855.592806	7.159803	3827.312814	2.831226	18586.919987	16.341421	10001
G169	4558.060199	1.147817	8794.673330	7.013980	3800.983928	2.766072	18459.056673	16.042809	10001
G170	2420.416665	0.904097	4670.138822	3.941104	2018.394765	1.570843	9802.110203	8.937940	10001
G171	4328.340287	1.179087	8351.433992	6.716761	3609.419610	2.653299	17528.745819	15.342735	10001
G172	4420.363758	1.258250	8528.991182	6.895616	3686.158336	2.726748	17901.418926	15.738490	10001
G173	3603.768432	1.176619	6953.389102	5.730680	3005.196354	2.274381	14594.402623	13.041592	10001
G174	3885.620525	1.313444	7497.216295	6.213631	3240.233898	2.468608	15735.836374	14.128880	10001
G175	4265.706899	1.289390	8230.584296	6.706790	3557.189387	2.656095	17275.095535	15.289107	10001
G176	3839.063616	1.232765	7407.385800	6.089149	3201.409913	2.415489	15547.291998	13.862719	10001
G177	2773.654082	1.495069	5351.702372	4.972137	2312.960805	2.012034	11232.637494	11.133765	10001
G178	5178.260902	1.413406	9991.336458	8.037502	4318.171679	3.175169	20970.721596	18.358984	10001
G179	3354.551017	1.332697	6472.529776	5.531893	2797.372993	2.209751	13585.131530	12.523077	10001
G180	3186.304493	0.949746	6147.901941	5.000176	2657.071570	1.979503	12903.773238	11.401938	10001
G181	3613.737276	1.134664	6972.623759	5.712536	3013.509411	2.264663	14634.774061	13.011888	10001
G182	3013.667823	0.837932	5814.803418	4.687835	2513.109186	1.852689	12204.635898	10.704191	10001
G183	2687.217986	0.997588	5184.925894	4.370277	2240.881412	1.741534	10882.591921	9.912960	10001
G184	4372.178255	1.119499	8436.018351	6.739294	3645.976260	2.658644	17706.279131	15.410433	10001
G185	3010.819934	1.078943	5809.308481	4.864067	2510.734321	1.936017	12193.102628	11.043635	10001
G186	2308.047914	0.911876	4453.325877	3.801601	1924.690031	1.518265	9347.043565	8.607491	10001
G205	5261.657839	1.399483	10152.248949	8.143203	4387.716706	3.215075	21308.459300	18.608873	10001
G206	4524.254034	1.198790	8729.445103	6.999047	3772.792837	2.763114	18322.149765	15.995287	10001
G207	5441.114345	1.710034	10498.506190	8.602407	4537.366176	3.410404	22035.215349	19.593964	10001
G208	3404.505639	1.128211	6568.916082	5.426622	2839.030345	2.154650	13787.435836	12.345281	10001
G209	3602.732745	1.283218	6951.390767	5.813861	3004.332690	2.313597	14590.208336	13.202231	10001
G210	3440.674983	1.293021	6638.704007	5.609067	2869.192100	2.236128	13933.913053	12.718494	10001
G211	1845.565232	0.557861	3560.976077	2.901707	1539.023944	1.149165	7474.099009	6.614863	10001
G212	4425.649832	1.465281	8539.190541	7.053253	3690.566413	2.800431	17922.826264	16.046128	10001
G213	4762.585893	1.242234	9189.300997	7.355270	3971.538691	2.902767	19287.336952	16.813847	10001
G214	3647.514847	1.122583	7037.796814	5.749298	3041.676658	2.277991	14771.565170	13.101346	10001
G215	4645.193771	1.384911	8962.795571	7.289790	3873.644949	2.885948	18811.926856	16.622883	10001
G216	2378.476775	0.933112	4589.216760	3.911737	1983.420929	1.561849	9632.263653	8.858729	10001
G235	4078.671599	1.493192	7869.703945	6.615519	3401.219931	2.635007	16517.647179	15.011554	10001
G236	2373.787582	0.981928	4580.169068	3.949964	1979.510593	1.580240	9613.273538	8.930699	10001
G237	1947.835225	0.978275	3758.303699	3.413391	1624.307285	1.376750	7888.268088	7.664892	10001
G238	4557.860773	1.490703	8794.288541	7.249840	3800.817626	2.877447	18458.249044	16.498148	10001
G239	3709.206994	1.197385	7156.830405	5.887956	3093.121976	2.336033	15021.403649	13.403048	10001
G240	4068.955136	1.706063	7850.956251	6.792034	3393.117335	2.718674	16478.297822	15.349843	10001
G241	3205.531038	0.895041	6184.999121	4.988792	2673.104659	1.971825	12981.636158	11.390506	10001
G242	3406.567485	1.104568	6572.894366	5.411251	2840.749726	2.147175	13795.785820	12.316638	10001
G243	4554.016990	1.237695	8786.872050	7.065095	3797.612281	2.790754	18442.682641	16.139083	10001
G244	2832.879099	0.899988	5465.975693	4.485974	2362.348774	1.778991	11472.484686	10.215371	10001
G245	3710.209464	1.005671	7158.764649	5.754259	3093.957940	2.272830	15025.463415	13.145312	10001
G246	4170.334607	1.602234	8046.565631	6.828883	3477.658066	2.724537	16888.860499	15.474593	10001
G265	3862.719378	1.155335	7453.029054	6.064465	3221.136544	2.401055	15643.092192	13.827865	10001
G266	897.531171	0.602086	1731.765950	1.751259	748.454695	0.716399	3634.787174	3.884175	10001
G267	3124.713199	1.211266	6029.062941	5.126118	2605.710353	2.045832	12654.343186	11.613007	10001
G268	1123.895988	0.758729	2168.531707	2.199085	937.221186	0.899886	4551.510691	4.876002	10001
G269	3952.524508	1.548344	7626.306007	6.498446	3296.025387	2.594512	16006.781549	14.717377	10001
G270	5533.428897	1.610152	10676.625014	8.656014	4614.347636	3.424714	22409.067264	19.747943	10001
G271	3641.548325	0.906441	7026.284546	5.597233	3036.701152	2.206847	14747.402179	12.804654	10001
G272	3173.588832	0.883955	6123.367362	4.937633	2646.467931	1.951493	12852.277843	11.274213	10001
G273	2828.481317	0.835446	5457.490272	4.433271	2358.681447	1.754664	11454.674717	10.111096	10001
G274	2640.573109	0.825339	5094.925666	4.171396	2201.984070	1.653490	10693.691293	9.502469	10001
G275	2601.873796	0.983917	5020.256223	4.246901	2169.712564	1.693451	10536.968305	9.628089	10001
G276	3656.740973	1.107137	7055.598413	5.750641	3049.370360	2.277529	14808.928779	13.108973	10001
G295	4967.186085	1.266135	9584.072406	7.652913	4142.155577	3.018788	20115.918929	17.500835	10001
G296	4751.582443	1.262446	9168.070091	7.352909	3962.362872	2.902985	19242.775604	16.803205	10001
G297	5835.690543	1.718065	11259.831976	9.142739	4866.404785	3.618346	23633.154840	20.853498	10001
G298	4046.564340	1.736138	7807.753721	6.791888	3374.445564	2.721079	16387.620440	15.337974	10001
G299	4074.674521	1.127743	7861.991673	6.334807	3397.886752	2.503325	16501.459966	14.466105	10001
G300	3517.100820	1.215642	6786.165918	5.645579	2932.923898	2.244473	14243.419462	12.830072	10001
G301	4501.263583	1.027328	8685.085551	6.864641	3753.621011	2.702241	18229.043922	15.723692	10001
G302	2429.021974	1.109226	4686.742571	4.142316	2025.570765	1.663812	9836.959655	9.334539	10001
G303	2864.989573	0.938127	5527.932121	4.557960	2389.125822	1.809107	11602.524445	10.372068	10001
G304	1649.946918	0.759385	3183.534995	2.819652	1375.897080	1.132923	6681.891492	6.352202	10001
G305	2745.568076	0.878745	5297.511063	4.352580	2289.539777	1.726453	11118.895867	9.909943	10001
G306	2348.387301	0.855158	4531.159805	3.805194	1958.329201	1.515364	9510.408461	8.635785	10001
G325	5134.191170	1.673832	9906.304914	8.162461	4281.421760	3.239362	20792.249692	18.576356	10001
G326	3713.632517	1.276966	7165.369351	5.955765	3096.812437	2.367409	15039.325962	13.536762	10001
G327	4062.493821	1.156348	7838.489291	6.337328	3387.729220	2.505981	16452.131039	14.464266	10001
G328	3921.335778	1.283075	7566.128063	6.237793	3270.016985	2.475799	15880.474632	14.194933	10001
G329	4767.865519	1.368701	9199.487915	7.445572	3975.941391	2.944823	19308.718177	16.990935	10001
G330	5918.558146	1.481477	11419.723127	9.102091	4935.508397	3.589121	23968.748865	20.820831	10001
G331	4380.463822	1.172293	8452.005165	6.784034	3652.885626	2.678813	17739.833703	15.501250	10001
G332	2451.119043	0.961651	4729.378361	4.031244	2043.997596	1.609568	9926.447512	9.129358	10001
G333	3096.509790	0.888707	5974.645106	4.835419	2582.191421	1.912462	12540.126107	11.034566	10001
G334	2342.253458	0.783409	4519.324694	3.739048	1953.214165	1.485007	9485.567857	8.504243	10001
G335	3229.942675	0.966269	6232.100818	5.071147	2693.461617	2.007789	13080.497465	11.562905	10001
G336	2140.509190	0.953512	4130.063724	3.626630	1784.978845	1.455174	8668.551689	8.179548	10001
G355	4549.697541	1.234545	8778.537770	7.057107	3794.010275	2.787498	18425.189899	16.121292	10001
G356	6999.277397	1.692474	13504.946305	10.728608	5836.724337	4.227662	28345.404071	24.554311	10001
G357	5009.715298	1.550460	9666.131555	7.902723	4177.620852	3.131696	20288.152100	18.006342	10001
G358	4100.770587	1.946733	7912.343439	7.068146	3419.648362	2.843727	16607.142811	15.905512	10001
G359	2744.065824	1.303535	5294.612502	4.730595	2288.287043	1.903315	11112.812106	10.645041	10001
G360	4048.419764	1.236841	7811.333718	6.374599	3375.992809	2.525251	16395.134463	14.528554	10001
G361	3341.901340	1.044830	6448.122512	5.279515	2786.824378	2.092750	13533.903354	12.026699	10001
G362	3018.629184	0.956586	5824.376252	4.778316	2517.246485	1.894790	12224.728229	10.881703	10001
G363	1508.480621	0.715687	2910.578998	2.599603	1257.927791	1.045871	6108.986730	5.850037	10001
G364	2671.655356	1.431988	5154.898154	4.780238	2227.903676	1.933865	10819.566982	10.706524	10001
G365	2655.666197	0.985807	5124.047435	4.318905	2214.570254	1.721059	10754.814698	9.796455	10001
G366	2941.211959	0.820733	5675.001479	4.577092	2452.687963	1.809074	11911.206930	10.450625	10001
G385	3680.256141	1.360996	7100.970394	5.980826	3068.979748	2.383018	14904.159600	13.567570	10001
G386	308.758930	0.375031	595.743322	0.852555	257.475259	0.358762	1250.400024	1.840797	10001
G387	3282.591560	1.151387	6333.685643	5.282700	2737.365725	2.101184	13293.712893	12.000874	10001
G388	4966.068423	1.221660	9581.915902	7.624401	4141.223555	3.005418	20111.392663	17.445303	10001
G389	3961.341669	1.417024	7643.318517	6.397564	3303.378051	2.546236	16042.488945	14.526060	10001
G390	2609.767472	1.074289	5035.486890	4.337780	2176.295130	1.735067	10568.935810	9.809053	10001
G391	2889.314102	0.998857	5574.865746	4.638031	2409.410140	1.843921	11701.032987	10.540276	10001
G392	3077.099084	1.097144	5937.192591	4.966569	2566.004759	1.976489	12461.517376	11.277872	10001
G393	3168.379170	1.384599	6113.315437	5.342098	2642.123574	2.141822	12831.179953	12.056521	10001
G394	3003.368118	0.936723	5794.930372	4.743035	2504.520223	1.879969	12162.924551	10.805174	10001
G395	2750.735807	0.772335	5307.482083	4.283857	2293.849167	1.693420	11139.823946	9.779971	10001
G396	3916.885232	0.972716	7557.540835	6.019076	3266.305657	2.373061	15862.450980	13.770189	10001
G415	6261.463353	1.859112	12081.350914	9.820816	5221.458368	3.887542	25357.433170	22.396261	10001
G416	4989.363368	1.348852	9626.862969	7.735831	4160.649299	3.055336	20205.731636	17.672931	10001
G417	3671.557537	1.440316	7084.186635	6.038309	3061.725949	2.410925	14868.932327	13.674701	10001
G418	3820.720516	1.221981	7371.993206	6.056373	3186.113531	2.402214	15473.006817	13.789358	10001
G419	4255.890753	1.418181	8211.644266	6.789765	3549.003665	2.696334	17235.342485	15.444306	10001
G420	5569.294503	1.352938	10745.826883	8.540382	4644.256102	3.365674	22554.314413	19.544832	10001
G421	5993.747442	1.505420	11564.799161	9.220833	4998.209040	3.636189	24273.247581	21.091325	10001
G422	4148.757465	1.097453	8004.933026	6.416978	3459.664804	2.533231	16801.478219	14.665474	10001
G423	3657.435370	1.054190	7056.938237	5.714427	3049.949420	2.260356	14811.740922	13.039403	10001
G424	2983.255397	0.899222	5756.123335	4.688642	2487.748148	1.856710	12081.472827	10.689071	10001
G425	3186.704065	0.863958	6148.672906	4.942462	2657.404774	1.952194	12905.391409	11.290759	10001
G426	2016.078299	0.600763	3889.977154	3.163652	1681.215446	1.252439	8164.636258	7.214141	10001
G445	5283.278733	1.256985	10193.965971	8.086317	4405.746452	3.185495	21396.018763	18.511323	10001
G446	5024.669267	1.651929	9694.984897	7.998916	4190.091024	3.175237	20348.712107	18.200561	10001
G447	4387.340235	1.259991	8465.273046	6.851698	3658.619893	2.709966	17767.681533	15.635577	10001
G448	3542.932896	1.324006	6836.008321	5.769396	2954.465366	2.299600	14348.033211	13.084109	10001
G449	4330.796766	1.261543	8356.173712	6.775650	3611.468077	2.680827	17538.693972	15.457731	10001
G450	4456.377056	1.698633	8598.478020	7.285522	3716.189964	2.905909	18047.264193	16.513146	10001
G451	2721.741541	0.860165	5251.538306	4.306618	2269.670737	1.707613	11022.404083	9.808099	10001
G452	4254.464633	1.185337	8208.892600	6.619530	3547.814418	2.616243	17229.567039	15.114450	10001
G453	3185.920484	0.957323	6147.161004	5.005032	2656.751343	1.981840	12902.218093	11.411109	10001
G454	3991.752245	1.075973	7701.995031	6.187009	3328.737547	2.443454	16165.644527	14.135296	10001
G455	4948.447039	1.022376	9547.915845	7.489604	4126.529015	2.943624	20040.030264	17.176196	10001
G456	3557.106036	1.007718	6863.355072	5.545705	2966.284402	2.192699	14405.431047	12.658613	10001
G475	7112.856799	1.841829	13724.095175	10.976577	5931.438637	4.331258	28805.373563	25.095030	10001
G476	5455.420652	2.047698	10526.109882	8.891429	4549.296260	3.544537	22093.152477	20.161902	10001
G477	4114.375541	1.534980	7938.593888	6.697747	3430.993585	2.669474	16662.239629	15.190184	10001
G478	3633.774731	1.582664	7011.285572	6.121663	3030.218722	2.454042	14715.920976	13.817476	10001
G479	1899.878048	1.003847	3665.771417	3.383277	1584.315610	1.367797	7694.052957	7.582076	10001
G480	4097.099765	1.419990	7905.260671	6.579695	3416.587249	2.616068	16592.276855	14.951892	10001
G481	3155.819122	1.104637	6089.081112	5.076833	2631.649702	2.019167	12780.314756	11.533815	10001
G482	3854.728027	1.006754	7437.609924	5.954016	3214.472525	2.349825	15610.729125	13.610341	10001
G483	1728.093494	0.652564	3334.317033	2.819876	1441.063810	1.124369	6998.366485	6.393161	10001
G484	3218.289710	0.966614	6209.616687	5.055573	2683.744165	2.001829	13033.305735	11.526447	10001
G485	2667.948900	0.805956	5147.746632	4.194358	2224.812848	1.661069	10804.556718	9.561771	10001
G486	1685.939918	0.599462	3252.982669	2.719814	1405.911781	1.082276	6827.654558	6.176487	10001
G505	5809.385188	1.571659	11209.076392	9.007972	4844.468648	3.557836	23526.624426	20.578947	10001
G506	6460.898291	1.516223	12466.156084	9.876680	5387.767930	3.889817	26165.097103	22.614245	10001
G507	1173.480195	0.707413	2264.203307	2.190599	978.569648	0.891293	4752.314907	4.882023	10001
G508	3323.723464	1.161862	6413.048716	5.345691	2771.665778	2.126008	13460.287295	12.145040	10001
G509	4308.763027	1.345960	8313.660114	6.806107	3593.094058	2.697813	17449.462584	15.504557	10001
G510	4372.436192	1.363302	8436.516036	6.904810	3646.191355	2.736796	17707.323717	15.730052	10001
G511	3058.817908	0.986494	5901.919479	4.854827	2550.760016	1.926088	12387.482974	11.051526	10001
G512	3274.479854	0.841926	6318.034291	5.049461	2730.601342	1.992178	13260.862418	11.545592	10001
G513	2350.285931	0.776798	4534.823168	3.744654	1959.912476	1.486705	9518.097458	8.519432	10001
G514	2968.144561	1.011074	5726.967321	4.752590	2475.147164	1.888599	12020.277546	10.804629	10001
G515	3575.548264	1.163050	6898.938929	5.682480	2981.663447	2.255006	14480.117670	12.933032	10001
G516	2155.177807	0.686261	4158.366486	3.413985	1797.211061	1.353962	8727.956089	7.773855	10001
G535	4299.341211	1.454062	8295.480934	6.875831	3585.237169	2.731737	17411.306476	15.634422	10001
G536	4549.482985	1.360835	8778.123790	7.142747	3793.831356	2.827975	18424.321001	16.286483	10001
G537	5510.860380	1.411285	10633.079574	8.494603	4595.527663	3.351123	22317.670152	19.424167	10001
G538	4497.024307	1.749967	8676.905967	7.383342	3750.085863	2.947098	18211.875868	16.724749	10001
G539	4595.386919	1.171804	8866.694385	7.080356	3832.110823	2.792957	18610.220985	16.191402	10001
G540	2778.248850	1.109490	5360.567872	4.586695	2316.792400	1.832537	11251.245207	10.381700	10001
G541	3692.595078	1.124623	7124.778092	5.811790	3079.269235	2.302107	14954.129352	13.246714	10001
G542	3145.704882	1.041902	6069.565916	5.013683	2623.215398	1.990661	12739.354497	11.406010	10001
G543	3620.297410	1.035353	6985.281388	5.650835	3018.979932	2.234775	14661.341039	12.896253	10001
G544	3305.231950	0.840762	6377.369759	5.091279	2756.245633	2.008234	13385.401071	11.643226	10001
G545	3975.744787	1.125758	7671.109006	6.198005	3315.388867	2.450581	16100.818141	14.147686	10001
G546	3541.090083	1.306313	6832.452654	5.751942	2952.928637	2.291629	14340.570256	13.049234	10001
G565	3644.211629	1.527189	7031.423330	6.082305	3038.922092	2.434539	14758.187925	13.746099	10001
G566	6059.524059	2.037645	11691.713645	9.681643	5053.060414	3.845803	24539.627192	22.017439	10001
G567	4045.810212	1.231603	7806.298647	6.367288	3373.816694	2.522113	16384.566399	14.512999	10001
G568	3464.756837	1.473054	6685.169396	5.802593	2889.274050	2.323892	14031.438817	13.107800	10001
G569	3692.356370	1.531333	7124.317511	6.147733	3079.070176	2.459735	14953.162642	13.898611	10001
G570	4506.666877	1.515817	8695.511085	7.200833	3758.126839	2.860380	18250.925975	16.375629	10001
G571	3555.047279	1.258420	6859.382746	5.730505	2964.567597	2.279968	14397.093571	13.015065	10001
G572	3360.953728	1.069409	6484.883661	5.323438	2802.712238	2.111193	13611.060982	12.122003	10001
G573	2185.639094	0.833558	4217.140847	3.573598	1822.612845	1.425396	8851.317038	8.099682	10001
G574	5195.097756	1.722852	10023.822785	8.281718	4332.211997	3.288343	21038.906839	18.840145	10001
G575	3297.101712	1.019134	6361.682651	5.200170	2749.465797	2.060656	13352.475548	11.848903	10001
G576	2521.430531	0.850530	4865.042775	4.030707	2102.630616	1.601254	10211.192267	9.165703	10001
G595	3826.277234	1.577954	7382.714767	6.362455	3190.747299	2.545095	15495.510199	14.386627	10001
G596	5074.129884	1.506763	9790.418031	7.958669	4231.336423	3.150427	20549.015809	18.149611	10001
G597	6768.443140	2.609624	13059.556865	11.091310	5644.230762	4.425684	27410.580388	25.130875	10001
G598	5739.792759	2.034629	11074.799386	9.254505	4786.435254	3.682211	23244.791687	21.017963	10001
G599	5942.721950	1.973451	11466.346637	9.475600	4955.658687	3.762537	24066.606510	21.555419	10001
G600	2496.263459	1.265031	4816.483483	4.386569	2081.643697	1.769992	10109.271628	9.846765	10001
G601	3569.359388	0.969674	6886.997635	5.537232	2976.502519	2.187218	14455.054199	12.649017	10001
G602	3730.279620	1.086457	7197.489558	5.836015	3110.694520	2.309046	15106.742760	13.314119	10001
G603	2746.677666	0.851066	5299.651992	4.333555	2290.465068	1.717359	11123.389442	9.873747	10001
G604	3050.767290	0.768088	5886.385995	4.694447	2544.046575	1.851321	12354.879892	10.737466	10001
G605	4724.763555	1.136955	9116.323657	7.238958	3939.998498	2.852288	19134.165503	16.568809	10001
G606	6592.854367	1.650367	12720.762326	10.139150	5497.806609	3.998057	26699.487736	23.193055	10001
G625	6008.410992	2.108061	11593.092148	9.669851	5010.437032	3.846198	24332.631463	21.967147	10001
G626	6747.743734	2.550811	13019.617833	11.013210	5626.969448	4.391461	27326.752732	24.968147	10001
G627	5080.990545	1.439103	9803.655520	7.921295	4237.057554	3.131959	20576.799849	18.081208	10001
G628	4058.609677	1.499384	7830.994924	6.594396	3384.490217	2.627400	16436.401182	14.959884	10001
G629	5697.944441	1.777120	10994.054009	8.998401	4751.537781	3.566643	23075.315979	20.499388	10001
G630	5136.696714	1.539272	9911.139305	8.066661	4283.511143	3.193924	20802.396548	18.392449	10001
G631	3578.610098	1.249394	6904.846669	5.754369	2984.216722	2.288450	14492.517368	13.073949	10001
G632	5450.764817	1.454509	10517.126556	8.438903	4545.413742	3.332059	22074.297459	19.283527	10001
G633	2852.677677	0.939768	5504.176598	4.542730	2378.858885	1.803383	11552.664205	10.335932	10001
G634	3872.566480	1.334580	7472.028813	6.213024	3229.348080	2.469841	15682.970606	14.120690	10001
G635	3510.559861	1.092454	6773.545287	5.542206	2927.469368	2.196597	14216.930139	12.626400	10001
G636	3260.241762	1.020870	6290.562216	5.151667	2718.728142	2.042159	13203.201541	11.735065	10001
G655	6097.100325	1.570343	11764.216195	9.403786	5084.395407	3.710233	24691.802108	21.501156	10001
G656	3363.986111	1.328200	6490.734576	5.540075	2805.240954	2.212516	13623.341412	12.543946	10001
G657	3844.449327	1.321014	7417.777405	6.164818	3205.901077	2.450454	15569.102840	14.012165	10001
G658	5473.045068	1.753649	10560.115793	8.677946	4563.993329	3.442220	22164.527161	19.757423	10001
G659	3668.859382	1.310648	7078.980608	5.923761	3059.475947	2.357559	14858.005445	13.450740	10001
G660	3907.348308	1.387683	7539.139558	6.302121	3258.352780	2.507661	15823.828714	14.312076	10001
G661	3095.197182	0.840838	5972.112459	4.801638	2581.096832	1.896656	12534.810356	10.968664	10001
G662	3066.265862	0.905078	5916.290137	4.805544	2556.970894	1.901976	12417.645413	10.960299	10001
G663	3929.714401	1.011406	7582.294425	6.060501	3277.003951	2.391116	15914.406056	13.857109	10001
G664	2542.673031	0.779102	4906.029696	4.005319	2120.344819	1.586802	10297.219329	9.128078	10001
G665	3210.642820	0.994519	6194.862189	5.065348	2677.367394	2.007346	13002.337658	11.541171	10001
G666	3049.549770	0.921405	5884.036818	4.794407	2543.031280	1.898712	12349.949227	10.929644	10001
G685	4659.798085	1.527695	8990.974263	7.414782	3885.823543	2.943118	18871.070846	16.872550	10001
G686	3861.274407	1.458461	7450.241015	6.301081	3219.931577	2.512452	15637.240403	14.285570	10001
G687	3724.588597	1.748560	7186.508857	6.399746	3105.948754	2.573568	15083.695471	14.407269	10001
G688	5341.234547	1.604458	10305.790394	8.390637	4454.076028	3.322409	21630.725987	19.130168	10001
G689	5906.430538	1.631177	11396.323185	9.180254	4925.395139	3.627579	23919.634949	20.964772	10001
G690	5924.181156	1.962544	11430.572598	9.442358	4940.197448	3.749068	23991.520717	21.481044	10001
G691	2207.048911	0.939723	4258.450602	3.697563	1840.466574	1.480931	8938.021692	8.352225	10001
G692	2012.717529	0.862964	3883.492626	3.377668	1678.412888	1.353182	8151.025944	7.627882	10001
G693	3672.258902	0.962199	7085.539903	5.674129	3062.310820	2.239518	14871.772688	12.969844	10001
G694	3358.713260	1.065240	6480.560730	5.317308	2800.843904	2.108570	13601.987624	12.108929	10001
G695	4285.078792	1.267086	8267.961923	6.717282	3573.343683	2.658738	17353.547082	15.319965	10001
G696	5231.022791	1.373494	10093.139322	8.084440	4362.170022	3.190985	21184.394663	18.478649	10001
G715	6400.990341	1.623174	12350.565059	9.856782	5337.810460	3.887721	25922.484192	22.542555	10001
G716	6574.432731	1.657012	12685.218200	10.117661	5482.444736	3.990126	26624.884505	23.141426	10001
G717	5658.919562	1.916648	10918.756394	9.052353	4718.994784	3.596619	22917.274528	20.582713	10001
G718	4708.958517	1.590213	9085.828196	7.529047	3926.818616	2.991120	19070.158868	17.120349	10001
G719	4262.603143	1.443414	8224.595670	6.818477	3554.601153	2.709053	17262.526065	15.503537	10001
G720	4635.681527	1.620541	8944.441912	7.455822	3865.712651	2.965222	18773.404535	16.939094	10001
G721	2759.875715	0.903924	5325.117327	4.390898	2301.470972	1.742810	11176.838393	9.991846	10001
G722	3394.017383	1.203778	6548.679230	5.472866	2830.284147	2.177601	13744.960899	12.429277	10001
G723	3506.422885	0.968245	6765.563087	5.449886	2924.019528	2.153517	14200.176376	12.445830	10001
G724	6814.115395	2.478549	13147.680440	11.038873	5682.317031	4.395907	27595.542126	25.053193	10001
G725	3903.780575	1.201947	7532.255698	6.153588	3255.377634	2.438207	15809.380246	14.022510	10001
G726	4196.651883	1.238384	8097.344216	6.576872	3499.604144	2.603027	16995.439192	15.000361	10001
G727	2607.774243	0.975279	5031.641002	4.247198	2174.632970	1.692918	10560.863710	9.631790	10001
G728	1911.036292	0.940213	3687.300995	3.328162	1593.620513	1.341129	7739.241185	7.479407	10001
G729	2696.404275	0.921388	5202.650628	4.319764	2248.541894	1.716767	10919.794197	9.819868	10001
G730	1894.508081	0.729219	3655.410189	3.103421	1579.837574	1.238262	7672.305874	7.032128	10001
G731	2400.342368	0.783400	4631.405924	3.816770	2001.654731	1.514775	9720.814091	8.686091	10001
G732	1415.340462	0.497438	2730.867183	2.278530	1180.257854	0.906339	5731.791303	5.175938	10001
G733	2435.509159	0.772390	4699.259445	3.855712	2030.980453	1.528974	9863.231204	8.780496	10001
G734	3160.711854	0.975918	6098.521526	4.984285	2635.729769	1.975050	12800.129152	11.357262	10001
G735	2798.621445	0.846839	5399.876330	4.400801	2333.781185	1.742902	11333.749357	10.032043	10001
G736	2640.406791	0.833539	5094.604760	4.177238	2201.845377	1.656262	10693.017746	9.513676	10001
G737	3376.587742	0.948586	6515.049136	5.258881	2815.749503	2.078878	13674.375013	12.005811	10001
G738	2802.009378	0.843631	5406.413269	4.403102	2336.606395	1.743584	11347.469678	10.038339	10001
G739	2579.089183	0.861462	4976.293832	4.116215	2150.712388	1.634737	10444.696058	9.362392	10001
G740	2614.016057	0.730705	5043.684439	4.068764	2179.838042	1.608226	10586.141566	9.289687	10001
G741	3675.720243	0.834976	7092.218482	5.603459	3065.197246	2.205604	14885.790295	12.835716	10001
G742	2506.323583	0.860072	4835.894264	4.018139	2090.032874	1.597104	10150.012733	9.133230	10001
G743	2730.189776	0.702161	5267.838984	4.210243	2276.715753	1.661088	11056.617421	9.626678	10001
G744	7403.682878	1.794738	14285.237470	11.351119	6173.959623	4.473175	29983.149817	25.978080	10001
G745	902.311699	0.488737	1740.989870	1.620167	752.441195	0.655771	3654.147171	3.627208	10001
G746	2969.217283	0.982755	5729.037114	4.731859	2476.041710	1.878725	12024.621814	10.765048	10001
G747	4130.167714	1.300209	7969.064526	6.531413	3444.162739	2.589484	16726.194163	14.876244	10001
G748	2836.037993	0.922462	5472.070707	4.507174	2364.982988	1.788601	11485.277452	10.258106	10001
G749	2414.918556	0.966999	4659.530346	3.989210	2013.809871	1.593981	9779.844175	9.028586	10001
G750	3313.537032	1.390308	6393.394227	5.531984	2763.171273	2.214370	13419.034675	12.501874	10001
G751	2881.305194	0.841313	5559.412741	4.509270	2402.731482	1.784226	11668.598822	10.286803	10001
G752	2913.243783	0.832536	5621.037521	4.546796	2429.365194	1.798121	11797.942490	10.376777	10001
G753	2281.974789	0.905397	4403.018375	3.762076	1902.947551	1.502713	9241.453624	8.516909	10001
G754	4128.473093	1.362967	7965.794794	6.576605	3442.749589	2.610960	16719.331354	14.962784	10001
G755	3513.447881	1.189501	6779.117656	5.619942	2929.877699	2.232849	14228.625933	12.778426	10001
G756	3534.829788	1.019650	6820.373558	5.523415	2947.708153	2.184843	14315.217554	12.603351	10001
G757	3809.534765	1.171686	7350.410554	6.004124	3176.785690	2.378917	15427.707193	13.682230	10001
G758	4099.828320	1.175126	7910.525357	6.401122	3418.862602	2.531634	16603.326855	14.607913	10001
G759	1636.694700	0.734821	3157.965143	2.778659	1364.846004	1.115290	6628.223171	6.265322	10001
G760	1372.740137	0.640333	2648.670826	2.354520	1144.733279	0.946576	5559.270145	5.301786	10001
G761	3527.273285	1.089961	6805.793458	5.562962	2941.406756	2.204401	14284.615520	12.675628	10001
G762	3067.689291	1.257883	5919.036611	5.094391	2558.157897	2.037401	12423.409961	11.521396	10001
G763	3495.403877	1.187712	6744.302160	5.594489	2914.830734	2.222984	14155.552018	12.719405	10001
G764	1494.320959	0.627520	2883.258253	2.495277	1246.119994	0.998854	6051.643477	5.638988	10001
G765	3127.762643	1.092617	6034.946775	5.029918	2608.253296	2.000380	12666.692708	11.427824	10001
G766	4374.646170	1.010960	8440.780138	6.678564	3648.034264	2.629560	17716.273600	15.294900	10001
G767	3881.689634	1.086826	7489.631730	6.043101	3236.955913	2.388697	15719.917203	13.797020	10001
G768	2045.724832	0.754457	3947.179464	3.322776	1705.937804	1.323813	8284.697646	7.538328	10001
G769	2981.184137	0.830078	5752.126885	4.638090	2486.020916	1.833090	12073.084716	10.590326	10001
G770	2367.479335	0.769728	4567.997449	3.762267	1974.250121	1.492978	9587.726643	8.562820	10001
G771	3080.965411	0.832547	5944.652581	4.776682	2569.228904	1.886574	12477.175078	10.912680	10001
G772	2475.622115	0.936307	4776.656481	4.040941	2064.430802	1.611332	10025.679110	9.161124	10001
G773	3217.887932	0.926284	6208.841467	5.026838	2683.409121	1.988315	13031.678633	11.470728	10001
G774	3356.009971	1.106350	6475.344795	5.344850	2798.589620	2.121854	13591.039947	12.160769	10001
G775	2147.315341	0.725020	4143.196038	3.433193	1790.654520	1.363923	8696.114979	7.806795	10001
G776	3208.669013	0.790752	6191.053772	4.927112	2675.721429	1.942257	12994.344208	11.273361	10001
G777	1720.645253	0.796227	3319.945822	2.944794	1434.852693	1.183477	6968.202886	6.632841	10001
G778	2335.913277	0.707380	4507.091460	3.673593	1947.927065	1.454927	9459.891639	8.374167	10001
G779	2202.959659	0.913673	4250.560483	3.667939	1837.056531	1.467561	8921.461196	8.292357	10001
G780	1986.399244	0.746444	3832.712094	3.238227	1656.465968	1.290959	8044.443165	7.342658	10001
G781	4124.946191	1.121607	7958.989716	6.399778	3439.808491	2.527977	16705.048240	14.619150	10001
G782	2737.178414	0.951483	5281.323402	4.398012	2282.543605	1.748801	11084.919739	9.993415	10001
G783	3724.242660	1.279041	7185.841381	5.971526	3105.660276	2.373584	15082.294511	13.573005	10001
G784	2434.165279	0.769169	4696.666460	3.851503	2029.859787	1.527150	9857.788812	8.771625	10001
G785	3670.231595	0.999064	7081.628260	5.695013	3060.620241	2.249643	14863.562579	13.008986	10001
G786	3319.019955	0.962006	6403.973402	5.189370	2767.743504	2.052951	13441.239205	11.840014	10001
G787	4136.480448	1.015892	7981.244802	6.349729	3449.426952	2.502882	16751.759229	14.529106	10001
G788	2291.943487	0.725089	4422.252751	3.627110	1911.260487	1.438224	9281.824474	8.260361	10001
G789	3591.801481	1.049701	6930.299142	5.621849	2995.217067	2.224500	14545.939324	12.824656	10001
G790	1891.993639	0.872302	3650.558630	3.234815	1577.740771	1.299829	7662.122982	7.287041	10001
G791	2244.252092	0.739774	4330.233290	3.574187	1871.490449	1.418914	9088.685698	8.132119	10001
G792	2224.189291	0.713678	4291.522574	3.527391	1854.760003	1.399242	9007.436143	8.030689	10001
G793	3281.051772	1.056976	6330.714656	5.206647	2736.081690	2.065602	13287.477117	11.852717	10001
G794	2400.298469	0.897418	4631.321222	3.909060	2001.618124	1.558121	9720.636310	8.865035	10001
G795	3809.614941	1.019194	7350.565253	5.899747	3176.852549	2.329618	15428.031888	13.480765	10001
G796	3624.649166	1.039203	6993.678002	5.659407	3022.608878	2.238302	14678.964613	12.915189	10001
G797	2587.707303	0.832343	4992.922297	4.105427	2157.899071	1.628650	10479.597387	9.346164	10001
G798	2873.500468	0.958084	5544.353699	4.584757	2396.223090	1.820719	11636.991542	10.428550	10001
G799	3088.569009	0.892703	5959.323550	4.827326	2575.569573	1.909592	12507.967836	11.014584	10001
G800	2465.073191	0.805146	4756.302572	3.920172	2055.634014	1.555847	9982.958484	8.921249	10001
G801	3788.612449	1.215946	7310.041421	6.008662	3159.338490	2.383527	15342.976802	13.679640	10001
G802	2872.660568	1.106688	5542.733131	4.706592	2395.522694	1.877983	11633.590146	10.664526	10001
G803	3637.249176	1.139256	7017.989434	5.747642	3033.116075	2.278426	14729.991647	13.092560	10001
G804	3862.186816	1.174948	7452.001488	6.077756	3220.692438	2.407387	15640.935443	13.853257	10001
G805	4407.547074	1.329932	8504.261682	6.928131	3675.470454	2.743627	17849.514412	15.794266	10001
G806	2121.899117	0.801851	4094.156013	3.462980	1769.459834	1.380829	8593.185334	7.851030	10001
G807	3102.146174	1.014905	5985.520380	4.934584	2586.891623	1.958544	12562.952116	11.229339	10001
G808	2985.921435	0.997068	5761.267395	4.765297	2489.971367	1.892501	12092.269646	10.838813	10001
G809	1561.395953	0.996190	3012.677925	2.981933	1302.054089	1.216728	6323.281203	6.628853	10001
G810	2572.266677	1.043522	4963.129962	4.261394	2145.023074	1.703570	10417.066537	9.640728	10001
G811	2433.998719	0.922338	4696.345086	3.974530	2029.720892	1.584957	9857.114283	9.010070	10001
G812	4672.020157	1.097697	9014.556471	7.142781	3896.015575	2.813161	18920.567320	16.354277	10001
G813	2367.239158	0.917110	4567.534034	3.883011	1974.049837	1.549676	9586.753984	8.796949	10001
G814	1753.888019	0.643631	3384.086981	2.846062	1462.573963	1.133697	7102.828159	6.457695	10001
G815	3087.841990	0.844850	5957.920785	4.794158	2574.963310	1.894008	12505.023586	10.950179	10001
G816	1360.374329	0.663934	2624.811280	2.363538	1134.421384	0.952080	5509.191571	5.313215	10001
G817	4612.486096	1.184559	8899.686857	7.111890	3846.369893	2.805806	18679.468573	16.261646	10001
G818	2648.244517	1.055225	5109.727473	4.369954	2208.381286	1.745798	10724.758665	9.891792	10001
G819	2321.241441	0.787687	4478.782485	3.714378	1935.692164	1.475857	9400.474199	8.445141	10001
G820	3441.732575	1.165132	6640.744607	5.505159	2870.074030	2.187240	13938.196048	12.517461	10001
G821	2030.243563	0.944472	3917.308709	3.479676	1693.027915	1.398755	8222.002201	7.836120	10001
G822	2744.414427	1.215541	5295.285123	4.642993	2288.577744	1.862547	11114.223863	10.473929	10001
G823	2403.926630	0.920359	4638.321675	3.933594	2004.643661	1.569201	9735.329496	8.914628	10001
G824	1922.436064	1.034827	3709.296596	3.444635	1603.126827	1.393822	7785.407543	7.713766	10001
G825	883.649534	0.512353	1704.981647	1.625393	736.878744	0.660054	3578.569853	3.628519	10001
G826	2777.175360	1.060451	5358.496597	4.541904	2315.897212	1.811701	11246.897828	10.294018	10001
G827	3270.477822	0.919176	6310.312462	5.093889	2727.264032	2.013675	13244.655144	11.629044	10001
G828	1841.962127	0.805864	3554.023968	3.106555	1536.019301	1.245577	7459.507292	7.010880	10001
G829	4259.293740	1.419509	8218.210253	6.795345	3551.841429	2.698561	17249.123773	15.456946	10001
G830	4491.271779	1.234073	8665.806594	6.976555	3745.288808	2.756465	18188.579501	15.933696	10001
G831	2176.692779	0.894386	4199.879136	3.616450	1815.152479	1.446442	8815.086597	8.178374	10001
G832	1845.161542	0.704072	3560.197165	3.017222	1538.687305	1.203497	7472.464159	6.838534	10001
G833	2455.214455	1.050307	4737.280365	4.117987	2047.412775	1.649624	9943.032953	9.300462	10001
G834	3739.436175	1.154781	7215.156922	5.897031	3118.330206	2.336740	15143.824623	13.437014	10001
G835	2038.534773	0.711556	3933.306410	3.277819	1699.941987	1.303544	8255.579624	7.447258	10001
G836	2796.786043	0.944053	5396.334964	4.471387	2332.250636	1.776357	11326.316419	10.167628	10001
G837	4034.204828	1.071544	7783.906323	6.242599	3364.138920	2.464611	16337.567363	14.265943	10001
G838	2206.493189	0.930114	4257.378347	3.687797	1840.003155	1.476437	8935.771148	8.332896	10001
G839	1564.399807	0.801897	3018.473793	2.758863	1304.559015	1.113790	6335.446095	6.190201	10001
G840	2202.446908	0.839996	4249.571142	3.601103	1836.628946	1.436368	8919.384678	8.162015	10001
G841	2472.935611	0.801261	4771.472933	3.927758	2062.190516	1.558495	10014.799411	8.940186	10001
G842	3442.308802	1.152771	6641.856423	5.496232	2870.554547	2.182975	13940.529628	12.500478	10001
G843	2581.381931	0.818062	4980.717636	4.086206	2152.624319	1.620343	10453.981140	9.305546	10001
G844	2526.555495	0.869061	4874.931277	4.052207	2106.904343	1.610764	10231.947152	9.210121	10001
G845	2322.861163	0.797337	4481.907703	3.724189	1937.042856	1.480280	9407.033688	8.465022	10001
G846	3072.681794	0.859615	5928.669530	4.783152	2562.321164	1.890632	12443.628405	10.920593	10001
G847	1152.453866	0.622745	2223.633483	2.067653	961.035711	0.836799	4667.163287	4.629483	10001
G848	1275.564398	0.490691	2461.172451	2.089268	1063.698057	0.833598	5165.731580	4.734211	10001
G849	4353.362760	1.735478	8399.714284	7.184369	3630.285947	2.870208	17630.080867	16.262242	10001
G850	2952.272206	1.146210	5696.341973	4.844802	2461.911145	1.933667	11955.998292	10.975192	10001
G851	2715.124720	1.088066	5238.771300	4.485894	2264.152945	1.792496	10995.607535	10.152463	10001
G852	2530.760819	1.025349	4883.045354	4.191416	2110.411179	1.675513	10248.977710	9.482797	10001
G853	2804.003853	1.068196	5410.261564	4.583611	2338.269596	1.828186	11355.546827	10.389244	10001
G854	3635.088198	1.085504	7013.819877	5.705847	3031.314027	2.258976	14721.240204	13.010593	10001
G855	3231.890342	0.917733	6235.858798	5.040132	2695.085784	1.992914	13088.385053	11.504080	10001
G856	3143.510527	1.017021	6065.331957	4.991681	2621.385517	1.980564	12730.467880	11.362231	10001
G857	3814.330446	1.013032	7359.663710	5.902291	3180.784826	2.330250	15447.128555	13.488277	10001
G858	4945.005940	1.304510	9541.276322	7.646283	4123.659469	3.018345	20026.094633	17.475762	10001
G859	3849.257914	1.351001	7427.055465	6.195333	3209.910976	2.464231	15588.576471	14.073901	10001
G860	3143.725440	1.103941	6065.746627	5.060247	2621.564733	2.012777	12731.338227	11.495180	10001
G861	3595.564770	1.255261	6937.560322	5.781589	2998.355288	2.299272	14561.179746	13.135808	10001
G862	3808.928147	0.983866	7349.240098	5.876430	3176.279829	2.318666	15425.250533	13.435442	10001
G863	3973.499762	1.209661	7666.777282	6.253537	3313.516732	2.477060	16091.726325	14.253708	10001
G864	5084.408391	1.450481	9810.250177	7.933687	4239.907710	3.137403	20590.641312	18.107004	10001
G865	1615.205267	0.894242	3116.501771	2.922127	1346.925884	1.183983	6541.196092	6.536098	10001
G866	2376.496809	1.072471	4585.396461	4.040068	1981.769828	1.621938	9624.245264	9.107916	10001
G867	3138.187910	1.071645	6055.062090	5.026962	2616.946966	1.997782	12708.912553	11.427687	10001
G868	2174.030212	0.950399	4194.741774	3.665884	1812.932154	1.469794	8804.303836	8.273394	10001
G869	3767.609129	1.173071	7269.515995	5.948475	3141.823741	2.357652	15257.918367	13.551814	10001
G870	1470.558734	1.057209	2837.409580	2.961628	1226.304583	1.215843	5955.412131	6.547610	10001
G871	4698.423860	1.257228	9065.501816	7.276359	3918.033725	2.873209	19027.496022	16.626228	10001
G872	3899.332136	1.434565	7523.672537	6.330553	3251.668063	2.521921	15791.365129	14.362986	10001
G873	2992.136006	1.080117	5773.258268	4.840401	2495.153722	1.927061	12117.437177	10.987751	10001
G874	3555.131248	1.134299	6859.544762	5.633322	2964.637619	2.234262	14397.433625	12.826844	10001
G875	3351.117076	0.987355	6465.904065	5.250709	2794.509416	2.078070	13571.224890	11.976054	10001
G876	1506.858384	0.745103	2907.448929	2.628210	1256.575001	1.059312	6102.417059	5.905267	10001
G877	2293.981755	0.842492	4426.185543	3.723037	1912.960207	1.483070	9290.078974	8.447365	10001
G878	2665.682090	0.914657	5143.372872	4.273543	2222.922546	1.698615	10795.376677	9.713790	10001
G879	3524.592336	1.074985	6800.620628	5.548473	2939.171103	2.197888	14273.758316	12.646157	10001
G880	2859.823441	0.912467	5517.964187	4.531574	2384.817765	1.797292	11581.602844	10.318206	10001
G881	3179.652428	0.910256	6135.066933	4.963672	2651.524387	1.963066	12876.833962	11.327798	10001
G882	3179.258521	0.899309	6134.306898	4.955698	2651.195906	1.959347	12875.238731	11.312191	10001
G883	2033.159652	0.784213	3922.935236	3.331972	1695.459652	1.329551	8233.811664	7.549549	10001
G884	3527.952455	1.164872	6807.103900	5.620108	2941.973119	2.231233	14287.365996	12.786563	10001
G885	4217.354538	1.121718	8137.289517	6.526985	3516.868167	2.576964	17079.280005	14.915488	10001
G886	2162.026145	0.975835	4171.580200	3.675615	1802.921917	1.475633	8755.690228	8.286249	10001
G887	3519.987328	1.097498	6791.735371	5.558639	2935.330969	2.203226	14255.109134	12.663304	10001
G888	3960.365970	1.127783	7641.435928	6.178355	3302.564412	2.443145	16038.537597	14.101307	10001
G889	3731.174909	1.077864	7199.216998	5.831302	3111.441105	2.306714	15110.368467	13.305508	10001
G890	3274.724898	1.123262	6318.507098	5.249646	2730.805686	2.086567	13261.854789	11.932578	10001
G891	3004.775713	0.996265	5797.646295	4.789873	2505.694022	1.901857	12168.624975	10.896576	10001
G892	4872.117521	1.357820	9400.639778	7.580803	4062.877536	2.996188	19730.913919	17.309242	10001
G893	4047.303149	1.093534	7809.179235	6.274788	3375.061660	2.478251	16390.612439	14.335243	10001
G894	3372.313030	1.156981	6506.801175	5.406282	2812.184804	2.148840	13657.063446	12.288551	10001
G895	3590.369166	1.028483	6927.535523	5.605273	2994.022654	2.216845	14540.138790	12.791867	10001
G896	896.046446	0.613961	1728.901207	1.764934	747.216577	0.722777	3628.774392	3.910682	10001
G897	2945.374866	1.045207	5683.033713	4.749880	2456.159427	1.889964	11928.065710	10.787174	10001
G898	2310.752008	1.143662	4458.543364	4.031445	1926.944985	1.624960	9357.994498	9.057848	10001
G899	2970.809124	0.976719	5732.108534	4.729336	2477.369152	1.877351	12031.068389	10.761022	10001
G900	2.381638	5.474946	4.595316	10.563784	1.986057	4.565579	9.645065	22.172226	10001

# W module
# module name	module signal(LMS-Pedestal)	signal error	gain1(RefPMT1)	gain1 error	gain2(RefPMT2)	gain2 error	gain3(RefPMT3)	gain3 error	LMS entries
W1	3925.632548	0.948151	7574.418582	6.016632	3273.600078	2.370832	15897.875524	13.770357	10001
W2	1665.717660	0.456634	3213.964282	2.586761	1389.048362	1.021986	6745.759235	5.908129	10001
W3	1586.903114	0.374886	3061.893411	2.427295	1323.324609	0.956076	6426.579121	5.557163	10001
W4	1728.213921	0.374871	3334.549395	2.624959	1441.164235	1.032442	6998.854187	6.016474	10001
W5	2283.360908	0.556120	4405.692862	3.502323	1904.103442	1.380296	9247.067079	8.014829	10001
W6	404.443061	0.422574	780.363674	1.006731	337.266624	0.420954	1637.897934	2.187434	10001
W7	2672.502229	0.600879	5156.532176	4.070675	2228.609886	1.602000	10822.996614	9.325861	10001
W8	1301.476113	0.394470	2511.168515	2.047026	1085.305936	0.810743	5270.667846	4.666226	10001
W9	774.876738	0.295642	1495.107015	1.267055	646.172691	0.505396	3138.065974	2.871791	10001
W10	1052.699859	0.353836	2031.160400	1.681835	877.850461	0.668060	4263.183353	3.824774	10001
W11	2331.022215	0.536765	4497.654268	3.557579	1943.848389	1.400643	9440.084004	8.147778	10001
W12	1158.557670	0.323608	2235.410634	1.803151	966.125696	0.712703	4691.882237	4.116962	10001
W13	1790.611542	0.460404	3454.944183	2.761244	1493.197850	1.089402	7251.549669	6.313581	10001
W14	1937.366108	0.469296	3738.103775	2.970113	1615.577047	1.170427	7845.870659	6.797451	10001
W15	3102.981316	0.896850	5987.131769	4.849839	2587.588052	1.918496	12566.334244	11.065956	10001
W16	2685.437246	0.717060	5181.489996	4.157906	2239.396446	1.641752	10875.380348	9.501021	10001
W17	3351.185799	0.740163	6466.036666	5.097170	2794.566725	2.005385	13571.503203	11.680221	10001
W18	268.548893	0.187818	518.158972	0.533922	223.943954	0.218882	1087.558965	1.181921	10001
W19	1994.209344	0.573062	3847.781505	3.114591	1662.978841	1.231893	8076.072209	7.107413	10001
W20	1904.079918	0.584213	3673.878831	2.999949	1587.819566	1.188544	7711.069531	6.836655	10001
W21	1704.501499	0.543410	3288.796817	2.700566	1421.390355	1.071062	6902.824535	6.149189	10001
W22	2849.074927	0.785752	5497.225175	4.427552	2375.854538	1.749493	11538.073928	10.111369	10001
W23	1925.735551	0.545529	3715.662881	3.002300	1605.878281	1.187069	7798.769678	6.853049	10001
W24	1514.719085	0.408275	2922.615972	2.347726	1263.130070	0.927194	6134.251022	5.363791	10001
W25	2082.329369	0.502078	4017.807085	3.190982	1736.462468	1.257355	8432.937291	7.303433	10001
W26	2481.734128	0.665101	4788.449470	3.844075	2069.527633	1.517958	10050.431304	8.783341	10001
W27	1289.867419	0.385012	2488.769803	2.024533	1075.625401	0.801515	5223.655401	4.616425	10001
W28	1628.718930	0.459125	3142.576077	2.537710	1358.194979	1.003258	6595.923205	5.793116	10001
W29	1817.308994	0.543679	3506.456309	2.853261	1515.460959	1.129675	7359.667983	6.505820	10001
W30	2595.233190	0.581234	5007.443326	3.951734	2164.174937	1.555091	10510.075436	9.053830	10001
W31	2224.712328	0.585696	4292.531762	3.439236	1855.196166	1.357568	9009.554317	7.860727	10001
W32	3315.886617	0.724797	6397.927698	5.039408	2765.130602	1.982328	13428.549935	11.549361	10001
W33	2165.324046	0.541618	4177.943425	3.329797	1805.672049	1.312981	8769.045940	7.616920	10001
W34	3183.440672	0.705217	6142.376262	4.843168	2654.683418	1.905545	12892.175443	11.097751	10001
W35	2509.373792	0.605382	4841.779572	3.845587	2092.576455	1.515307	10162.365351	8.801604	10001
W36	1723.402172	0.530814	3325.265235	2.716764	1437.151699	1.076461	6979.367752	6.190786	10001
W37	2141.539890	0.572660	4132.052437	3.316315	1785.838349	1.309491	8672.725779	7.577752	10001
W38	1107.275324	0.291443	2136.462515	1.711721	923.361151	0.675663	4484.200967	3.912329	10001
W39	2048.660899	0.465874	3952.844539	3.123363	1708.386201	1.229424	8296.588017	7.154515	10001
W40	2132.989978	0.474900	4115.555577	3.246347	1778.708545	1.277381	8638.100675	7.438281	10001
W41	1339.708536	0.374463	2584.937104	2.085260	1117.188100	0.824222	5425.500041	4.761015	10001
W42	1193.240039	0.341032	2302.329475	1.862351	995.047457	0.736506	4832.337559	4.250283	10001
W43	3070.206086	0.664316	5923.892708	4.662415	2560.256661	1.833738	12433.602378	10.686701	10001
W44	2502.073736	0.593953	4827.694280	3.828775	2086.488910	1.508232	10132.801864	8.765173	10001
W45	1776.077184	0.421097	3426.900471	2.717528	1481.077594	1.070465	7192.688987	6.221316	10001
W46	2451.674340	0.566553	4730.449793	3.742845	2044.460660	1.473675	9928.696331	8.571672	10001
W47	1836.361555	0.428605	3543.217792	2.805881	1531.348963	1.104956	7436.826312	6.425005	10001
W48	684.390741	0.277944	1320.516345	1.134082	570.716070	0.453388	2771.619267	2.565594	10001
W49	1486.668799	0.463079	2868.493584	2.347364	1239.738828	0.930378	6020.654053	5.347716	10001
W50	3493.385575	0.780882	6740.407893	5.318519	2913.147665	2.092882	14147.378378	12.185576	10001
W51	2059.503140	0.524751	3973.764397	3.172931	1717.427589	1.251592	8340.496511	7.255970	10001
W52	3338.786629	0.993531	6442.112748	5.238285	2784.227009	2.073678	13521.289518	11.945309	10001
W53	617.249447	0.248641	1190.968748	1.020973	514.726687	0.408044	2499.713041	2.310295	10001
W54	1928.288855	0.558852	3720.589423	3.014889	1608.007492	1.192708	7809.109951	6.878753	10001
W55	916.468278	0.290442	1768.304667	1.450731	764.246421	0.575273	3711.477940	3.303757	10001
W56	2150.291445	0.554602	4148.938363	3.316961	1793.136305	1.308735	8708.167490	7.583845	10001
W57	1846.907266	0.469605	3563.565500	2.844798	1540.143071	1.122109	7479.533923	6.505801	10001
W58	2643.650820	0.597728	5100.864039	4.028567	2204.550585	1.585578	10706.155289	9.228717	10001
W59	1451.931242	0.403326	2801.468260	2.258266	1210.771046	0.892475	5879.975234	5.156607	10001
W60	3402.538910	0.751048	6565.121322	5.175032	2837.390281	2.035998	13779.471050	11.858733	10001
W61	1483.623588	0.451750	2862.617918	2.335006	1237.199415	0.924913	6008.321675	5.322165	10001
W62	3018.427910	0.836511	5823.987898	4.693416	2517.078641	1.854754	12223.913116	10.717580	10001
W63	2035.692091	0.518537	3927.821520	3.136156	1697.571463	1.237079	8244.067441	7.171905	10001
W64	1559.750533	0.399397	3009.503125	2.404220	1300.681968	0.948463	6316.617646	5.497614	10001
W65	2562.001421	0.627103	4943.323383	3.931562	2136.462837	1.549610	10375.494695	8.996443	10001
W66	2621.001686	0.655755	5057.163050	4.030625	2185.663385	1.589334	10614.431696	9.220032	10001
W67	2806.246573	0.690175	5414.588841	4.308329	2340.139809	1.698267	11364.629308	9.857874	10001
W68	2215.077318	0.524938	4273.941229	3.389090	1847.161493	1.334990	8970.534823	7.758793	10001
W69	1913.267982	0.559567	3691.606991	2.994916	1595.481528	1.185075	7748.278999	6.831950	10001
W70	1576.909511	0.470255	3042.610981	2.474757	1314.990905	0.979736	6386.107412	5.643151	10001
W71	1571.254402	0.375286	3031.699579	2.405727	1310.275088	0.947771	6363.205572	5.506919	10001
W72	1073.051486	0.315657	2070.428399	1.680964	894.821760	0.665247	4345.602585	3.834141	10001
W73	1892.778583	0.483227	3652.073161	2.916660	1578.395339	1.150550	7665.301816	6.669708	10001
W74	2032.638965	0.473041	3921.930583	3.105003	1695.025450	1.222688	8231.703008	7.110231	10001
W75	2500.370382	0.559162	4824.407698	3.806836	2085.068477	1.498033	10125.903688	8.722018	10001
W76	2174.929301	0.506162	4196.476546	3.322366	1813.681908	1.308281	8807.944933	7.607975	10001
W77	1376.046713	0.378165	2655.050789	2.137538	1147.490646	0.844553	5572.660991	4.881889	10001
W78	2352.912638	0.526192	4539.891339	3.582333	1962.102897	1.409689	9528.734994	8.207650	10001
W79	1978.878550	0.471178	3818.201087	3.028983	1650.194433	1.193244	8013.986149	6.933919	10001
W80	2279.258823	0.520433	4397.777980	3.476109	1900.682697	1.368368	9230.454610	7.962098	10001
W81	1296.335320	0.375300	2501.249472	2.026550	1081.019008	0.801694	5249.848859	4.623862	10001
W82	278.070975	0.162728	536.531613	0.513250	231.884456	0.208520	1126.121127	1.145320	10001
W83	1195.878327	0.335357	2307.419991	1.862122	997.247535	0.736081	4843.021997	4.251292	10001
W84	871.130765	0.263939	1680.826968	1.370089	726.439295	0.542631	3527.871826	3.123162	10001
W85	1033.531984	0.348160	1994.176420	1.651813	861.866296	0.656179	4185.558028	3.756297	10001
W86	430.701104	0.216872	831.027969	0.755358	359.163307	0.304700	1744.236745	1.696014	10001
W87	1600.892635	0.539863	3088.885873	2.559035	1334.990524	1.016604	6483.233345	5.819208	10001
W88	1523.922460	0.471458	2940.373674	2.403823	1270.804799	0.952579	6171.522494	5.477153	10001
W89	1915.628921	0.440911	3696.162369	2.923497	1597.450324	1.150992	7757.840239	6.695609	10001
W90	1216.896484	0.348487	2347.974047	1.899747	1014.774658	0.751331	4928.140521	4.335461	10001
W91	719.928171	0.281996	1389.085006	1.183629	600.350870	0.472564	2915.537382	2.680636	10001
W92	1067.736705	0.315680	2060.173652	1.673749	890.389745	0.662477	4324.078993	3.817297	10001
W93	1056.448125	0.336696	2038.392593	1.673726	880.976154	0.663805	4278.362934	3.811103	10001
W94	2752.057933	0.593771	5310.033095	4.178372	2294.951694	1.643289	11145.178242	9.577562	10001
W95	1520.743159	0.445582	2934.239285	2.381048	1268.153568	0.942214	6158.647083	5.431408	10001
W96	1495.827084	0.432255	2886.164286	2.337863	1247.375958	0.924806	6057.742923	5.334360	10001
W97	2025.048257	0.461862	3907.284485	3.088119	1688.695529	1.215612	8200.962450	7.073504	10001
W98	2360.190647	0.550989	4553.934091	3.606339	1968.172056	1.420183	9558.209194	8.257896	10001
W99	2130.828601	0.496856	4111.385250	3.255543	1776.906165	1.282011	8629.347616	7.454755	10001
W100	2195.975668	0.523863	4237.085030	3.361860	1831.232554	1.324424	8893.177697	7.695727	10001
W101	2316.473008	0.614516	4469.581904	3.584057	1931.715749	1.414966	9381.163185	8.190668	10001
W102	2494.091178	0.608185	4812.292116	3.825989	2079.832224	1.507890	10100.474409	8.755357	10001
W103	2732.695941	0.579055	5272.674572	4.143445	2278.805654	1.629101	11066.766792	9.499554	10001
W104	1914.561805	0.520999	3694.103392	2.970678	1596.560452	1.173469	7753.518672	6.785887	10001
W105	2298.179051	0.615674	4434.284131	3.559607	1916.460349	1.405615	9307.077024	8.133413	10001
W106	1606.430606	0.481981	3099.571262	2.523159	1339.608659	0.999055	6505.660806	5.752800	10001
W107	2650.919727	0.645484	5114.889229	4.066009	2210.612154	1.602442	10735.592627	9.304820	10001
W108	2746.773637	0.615982	5299.837165	4.182927	2290.545098	1.646106	11123.778101	9.583352	10001
W109	2157.387306	0.572771	4162.629665	3.338211	1799.053570	1.317930	8736.904034	7.628730	10001
W110	1986.534671	0.527759	3832.973398	3.074067	1656.578901	1.213663	8044.991613	7.025008	10001
W111	1944.033696	0.509671	3750.968734	3.003979	1621.137175	1.185653	7872.872800	6.866386	10001
W112	2237.841891	0.541037	4317.864953	3.430149	1866.144958	1.351663	9062.725913	7.850520	10001
W113	1532.111890	0.446854	2956.174993	2.397416	1277.633997	0.948582	6204.687735	5.469247	10001
W114	1705.596027	0.448366	3290.908683	2.636302	1422.303086	1.040593	6907.257110	6.025688	10001
W115	1940.680520	0.546440	3744.498857	3.023358	1618.340948	1.195222	7859.293236	6.901907	10001
W116	869.250540	0.326722	1677.199118	1.417118	724.871368	0.564956	3520.257365	3.213284	10001
W117	1115.750887	0.359680	2152.815921	1.770753	930.428955	0.702514	4518.524976	4.030981	10001
W118	2764.718211	0.665422	5334.460813	4.235985	2305.509148	1.669066	11196.449348	9.695462	10001
W119	1208.286773	0.364194	2331.361806	1.899000	1007.594986	0.752006	4893.273244	4.329303	10001
W120	1120.643973	0.362489	2162.257020	1.779451	934.509319	0.706034	4538.340810	4.050464	10001
W121	2395.179366	0.722356	4621.444028	3.764672	1997.349284	1.490838	9699.905161	8.582525	10001
W122	2755.652816	0.674917	5316.969339	4.228979	2297.949480	1.666855	11159.736659	9.676921	10001
W123	2718.995536	0.699392	5246.239952	4.193049	2267.380833	1.654310	11011.283418	9.587340	10001
W124	1977.523538	0.565925	3815.586622	3.086930	1649.064483	1.220830	8008.498673	7.044854	10001
W125	2106.307176	0.579732	4064.071717	3.272496	1756.457654	1.293026	8530.041690	7.473796	10001
W126	1388.132307	0.394522	2678.369667	2.165026	1157.568869	0.856089	5621.604763	4.941581	10001
W127	1174.538013	0.388925	2266.244342	1.871925	979.451766	0.743234	4756.598816	4.258610	10001
W128	1542.714720	0.439188	2976.632911	2.406621	1286.475737	0.951658	6247.626664	5.492835	10001
W129	2632.605842	0.600892	5079.553005	4.014877	2195.340135	1.580444	10661.425761	9.196200	10001
W130	781.943717	0.329088	1508.742591	1.306396	652.065873	0.522993	3166.685555	2.952069	10001
W131	1864.312101	0.460763	3597.147733	2.863556	1554.657030	1.128870	7550.019354	6.551605	10001
W132	1680.001062	0.449849	3241.523782	2.601982	1400.959346	1.027458	6803.603607	5.945369	10001
W133	2618.344567	0.627963	5052.036200	4.010416	2183.447603	1.580083	10603.671000	9.179646	10001
W134	1599.517561	0.457082	3086.232700	2.496405	1333.843845	0.987252	6477.664626	5.697345	10001
W135	2492.600389	0.522983	4809.415673	3.776710	2078.589049	1.484689	10094.437069	8.659749	10001
W136	2710.799440	0.636114	5230.425772	4.143932	2260.546077	1.632038	10978.091184	9.488207	10001
W137	2438.489969	0.571827	4705.010850	3.727438	2033.466162	1.467989	9875.302774	8.534657	10001
W138	3683.415186	0.936307	7107.065699	5.673419	3071.614088	2.237825	14916.952978	12.974663	10001
W139	1263.149807	0.427903	2437.218780	2.020675	1053.345481	0.802845	5115.455447	4.594472	10001
W140	1621.112842	0.425079	3127.900303	2.505036	1351.852233	0.988727	6565.120362	5.725904	10001
W141	1832.798333	0.532147	3536.342635	2.866259	1528.377578	1.133961	7422.396110	6.539405	10001
W142	2434.069410	0.576823	4696.481483	3.724143	2029.779841	1.466969	9857.400566	8.525847	10001
W143	2746.392808	0.595478	5299.102365	4.171323	2290.227524	1.640644	11122.235836	9.560832	10001
W144	1825.282590	0.472708	3521.841180	2.816819	1522.110171	1.111495	7391.959144	6.439896	10001
W145	1334.766197	0.421766	2575.400974	2.111955	1113.066665	0.837406	5405.484746	4.809884	10001
W146	1347.057291	0.362082	2599.116360	2.087212	1123.316255	0.824258	5455.260745	4.768833	10001
W147	908.667687	0.375676	1753.253603	1.511832	757.741478	0.604818	3679.887406	3.418245	10001
W148	3446.674808	0.733180	6650.280533	5.227492	2874.195377	2.055442	13958.210913	11.984367	10001
W149	1041.677262	0.313432	2009.892550	1.636760	868.658675	0.648130	4218.544465	3.731590	10001
W150	761.384076	0.287817	1469.073231	1.242675	634.921109	0.495510	3083.423911	2.817281	10001
W151	1151.279708	0.354786	2221.367973	1.815009	960.056576	0.719170	4662.408229	4.135878	10001
W152	2508.249972	0.576697	4839.611186	3.827569	2091.639297	1.506900	10157.814147	8.766306	10001
W153	1556.781017	0.438170	3003.773511	2.425168	1298.205676	0.958731	6304.591813	5.536365	10001
W154	1424.027528	0.420805	2747.628678	2.232110	1187.502032	0.883467	5766.971846	5.090794	10001
W155	2134.923572	0.560256	4119.286401	3.299289	1780.320976	1.302237	8645.931268	7.541272	10001
W156	985.004790	0.364228	1900.544306	1.600711	821.399282	0.637790	3989.034468	3.631241	10001
W157	1520.536096	0.493530	2933.839761	2.415716	1267.980897	0.958580	6157.808527	5.498322	10001
W158	1579.629967	0.495604	3047.860040	2.496774	1317.259504	0.989793	6397.124612	5.687191	10001
W159	1544.277236	0.457892	2979.647751	2.421688	1287.778726	0.958585	6253.954484	5.522785	10001
W160	760.825319	0.285964	1467.995122	1.240351	634.455159	0.494485	3081.161077	2.812470	10001
W161	1739.931770	0.441731	3357.158717	2.679609	1450.935794	1.056919	7046.308679	6.128178	10001
W162	662.831204	0.253208	1278.917709	1.084116	552.737490	0.432445	2684.308284	2.457068	10001
W163	1463.679000	0.431473	2824.135289	2.293526	1220.567546	0.907719	5927.550849	5.231123	10001
W164	1407.954191	0.307342	2716.615541	2.139555	1174.098414	0.841609	5701.878665	4.903534	10001
W165	1997.825719	0.454503	3854.759217	3.045965	1665.994549	1.198967	8090.717663	6.977185	10001
W166	1041.918239	0.372957	2010.357509	1.682903	868.859626	0.669811	4219.520362	3.821066	10001
W167	916.334574	0.383514	1768.046688	1.528927	764.134925	0.611946	3710.936471	3.455542	10001
W168	1321.968530	0.444751	2550.708167	2.112348	1102.394641	0.839092	5353.657248	4.803727	10001
W169	1842.043086	0.480185	3554.180175	2.844650	1536.086813	1.122631	7459.835154	6.502817	10001
W170	1357.383838	0.373376	2619.041197	2.108771	1131.927602	0.833205	5497.080797	4.816109	10001
W171	3379.556962	0.993742	6520.778178	5.293876	2818.225547	2.095048	13686.399645	12.074998	10001
W172	1285.644747	0.477536	2480.622254	2.091091	1072.104098	0.833305	5206.554587	4.743084	10001
W173	2295.062900	0.531442	4428.271588	3.504364	1913.861778	1.379826	9294.457355	8.025291	10001
W174	1469.792505	0.421432	2835.931159	2.294909	1225.665622	0.907641	5952.309088	5.237146	10001
W175	2883.736991	0.728244	5564.104838	4.438773	2404.759366	1.750599	11678.447019	10.152182	10001
W176	2492.328336	0.712852	4808.890753	3.890271	2078.362183	1.538517	10093.335319	8.878300	10001
W177	2974.838622	0.661032	5739.883358	4.526908	2480.729366	1.781202	12047.386894	10.372661	10001
W178	2794.405790	0.739308	5391.742321	4.322245	2330.265735	1.706299	11316.676963	9.878108	10001
W179	2028.605440	0.513776	3914.147988	3.123424	1691.661878	1.231913	8215.368194	7.143442	10001
W180	1987.182281	0.497808	3834.222947	3.056308	1657.118946	1.205177	8047.614281	6.991149	10001
W181	1790.584078	0.517550	3454.891193	2.798627	1493.174949	1.107080	7251.438448	6.385668	10001
W182	1716.198143	0.463107	3311.365225	2.660347	1431.144231	1.050684	6950.193152	6.077907	10001
W183	1184.422844	0.435326	2285.316898	1.922549	987.694764	0.765867	4796.630023	4.362066	10001
W184	1631.218227	0.466144	3147.398413	2.545883	1360.279153	1.006819	6606.044762	5.810263	10001
W185	2693.095661	0.580601	5196.266733	4.088614	2245.782828	1.607969	10906.395100	9.371909	10001
W186	1537.205680	0.446161	2966.003345	2.403879	1281.881728	0.951024	6225.316368	5.484518	10001
W187	1083.304455	0.421100	2090.211270	1.778198	903.371751	0.709749	4387.124665	4.028104	10001
W188	1638.194034	0.531816	3160.858074	2.602716	1366.096305	1.032789	6634.295116	5.923921	10001
W189	2133.478021	0.599930	4116.497245	3.323178	1779.115526	1.313708	8640.077134	7.586545	10001
W190	2170.754218	0.620270	4188.420817	3.387913	1810.200290	1.339814	8791.036838	7.731975	10001
W191	2156.253183	0.554651	4160.441401	3.325233	1798.107821	1.311925	8732.311108	7.603089	10001
W192	1773.584259	0.464887	3422.090429	2.740535	1478.998734	1.081669	7182.593236	6.264236	10001
W193	1234.424421	0.398675	2381.793802	1.959652	1029.391272	0.777498	4999.124485	4.460806	10001
W194	2276.933095	0.771518	4393.290542	3.642583	1898.743264	1.447265	9221.035967	8.282205	10001
W195	2436.475722	0.685444	4701.124407	3.795347	2031.786474	1.500381	9867.145554	8.664394	10001
W196	1006.868712	0.344429	1942.730245	1.613346	839.631691	0.641200	4077.578138	3.667426	10001
W197	2506.981872	0.615010	4837.164418	3.847948	2090.581824	1.516719	10152.678648	8.804814	10001
W198	2753.840985	0.695866	5313.473453	4.239091	2296.438587	1.671867	11152.399176	9.695385	10001
W199	901.237769	0.230237	1738.917746	1.388847	751.545641	0.547873	3649.798011	3.175930	10001
W200	918.152406	0.313596	1771.554154	1.470807	765.650822	0.584522	3718.298258	3.343538	10001
W201	2621.547322	0.628508	5058.215843	4.015192	2186.118393	1.581953	10616.641392	9.190624	10001
W202	1303.551264	0.381825	2515.172471	2.040905	1087.036412	0.807608	5279.071710	4.655537	10001
W203	2535.890292	0.588052	4892.942554	3.872563	2114.688666	1.524841	10269.750851	8.868324	10001
W204	2017.070124	0.523756	3891.890858	3.113653	1682.042533	1.228691	8168.652912	7.118216	10001
W205	3262.550307	0.903774	6295.016501	5.072747	2720.653247	2.004638	13212.550597	11.583888	10001
W206	2138.046494	0.554579	4125.312009	3.300029	1782.925193	1.302208	8658.578360	7.544428	10001
W207	2767.254479	0.625321	5339.354484	4.216727	2307.624152	1.659619	11206.720628	9.659829	10001
W208	2600.416156	0.620992	5017.443740	3.981402	2168.497032	1.568526	10531.065211	9.113800	10001
W209	1888.683777	0.513256	3644.172326	2.930067	1574.980664	1.157391	7648.718830	6.693284	10001
W210	1637.236958	0.511825	3159.011417	2.586460	1365.298195	1.025246	6630.419186	5.891951	10001
W211	3133.671649	0.713455	6046.348067	4.778027	2613.180839	1.880774	12690.622772	10.944588	10001
W212	2565.163819	0.637581	4949.425159	3.942218	2139.099973	1.554272	10388.301656	9.018720	10001
W213	3443.941350	0.768245	6645.006387	5.242377	2871.915935	2.062849	13947.141058	12.011442	10001
W214	2574.543437	0.617434	4967.522918	3.943314	2146.921673	1.553643	10426.286871	9.026056	10001
W215	3596.226647	0.827651	6938.837399	5.488265	2998.907230	2.160747	14563.860189	12.569643	10001
W216	2691.586910	0.603065	5193.355632	4.098589	2244.524674	1.612892	10900.285019	9.390239	10001
W217	1744.664172	0.516305	3366.289778	2.735223	1454.882162	1.082639	7065.473778	6.238064	10001
W218	1304.984455	0.406342	2517.937780	2.060389	1088.231555	0.816627	5284.875792	4.693970	10001
W219	2528.121215	0.669441	4877.952297	3.910741	2108.210003	1.543878	10238.287942	8.937520	10001
W220	2724.986249	0.652975	5257.798897	4.173427	2272.376512	1.644281	11035.544377	9.552888	10001
W221	2489.628030	0.587003	4803.680574	3.807430	2076.110388	1.499639	10082.399724	8.717147	10001
W222	1552.366678	0.491315	2995.256145	2.456844	1294.524542	0.974201	6286.714794	5.595153	10001
W223	1616.325410	0.450508	3118.663062	2.514966	1347.859975	0.994002	6545.732405	5.742409	10001
W224	2635.985957	0.710726	5086.074860	4.085771	2198.158826	1.613616	10675.114421	9.334606	10001
W225	1807.247216	0.555789	3487.042337	2.848319	1507.070403	1.128540	7318.920181	6.490780	10001
W226	1630.195167	0.542074	3145.424441	2.599886	1359.426019	1.032395	6601.901611	5.914121	10001
W227	2783.431133	0.759561	5370.566969	4.320222	2321.113926	1.706670	11272.232218	9.868142	10001
W228	1184.525397	0.407008	2285.514772	1.899450	987.780284	0.755012	4797.045339	4.317311	10001
W229	2502.600349	0.735113	4828.710369	3.919641	2086.928055	1.551155	10134.934525	8.940642	10001
W230	4527.052089	1.181928	8734.843887	6.992224	3775.126146	2.759546	18333.481222	15.983686	10001
W231	1417.879722	0.448163	2735.766626	2.243562	1182.375352	0.889596	5742.074697	5.109579	10001
W232	2457.968641	0.567852	4742.594505	3.752367	2049.709502	1.477416	9954.186751	8.593510	10001
W233	2424.679960	0.559871	4678.364752	3.701384	2021.949943	1.457330	9819.375531	8.476812	10001
W234	1527.876129	0.446146	2948.002188	2.391155	1274.101779	0.946132	6187.533911	5.454834	10001
W235	2127.258264	0.496890	4104.496365	3.250580	1773.928847	1.280097	8614.888601	7.443211	10001
W236	3516.223753	0.826606	6784.473637	5.376017	2932.192509	2.117348	14239.867551	12.308956	10001
W237	1510.575658	0.434121	2914.621324	2.359269	1259.674850	0.933148	6117.471132	5.383780	10001
W238	3016.555191	0.686065	5820.374529	4.599051	2515.516974	1.810292	12216.329050	10.534774	10001
W239	2088.054263	0.552426	4028.853138	3.229693	1741.236480	1.274990	8456.121748	7.381179	10001
W240	3129.527253	0.613195	6038.351550	4.720066	2609.724811	1.853754	12673.838958	10.830882	10001
W241	1404.359737	0.423209	2709.680123	2.207097	1171.100985	0.874009	5687.321983	5.031718	10001
W242	2578.087114	0.636866	4974.360361	3.959721	2149.876758	1.560986	10440.637916	9.059616	10001
W243	1243.303172	0.411377	2398.925150	1.981273	1036.795296	0.786632	5035.081309	4.507459	10001
W244	1470.285564	0.455201	2836.882505	2.319464	1226.076786	0.919167	5954.305859	5.284853	10001
W245	2980.006761	0.695451	5749.855166	4.553276	2485.039098	1.793077	12068.316626	10.426268	10001
W246	2589.777922	0.615379	4996.917510	3.963334	2159.625768	1.561266	10487.982902	9.073090	10001
W247	1092.116193	0.371497	2107.213318	1.748281	910.719893	0.694707	4422.810103	3.974714	10001
W248	2761.124817	0.653384	5327.527440	4.223995	2302.512603	1.663822	11181.896957	9.670381	10001
W249	3614.687852	0.834252	6974.457873	5.517761	3014.302100	2.172466	14638.623667	12.636712	10001
W250	2427.792208	0.590144	4684.369764	3.723177	2024.545258	1.467282	9831.979393	8.520487	10001
W251	1540.329307	0.552059	2972.030312	2.488508	1284.486532	0.990491	6237.966312	5.650019	10001
W252	1982.599459	0.584481	3825.380495	3.106679	1653.297313	1.229547	8029.054942	7.085772	10001
W253	2759.939997	0.778423	5325.241358	4.300547	2301.524577	1.700200	11177.098721	9.817243	10001
W254	3272.229743	0.810073	6313.692753	5.026903	2728.724966	1.981768	13251.750006	11.500891	10001
W255	1976.010974	0.528088	3812.668165	3.059784	1647.803150	1.208181	8002.373152	6.991652	10001
W256	2519.323743	0.787815	4860.977777	3.980130	2100.873758	1.577695	10202.660281	9.066668	10001
W257	2595.164498	0.676593	5007.310785	4.007741	2164.117654	1.581645	10509.797249	9.161603	10001
W258	2719.445462	0.796387	5247.108075	4.257581	2267.756029	1.684762	11013.105512	9.712069	10001
W259	1883.067532	0.612506	3633.335911	2.992674	1570.297257	1.187596	7625.974379	6.811176	10001
W260	1935.093630	0.607054	3733.719081	3.058566	1613.682020	1.212500	7836.667666	6.966871	10001
W261	1901.545440	0.510751	3668.988613	2.946128	1585.706055	1.163432	7700.805499	6.731357	10001
W262	1728.329612	0.488496	3334.772618	2.693785	1441.260710	1.065028	6999.322709	6.149098	10001
W263	3232.630935	1.021759	6237.287756	5.115101	2695.703368	2.028191	13091.384280	11.649341	10001
W264	2322.285181	0.569184	4480.796358	3.564151	1936.562542	1.404832	9404.701098	8.155547	10001
W265	2746.932198	0.686688	5300.143106	4.223936	2290.677323	1.665532	11124.420237	9.662356	10001
W266	2119.899803	0.516743	4090.298381	3.251855	1767.792597	1.281605	8585.088587	7.441558	10001
W267	2509.574509	0.635914	4842.166851	3.864166	2092.743834	1.524085	10163.178208	8.837489	10001
W268	1382.031396	0.417449	2666.598097	2.172697	1152.481295	0.860439	5596.897526	4.953055	10001
W269	1754.578990	0.486435	3385.420196	2.728350	1463.150167	1.078204	7105.626430	6.230242	10001
W270	1846.005078	0.526253	3561.824750	2.880242	1539.390734	1.138982	7475.880281	6.573648	10001
W271	2659.587153	0.593155	5131.612830	4.048364	2217.839954	1.593006	10770.693634	9.275719	10001
W272	2268.717347	0.561421	4377.438442	3.485142	1891.892120	1.373946	9187.764146	7.973594	10001
W273	3837.639087	0.807300	7404.637204	5.815759	3200.221992	2.286363	15541.522995	13.334752	10001
W274	2269.851446	0.513992	4379.626661	3.459378	1892.837849	1.361589	9192.356978	7.924650	10001
W275	2668.583416	0.597513	5148.970916	4.063343	2225.341973	1.599004	10807.126357	9.309566	10001
W276	2311.759298	0.508925	4460.486907	3.515299	1927.784968	1.382955	9362.073783	8.055678	10001
W277	1467.748917	0.422194	2831.988103	2.292642	1223.961466	0.906815	5944.033045	5.231646	10001
W278	2594.416954	0.625587	5005.868416	3.975732	2163.494275	1.566574	10506.769874	9.099540	10001
W279	1560.547167	0.463060	3011.040211	2.447444	1301.346283	0.968798	6319.843821	5.581439	10001
W280	1747.430633	0.486176	3371.627602	2.718380	1457.189124	1.074353	7076.677286	6.207069	10001
W281	1768.189611	0.484694	3411.681579	2.745873	1474.500117	1.084847	7160.746198	6.271546	10001
W282	2150.438310	0.528901	4149.221736	3.301501	1793.258776	1.301394	8708.762260	7.554149	10001
W283	1465.590663	0.419543	2827.823800	2.287882	1222.161689	0.904826	5935.292628	5.221273	10001
W284	1201.492130	0.372392	2318.251697	1.895725	1001.928908	0.751269	4865.756562	4.319270	10001
W285	1339.357389	0.455210	2584.259575	2.143762	1116.895278	0.851836	5424.077980	4.873944	10001
W286	3104.593944	0.705846	5990.243298	4.733142	2588.932829	1.863062	12572.865003	10.841976	10001
W287	1646.856751	0.442587	3177.572588	2.551688	1373.320177	1.007679	6669.377052	5.830080	10001
W288	3151.466526	0.800901	6080.682878	4.853964	2628.020055	1.914590	12762.687782	11.100677	10001
W289	2800.452254	0.726584	5403.408835	4.322555	2335.307904	1.705711	11341.163699	9.882055	10001
W290	2347.270278	0.651479	4529.004534	3.650463	1957.397711	1.442647	9505.884783	8.335732	10001
W291	2424.581693	0.823943	4678.175150	3.880679	2021.867998	1.542003	9818.977576	8.822933	10001
W292	1963.916350	0.553826	3789.331862	3.060124	1637.717396	1.209801	7953.392807	6.985639	10001
W293	1894.574055	0.560715	3655.537484	2.970279	1579.892590	1.175679	7672.573051	6.774131	10001
W294	1270.379157	0.539054	2451.167647	2.126571	1059.374065	0.851609	5144.732592	4.804136	10001
W295	3292.817041	0.917784	6353.415475	5.123548	2745.892793	2.025004	13335.123652	11.698570	10001
W296	2486.061337	0.751177	4796.798722	3.908527	2073.136109	1.547882	10067.955470	8.910128	10001
W297	3016.091647	0.764449	5819.480131	4.644200	2515.130423	1.831752	12214.451808	10.621414	10001
W298	2197.650501	0.540415	4240.316583	3.373926	1832.629204	1.329938	8899.960373	7.719885	10001
W299	2683.646377	0.545425	5178.034556	4.057215	2237.903034	1.594224	10868.127757	9.306262	10001
W300	2350.198448	0.596560	4534.654372	3.619396	1959.839523	1.427594	9517.743173	8.277463	10001
W301	1689.251450	0.493041	3259.372195	2.643552	1408.673280	1.045989	6841.065473	6.030672	10001
W302	1302.485489	0.413028	2513.116084	2.061967	1086.147658	0.817666	5274.755579	4.695665	10001
W303	2511.490107	0.594277	4845.862954	3.842082	2094.341258	1.513385	10170.935924	8.796039	10001
W304	2351.691738	0.570265	4537.535642	3.605658	1961.084784	1.420903	9523.790643	8.251840	10001
W305	2627.130949	0.806732	5068.989325	4.139630	2190.774601	1.640109	10639.253752	9.433733	10001
W306	915.182087	0.372979	1765.822991	1.517711	763.173862	0.606838	3706.269175	3.433091	10001
W307	2593.777582	0.569127	5004.634763	3.943127	2162.961100	1.551184	10504.180570	9.036465	10001
W308	3881.763105	0.752104	7489.773491	5.850534	3237.017181	2.297394	15720.214744	13.426436	10001
W309	2189.682862	0.554241	4224.943205	3.371231	1825.984959	1.329634	8867.693334	7.710263	10001
W310	1376.135728	0.389231	2655.222541	2.145042	1147.564875	0.848089	5573.021478	4.896417	10001
W311	1858.035852	0.519868	3585.037854	2.892391	1549.423242	1.143276	7524.602045	6.603711	10001
W312	1915.849040	0.553802	3696.587083	2.994443	1597.633882	1.184544	7758.731667	6.832454	10001
W313	1755.118305	0.525520	3386.460792	2.755936	1463.599904	1.091166	7107.810527	6.283796	10001
W314	2339.260136	0.624180	4513.549148	3.621629	1950.718023	1.429980	9473.445619	8.275704	10001
W315	3019.184958	0.693729	5825.448605	4.607004	2517.709947	1.813741	12226.978981	10.551542	10001
W316	1860.737379	0.512821	3590.250389	2.891410	1551.676056	1.142487	7535.542586	6.603306	10001
W317	1713.670069	0.431977	3306.487364	2.637277	1429.036060	1.040072	6939.955055	6.032046	10001
W318	1912.989840	0.461739	3691.070321	2.931773	1595.249584	1.155240	7747.152588	6.710057	10001
W319	2605.438658	0.583797	5027.134543	3.967426	2172.685316	1.561278	10551.405146	9.089725	10001
W320	2240.772201	0.598505	4323.518920	3.469539	1868.588555	1.369959	9074.592970	7.928027	10001
W321	1255.889873	0.422872	2423.210902	2.007038	1047.291394	0.797280	5086.054444	4.564146	10001
W322	1660.210363	0.498256	3203.338078	2.607729	1384.455806	1.032548	6723.455996	5.945583	10001
W323	1818.806105	0.485805	3509.344949	2.816185	1516.709405	1.111980	7365.730923	6.435086	10001
W324	1296.455231	0.390471	2501.480838	2.037356	1081.119003	0.806780	5250.334472	4.644800	10001
W325	2653.681301	0.699303	5120.217625	4.102817	2212.915042	1.619536	10746.776346	9.377255	10001
W326	2067.280119	0.556405	3988.769901	3.203641	1723.912841	1.265182	8371.991420	7.319465	10001
W327	2330.407684	0.650265	4496.468543	3.626546	1943.335929	1.433374	9437.595298	8.280301	10001
W328	2464.932625	0.719275	4756.031352	3.857322	2055.516795	1.526239	9982.389223	8.799656	10001
W329	1310.558470	0.426446	2528.692715	2.082934	1092.879747	0.826589	5307.449223	4.740611	10001
W330	2746.040384	0.745004	5298.422371	4.259345	2289.933636	1.682399	11120.808604	9.730098	10001
W331	2983.658180	0.820161	5756.900496	4.634913	2488.084030	1.831290	12083.104004	10.585560	10001
W332	3037.445035	0.635410	5860.681008	4.601269	2532.937096	1.808757	12300.927938	10.550771	10001
W333	1705.604638	0.536411	3290.925298	2.696839	1422.310266	1.069176	6907.291982	6.142577	10001
W334	2151.574229	0.525255	4151.413466	3.300912	1794.206024	1.300976	8713.362460	7.553648	10001
W335	1305.607418	0.587258	2519.139773	2.217631	1088.751046	0.890175	5287.398643	4.999996	10001
W336	3214.944620	0.663336	6203.162414	4.865452	2680.954682	1.912221	13019.758922	11.158294	10001
W337	2088.065416	0.576163	4028.874658	3.245112	1741.245780	1.282281	8456.166915	7.410917	10001
W338	1828.949858	0.496760	3528.917091	2.837226	1525.168320	1.120705	7406.810706	6.481262	10001
W339	872.443179	0.310443	1683.359240	1.407645	727.533722	0.560147	3533.186789	3.196590	10001
W340	2420.678249	0.608879	4670.643542	3.724533	2018.612900	1.468794	9803.169555	8.519137	10001
W341	2113.461053	0.554892	4077.874960	3.266291	1762.423299	1.289226	8559.013186	7.465786	10001
W342	897.536778	0.301359	1731.776770	1.433687	748.459371	0.569472	3634.809883	3.260530	10001
W343	1881.896711	0.473489	3631.076837	2.895626	1569.320904	1.141915	7621.232831	6.623147	10001
W344	1994.541925	0.505620	3848.423213	3.071265	1663.256182	1.211364	8077.419083	7.024049	10001
W345	1950.629909	0.463472	3763.695977	2.985178	1626.637782	1.175942	7899.585889	6.833846	10001
W346	2733.688960	0.611389	5274.590580	4.162092	2279.633736	1.637833	11070.788282	9.535954	10001
W347	2478.485873	0.554388	4782.182036	3.773582	2066.818900	1.484953	10037.276646	8.645805	10001
W348	2280.165484	0.562545	4399.527362	3.501705	1901.438765	1.380394	9234.126371	8.011859	10001
W349	1467.947080	0.468096	2832.370454	2.325852	1224.126715	0.922454	5944.835557	5.295938	10001
W350	1922.964253	0.483859	3710.315724	2.958839	1603.567285	1.166846	7787.546582	6.767724	10001
W351	1181.696167	0.423675	2280.055837	1.909236	985.420978	0.759935	4785.587631	4.334774	10001
W352	2291.306046	0.575968	4421.022824	3.525252	1910.728923	1.390188	9279.242992	8.063402	10001
W353	1757.165385	0.476476	3390.410584	2.725355	1465.306971	1.076476	7116.100710	6.225890	10001
W354	2144.090963	0.570637	4136.974675	3.318530	1787.965699	1.310230	8683.057019	7.583434	10001
W355	1930.651265	0.514296	3725.147639	2.988475	1609.977514	1.179940	7818.677148	6.829092	10001
W356	3445.686780	0.734352	6648.374155	5.226715	2873.371456	2.055196	13954.209634	11.982318	10001
W357	2566.160201	0.601942	4951.347656	3.922693	2139.930860	1.544895	10392.336765	8.981694	10001
W358	1942.705340	0.570397	3748.405702	3.042542	1620.029454	1.204039	7867.493276	6.940054	10001
W359	2682.499259	0.677363	5175.821217	4.128981	2236.946448	1.628418	10863.482201	9.443654	10001
W360	1642.592309	0.436654	3169.344445	2.542005	1369.764043	1.003615	6652.107081	5.809052	10001
W361	2013.586787	0.553665	3885.169839	3.128078	1679.137765	1.235936	8154.546230	7.144101	10001
W362	2372.059123	0.639478	4576.834046	3.676628	1978.069224	1.452026	9606.273692	8.399874	10001
W363	1631.572109	0.456636	3148.081221	2.539944	1360.574256	1.003971	6607.477900	5.798997	10001
W364	1444.812899	0.442898	2787.733578	2.276066	1204.835032	0.901728	5851.147641	5.187081	10001
W365	993.739737	0.388185	1917.398186	1.632860	828.683388	0.651854	4024.408919	3.698335	10001
W366	3868.920277	0.820445	7464.993547	5.866569	3226.307497	2.306618	15668.204353	13.449987	10001
W367	2568.148757	0.730984	4955.184529	4.006199	2141.589125	1.584178	10400.389943	9.143721	10001
W368	3012.125718	0.668415	5811.827962	4.583159	2511.823220	1.803296	12198.390742	10.501731	10001
W369	2742.465274	0.568173	5291.524278	4.151589	2286.952338	1.631756	11106.330261	9.520702	10001
W370	3058.145549	0.631255	5900.622178	4.628291	2550.199334	1.819024	12384.760081	10.614346	10001
W371	1922.368611	0.498059	3709.166446	2.966775	1603.070577	1.170676	7785.134372	6.782682	10001
W372	1324.840371	0.366770	2556.249318	2.059764	1104.789480	0.813962	5365.287516	4.703634	10001
W373	2104.094286	0.501544	4059.801998	3.220965	1754.612317	1.268899	8521.080016	7.373285	10001
W374	3158.290569	0.703308	6093.849713	4.806895	2633.710651	1.891436	12790.323527	11.013902	10001
W375	2210.014304	0.559883	4264.172259	3.402837	1842.939427	1.342124	8950.030824	7.782439	10001
W376	1174.713859	0.390251	2266.583632	1.873186	979.598404	0.743807	4757.310948	4.261148	10001
W377	2396.697857	0.562762	4624.373922	3.663975	1998.615559	1.443029	9706.054689	8.389195	10001
W378	1863.608921	0.479057	3595.790964	2.873738	1554.070646	1.133779	7547.171646	6.570826	10001
W379	1441.883012	0.416499	2782.080427	2.253438	1202.391788	0.891401	5839.282296	5.141764	10001
W380	2603.160646	0.650806	5022.739171	4.002895	2170.785673	1.578377	10542.179742	9.156707	10001
W381	2366.920862	0.599811	4566.919888	3.644540	1973.784409	1.437464	9585.464960	8.335186	10001
W382	1917.744581	0.510535	3700.244486	2.968290	1599.214581	1.171954	7766.408156	6.783041	10001
W383	1916.056396	0.538377	3696.987172	2.984237	1597.806797	1.179698	7759.571410	6.812867	10001
W384	2340.979133	0.595911	4516.865913	3.606237	1952.151501	1.422486	9480.407144	8.246993	10001
W385	1776.682077	0.456382	3428.067597	2.739490	1481.582016	1.080797	7195.138658	6.263940	10001
W386	1175.245713	0.369753	2267.609833	1.858358	980.041919	0.736764	4759.464832	4.232738	10001
W387	2511.734135	0.696281	4846.333801	3.905675	2094.544754	1.543462	10171.924179	8.918700	10001
W388	2084.823996	0.523140	4022.620411	3.207011	1738.542747	1.264645	8443.039935	7.335683	10001
W389	2398.280042	0.634836	4627.426712	3.709748	1999.934949	1.464519	9712.462159	8.478225	10001
W390	1821.617938	0.478792	3514.770318	2.815587	1519.054204	1.111357	7377.118179	6.435491	10001
W391	2610.565733	0.635519	5037.027117	4.004031	2176.960803	1.578009	10572.168576	9.163017	10001
W392	868.737931	0.334207	1676.210050	1.422935	724.443902	0.567738	3518.181421	3.224318	10001
W393	2575.364499	0.637574	4969.107139	3.956366	2147.606359	1.559729	10429.611976	9.051641	10001
W394	2175.033506	0.530812	4196.677606	3.336802	1813.768804	1.315113	8808.366935	7.635813	10001
W395	1340.615918	0.434307	2586.687876	2.129245	1117.944769	0.844859	5429.174719	4.846510	10001
W396	1978.058064	0.558497	3816.617977	3.082620	1649.510226	1.218730	8010.663375	7.036830	10001
W397	1701.244535	0.501815	3282.512580	2.666000	1418.674360	1.055152	6889.634608	6.080593	10001
W398	2707.699556	0.704018	5224.444616	4.180328	2257.961072	1.649661	10965.537393	9.556564	10001
W399	1398.613356	0.494568	2698.592613	2.254053	1166.309056	0.896779	5664.050512	5.119522	10001
W400	2280.405165	0.603265	4399.989823	3.527180	1901.638637	1.392427	9235.097024	8.061070	10001
W401	2371.509911	0.551662	4575.774355	3.622516	1977.611235	1.426463	9604.049517	8.295348	10001
W402	3677.397414	0.809234	7095.454546	5.591733	3066.595845	2.199831	14892.582438	12.814110	10001
W403	3399.548163	0.774138	6559.350744	5.183502	2834.896286	2.040388	13767.359240	11.873342	10001
W404	1966.140735	0.507698	3793.623763	3.033266	1639.572320	1.196830	7962.401037	6.935077	10001
W405	1745.095786	0.458729	3367.122569	2.697342	1455.242087	1.064686	7067.221713	6.165210	10001
W406	2260.765191	0.505283	4362.094939	3.441873	1885.260786	1.354403	9155.559811	7.885895	10001
W407	2057.061510	0.459577	3969.053328	3.131650	1715.391504	1.232320	8330.608490	7.175159	10001
W408	3623.958537	0.767091	6992.345450	5.494394	3022.032960	2.160226	14676.167731	12.596991	10001
W409	2638.548263	0.584049	5091.018772	4.013940	2200.295543	1.579265	10685.491150	9.197730	10001
W410	2611.391915	0.565493	5038.621217	3.965900	2177.649760	1.559817	10575.514419	9.090134	10001
W411	1572.449954	0.378408	3034.006369	2.409210	1311.272064	0.949276	6368.047273	5.514290	10001
W412	1781.370798	0.466285	3437.114378	2.752160	1485.491959	1.086225	7214.126860	6.290955	10001
W413	3009.672774	0.656472	5807.095061	4.573286	2509.777700	1.798911	12188.456901	10.481374	10001
W414	2601.356697	0.593030	5019.258492	3.966814	2169.281353	1.561491	10534.874178	9.086259	10001
W415	2444.163007	0.559562	4715.956848	3.728429	2038.196931	1.467760	9898.277226	8.539738	10001
W416	1912.125338	0.491731	3689.402284	2.948678	1594.528672	1.163355	7743.651561	6.742131	10001
W417	2341.334103	0.646524	4517.550821	3.639038	1952.447512	1.437962	9481.844691	8.310420	10001
W418	2513.775201	0.528286	4850.271990	3.809237	2096.246806	1.497512	10180.190006	8.734167	10001
W419	1867.639568	0.427244	3603.568005	2.848792	1557.431818	1.121461	7563.494803	6.525051	10001
W420	1638.766452	0.417588	3161.962541	2.524756	1366.573646	0.995915	6636.613272	5.773691	10001
W421	1956.428186	0.467159	3774.883621	2.995389	1631.472988	1.180072	7923.067530	6.856735	10001
W422	2453.713814	0.611518	4734.384912	3.771926	2046.161385	1.487211	9936.955716	8.628781	10001
W423	1478.932980	0.406555	2853.567498	2.297436	1233.287900	0.907736	5989.325833	5.247051	10001
W424	1342.559638	0.325013	2590.438240	2.058116	1119.565645	0.811029	5437.046323	4.710283	10001
W425	1115.517474	0.394091	2152.365556	1.797504	930.234311	0.715118	4517.579709	4.082684	10001
W426	2449.997486	0.578668	4727.214342	3.747402	2043.062325	1.476042	9921.905472	8.579501	10001
W427	1774.158723	0.584375	3423.198843	2.825178	1479.477781	1.121540	7184.919675	6.428062	10001
W428	2373.031866	0.579401	4578.710931	3.640717	1978.880398	1.434906	9610.213068	8.331225	10001
W429	2448.431244	0.576073	4724.192314	3.743729	2041.756230	1.474493	9915.562568	8.571560	10001
W430	3785.821732	0.801842	7304.656797	5.740054	3157.011300	2.256832	15331.675064	13.160121	10001
W431	3393.792190	0.801044	6548.244726	5.190675	2830.096358	2.044500	13744.048923	11.883922	10001
W432	2396.567219	0.689551	4624.121859	3.743594	1998.506620	1.480724	9705.525635	8.542573	10001
W433	2476.227161	0.617366	4777.823903	3.806677	2064.935352	1.500924	10028.129402	8.708227	10001
W434	2095.735454	0.501188	4043.673821	3.209120	1747.641854	1.264309	8487.228738	7.345823	10001
W435	2840.985453	0.672791	5481.616718	4.346461	2369.108694	1.712084	11505.313486	9.950645	10001
W436	2188.806525	0.601135	4223.252333	3.399813	1825.254178	1.343265	8864.144379	7.764871	10001
W437	1523.762587	0.418166	2940.065203	2.366607	1270.671481	0.935029	6170.875048	5.405196	10001
W438	2739.391178	0.611285	5285.592880	4.170021	2284.388838	1.640892	11093.880905	9.554396	10001
W439	2544.339701	0.573266	4909.245498	3.876123	2121.734661	1.525489	10303.968944	8.879903	10001
W440	2123.172995	0.480347	4096.613931	3.235594	1770.522125	1.273490	8598.344235	7.412099	10001
W441	3129.094307	0.696668	6037.516189	4.762384	2609.363775	1.873915	12672.085628	10.911941	10001
W442	1579.138054	0.472487	3046.910906	2.479365	1316.849296	0.981644	6395.132483	5.653271	10001
W443	1639.245287	0.403026	3162.886441	2.516595	1366.972948	0.991991	6638.552437	5.758241	10001
W444	2331.857517	0.476568	4499.265964	3.526695	1944.544951	1.385873	9443.466778	8.088885	10001
W445	2304.755759	0.512818	4446.973739	3.507593	1921.944690	1.380163	9333.711121	8.036932	10001
W446	3032.545917	0.750575	5851.228271	4.658596	2528.851702	1.836562	12281.087677	10.658288	10001
W447	2795.173068	0.645961	5393.222765	4.267263	2330.905570	1.680156	11319.784254	9.772662	10001
W448	2767.494618	0.587364	5339.817827	4.196696	2307.824405	1.650078	11207.693135	9.621459	10001
W449	1973.407977	0.496129	3807.645741	3.036198	1645.632501	1.197333	7991.831634	6.944761	10001
W450	1685.006457	0.424665	3251.181577	2.593112	1405.133364	1.022651	6823.874263	5.931050	10001
W451	2676.613062	0.604658	5164.463934	4.078508	2232.037925	1.605211	10839.644505	9.343230	10001
W452	2655.966330	0.653005	5124.626535	4.077484	2214.820536	1.607262	10756.030167	9.329724	10001
W453	1809.447236	0.520825	3491.287226	2.826614	1508.905009	1.118037	7327.829740	6.450050	10001
W454	537.447291	0.259383	1036.992306	0.930729	448.179363	0.374730	2176.533344	2.093149	10001
W455	1182.492174	0.367891	2281.591714	1.866763	986.084771	0.739868	4788.811269	4.252932	10001
W456	1408.474697	0.436404	2717.619846	2.222201	1174.532466	0.880643	5703.986591	5.063157	10001
W457	2217.834986	0.549101	4279.262086	3.407140	1849.461123	1.343208	8981.702721	7.795076	10001
W458	2134.590533	0.485398	4118.643811	3.254361	1780.043254	1.280987	8644.582541	7.454587	10001
W459	1534.839233	0.411953	2961.437340	2.377783	1279.908339	0.938976	6215.732823	5.432863	10001
W460	2013.797352	0.494532	3885.576120	3.091266	1679.313356	1.218487	8155.398968	7.073277	10001
W461	1920.276784	0.581285	3705.130313	3.019775	1601.326194	1.195970	7776.662972	6.883808	10001
W462	1458.984773	0.439967	2815.077886	2.293157	1216.653013	0.908105	5908.540351	5.227844	10001
W463	1962.099525	0.535404	3785.826340	3.045398	1636.202339	1.203059	7946.035099	6.956229	10001
W464	1460.967107	0.440440	2818.902754	2.296184	1218.306089	0.909297	5916.568330	5.234775	10001
W465	2543.311990	0.662033	4907.262553	3.927011	2120.877649	1.549733	10299.806960	8.977290	10001
W466	1579.823967	0.429382	3048.234358	2.450947	1317.421281	0.968139	6397.910265	5.598793	10001
W467	1576.752057	0.544300	3042.307177	2.530422	1314.859603	1.005962	6385.469761	5.750788	10001
W468	2191.087241	0.591395	4227.652922	3.396583	1827.156076	1.341463	8873.380733	7.759902	10001
W469	2367.660782	0.599801	4568.347547	3.645558	1974.401431	1.437856	9588.461460	8.337559	10001
W470	3029.549033	0.686984	5845.445851	4.617733	2526.352589	1.817554	12268.951011	10.577981	10001
W471	1684.102692	0.447560	3249.437783	2.606162	1404.379711	1.028938	6820.214230	5.955695	10001
W472	2386.789390	0.531509	4605.255760	3.632679	1990.352850	1.429401	9665.927759	8.323452	10001
W473	1626.924697	0.429516	3139.114145	2.515863	1356.698762	0.993145	6588.656990	5.749990	10001
W474	2307.226713	0.530587	4451.741388	3.520871	1924.005229	1.386159	9343.717896	8.063850	10001
W475	2329.299654	0.566679	4494.330626	3.572414	1942.411939	1.407889	9433.108044	8.175362	10001
W476	2363.997626	0.581165	4561.279572	3.629216	1971.346711	1.430561	9573.626554	8.304050	10001
W477	2644.517921	0.659965	5102.537090	4.065776	2205.273663	1.603114	10709.666839	9.300807	10001
W478	2124.837674	0.505457	4099.825891	3.252122	1771.910307	1.281126	8605.085788	7.444826	10001
W479	2082.908109	0.493567	4018.923751	3.186841	1736.945082	1.255320	8435.281051	7.295787	10001
W480	1626.780799	0.455551	3138.836497	2.532657	1356.578764	1.001104	6588.074237	5.782299	10001
W481	2100.478977	0.475480	4052.826340	3.201157	1751.597496	1.259948	8506.438874	7.333157	10001
W482	2429.991216	0.519914	4688.612701	3.687084	2026.379020	1.449885	9840.884853	8.452297	10001
W483	3258.615237	0.702141	6287.423873	4.946975	2717.371777	1.945529	13196.614502	11.339517	10001
W484	1648.897707	0.472448	3181.510566	2.574330	1375.022139	1.018135	6677.642438	5.874885	10001
W485	1889.858226	0.529182	3646.438399	2.942204	1575.960042	1.162987	7653.475067	6.717342	10001
W486	1792.687564	0.459104	3458.949820	2.763309	1494.929053	1.090127	7259.957063	6.318712	10001
W487	2064.393580	0.495638	3983.200388	3.162260	1721.505745	1.245938	8360.301623	7.238146	10001
W488	1656.160250	0.434710	3195.523478	2.559472	1381.078401	1.010234	6707.054004	5.850231	10001
W489	1593.535661	0.481204	3074.690760	2.505111	1328.855516	0.992075	6453.439357	5.710883	10001
W490	1090.006268	0.369208	2103.142265	1.743663	908.960418	0.692782	4414.265409	3.964632	10001
W491	2142.092140	0.594793	4133.117991	3.331544	1786.298873	1.316625	8674.962260	7.607428	10001
W492	1918.643279	0.497671	3701.978503	2.961386	1599.964008	1.168578	7770.047667	6.770233	10001
W493	1936.784999	0.477825	3736.982539	2.974365	1615.092458	1.172513	7843.517306	6.805312	10001
W494	375.136522	0.196849	723.817374	0.666536	312.827788	0.269381	1519.213441	1.494150	10001
W495	2947.624592	0.717970	5687.374507	4.521240	2458.035482	1.781863	11937.176563	10.346537	10001
W496	1627.375549	0.439599	3139.984053	2.522958	1357.074728	0.996447	6590.482832	5.763918	10001
W497	1483.743748	0.419831	2862.849764	2.312886	1237.299617	0.914458	6008.808294	5.279509	10001
W498	2811.480490	0.654255	5424.687564	4.294718	2344.504392	1.691172	11385.825422	9.834598	10001
W499	2334.963243	0.617134	4505.258390	3.611208	1947.134827	1.425571	9456.044225	8.253237	10001
W500	1795.706856	0.533515	3464.775476	2.816727	1497.446853	1.115012	7272.184478	6.423430	10001
W501	2943.007271	0.665085	5678.465492	4.484565	2454.185080	1.765037	11918.477514	10.273392	10001
W502	559.892452	0.241977	1080.299733	0.941422	466.896469	0.377278	2267.430893	2.125477	10001
W503	2591.179732	0.628285	4999.622271	3.972815	2160.794743	1.565588	10493.659898	9.092119	10001
W504	2554.853755	0.582514	4929.532126	3.895949	2130.502371	1.533600	10346.548356	8.923922	10001
W505	2405.059338	0.593428	4640.507210	3.693549	2005.588231	1.456023	9739.916694	8.450781	10001
W506	3321.115994	0.664635	6408.017660	5.015817	2769.491398	1.970469	13449.727661	11.506983	10001
W507	2170.798990	0.562921	4188.507204	3.350486	1810.237625	1.322111	8791.218156	7.659816	10001
W508	1833.397941	0.508025	3537.499566	2.850740	1528.877594	1.126557	7424.824382	6.509782	10001
W509	2646.577725	0.596436	5106.511435	4.031950	2206.991342	1.586822	10718.008555	9.236863	10001
W510	2517.417967	0.580992	4857.300624	3.842788	2099.284523	1.512991	10194.942340	8.800711	10001
W511	2202.402926	0.549242	4249.486279	3.385818	1836.592270	1.334992	8919.206560	7.745430	10001
W512	2238.265575	0.574719	4318.682443	3.451069	1866.498270	1.361522	9064.441735	7.891041	10001
W513	879.891128	0.293473	1697.729888	1.403970	733.744595	0.557556	3563.349206	3.193463	10001
W514	2808.599005	0.624601	5419.127805	4.274213	2342.101511	1.681797	11374.156096	9.793549	10001
W515	2788.250830	0.680043	5379.866466	4.277311	2325.133090	1.685770	11291.750843	9.788131	10001
W516	1307.424254	0.430088	2522.645318	2.081522	1090.266113	0.826292	5294.756399	4.736184	10001
W517	3598.883257	0.735276	6943.963267	5.442822	3001.122587	2.138837	14574.618827	12.483789	10001
W518	1725.950704	0.500324	3330.182570	2.698611	1439.276929	1.067593	6989.688699	6.157106	10001
W519	1912.816278	0.491945	3690.735437	2.949766	1595.104850	1.163786	7746.449703	6.744611	10001
W520	2489.473094	0.550296	4803.381628	3.786748	2075.981186	1.489844	10081.772270	8.677283	10001
W521	2091.107125	0.503207	4034.743566	3.203855	1743.782273	1.262381	8468.485111	7.333107	10001
W522	2106.656103	0.532373	4064.744965	3.242882	1756.748626	1.278972	8531.454763	7.416908	10001
W523	1191.862670	0.423238	2299.671873	1.922303	993.898864	0.764896	4826.759545	4.365551	10001
W524	2455.185622	0.590502	4737.224732	3.761487	2047.388732	1.482084	9942.916187	8.609503	10001
W525	1577.466003	0.464029	3043.684721	2.471135	1315.454966	0.977960	6388.361075	5.636459	10001
W526	2368.183926	0.694339	4569.356941	3.708214	1974.837682	1.467416	9590.580067	8.458695	10001
W527	4219.228185	0.984402	8140.904676	6.446592	3518.430608	2.538653	17086.867829	14.761709	10001
W528	3759.248062	0.825725	7253.383505	5.715373	3134.851415	2.248405	15224.058038	13.097749	10001
W529	1108.038191	0.417777	2137.934449	1.807527	923.997308	0.720677	4487.290395	4.098165	10001
W530	1315.015737	0.367383	2537.292910	2.046707	1096.596680	0.808974	5325.500092	4.673032	10001
W531	2473.301490	0.615276	4772.178886	3.801359	2062.495623	1.498762	10016.281130	8.696358	10001
W532	1923.558787	0.526283	3711.462864	2.986494	1604.063070	1.179861	7789.954303	6.821355	10001
W533	1904.685579	0.538209	3675.047438	2.968565	1588.324629	1.173660	7713.522311	6.776368	10001
W534	2177.460602	0.601614	4201.360632	3.384562	1815.792769	1.337424	8818.196094	7.729198	10001
W535	1364.298117	0.422206	2632.382141	2.152129	1137.693447	0.852845	5525.081979	4.903631	10001
W536	1665.125348	0.463733	3212.821430	2.590647	1388.554431	1.023894	6743.360514	5.915298	10001
W537	2290.601350	0.520179	4419.663128	3.491826	1910.141274	1.374428	9276.389139	7.998679	10001
W538	1621.290278	0.410713	3128.242662	2.496343	1352.000198	0.984590	6565.838936	5.709254	10001
W539	3566.400366	0.741382	6881.288270	5.400156	2974.034980	2.122603	14443.070868	12.383523	10001
W540	977.301526	0.355882	1885.681032	1.583565	814.975500	0.630632	3957.838084	3.593857	10001
W541	3108.909835	0.690380	5998.570711	4.730687	2592.531867	1.861364	12590.343331	10.839676	10001
W542	3370.229311	0.713615	6502.780688	5.109828	2810.447183	2.009036	13648.624884	11.715252	10001
W543	2976.125608	0.688129	5742.366569	4.543713	2481.802589	1.789019	12052.598881	10.405700	10001
W544	2475.930346	0.593416	4777.251205	3.792057	2064.687837	1.494032	10026.927371	8.679916	10001
W545	1561.723688	0.502308	3013.310283	2.477674	1302.327389	0.982908	6324.608454	5.640527	10001
W546	2266.694334	0.531798	4373.535087	3.464981	1890.205122	1.364636	9179.571429	7.933660	10001
W547	2448.433906	0.569038	4724.197450	3.739725	2041.758450	1.472594	9915.573347	8.563857	10001
W548	2186.857590	0.542452	4219.491907	3.360165	1823.628954	1.324737	8856.251656	7.687380	10001
W549	2180.807578	0.556519	4207.818546	3.360346	1818.583825	1.325561	8831.750549	7.684366	10001
W550	2720.414674	0.625110	5248.978146	4.151124	2268.564258	1.634266	11017.030588	9.507422	10001
W551	2490.109028	0.645371	4804.608649	3.843100	2076.511494	1.516481	10084.347652	8.786099	10001
W552	1994.006201	0.523914	3847.389545	3.081920	1662.809439	1.216473	8075.249527	7.044282	10001
W553	3375.619300	0.732507	6513.180548	5.127334	2814.941915	2.016683	13670.453052	11.751927	10001
W554	1528.948290	0.418242	2950.070898	2.373776	1274.995859	0.937793	6191.875908	5.421884	10001
W555	2167.352345	0.537227	4181.856980	3.329962	1807.363455	1.312812	8777.260065	7.618367	10001
W556	977.239344	0.327918	1885.561054	1.560843	814.923647	0.619968	3957.586264	3.549764	10001
W557	926.190473	0.318481	1787.063421	1.485387	772.353797	0.590440	3750.850513	3.376111	10001
W558	1898.081856	0.448580	3662.305706	2.903372	1582.817759	1.143605	7686.778809	6.647078	10001
W559	1713.136584	0.462406	3305.458017	2.655682	1428.591186	1.048848	6937.794570	6.067221	10001
W560	1366.802444	0.345549	2637.214181	2.104076	1139.781814	0.829841	5535.223903	4.812274	10001
W563	40.921206	0.063502	78.956534	0.136318	34.124351	0.057854	165.721123	0.291785	10001
W564	1897.269101	0.522593	3660.737514	2.947982	1582.139999	1.164825	7683.487345	6.732571	10001
W565	1784.096004	0.481233	3442.372602	2.765471	1487.764519	1.092193	7225.163296	6.318122	10001
W566	983.246623	0.365266	1897.151962	1.599286	819.933140	0.637323	3981.914311	3.627542	10001
W567	2913.394726	0.722082	5621.328762	4.476155	2429.491066	1.764686	11798.553773	10.240669	10001
W568	1224.640993	0.385610	2362.916902	1.936699	1021.232834	0.767840	4959.503937	4.411092	10001
W569	2118.401970	0.605242	4087.408348	3.306160	1766.543549	1.307479	8579.022723	7.545412	10001
W570	1330.107753	0.462941	2566.412612	2.137640	1109.181970	0.850032	5386.619159	4.857112	10001
W571	2425.040888	0.583976	4679.061156	3.715727	2022.250922	1.464087	9820.837206	8.504611	10001
W572	2099.091347	0.627524	4050.148941	3.295350	1750.440346	1.304684	8500.819306	7.513955	10001
W573	2127.871115	0.480386	4105.678848	3.242188	1774.439906	1.276040	8617.370503	7.427413	10001
W574	1470.574620	0.395383	2837.440232	2.278662	1226.317831	0.899868	5955.476467	5.206232	10001
W575	1286.087679	0.456928	2481.476882	2.074463	1072.473461	0.825455	5208.348359	4.711044	10001
W576	2515.416464	0.568071	4853.438770	3.832789	2097.615462	1.508493	10186.836731	8.780360	10001
W577	3736.733343	0.920882	7209.941869	5.737983	3116.076305	2.261900	15132.878799	13.128657	10001
W578	1393.406922	0.472330	2688.546917	2.229286	1161.967391	0.885747	5642.965697	5.068718	10001
W579	1510.383166	0.449840	2914.249914	2.369945	1259.514330	0.938211	6116.691582	5.404292	10001
W580	1823.495061	0.497428	3518.392184	2.830168	1520.619543	1.118026	7384.720078	6.464640	10001
W581	1095.502106	0.315985	2113.746359	1.711783	913.543419	0.677112	4436.522241	3.905959	10001
W582	2814.377464	0.676068	5430.277209	4.311308	2346.920190	1.698683	11397.557476	9.868141	10001
W583	3421.969827	0.738215	6602.612835	5.195430	2853.593798	2.043278	13858.161633	11.908858	10001
W584	1284.551986	0.411991	2478.513796	2.037061	1071.192841	0.808049	5202.129166	4.637753	10001
W585	1864.457947	0.453838	3597.429139	2.859639	1554.778652	1.126996	7550.609996	6.544145	10001
W586	2321.897184	0.612463	4480.047728	3.590226	1936.238991	1.417227	9403.129805	8.205561	10001
W587	1774.865967	0.500642	3424.563455	2.765637	1480.067555	1.093384	7187.783846	6.313355	10001
W588	1577.759691	0.488065	3044.251384	2.488710	1315.699873	0.986215	6389.550438	5.670582	10001
W589	2629.006890	0.603999	5072.608910	4.011583	2192.338955	1.579325	10646.850864	9.187851	10001
W590	2123.695328	0.523894	4097.621761	3.261381	1770.957701	1.285654	8600.459559	7.462011	10001
W591	3118.848974	0.758490	6017.748053	4.783173	2600.820153	1.885037	12630.594473	10.946208	10001
W592	1624.804570	0.454775	3135.023407	2.529431	1354.930779	0.999817	6580.070978	5.774986	10001
W593	1435.204505	0.453537	2769.194401	2.270900	1196.822556	0.900430	5812.235937	5.171865	10001
W594	3223.095549	0.838616	6218.889446	4.976402	2687.751773	1.963841	13052.768240	11.376320	10001
W597	2197.414582	0.651162	4239.861383	3.445642	1832.432470	1.363879	8899.004957	7.858063	10001
W598	1709.221161	0.546925	3297.903297	2.709552	1425.326099	1.074738	6921.938039	6.169133	10001
W599	2855.089383	0.757809	5508.829930	4.417667	2380.870016	1.744091	11562.431039	10.095629	10001
W600	1805.413171	0.535559	3483.503588	2.831360	1505.540986	1.120759	7311.492735	6.457006	10001
W601	2042.595119	0.533841	3941.140755	3.155226	1703.327924	1.245267	8272.023056	7.212478	10001
W602	1133.274357	0.418548	2186.627057	1.841233	945.041844	0.733594	4589.490849	4.177008	10001
W603	3101.352253	0.792345	5983.988529	4.779351	2586.229570	1.885363	12559.736927	10.929113	10001
W604	1584.601411	0.512100	3057.452328	2.515810	1321.405210	0.998174	6417.257774	5.726717	10001
W605	1941.417520	0.564772	3745.920882	3.036878	1618.955536	1.201519	7862.277912	6.928410	10001
W606	2201.236969	0.565406	4247.236592	3.394097	1835.619974	1.339055	8914.484713	7.760728	10001
W607	2586.308054	0.548869	4990.222478	3.921919	2156.732232	1.542038	10473.930762	8.991506	10001
W608	2839.203460	0.618147	5478.178405	4.313643	2367.622684	1.696731	11498.096842	9.886533	10001
W609	2404.422482	0.562785	4639.278410	3.674762	2005.057154	1.447195	9737.337577	8.414266	10001
W610	2227.538765	0.546081	4297.985307	3.418809	1857.553142	1.347550	9021.000711	7.822947	10001
W611	3078.010904	0.647922	5938.951928	4.664796	2566.765130	1.833900	12465.210032	10.695667	10001
W612	2684.123328	0.715412	5178.954821	4.155040	2238.300765	1.640555	10870.059293	9.494769	10001
W613	2381.165565	0.641999	4594.404718	3.690786	1985.663121	1.457621	9643.152609	8.432204	10001
W614	2138.510567	0.540116	4126.207427	3.291729	1783.312185	1.298222	8660.457743	7.528696	10001
W615	818.613900	0.327582	1579.496874	1.352077	682.645279	0.540241	3315.191050	3.060153	10001
W616	2251.738843	0.549592	4344.678807	3.454514	1877.733680	1.361509	9119.005256	7.905168	10001
W617	2616.363061	0.619186	5048.212929	4.002571	2181.795218	1.576606	10595.646372	9.163441	10001
W618	2651.512673	0.640416	5116.033306	4.063849	2211.106615	1.601345	10737.993920	9.300993	10001
W619	2155.041428	0.498031	4158.103346	3.290006	1797.097334	1.295379	8727.403787	7.534597	10001
W620	2354.254978	0.582197	4542.481354	3.616308	1963.222279	1.425636	9534.171152	8.273771	10001
W621	1806.904818	0.537965	3486.381687	2.835085	1506.784876	1.122339	7317.533550	6.465017	10001
W622	2920.607931	0.718111	5635.246477	4.483791	2435.506185	1.767422	11827.765533	10.259388	10001
W623	2461.485888	0.638597	4749.380953	3.799327	2052.642548	1.499240	9968.430762	8.685882	10001
W624	3481.000691	0.747542	6716.511542	5.283256	2902.819862	2.077672	14097.222552	12.110835	10001
W625	1330.403041	0.441402	2566.982364	2.121005	1109.428212	0.842178	5387.815005	4.825038	10001
W626	1471.209001	0.402827	2838.664255	2.284382	1226.846843	0.902496	5958.045558	5.217612	10001
W627	2626.307065	0.646845	5067.399658	4.032627	2190.087561	1.589634	10635.917216	9.226840	10001
W628	1461.353340	0.458432	2819.647982	2.309778	1218.628170	0.915660	5918.132481	5.261266	10001
W629	3273.790155	0.878465	6316.703533	5.071632	2730.026200	2.002754	13258.069303	11.587941	10001
W630	1892.924261	0.558494	3652.354244	2.966476	1578.516821	1.174082	7665.891780	6.765883	10001
W631	1613.243371	0.508342	3112.716337	2.551526	1345.289851	1.011620	6533.250880	5.811349	10001
W632	1989.217842	0.548062	3838.150516	3.090945	1658.816408	1.221321	8055.857817	7.059037	10001
W633	2119.456199	0.710040	4089.442457	3.384284	1767.422674	1.344174	8583.292097	7.697049	10001
W634	1814.951972	0.503841	3501.908489	2.822674	1513.495429	1.115514	7350.122607	6.445474	10001
W635	1297.420840	0.377065	2503.343957	2.029249	1081.924227	0.802839	5254.244955	4.629669	10001
W636	987.559848	0.320485	1905.474231	1.568922	823.529955	0.622561	3999.381843	3.570979	10001
W637	2562.230887	0.619254	4943.766132	3.927247	2136.654189	1.547537	10376.423978	8.988264	10001
W638	1793.937831	0.465812	3461.362182	2.769212	1495.971656	1.092769	7265.020348	6.330779	10001
W639	3225.476519	0.746743	6223.483473	4.924943	2689.737273	1.939166	13062.410601	11.278569	10001
W640	2916.807488	0.690327	5627.913607	4.462220	2432.336980	1.757662	11812.374642	10.215748	10001
W641	4360.762292	0.843207	8413.991511	6.571659	3636.456445	2.580499	17660.047205	15.081658	10001
W642	2320.649434	0.692625	4477.640223	3.642369	1935.198487	1.442014	9398.076715	8.305498	10001
W643	3834.606479	0.794522	7398.785856	5.804933	3197.693089	2.281596	15529.241657	13.312245	10001
W644	2403.208973	0.601064	4636.936971	3.695578	2004.045204	1.457211	9732.423154	8.453658	10001
W645	4331.166712	0.944446	8356.887514	6.581190	3611.776577	2.588713	17540.192166	15.083283	10001
W646	4112.674005	0.993787	7935.310813	6.303572	3429.574668	2.483922	16655.348815	14.426981	10001
W647	3834.325144	0.917695	7398.243025	5.871780	3197.458482	2.313361	15528.102314	13.440619	10001
W648	2533.556439	0.647254	4888.439440	3.904329	2112.742458	1.540182	10260.299306	8.928176	10001
W649	3337.262849	0.745919	6439.172650	5.080794	2782.956323	1.999332	13515.118573	11.640923	10001
W650	2700.976220	0.674416	5211.472094	4.152796	2252.354457	1.637443	10938.309488	9.499792	10001
W651	2578.795900	0.558495	4975.727948	3.916429	2150.467818	1.540362	10443.508330	8.976730	10001
W652	1504.025315	0.479273	2901.982585	2.382769	1254.212494	0.945009	6090.943802	5.425623	10001
W653	1621.476671	0.511051	3128.602302	2.564633	1352.155631	1.016823	6566.593781	5.841172	10001
W654	3600.119573	0.804601	6946.348711	5.480940	3002.153556	2.156790	14579.625611	12.557738	10001
W655	3478.020221	0.856799	6710.760793	5.340519	2900.334437	2.105205	14085.152358	12.219319	10001
W656	1646.873220	0.491017	3177.604365	2.584484	1373.333911	1.023170	6669.443748	5.893384	10001
W657	1684.704129	0.436940	3250.598243	2.600275	1404.881252	1.026079	6822.649908	5.944682	10001
W658	1990.871131	0.507153	3841.340499	3.067126	1660.195092	1.209851	8062.553242	7.014036	10001
W659	1482.678878	0.460070	2860.795123	2.339769	1236.411618	0.927271	6004.495827	5.330859	10001
W660	2031.758070	0.526682	3920.230915	3.135770	1694.290867	1.237375	8228.135592	7.168979	10001
W661	1238.505227	0.409427	2389.667624	1.973347	1032.794271	0.783464	5015.650774	4.489523	10001
W662	2559.344698	0.699661	4938.197296	3.973232	2134.247385	1.569657	10364.735600	9.075264	10001
W663	378.119042	0.217929	729.572079	0.693981	315.314923	0.281735	1531.291936	1.549636	10001
W664	1166.878251	0.401175	2251.465007	1.871336	973.064261	0.743850	4725.578608	4.253348	10001
W665	3933.036403	1.142576	7588.704151	6.151196	3279.774181	2.433594	15927.859370	14.033875	10001
W666	2655.001686	0.731910	5122.765276	4.125746	2214.016115	1.630222	10752.123587	9.422198	10001
W667	2447.304124	0.773171	4722.017562	3.872181	2040.816320	1.535340	9910.998001	8.818757	10001
W668	2105.777240	0.622949	4063.049218	3.301207	1756.015738	1.306651	8527.895576	7.528926	10001
W669	3356.790935	0.751497	6476.851647	5.111188	2799.240869	2.011347	13594.202664	11.710316	10001
W670	2363.099779	0.601935	4559.547195	3.640555	1970.597993	1.436042	9569.990485	8.325388	10001
W671	2347.145869	0.577733	4528.764491	3.603770	1957.293966	1.420565	9505.380958	8.245671	10001
W672	1295.510435	0.397212	2499.657874	2.040923	1080.331133	0.808574	5246.508270	4.651178	10001
W673	1796.040544	0.478609	3465.419319	2.780219	1497.725117	1.097723	7273.535834	6.353160	10001
W674	2699.841102	0.702729	5209.281909	4.168669	2251.407877	1.645098	10933.712529	9.529740	10001
W675	3137.010370	0.691706	6052.790053	4.770786	2615.965011	1.876925	12704.143796	10.932537	10001
W676	2361.738364	0.558181	4556.920378	3.612611	1969.462704	1.422967	9564.477082	8.270829	10001
W677	2824.328773	0.657090	5449.478033	4.314257	2355.218624	1.698859	11437.857903	9.879373	10001
W678	2235.737498	0.585925	4313.804576	3.454589	1864.390097	1.363495	9054.203625	7.896422	10001
W679	3594.840581	0.877753	6936.163016	5.515243	2997.751384	2.173709	14558.246954	12.620782	10001
W680	2827.556592	0.736605	5455.706038	4.366265	2357.910316	1.723107	11450.929804	9.981310	10001
W681	3289.467964	0.781271	6346.953508	5.033911	2743.099985	1.982978	13321.560689	11.523992	10001
W682	2388.235121	0.597286	4608.045265	3.672531	1991.558451	1.448121	9671.782624	8.400946	10001
W683	2903.381869	0.656324	5602.009181	4.424291	2421.141305	1.741323	11758.004088	10.135275	10001
W684	3201.376970	0.745242	6176.983942	4.890454	2669.640566	1.925772	12964.813174	11.198740	10001
W685	1356.691650	0.398541	2617.705636	2.124906	1131.350384	0.840910	5494.277602	4.846873	10001
W686	1883.361940	0.519177	3633.903964	2.926646	1570.542764	1.156416	7627.166660	6.683749	10001
W687	1620.471492	0.444831	3126.662833	2.516891	1351.317409	0.994412	6562.523048	5.748407	10001
W688	2234.555309	0.575186	4311.523570	3.446229	1863.404265	1.359682	9049.416043	7.879658	10001
W689	2571.007262	0.657486	4960.699948	3.962453	2143.972842	1.563144	10411.966203	9.060943	10001
W690	1580.360470	0.472234	3049.269528	2.480846	1317.868673	0.982197	6400.082973	5.656801	10001
W691	2702.141303	0.672209	5213.720094	4.153079	2253.326024	1.637435	10943.027794	9.500987	10001
W692	2900.365646	0.709383	5596.189448	4.450483	2418.626065	1.754115	11745.789104	10.183987	10001
W693	1250.269314	0.443297	2412.366163	2.015946	1042.604389	0.802117	5063.292524	4.578400	10001
W694	1667.281512	0.517165	3216.981700	2.630948	1390.352465	1.042657	6752.092464	5.994319	10001
W695	3387.732913	0.909230	6536.553489	5.248271	2825.043504	2.072517	13719.510296	11.991491	10001
W696	854.788610	0.369677	1649.295153	1.437510	712.811509	0.576103	3461.689997	3.245436	10001
W697	1408.609927	0.543729	2717.880769	2.308811	1174.645235	0.921306	5704.534240	5.231166	10001
W698	1889.360606	0.552931	3645.478254	2.957740	1575.545075	1.170384	7651.459828	6.747060	10001
W699	1876.187263	0.624162	3620.060587	2.992428	1564.559773	1.188286	7598.110928	6.806983	10001
W700	1276.504938	0.467198	2462.987202	2.070357	1064.482377	0.824630	5169.540543	4.697970	10001
W701	3450.690456	0.914574	6658.028633	5.338395	2877.544041	2.107527	13974.473328	12.200055	10001
W702	2679.633569	0.749488	5170.291934	4.171194	2234.556738	1.648735	10851.876840	9.523446	10001
W703	2234.338739	0.582217	4311.105702	3.450322	1863.223666	1.361646	9048.538983	7.887426	10001
W704	934.414072	0.391162	1802.930668	1.559169	779.211488	0.624056	3784.154127	3.523869	10001
W705	3526.188671	0.741651	6803.700719	5.343703	2940.502292	2.100777	14280.223092	12.252416	10001
W706	1290.188610	0.428300	2489.389535	2.057079	1075.893243	0.816809	5224.956150	4.679551	10001
W707	3066.102608	0.726318	5915.975142	4.690994	2556.834756	1.847807	12416.984273	10.739364	10001
W708	2158.349749	0.580744	4164.486676	3.344659	1799.856155	1.320864	8740.801698	7.641694	10001
W709	2685.322488	0.675277	5181.268574	4.131621	2239.300749	1.629323	10874.915606	9.450307	10001
W710	3386.213338	0.788120	6533.621504	5.172727	2823.776325	2.036919	13713.356381	11.845154	10001
W711	2449.008249	0.599205	4725.305633	3.758024	2042.237397	1.481199	9917.899301	8.599393	10001
W712	3081.823636	0.727817	5946.308506	4.713766	2569.944581	1.856674	12480.650684	10.791963	10001
W713	2931.394616	0.720080	5656.059139	4.499943	2444.501243	1.773757	11871.449032	10.296495	10001
W714	3111.729635	0.740948	6004.011451	4.763010	2594.883309	1.876351	12601.762850	10.903427	10001
W715	1900.488321	0.538530	3666.948925	2.963041	1584.824519	1.171554	7696.524417	6.763401	10001
W716	2922.943589	0.636616	5639.753075	4.440997	2437.453899	1.746835	11837.224389	10.178371	10001
W717	4652.136302	1.049288	8976.191027	7.087817	3879.434352	2.789534	18840.042452	16.237422	10001
W718	2553.977456	0.605864	4927.841326	3.907964	2129.771622	1.539407	10342.999552	8.946545	10001
W719	2688.919453	0.754577	5188.208836	4.187317	2242.300272	1.655237	10889.482456	9.559669	10001
W720	1383.838580	0.399871	2670.085018	2.162819	1153.988313	0.855561	5604.216192	4.934962	10001
W721	1943.857761	0.549423	3750.629273	3.029715	1620.990462	1.197844	7872.160307	6.915922	10001
W722	2877.418206	0.695252	5551.912886	4.410244	2399.490107	1.737854	11652.857446	10.093735	10001
W723	2113.142659	0.574369	4077.260627	3.278363	1762.157789	1.294976	8557.723767	7.488885	10001
W724	2258.153793	0.550538	4357.056306	3.463989	1883.083131	1.365214	9144.984272	7.926984	10001
W725	1832.592547	0.489897	3535.945576	2.837794	1528.205972	1.120533	7421.562728	6.484371	10001
W726	2087.958293	0.594779	4028.667965	3.257445	1741.156449	1.288122	8455.733090	7.434657	10001
W727	2230.654723	0.682903	4303.997477	3.513386	1860.151551	1.391879	9033.619598	8.007117	10001
W728	2550.840294	0.749254	4921.788244	3.995176	2127.155531	1.581045	10330.294796	9.112943	10001
W729	1734.094417	0.576393	3345.895677	2.765410	1446.068002	1.098110	7022.668791	6.290708	10001
W730	2706.839097	0.664321	5222.784380	4.154876	2257.243532	1.637712	10962.052740	9.507061	10001
W731	2107.056285	0.573250	4065.517107	3.269271	1757.082339	1.291411	8533.075405	7.467990	10001
W732	1968.571820	0.571347	3798.314486	3.078439	1641.599611	1.217892	7972.246351	7.023549	10001
W733	3212.615102	0.868690	6198.667660	4.981159	2679.012087	1.967362	13010.324926	11.379691	10001
W734	2060.076394	0.588469	3974.870477	3.215058	1717.905627	1.271446	8342.818051	7.337522	10001
W735	2113.081324	0.622381	4077.142282	3.310744	1762.106642	1.310280	8557.475375	7.551345	10001
W736	2610.405312	0.724276	5036.717589	4.059532	2176.827028	1.604298	10571.518912	9.269887	10001
W737	2455.574371	0.662467	4737.974814	3.806382	2047.712911	1.503294	9944.490527	8.696209	10001
W738	2359.942075	0.568152	4553.454478	3.615894	1967.964771	1.424744	9557.202538	8.276143	10001
W739	1950.848094	0.477172	3764.116960	2.993506	1626.819728	1.179863	7900.469488	6.849997	10001
W740	2733.907066	0.614799	5275.011410	4.164267	2279.815616	1.638838	11071.671558	9.540258	10001
W741	1727.410199	0.542828	3332.998632	2.730991	1440.494008	1.082691	6995.599306	6.220476	10001
W742	2844.631605	0.641878	5488.651886	4.334122	2372.149234	1.705781	11520.079533	9.928950	10001
W743	1335.946655	0.419344	2577.678640	2.111750	1114.051053	0.837170	5410.265318	4.810129	10001
W744	2269.557563	0.553001	4379.059621	3.481294	1892.592779	1.372019	9191.166821	7.966653	10001
W745	2357.025356	0.619791	4547.826736	3.643313	1965.532509	1.438087	9545.390524	8.327334	10001
W746	2843.919537	0.634663	5487.277967	4.329167	2371.555438	1.703518	11517.195827	9.919023	10001
W747	2656.342600	0.632139	5125.352539	4.065748	2215.134309	1.601653	10757.553969	9.307343	10001
W748	2649.311704	0.635163	5111.786586	4.057715	2209.271218	1.598707	10729.080519	9.287958	10001
W749	2790.794844	0.616499	5384.775083	4.244871	2327.254553	1.670069	11302.053492	9.727147	10001
W750	2209.170414	0.545212	4262.543993	3.392785	1842.235704	1.337465	8946.613271	7.762612	10001
W751	2221.370931	0.607997	4286.084612	3.449026	1852.409761	1.362603	8996.022454	7.877755	10001
W752	1780.928078	0.546428	3436.260160	2.805919	1485.122773	1.111671	7212.333950	6.394475	10001
W753	1876.129532	0.508863	3619.949197	2.909952	1564.511631	1.149396	7597.877133	6.647560	10001
W754	1527.915503	0.428712	2948.078160	2.379306	1274.134614	0.940531	6187.693368	5.431982	10001
W755	1501.355773	0.477854	2896.831767	2.378115	1251.986353	0.943132	6080.132797	5.415170	10001
W756	3383.459688	0.779613	6528.308398	5.164079	2821.480045	2.033156	13702.204753	11.826976	10001
W757	2147.602447	0.551071	4143.750003	3.311051	1790.893939	1.306264	8697.277691	7.570967	10001
W758	2151.790025	0.579576	4151.829839	3.334880	1794.385976	1.317032	8714.236381	7.619213	10001
W759	1851.881127	0.514830	3573.162452	2.880598	1544.290794	1.138443	7499.676877	6.577568	10001
W760	1379.306250	0.496949	2661.339992	2.230517	1150.208786	0.887957	5585.861339	5.063555	10001
W761	1042.926985	0.356747	2012.303862	1.671110	869.700824	0.664156	4223.605544	3.798739	10001
W762	2202.875438	0.657936	4250.397981	3.457845	1836.986299	1.368986	8921.120122	7.884623	10001
W763	1464.397882	0.446240	2825.522357	2.304995	1221.167025	0.913044	5930.462152	5.253676	10001
W764	2050.199666	0.558412	3955.813556	3.181465	1709.669386	1.256759	8302.819659	7.267269	10001
W765	2037.472604	0.547595	3931.256979	3.156940	1699.056240	1.246699	8251.278092	7.212947	10001
W766	2951.492212	0.801897	5694.836993	4.578769	2461.260706	1.808627	11952.839505	10.459529	10001
W767	2560.823565	0.660938	4941.050738	3.950515	2135.480619	1.558731	10370.724662	9.032290	10001
W768	2777.732870	0.732479	5359.572301	4.294919	2316.362122	1.695391	11249.155612	9.816207	10001
W769	2904.662333	0.730475	5604.479809	4.469120	2422.209090	1.762420	11763.189664	10.222265	10001
W770	1506.906081	0.485444	2907.540958	2.391286	1256.614776	0.948680	6102.610219	5.443662	10001
W771	1680.379012	0.476293	3242.253028	2.619961	1401.274520	1.035911	6805.134215	5.980258	10001
W772	2401.025762	0.599304	4632.724516	3.691486	2002.224616	1.455539	9723.581671	8.444564	10001
W773	2004.817447	0.533057	3868.249598	3.102640	1671.824979	1.224966	8119.032495	7.090204	10001
W774	3441.762785	0.728187	6640.802896	5.217986	2870.099222	2.051536	13938.318391	11.963336	10001
W775	3289.640303	0.709032	6347.286033	4.994184	2743.243699	1.964104	13322.258622	11.447690	10001
W776	3038.613677	0.656586	5862.935876	4.613964	2533.911631	1.814643	12305.660659	10.575824	10001
W777	3078.988190	0.742769	5940.837578	4.718496	2567.580091	1.859265	12469.167804	10.799485	10001
W778	3320.052072	0.756575	6405.964847	5.062589	2768.604190	1.992818	13445.419031	11.596270	10001
W779	2771.786074	0.710944	5348.098093	4.273201	2311.403066	1.685833	11225.072507	9.771060	10001
W780	2966.885146	0.689176	5724.537309	4.531404	2474.096932	1.784317	12015.177215	10.376851	10001
W781	2591.449731	0.652804	5000.143228	3.987879	2161.019896	1.572693	10494.753330	9.121275	10001
W782	4384.860304	1.006446	8460.488077	6.690296	3656.551869	2.633867	17757.638406	15.323182	10001
W783	3286.095952	0.735564	6340.447287	5.003487	2740.288051	1.968960	13307.904844	11.463582	10001
W784	1374.086954	0.550160	2651.269478	2.269801	1145.856395	0.906948	5564.724432	5.137150	10001
W785	3272.624910	0.736375	6314.455218	4.985075	2729.054497	1.961884	13253.350337	11.420625	10001
W786	3487.006844	0.883888	6728.100278	5.369369	2907.828417	2.117775	14121.546040	12.279878	10001
W787	3127.120055	0.720622	6033.706916	4.772877	2607.717439	1.879139	12664.090379	10.931015	10001
W788	3790.080030	0.820797	7312.873085	5.755996	3160.562311	2.263877	15348.920154	13.193154	10001
W789	3543.861868	0.789947	6837.800751	5.394156	2955.240040	2.122548	14351.795326	12.359319	10001
W790	2958.296437	0.696920	5707.965591	4.523836	2466.934775	1.781784	11980.394993	10.357490	10001
W791	2724.929219	0.726354	5257.688859	4.218250	2272.328954	1.665516	11035.313419	9.639196	10001
W792	1779.142625	0.508764	3432.815169	2.776990	1483.633877	1.098233	7205.103291	6.337617	10001
W793	1976.226596	0.554206	3813.084202	3.077228	1647.982958	1.216402	8003.246367	7.025416	10001
W794	3321.221747	0.822683	6408.221710	5.102455	2769.579587	2.011577	13450.155939	11.673640	10001
W795	3705.933218	0.836706	7150.513729	5.646678	3090.391962	2.222386	15008.145638	12.935760	10001
W796	3763.024997	0.935001	7260.671016	5.782937	3138.001015	2.279986	15239.353724	13.229852	10001
W797	1833.520479	0.514389	3537.736000	2.855153	1528.979778	1.128628	7425.320631	6.518364	10001
W798	1720.176129	0.464985	3319.040658	2.667035	1434.461489	1.053367	6966.303046	6.093002	10001
W799	1754.812025	0.491714	3385.869831	2.732190	1463.344496	1.079991	7106.570164	6.237779	10001
W800	1121.841225	0.358694	2164.567090	1.778196	935.507712	0.705302	4543.189393	4.048685	10001
W801	1856.097557	0.528445	3581.297957	2.895523	1547.806890	1.144988	7516.752411	6.608688	10001
W802	1231.971341	0.405270	2377.060639	1.961397	1027.345638	0.778607	4989.190094	4.462857	10001
W803	2004.346661	0.576812	3867.341226	3.130997	1671.432388	1.238426	8117.125923	7.144650	10001
W804	2216.052063	0.643158	4275.821978	3.465435	1847.974338	1.370995	8974.482311	7.906496	10001
W805	2155.409699	0.527985	4158.813918	3.307860	1797.404437	1.303799	8728.895198	7.569162	10001
W806	2961.708672	0.693056	5714.549419	4.526386	2469.780250	1.782574	11994.213728	10.364302	10001
W807	1767.207857	0.507888	3409.787307	2.760095	1473.681428	1.091685	7156.770329	6.298450	10001
W808	1155.592555	0.352957	2229.689512	1.819519	963.653075	0.720784	4679.874230	4.146946	10001
W809	2100.922256	0.583740	4053.681638	3.267765	1751.967149	1.291439	8508.234051	7.461702	10001
W810	2805.525645	0.653950	5413.197827	4.286235	2339.538624	1.687881	11361.709723	9.814949	10001
W811	2351.123334	0.596201	4536.438918	3.620456	1960.610789	1.427984	9521.488740	8.280019	10001
W812	3445.807481	0.762474	6648.607044	5.241854	2873.472109	2.062371	13954.698443	12.011484	10001
W813	3860.731594	1.050393	7449.193670	5.990264	3219.478923	2.366247	15635.042140	13.683543	10001
W814	2692.046805	0.607156	5194.242990	4.101480	2244.908183	1.614208	10902.147485	9.396056	10001
W815	2776.292129	0.628959	5356.792423	4.231381	2315.160682	1.665458	11243.320952	9.693074	10001
W816	2615.265078	0.618241	5046.094397	4.000497	2180.879606	1.575757	10591.199805	9.158837	10001
W817	3310.270959	0.786483	6387.092413	5.065902	2760.447682	1.995593	13405.807858	11.597173	10001
W818	1969.054583	0.604714	3799.245965	3.102729	1642.002188	1.229295	7974.201424	7.070741	10001
W819	3822.110793	0.856646	7374.675715	5.820238	3187.272889	2.290414	15478.637109	13.334634	10001
W820	3645.750939	0.825148	7034.393392	5.556100	3040.205727	2.186828	14764.421760	12.727846	10001
W821	3076.387161	0.736336	5935.818953	4.711120	2565.411084	1.856087	12458.634260	10.783836	10001
W822	3175.957408	0.753388	6127.937475	4.859670	2648.443095	1.914298	12861.870009	11.125304	10001
W823	1696.458450	0.581915	3273.277936	2.719569	1414.683225	1.080943	6870.252102	6.181646	10001
W824	2192.683434	0.558499	4230.732739	3.377998	1828.487147	1.332473	8879.844933	7.724965	10001
W825	2229.633090	0.615622	4302.026260	3.465388	1859.299608	1.369341	9029.482230	7.913871	10001
W826	1796.396346	0.539609	3466.105830	2.821981	1498.021821	1.117408	7274.976745	6.433956	10001
W827	1960.612528	0.580402	3782.957213	3.073913	1634.962327	1.216707	7940.013116	7.010448	10001
W828	2825.347453	0.740881	5451.443554	4.365909	2356.068106	1.723207	11441.983317	9.979401	10001
W829	2839.773226	0.689124	5479.277754	4.354291	2368.097813	1.715945	11500.404256	9.965039	10001
W830	2375.732383	0.627248	4583.921517	3.673840	1981.132370	1.450262	9621.149518	8.396530	10001
W831	2038.523574	0.624675	3933.284802	3.211199	1699.932647	1.272196	8255.534270	7.318276	10001
W832	2392.926869	0.587164	4617.097887	3.672966	1995.470918	1.447754	9690.783087	8.404394	10001
W833	2770.074904	0.673062	5344.796429	4.247923	2309.976115	1.674067	11218.142676	9.721427	10001
W834	1545.775777	0.509476	2982.539152	2.461751	1289.028365	0.977285	6260.023218	5.601080	10001
W835	5.550745	0.022637	10.710037	0.044423	4.628788	0.019140	22.479195	0.093563	10001
W836	2072.452753	0.574301	3998.750381	3.222468	1728.226321	1.273459	8392.939354	7.358630	10001
W837	2845.107355	0.747025	5489.569835	4.397052	2372.545964	1.735547	11522.006207	10.050367	10001
W838	2907.630937	0.735429	5610.207662	4.476255	2424.684620	1.765437	11775.211801	10.237657	10001
W839	2962.656744	0.672171	5716.378704	4.515971	2470.570852	1.777516	11998.053197	10.344799	10001
W840	1775.558132	0.531255	3425.898972	2.787758	1480.644754	1.103745	7190.586951	6.356447	10001
W841	1573.713836	0.489427	3036.444999	2.484241	1312.326019	0.984587	6373.165691	5.659739	10001
W842	3725.633245	0.872893	7188.524482	5.694505	3106.819890	2.242650	15087.926047	13.038783	10001
W843	3837.641800	0.883912	7404.642438	5.857086	3200.224255	2.305985	15541.533981	13.414202	10001
W844	4130.959874	0.842028	7970.592980	6.246533	3444.823324	2.454587	16729.402222	14.327568	10001
W845	2840.081149	0.682185	5479.871885	4.350650	2368.354592	1.714181	11501.651272	9.958202	10001
W846	3240.592051	0.792453	6252.648547	4.972460	2702.342173	1.959841	13123.624898	11.378451	10001
W847	2973.172733	0.753757	5736.669065	4.578227	2479.340176	1.805740	12040.640444	10.470491	10001
W848	2233.519053	0.560577	4309.524138	3.435819	1862.540128	1.354879	9045.219454	7.859030	10001
W849	2808.579061	0.666917	5419.089324	4.297920	2342.084879	1.693047	11374.075328	9.839139	10001
W850	2696.630079	0.700154	5203.086312	4.162621	2248.730193	1.642625	10920.708651	9.516305	10001
W851	3119.145217	0.743078	6018.319648	4.774571	2601.067191	1.880923	12631.794188	10.929817	10001
W852	3473.743576	0.868304	6702.509103	5.341503	2896.768126	2.106194	14067.832965	12.218833	10001
W853	1786.804675	0.517426	3447.598919	2.793388	1490.023289	1.105059	7236.132764	6.373478	10001
W854	3769.031492	0.773294	7272.260411	5.701788	3143.009855	2.240737	15263.678596	13.077150	10001
W855	2303.655801	0.581820	4444.851395	3.545928	1921.027431	1.398475	9329.256554	8.110089	10001
W856	2945.068750	0.690256	5682.443069	4.501579	2455.904156	1.772854	11926.826014	10.307272	10001
W857	3418.871075	0.927686	6596.633863	5.303056	2851.009737	2.094662	13845.612425	12.114332	10001
W858	3217.583728	0.736054	6208.254511	4.907917	2683.155444	1.932061	13030.446677	11.241401	10001
W859	2469.997685	0.602234	4765.804271	3.788984	2059.740568	1.493302	10002.901511	8.670691	10001
W860	2652.117733	0.683665	5117.200755	4.090832	2211.611176	1.614054	10740.444267	9.353292	10001
W861	2331.256245	0.658857	4498.105822	3.633475	1944.043547	1.436546	9441.031768	8.294140	10001
W862	1929.416982	0.546068	3722.766118	3.007698	1608.948241	1.189177	7813.678595	6.865491	10001
W863	2186.340294	0.686424	4218.493796	3.456088	1823.197579	1.370119	8854.156731	7.872216	10001
W864	3220.789470	0.800436	6214.439917	4.949740	2685.828724	1.951497	13043.429167	11.323679	10001
W865	2556.897667	0.789788	4933.475806	4.032324	2132.206797	1.597847	10354.825709	9.188034	10001
W866	2441.511229	0.623831	4710.840303	3.762540	2035.985603	1.484254	9887.538158	8.603921	10001
W867	1625.584461	0.486466	3136.528189	2.552348	1355.581133	1.010544	6583.229351	5.819661	10001
W868	2062.704525	0.726108	3979.941396	3.321642	1720.097236	1.321329	8353.461355	7.545174	10001
W869	2190.809105	0.624156	4227.116264	3.417958	1826.924137	1.351599	8872.254348	7.800984	10001
W870	2671.365190	0.701456	5154.338286	4.128569	2227.661705	1.629577	10818.391879	9.436682	10001
W871	1206.803540	0.533656	2328.499942	2.040834	1006.358113	0.818632	4887.266505	4.604083	10001
W872	1882.983062	0.548585	3633.172928	2.946034	1570.226817	1.165620	7625.632296	6.720959	10001
W873	3118.065368	0.679287	6016.236103	4.737550	2600.166701	1.863489	12627.421057	10.858010	10001
W874	3123.772404	0.768578	6027.247700	4.796000	2604.925820	1.890513	12650.533192	10.973645	10001
W875	2582.347621	0.596126	4982.580913	3.941986	2153.429612	1.552054	10457.891955	9.027862	10001
W876	3656.111397	0.684195	7054.383660	5.499044	3048.845353	2.158424	14806.379144	12.624079	10001
W877	3279.344056	0.829929	6327.419658	5.048797	2734.657619	1.991271	13280.561277	11.547012	10001
W878	1678.703220	0.535051	3239.019625	2.659591	1399.877071	1.054803	6798.347657	6.055923	10001
W879	4338.997760	0.921556	8371.997342	6.580106	3618.306918	2.587227	17571.906041	15.085601	10001
W880	2322.988906	0.623267	4482.154180	3.598644	1937.149382	1.421077	9407.551016	8.222393	10001
W881	3803.013212	0.807615	7337.827365	5.767229	3171.347342	2.267608	15401.296457	13.222014	10001
W882	3768.455597	0.866234	7271.149236	5.750515	3142.529614	2.263947	15261.346362	13.170485	10001
W883	2451.197159	0.623371	4729.529085	3.775659	2044.062737	1.489286	9926.763864	8.634573	10001
W884	2599.930943	0.665391	5016.507533	4.007345	2168.092411	1.580878	10529.100215	9.163483	10001
W885	2377.765849	0.749356	4587.845045	3.760785	1982.828085	1.491069	9629.384573	8.565526	10001
W886	2468.365293	0.652619	4762.654608	3.817669	2058.379310	1.507085	9996.290711	8.725042	10001
W887	2961.444971	0.719451	5714.040616	4.541325	2469.560350	1.789690	11993.145806	10.392905	10001
W888	2782.447134	0.684758	5368.668365	4.272051	2320.293365	1.683988	11268.247256	9.774771	10001
W889	2631.197695	0.629062	5076.836018	4.028948	2194.165876	1.587291	10655.723101	9.222485	10001
W890	3307.134327	0.798861	6381.040353	5.068745	2757.832033	1.997325	13393.105246	11.600893	10001
W891	2199.663263	0.559077	4244.200162	3.388013	1834.307654	1.336366	8908.111579	7.748135	10001
W892	1557.401513	0.475440	3004.970745	2.452004	1298.723111	0.971324	6307.104676	5.588533	10001
W893	2484.998904	0.600357	4794.748782	3.808734	2072.250142	1.500826	10063.652871	8.717074	10001
W894	1630.790291	0.451966	3146.572719	2.535761	1359.922295	1.002088	6604.311721	5.790495	10001
W895	3326.489079	0.686263	6418.384906	5.034216	2773.972035	1.978546	13471.487374	11.545352	10001
W896	3090.206393	0.646514	5962.482846	4.681229	2576.934995	1.840192	12514.598853	10.734107	10001
W897	2829.550021	0.710127	5459.552312	4.352666	2359.572643	1.716425	11459.002713	9.956218	10001
W898	1873.927322	0.505203	3615.700083	2.904547	1562.675200	1.147106	7588.958707	6.635922	10001
W899	2385.249218	0.683110	4602.284033	3.723736	1989.068495	1.472702	9659.690430	8.498023	10001
W900	3245.931423	1.024988	6262.950744	5.135422	2706.794696	2.036195	13145.248083	11.695869	10001
W901	2218.851395	0.626924	4281.223225	3.458171	1850.308711	1.367228	8985.818936	7.894010	10001
W902	3675.069139	0.988035	7090.962191	5.694501	3064.654287	2.248816	14883.153478	13.010670	10001
W903	2698.824786	0.679330	5207.320949	4.152796	2250.560367	1.637706	10929.596690	9.498596	10001
W904	1576.065122	0.457140	3040.981752	2.464440	1314.286766	0.974967	6382.687838	5.622763	10001
W905	1612.215792	0.493805	3110.733646	2.539484	1344.432948	1.006067	6529.089429	5.787507	10001
W906	1785.246583	0.676237	3444.592617	2.914941	1488.723991	1.162400	7229.822866	6.608105	10001
W907	3155.509402	0.734013	6088.483514	4.820074	2631.391425	1.898032	12779.060464	11.037689	10001
W908	2624.754021	0.849093	5064.403096	4.167859	2188.792472	1.653688	10629.627760	9.487045	10001
W909	2728.089021	0.746688	5263.785625	4.235785	2274.963926	1.673427	11048.109865	9.674755	10001
W910	2190.911848	0.614377	4227.314506	3.411496	1827.009815	1.348534	8872.670434	7.788570	10001
W911	2983.464413	0.823768	5756.526627	4.637027	2487.922447	1.832313	12082.319292	10.589532	10001
W912	2330.425115	0.631596	4496.502177	3.614266	1943.350465	1.427567	9437.665892	8.256624	10001
W913	1405.039434	0.521874	2710.991583	2.285277	1171.667787	0.910688	5690.074594	5.183545	10001
W914	4129.780895	0.903201	7968.318168	6.276613	3443.840170	2.469024	16724.627640	14.384701	10001
W915	3403.326363	0.752214	6566.640695	5.176766	2838.046941	2.036724	13782.660048	11.862508	10001
W916	2139.517061	0.599695	4128.149435	3.331287	1784.151505	1.316814	8664.533805	7.605515	10001
W917	3303.738333	0.786101	6374.487860	5.056582	2755.000101	1.991976	13379.352281	11.575589	10001
W918	4342.273464	0.927154	8378.317739	6.587636	3621.038540	2.590397	17585.171862	15.101914	10001
W919	3971.343723	0.885870	7662.617253	6.045178	3311.718803	2.378747	16082.994881	13.850840	10001
W920	1936.684319	0.514238	3736.788280	2.996748	1615.008501	1.183123	7843.109578	6.848380	10001
W921	2120.943692	0.588746	4092.312542	3.298536	1768.663101	1.303571	8589.316091	7.532097	10001
W922	2741.954447	0.714841	5290.538649	4.234416	2286.526358	1.671101	11104.261532	9.679782	10001
W923	2718.486585	0.671469	5245.257944	4.175314	2266.956417	1.645972	11009.222289	9.552899	10001
W924	2761.338892	0.647880	5327.940494	4.221136	2302.691121	1.662440	11182.763912	9.665000	10001
W925	1326.403008	0.503508	2559.264390	2.166675	1106.092569	0.864076	5371.615822	4.911501	10001
W926	3363.207179	0.782030	6489.231644	5.137167	2804.591400	2.022883	13620.186924	11.763875	10001
W927	3094.444633	0.917419	5970.660433	4.852534	2580.469279	1.920789	12531.762713	11.066484	10001
W928	2287.255104	0.598969	4413.206623	3.533903	1907.350827	1.394777	9262.837641	8.077821	10001
W929	2822.095352	0.691680	5445.168700	4.331237	2353.356167	1.707183	11428.813085	9.910805	10001
W930	1475.250673	0.464841	2846.462571	2.333261	1230.217210	0.925082	5974.413368	5.314235	10001
W931	2812.895667	0.652448	5427.418116	4.295670	2345.684513	1.691449	11391.556552	9.837221	10001
W932	1344.456760	0.443759	2594.098694	2.141628	1121.147662	0.850236	5444.729214	4.872556	10001
W933	2862.228241	0.700591	5522.604194	4.392281	2386.823137	1.731201	11591.341711	10.050687	10001
W934	3047.434209	0.737685	5879.954891	4.671624	2541.267106	1.840914	12341.381709	10.691666	10001
W935	1414.336540	0.484861	2728.930137	2.267079	1179.420679	0.901076	5727.725655	5.153200	10001
W936	2384.125549	0.632832	4600.115940	3.688965	1988.131463	1.456401	9655.139839	8.430331	10001
W937	3290.876064	0.848578	6349.670404	5.076260	2744.274205	2.002871	13327.263157	11.606321	10001
W938	2333.977603	0.709023	4503.356622	3.672149	1946.312899	1.454476	9452.052621	8.370320	10001
W939	1665.454397	0.518917	3213.456322	2.629765	1388.828826	1.042316	6744.693083	5.991037	10001
W940	3251.433270	0.788215	6273.566433	4.985024	2711.382708	1.964467	13167.529252	11.408680	10001
W941	2702.653517	0.688271	5214.708399	4.163571	2253.753161	1.642342	10945.102139	9.521478	10001
W942	798.370387	0.359215	1540.437477	1.356175	665.764136	0.544386	3233.209650	3.057676	10001
W943	2941.374459	0.735090	5675.315020	4.522804	2452.823473	1.783368	11911.865019	10.346069	10001
W944	555.467275	0.205782	1071.761455	0.903005	463.206297	0.359818	2249.509981	2.048376	10001
W945	780.253156	0.327708	1505.480691	1.302946	650.656107	0.521570	3159.839184	2.944466	10001
W946	3349.874912	0.693303	6463.507338	5.070734	2793.473571	1.992991	13566.194421	11.628682	10001
W947	3778.523547	0.839260	7290.575116	5.749707	3150.925316	2.262321	15302.119157	13.174574	10001
W948	3612.481649	0.808365	6970.201055	5.500308	3012.462338	2.164456	14629.689070	12.601912	10001
W949	2842.206078	0.748132	5483.971886	4.393752	2370.126578	1.734337	11510.256726	10.042400	10001
W950	2908.490119	0.725517	5611.865434	4.471420	2425.401095	1.763042	11778.691284	10.228823	10001
W951	3628.351544	0.749062	7000.821657	5.491313	3025.696306	2.158216	14693.958363	12.593547	10001
W952	2894.405671	0.665036	5584.689813	4.416589	2413.656020	1.738775	11721.652629	10.115435	10001
W953	3233.074881	0.745345	6238.144340	4.934767	2696.073576	1.942890	13093.182155	11.301717	10001
W954	2109.300182	0.543866	4069.846655	3.253628	1758.953533	1.283738	8542.162653	7.439078	10001
W955	2011.138448	0.544594	3880.445825	3.118778	1677.096086	1.231835	8144.631042	7.124814	10001
W956	2330.560150	0.638221	4496.762724	3.618781	1943.463072	1.429685	9438.212752	8.265406	10001
W957	3035.991716	0.765808	5857.876860	4.672589	2531.725167	1.842770	12295.042340	10.687154	10001
W958	4525.267479	0.950029	8731.400523	6.856834	3773.637953	2.695562	18326.253977	15.722165	10001
W959	2341.373842	0.633643	4517.627495	3.630648	1952.480650	1.433990	9482.005622	8.294261	10001
W960	2723.571090	0.690581	5255.068379	4.193942	2271.196405	1.654176	11029.813319	9.591601	10001
W961	3146.027220	0.756966	6070.187860	4.820076	2623.484197	1.899199	12740.659888	11.032397	10001
W962	2543.161143	0.657692	4906.971496	3.924086	2120.751857	1.548367	10299.196064	8.971570	10001
W963	2625.845620	0.605814	5066.509312	4.008187	2189.702760	1.578103	10634.048476	9.179549	10001
W964	1471.214079	0.423208	2838.674054	2.298067	1226.851078	0.908962	5958.066124	5.244021	10001
W965	2801.125249	0.657557	5404.707364	4.282152	2335.869117	1.686485	11343.889169	9.804633	10001
W966	3122.551769	0.671105	6024.892513	4.739508	2603.907928	1.863863	12645.589912	10.864294	10001
W967	3536.859582	0.709513	6824.290000	5.342491	2949.400806	2.098872	14323.437737	12.256104	10001
W968	1582.600345	0.491935	3053.591317	2.498082	1319.736514	0.990059	6409.153935	5.691337	10001
W969	3256.645725	0.864241	6283.623746	5.038898	2715.729394	1.989344	13188.638452	11.515352	10001
W970	2150.051278	0.553172	4148.474967	3.315740	1792.936029	1.308186	8707.194873	7.581359	10001
W971	2398.321312	0.626497	4627.506342	3.704523	1999.969365	1.462041	9712.629294	8.468178	10001
W972	2582.579733	0.684302	4983.028768	3.995264	2153.623171	1.577268	10458.831953	9.130585	10001
W973	2476.682560	0.670432	4778.702585	3.840575	2065.315111	1.516914	10029.973659	8.773802	10001
W974	1313.607882	0.442263	2534.576487	2.099244	1095.422664	0.833905	5319.798616	4.773840	10001
W975	1430.561719	0.477192	2760.236251	2.282670	1192.950919	0.906516	5793.433761	5.192137	10001
W976	2631.763480	0.716848	5077.927688	4.083949	2194.637687	1.613264	10658.014398	9.328761	10001
W977	3109.580298	0.720799	5999.864355	4.748484	2593.090969	1.869727	12593.058548	10.874278	10001
W978	1432.958555	0.492586	2764.860892	2.297998	1194.949650	0.913443	5803.140376	5.223123	10001
W979	297.369421	0.219003	573.767524	0.605867	247.977504	0.249036	1204.275230	1.337944	10001
W980	1874.950157	0.578324	3617.673619	2.956269	1563.528146	1.171405	7593.100943	6.736346	10001
W981	2537.557418	0.638642	4896.159237	3.904589	2116.078889	1.539818	10276.502315	8.930899	10001
W982	3071.988212	0.764627	5927.331279	4.721767	2561.742783	1.861671	12440.819563	10.801881	10001
W983	2312.031287	0.623600	4461.011705	3.583784	1928.011781	1.415374	9363.175275	8.187686	10001
W984	4203.242369	0.977369	8110.060407	6.420293	3505.099975	2.528145	17022.129085	14.702173	10001
W985	2910.132485	0.735338	5615.034341	4.479664	2426.770670	1.766746	11785.342473	10.245612	10001
W986	3629.506074	0.842497	7003.049296	5.543104	3026.659072	2.182664	14698.633933	12.693754	10001
W987	1673.821412	0.481232	3229.600287	2.614366	1395.806112	1.034055	6778.577497	5.965857	10001
W988	710.250022	0.259881	1370.411239	1.151893	592.280224	0.458799	2876.343188	2.613848	10001
W989	2260.622771	0.596651	4361.820143	3.495704	1885.142022	1.379932	9154.983044	7.989448	10001
W990	1742.615215	0.522619	3362.336364	2.736902	1453.173529	1.083675	7057.175993	6.240188	10001
W991	2290.841344	0.590191	4420.126191	3.533357	1910.341406	1.394083	9277.361058	8.078757	10001
W992	2754.757968	0.670638	5315.242751	4.225200	2297.203263	1.665174	11156.112739	9.669148	10001
W993	1961.364679	0.534110	3784.408472	3.043543	1635.589548	1.202271	7943.059149	6.952244	10001
W994	2075.367435	0.532335	4004.374193	3.199559	1730.656885	1.262269	8404.743121	7.316077	10001
W995	2178.045573	0.529283	4202.489321	3.340085	1816.280579	1.316300	8820.565089	7.643812	10001
W996	3745.007081	0.727980	7225.905858	5.645554	3122.975806	2.216997	15166.385463	12.955601	10001
W997	2067.989419	0.521967	3990.138478	3.182973	1724.504329	1.255313	8374.863914	7.280027	10001
W998	2635.235345	0.599967	5084.626572	4.018038	2197.532888	1.581620	10672.074623	9.203753	10001
W999	2596.500738	0.613395	5009.889030	3.971558	2165.231950	1.564339	10515.208701	9.092669	10001
W1000	3213.161402	0.733197	6199.721735	4.900143	2679.467650	1.928917	13012.537314	11.223972	10001
W1001	3900.404950	0.788523	7525.742506	5.894651	3252.562686	2.316045	15795.709768	13.521675	10001
W1002	3270.583302	0.819711	6310.515982	5.030434	2727.351992	1.983643	13245.082311	11.506776	10001
W1003	2024.418347	0.619009	3906.069088	3.188007	1688.170245	1.262934	8198.411466	7.265759	10001
W1004	3939.459761	1.005299	7601.097874	6.070199	3285.130644	2.394521	15953.872437	13.881201	10001
W1005	3531.064788	0.833597	6813.109077	5.400716	2944.568505	2.127238	14299.970204	12.364773	10001
W1006	2503.566904	0.594180	4830.575315	3.830986	2087.734069	1.509097	10138.848841	8.770262	10001
W1007	3600.181650	0.850749	6946.468488	5.506910	3002.205323	2.169104	14579.877010	12.607724	10001
W1008	1794.727261	0.510273	3462.885368	2.799310	1496.629964	1.106906	7268.217348	6.389262	10001
W1009	2426.023179	0.684976	4680.956463	3.780730	2023.070058	1.494731	9824.815249	8.630437	10001
W1010	2462.880769	0.628163	4752.072344	3.794777	2053.805745	1.496916	9974.079699	8.677888	10001
W1011	4201.757110	1.008699	8107.194635	6.436241	3503.861412	2.535890	17016.114142	14.732030	10001
W1012	3696.242323	0.767198	7131.815369	5.596160	3082.310687	2.199595	14968.899826	12.833217	10001
W1013	2489.585402	0.631513	4803.598324	3.833795	2076.074840	1.512139	10082.227091	8.767881	10001
W1014	2009.818223	0.556955	3877.898481	3.125084	1675.995145	1.234975	8139.284444	7.136248	10001
W1015	2761.903572	0.656541	5329.030030	4.226902	2303.162009	1.665104	11185.050728	9.676409	10001
W1016	1979.497408	0.508010	3819.395159	3.051923	1650.710500	1.204037	8016.492375	6.978433	10001
W1017	1873.040973	0.508229	3613.989893	2.905294	1561.936070	1.147566	7585.369207	6.636872	10001
W1018	2206.178307	0.566594	4256.770790	3.401666	1839.740574	1.342037	8934.495952	7.778053	10001
W1019	3067.594378	0.692072	5918.853479	4.673767	2558.078749	1.839450	12423.025586	10.707059	10001
W1020	2995.320935	0.650430	5779.403515	4.549925	2497.809646	1.789596	12130.335377	10.428409	10001
W1021	2785.767526	0.616522	5375.074986	4.237837	2323.062253	1.667352	11281.694052	9.710803	10001
W1022	2386.893124	0.578959	4605.455912	3.659723	1990.439355	1.442216	9666.347857	8.375537	10001
W1023	2903.748713	0.622920	5602.716999	4.406791	2421.447218	1.732968	11759.489720	10.101839	10001
W1024	1097.384286	0.305873	2117.377983	1.707509	915.112976	0.674867	4444.144623	3.898745	10001
W1025	3733.612086	0.788970	7203.919475	5.659951	3113.473476	2.225261	15120.238453	12.976821	10001
W1026	3193.240119	0.765459	6161.284074	4.890739	2662.855215	1.926907	12931.860870	11.194741	10001
W1027	3078.831408	0.722257	5940.535072	4.706408	2567.449351	1.853552	12468.532877	10.776134	10001
W1028	3135.656163	0.745854	6050.177142	4.799175	2614.835733	1.890562	12698.659582	10.986383	10001
W1029	2754.842879	0.676788	5315.406584	4.228967	2297.274071	1.666949	11156.456607	9.676447	10001
W1030	1338.707212	0.458317	2583.005071	2.145361	1116.353092	0.852662	5421.444915	4.876691	10001
W1031	2372.023251	0.548657	4576.764833	3.621534	1978.039311	1.425934	9606.128421	8.293745	10001
W1032	2720.045482	0.620490	5248.265799	4.148027	2268.256387	1.632842	11015.535447	9.501258	10001
W1033	2131.693429	0.539655	4113.053915	3.282007	1777.627348	1.294448	8632.849962	7.506181	10001
W1034	3125.187599	0.698200	6029.978286	4.757748	2606.105957	1.872197	12656.264393	10.900836	10001
W1035	2852.557670	0.587895	5503.945049	4.316680	2378.758811	1.696515	11552.178207	9.899883	10001
W1036	3007.541833	0.720014	5802.983461	4.605783	2508.000700	1.814593	12179.827102	10.542684	10001
W1037	2274.000909	0.679026	4387.632955	3.569382	1896.298102	1.413136	9209.161312	8.138989	10001
W1038	2716.952163	0.718308	5242.297312	4.202120	2265.676857	1.658851	11003.008247	9.603689	10001
W1039	2430.940937	0.611836	4690.445165	3.740553	2027.170996	1.475129	9844.730996	8.555695	10001
W1040	2243.857492	0.590373	4329.471920	3.468603	1871.161392	1.369142	9087.087666	7.927930	10001
W1041	3352.119229	0.773521	6467.837697	5.116880	2795.345116	2.014624	13575.283371	11.718647	10001
W1042	2532.687687	0.605569	4886.763201	3.878141	2112.018001	1.527881	10256.781064	8.877268	10001
W1043	3730.973011	0.838870	7198.827439	5.682909	3111.272741	2.236490	15109.550826	13.019468	10001
W1044	1392.490978	0.475741	2686.779624	2.230766	1161.203582	0.886549	5639.256341	5.071092	10001
W1045	3649.709339	0.807131	7042.031034	5.551786	3043.506652	2.184291	14780.452336	12.721771	10001
W1046	2811.941974	0.620470	5425.577987	4.276658	2344.889225	1.682544	11387.694323	9.800126	10001
W1047	2610.309383	0.736067	5036.532496	4.067289	2176.747033	1.607974	10571.130422	9.284800	10001
W1048	3852.314612	0.823567	7432.953295	5.844861	3212.459969	2.298367	15600.955371	13.398931	10001
W1049	2685.017598	0.649513	5180.680295	4.115790	2239.046500	1.621860	10873.680873	9.419657	10001
W1050	2765.908931	0.649116	5336.758279	4.228216	2306.502094	1.665235	11201.271478	9.681176	10001
W1051	4347.339958	0.877710	8388.093424	6.569519	3625.263509	2.581157	17605.689954	15.069965	10001
W1052	2407.042030	0.607049	4644.332768	3.704527	2007.241605	1.460982	9747.946122	8.473025	10001
W1053	4639.832530	0.907894	8952.451178	6.997369	3869.174189	2.748090	18790.215107	16.056710	10001
W1054	3416.251069	0.748474	6591.578621	5.192871	2848.824904	2.042771	13835.002025	11.900725	10001
W1055	2699.160599	0.639523	5207.968893	4.129664	2250.840403	1.626702	10930.956654	9.454251	10001
W1056	2556.753028	0.620779	4933.196729	3.920527	2132.086182	1.545023	10354.239956	8.972274	10001
W1057	2537.946797	0.561208	4896.910536	3.860588	2116.403594	1.518904	10278.079209	8.846447	10001
W1058	3473.577516	0.714694	6702.188696	5.255846	2896.629649	2.065571	14067.160465	12.053993	10001
W1059	1884.473469	0.499579	3636.048633	2.915451	1571.469673	1.150987	7631.668087	6.662775	10001
W1060	1862.991778	0.561707	3594.600199	2.928089	1553.556008	1.159537	7544.672361	6.675359	10001
W1061	977.778261	0.403533	1886.600882	1.626156	815.373052	0.650510	3959.768748	3.676938	10001
W1062	2509.034934	0.621710	4841.125753	3.854803	2092.293880	1.519716	10160.993057	8.819157	10001
W1063	2515.218376	0.703424	4853.056564	3.915209	2097.450276	1.547549	10186.034522	8.939014	10001
W1064	1775.893269	0.540841	3426.545611	2.795065	1480.924226	1.107151	7191.944176	6.370752	10001
W1065	2586.078278	0.617325	4989.779130	3.959309	2156.540620	1.559811	10473.000223	9.063277	10001
W1066	3096.064660	0.704699	5973.786239	4.720578	2581.820226	1.858152	12538.323437	10.813035	10001
W1067	2306.740709	0.573938	4450.803653	3.545421	1923.599947	1.397858	9341.749693	8.110828	10001
W1068	2386.908947	0.644744	4605.486444	3.700463	1990.452550	1.461503	9666.411939	8.454037	10001
W1069	3420.308608	0.717744	6599.407549	5.182403	2852.208501	2.037296	13851.434089	11.882891	10001
W1070	2171.284431	0.599516	4189.443852	3.374703	1810.642437	1.333508	8793.184078	7.706774	10001
W1071	1662.006694	0.529983	3206.804058	2.633329	1385.953773	1.044402	6730.730707	5.996058	10001
W1072	3404.711613	0.857359	6569.313504	5.239185	2839.202107	2.066153	13788.269982	11.983394	10001
W1073	3330.167238	0.792358	6425.481831	5.097015	2777.039266	2.007902	13486.383044	11.668155	10001
W1074	2663.891827	0.629072	5139.918600	4.074498	2221.429638	1.604875	10788.126538	9.328396	10001
W1075	1408.583720	0.423779	2717.830203	2.213234	1174.623381	0.876401	5704.428109	5.045883	10001
W1076	2687.183837	0.622226	5184.860004	4.103090	2240.852935	1.615571	10882.453624	9.396429	10001
W1077	2997.622596	0.737404	5783.844519	4.602239	2499.729010	1.814129	12139.656557	10.530332	10001
W1078	2644.043885	0.709015	5101.622450	4.095751	2204.878364	1.617361	10707.747109	9.358303	10001
W1079	4189.031437	0.895985	8082.640738	6.355967	3493.249424	2.499367	16964.578200	14.570520	10001
W1080	3464.344104	0.732600	6684.373037	5.252031	2888.929871	2.064906	14029.767348	12.041463	10001
W1081	2859.132007	0.705165	5516.630081	4.390707	2384.241175	1.730834	11578.802702	10.045933	10001
W1082	2877.118108	0.743731	5551.333853	4.439176	2399.239854	1.751596	11651.642120	10.149285	10001
W1083	2259.658934	0.615384	4359.960441	3.506449	1884.338274	1.385131	9151.079734	8.009631	10001
W1084	3348.975241	0.712830	6461.771443	5.079539	2792.723332	1.997286	13562.550968	11.645091	10001
W1085	2763.004065	0.638662	5331.153407	4.218229	2304.079715	1.660855	11189.507464	9.660337	10001
W1086	3528.183019	0.785580	6807.548769	5.369816	2942.165387	2.112932	14288.299726	12.303725	10001
W1087	3471.630239	0.737286	6698.431468	5.264714	2895.005806	2.070027	14059.274456	12.069932	10001
W1088	4794.939248	0.976681	9251.726057	7.250208	3998.518277	2.848954	19418.360321	16.629810	10001
W1089	2405.587876	0.584199	4641.527011	3.688802	2006.028980	1.453709	9742.057145	8.441937	10001
W1090	3399.116939	0.720732	6558.518707	5.154146	2834.536687	2.026503	13765.612885	11.816668	10001
W1091	1862.496894	0.512060	3593.645333	2.893322	1553.143322	1.143179	7542.668200	6.607965	10001
W1092	2259.412276	0.629825	4359.484520	3.515644	1884.132585	1.389508	9150.080828	8.027233	10001
W1093	1543.765624	0.499331	2978.660607	2.451301	1287.352090	0.972603	6251.882576	5.579765	10001
W1094	2580.343252	0.650588	4978.713528	3.971142	2151.758160	1.566121	10449.774737	9.082865	10001
W1095	2373.957044	0.625399	4580.496041	3.670218	1979.651908	1.448764	9613.959818	8.388566	10001
W1096	2231.260655	0.568736	4305.166610	3.437682	1860.656841	1.356036	9036.073481	7.861363	10001
W1097	2038.617238	0.489772	3933.465525	3.122964	1700.010754	1.230471	8255.913588	7.148132	10001
W1098	1414.456583	0.423753	2729.161758	2.221185	1179.520784	0.879453	5728.211802	5.064456	10001
W1099	2000.532096	0.515501	3859.981110	3.085653	1668.251408	1.217447	8101.677844	7.055091	10001
W1100	2326.613906	0.563682	4489.148536	3.566913	1940.172284	1.405611	9422.231405	8.163276	10001
W1101	2938.859535	0.820867	5670.462530	4.573959	2450.726267	1.807877	11901.680173	10.443285	10001
W1102	2562.303917	0.620511	4943.907043	3.928087	2136.715090	1.547926	10376.719735	8.989921	10001
W1103	1653.244023	0.518985	3189.896685	2.613339	1378.646548	1.036019	6695.243982	5.952634	10001
W1104	1609.003261	0.508062	3104.535141	2.545604	1341.754007	1.009331	6516.079445	5.797592	10001
W1105	2562.985484	0.585965	4945.222111	3.909239	2137.283451	1.538903	10379.479919	8.954037	10001
W1106	2206.992209	0.625168	4258.341196	3.440765	1840.419290	1.360430	8937.792062	7.853899	10001
W1107	2767.846096	0.652861	5340.495995	4.233063	2308.117503	1.667296	11209.116535	9.691584	10001
W1108	1064.114284	0.419900	2053.184273	1.752249	887.368994	0.699773	4309.409052	3.967546	10001
W1109	1633.022253	0.493548	3150.879240	2.567486	1361.783537	1.016800	6613.350637	5.852975	10001
W1110	1989.543064	0.610735	3838.778023	3.134817	1659.087612	1.241993	8057.174887	7.143934	10001
W1111	3118.357916	0.682696	6016.800568	4.739784	2600.410658	1.864514	12628.605807	10.862468	10001
W1112	965.065428	0.362128	1862.071760	1.572801	804.771771	0.626985	3908.284806	3.566462	10001
W1113	3581.850343	0.923391	6911.098648	5.524960	2986.918775	2.179897	14505.639587	12.632274	10001
W1114	1778.033317	0.546031	3430.674785	2.801714	1482.708820	1.110033	7200.610859	6.384770	10001
W1115	1605.690069	0.528315	3098.142413	2.556469	1338.991123	1.014836	6502.661810	5.816825	10001
W1116	4623.148872	0.925680	8920.260441	6.982487	3855.261623	2.743097	18722.650273	16.018710	10001
W1117	3684.482911	0.712222	7109.125850	5.552403	3072.504468	2.180258	14921.277009	12.742551	10001
W1118	2986.283231	0.640161	5761.965472	4.531803	2490.273070	1.782109	12093.734834	10.388498	10001
W1119	3500.338047	0.958778	6753.822531	5.435297	2918.945358	2.147354	14175.534233	12.414334	10001
W1120	3720.141324	0.904005	7177.927945	5.704913	3102.240155	2.248259	15065.685076	13.055746	10001
W1121	2264.799449	0.540267	4369.878948	3.467216	1888.624969	1.365929	9171.897594	7.936903	10001
W1122	2088.342829	0.530306	4029.409919	3.216260	1741.477116	1.268596	8457.290369	7.355453	10001
W1123	3157.879912	0.650694	6093.057359	4.778650	2633.368202	1.878071	12788.660464	10.959391	10001
W1124	1361.387506	0.401974	2626.766183	2.133698	1135.266277	0.844499	5513.294699	4.866425	10001
W1125	1723.638862	0.472605	3325.721922	2.676770	1437.349075	1.057551	6980.326289	6.113686	10001
W1126	2671.674095	0.716805	5154.934309	4.138797	2227.919301	1.634379	10819.642867	9.456571	10001
W1127	3032.033857	0.682072	5850.240263	4.618499	2528.424693	1.817610	12279.013957	10.580847	10001
W1128	3379.100078	0.749571	6519.896630	5.141385	2817.844549	2.022924	13684.549372	11.780891	10001
W1129	2881.256060	0.715729	5559.317937	4.427746	2402.690508	1.745678	11668.399838	10.129567	10001
W1130	2206.439853	0.592902	4257.275437	3.418677	1839.958678	1.350055	8935.555150	7.810985	10001
W1131	2080.852134	0.568235	4014.956794	3.229995	1735.230596	1.276004	8426.954842	7.377781	10001
W1132	1668.441594	0.520707	3219.220051	2.635114	1391.319861	1.044483	6756.790518	6.003005	10001
W1133	1818.059202	0.569865	3507.903818	2.873233	1516.086560	1.139003	7362.706145	6.544836	10001
W1134	2421.646502	0.633668	4672.511764	3.741232	2019.420330	1.476582	9807.090750	8.551846	10001
W1135	1612.067608	0.514894	3110.447729	2.554831	1344.309378	1.013315	6528.489321	5.817104	10001
W1136	2146.771440	0.673714	4142.146594	3.393327	1790.200959	1.345223	8693.912310	7.729332	10001
W1137	2305.239101	0.626689	4447.906336	3.576455	1922.347751	1.412729	9335.668540	8.169801	10001
W1138	2944.927487	0.867443	5682.170506	4.614105	2455.786356	1.826109	11926.253934	10.524116	10001
W1139	1595.744364	0.563301	3078.952401	2.570960	1330.697361	1.022804	6462.384075	5.839561	10001
W1140	2166.680643	0.730835	4180.560948	3.463587	1806.803320	1.375956	8774.539835	7.876098	10001
W1141	2728.077094	0.683498	5263.762611	4.195866	2274.953979	1.654537	11048.061561	9.597810	10001
W1142	2734.741833	0.767689	5276.622074	4.258844	2280.511731	1.683525	11075.052166	9.722905	10001
W1143	3069.877519	0.824073	5923.258747	4.755948	2559.982668	1.878108	12432.271762	10.866573	10001
W1144	2524.736068	0.783858	4871.420734	3.984530	2105.387116	1.579128	10224.578904	9.078121	10001
W1145	2743.442279	0.765388	5293.409387	4.269219	2287.767067	1.687381	11110.286898	9.747713	10001
W1146	2752.378622	0.747318	5310.651857	4.269563	2295.219117	1.686466	11146.476955	9.753304	10001
W1147	1439.583252	0.460487	2777.643094	2.281988	1200.474010	0.905137	5829.968820	5.195693	10001
W1148	2600.766787	0.634499	5018.120275	3.989809	2168.789425	1.572469	10532.485184	9.130178	10001
W1149	2593.789140	0.625143	5004.657063	3.974599	2162.970738	1.566114	10504.227375	9.097008	10001
W1150	655.826127	0.320972	1265.401573	1.140380	546.895929	0.459424	2655.939394	2.563295	10001
W1151	2532.220296	0.643047	4885.861382	3.899891	2111.628243	1.538243	10254.888244	8.918884	10001
W1152	3933.899741	0.785853	7590.369942	5.940595	3280.494122	2.333711	15931.355683	13.628813	10001
W1153	2966.019857	0.685831	5722.867753	4.528306	2473.375365	1.782954	12011.673001	10.370408	10001
W1154	4223.092832	0.810965	8148.361424	6.361514	3521.653353	2.497759	17102.518728	14.600391	10001
W1155	2866.640944	0.686606	5531.118405	4.390194	2390.502907	1.729670	11609.212107	10.049130	10001
W1156	3358.857755	0.745982	6480.839529	5.111075	2800.964398	2.011037	13602.572793	11.711258	10001
