# Module Gain Results (Run: 1079)
# LMS Entries: 10001, Sample Rate: 1.00 Hz
# Current Run Time: 2.78 hours 
# Cumulative Time: 11.12 hours (total time up to this run)
# Formula: Gain = (Module LMS Mean - Module Pedestal Mean) × RefPMT Alpha Signal / RefPMT LMS Signal
# Reference PMT Params:
# RefPMT1: AlphaSignal=4531.60, AlphaError=2.69, LMSSignal=2354.79, LMSError=0.89, Valid=Yes
# RefPMT2: AlphaSignal=1917.81, AlphaError=1.12, LMSSignal=2363.12, LMSError=0.75, Valid=Yes
# RefPMT3: AlphaSignal=5631.59, AlphaError=2.84, LMSSignal=1611.78, LMSError=0.83, Valid=Yes
# G module
# module name	module signal(LMS-Pedestal)	signal error	gain1(RefPMT1)	gain1 error	gain2(RefPMT2)	gain2 error	gain3(RefPMT3)	gain3 error	LMS entries
G1	4917.970888	1.423746	9464.241504	7.217385	3991.230736	2.899867	17183.511987	13.375816	10001
G2	4277.225667	1.540746	8231.178591	6.520325	3471.227247	2.629529	14944.732329	12.066163	10001
G3	6722.752092	1.972664	12937.398539	9.885423	5455.919808	3.972648	23489.462181	18.318983	10001
G4	5184.165714	1.523859	9976.512151	7.624990	4207.263933	3.064330	18113.603299	14.129958	10001
G5	5350.530397	1.832981	10296.667673	8.075519	4342.278932	3.253639	18694.885618	14.949750	10001
G6	4936.590992	1.562610	9500.074406	7.346065	4006.342076	2.955678	17248.571093	13.606790	10001
G7	3810.832016	1.313649	7333.641325	5.758520	3092.720600	2.320380	13315.141373	10.659937	10001
G8	7136.913535	1.962155	13734.419099	10.399493	5792.036860	4.175356	24936.552509	19.278701	10001
G9	5094.961852	1.310814	9804.846455	7.362997	4134.869605	2.953671	17801.922796	13.654245	10001
G10	5637.352859	1.338961	10848.634553	8.075902	4575.052702	3.236646	19697.050398	14.981757	10001
G11	6060.091650	1.617171	11662.161534	8.796657	4918.130792	3.530421	21174.110195	16.309901	10001
G12	4476.407020	1.399829	8614.487169	6.647857	3632.874958	2.674222	15640.676906	12.314505	10001
G13	3181.590980	1.226254	6122.717293	4.922192	2582.053452	1.987727	11116.557619	9.103790	10001
G14	3006.231100	0.966217	5785.251235	4.485129	2439.738307	1.805044	10503.845861	8.306765	10001
G15	5927.096885	1.443024	11406.223750	8.512863	4810.197499	3.412710	20709.423195	15.790664	10001
G16	-384.266957	0.014126	-739.491014	-0.522425	-311.855870	-0.208134	-1342.638256	-0.971409	10001
G17	6628.472841	2.194370	12755.965663	9.940961	5379.406495	4.002781	23160.048144	18.407620	10001
G18	5549.798100	2.222045	10680.142425	8.663752	4503.996722	3.501509	19391.131904	16.018754	10001
G19	4680.807635	1.606981	9007.839799	7.067600	3798.758416	2.847658	16354.857714	13.083642	10001
G20	4369.175152	1.446504	8408.128018	6.552675	3545.849814	2.638472	15266.006105	12.133545	10001
G21	5117.169974	1.310574	9847.584210	7.391174	4152.892839	2.964809	17879.518526	13.706798	10001
G22	6686.078463	1.940667	12866.823074	9.815875	5426.156940	3.944063	23361.323612	18.191263	10001
G23	799.440713	0.572142	1538.459693	1.546084	648.794476	0.634451	2793.265637	2.840776	10001
G24	5312.796960	1.530083	10224.052692	7.791008	4311.655966	3.130105	18563.044056	14.439330	10001
G25	5472.271765	1.556168	10530.949195	8.010517	4441.079413	3.217707	19120.252969	14.847227	10001
G26	6645.928690	1.770153	12789.558048	9.644761	5393.572972	3.870701	23221.039312	17.882546	10001
G27	3286.710937	1.395845	6325.012240	5.208472	2667.364653	2.107799	11483.849349	9.625063	10001
G28	2564.922767	1.247502	4935.988656	4.229708	2081.589911	1.717325	8961.903624	7.805960	10001
G29	6447.926249	2.342340	12408.518192	9.846668	5232.882019	3.971632	22529.213884	18.220518	10001
G30	5760.533361	1.567672	11085.685575	8.382730	4675.021128	3.365170	20127.446122	15.540848	10001
G31	3308.216157	1.472227	6366.397317	5.310453	2684.817440	2.151414	11558.989123	9.809193	10001
G32	5061.332515	1.315719	9740.129487	7.323377	4107.577365	2.938156	17684.421063	13.580082	10001
G33	3215.494977	0.925681	6187.962824	4.715121	2609.568596	1.894330	11235.019025	8.738708	10001
G34	923.709192	0.686509	1777.604437	1.821590	749.645860	0.748310	3227.462774	3.345482	10001
G35	4984.415540	1.190555	9592.108922	7.144633	4045.154589	2.863590	17415.671248	13.253822	10001
G36	3285.269023	1.080479	6322.237392	4.921235	2666.194453	1.981335	11478.811267	9.113038	10001
G37	4000.099800	1.270172	7697.872032	5.955639	3246.322850	2.396367	13976.447693	11.031137	10001
G38	3957.992299	1.401378	7616.839514	6.012492	3212.150067	2.423928	13829.323041	11.127862	10001
G39	4564.509600	1.546718	8784.033535	6.874966	3704.375529	2.769386	15948.509500	12.728238	10001
G40	6483.812824	2.410050	12477.579034	9.950076	5262.006144	4.015163	22654.602463	18.408525	10001
G41	5857.940327	1.794729	11273.137486	8.670852	4754.072770	3.486863	20467.788469	16.063998	10001
G42	4385.809326	1.521064	8440.139156	6.635165	3559.349452	2.673922	15324.126323	12.282199	10001
G43	4613.162654	1.306918	8877.662445	6.749371	3743.860424	2.710977	16118.504475	12.509999	10001
G44	1669.357043	0.995699	3212.544070	2.967915	1354.784176	1.211634	5832.774819	5.465010	10001
G45	3491.548556	1.212627	6719.205850	5.283713	2833.602766	2.129352	12199.557061	9.780456	10001
G46	4644.981334	1.239362	8938.894949	6.742401	3769.683207	2.705968	16229.679730	12.501111	10001
G47	4497.929986	1.466433	8655.906395	6.727336	3650.342147	2.708079	15715.878683	12.458283	10001
G48	7871.221348	10.533568	15147.535737	22.915489	6387.972050	9.549880	27502.242181	41.826865	10001
G49	3477.638288	1.099270	6692.436652	5.173817	2822.313743	2.081629	12150.954239	9.583318	10001
G50	6026.686760	1.504109	11597.876497	8.679285	4891.020704	3.480425	21057.392684	16.097548	10001
G51	4237.582400	1.324915	8154.888295	6.293002	3439.054339	2.531468	14806.217773	11.657183	10001
G52	3264.317792	1.158305	6281.918424	4.960935	2649.191262	2.000078	11405.607147	9.181498	10001
G53	4840.417311	1.674092	9314.995851	7.318997	3928.291319	2.949350	16912.537871	13.548299	10001
G54	2474.431119	0.850007	4761.844718	3.736593	2008.150467	1.505554	8645.723564	6.917205	10001
G55	2847.082902	1.082290	5478.983260	4.390879	2310.579921	1.772662	9947.778116	8.122035	10001
G56	4333.105818	1.514194	8338.715472	6.565147	3516.577369	2.646077	15139.978962	12.151907	10001
G57	771.683835	0.602839	1485.043801	1.563191	626.268091	0.643062	2696.282417	2.869211	10001
G58	2358.481931	1.186561	4538.709783	3.932878	1914.050690	1.598195	8240.594233	7.255588	10001
G59	5382.037928	1.631942	10357.301395	7.953466	4367.849198	3.197856	18804.973710	14.735889	10001
G60	4881.616261	1.784470	9394.279935	7.464571	3961.726758	3.011188	17056.488023	13.811950	10001
G61	4138.579206	1.429750	7964.364570	6.256416	3358.707261	2.521108	14460.298165	11.581436	10001
G62	6811.701262	2.295963	13108.574101	10.249468	5528.107438	4.128316	23800.252782	18.976475	10001
G63	4718.338426	1.402487	9080.064804	6.951409	3829.216923	2.794101	16485.991227	12.880879	10001
G64	5976.567781	1.729269	11501.426532	8.770247	4850.346122	3.523762	20882.275732	16.253750	10001
G65	6556.091355	1.989648	12616.673284	9.689758	5320.664542	3.896020	22907.145439	17.952730	10001
G66	6485.851463	1.667546	12481.502233	9.372312	5263.660624	3.759678	22661.725521	17.380458	10001
G67	4267.903135	1.221747	8213.238123	6.253339	3463.661449	2.512113	14912.159171	11.589919	10001
G68	3999.046260	1.069018	7695.844579	5.806161	3245.467839	2.330279	13972.766599	10.765121	10001
G69	7115.109378	1.849175	13692.458745	10.294753	5774.341469	4.130267	24860.368248	19.090067	10001
G70	6105.994948	1.479429	11750.498759	8.765329	4955.384093	3.513729	21334.497453	16.259315	10001
G71	4208.695330	1.239568	8099.297441	6.192056	3415.610735	2.488536	14705.285637	11.474437	10001
G72	4143.209460	1.222688	7973.275124	6.097496	3362.464992	2.450606	14476.476388	11.299076	10001
G73	5745.113162	1.704375	11056.010635	8.461657	4662.506704	3.401041	20073.567563	15.679534	10001
G74	6234.760258	2.465517	11998.297296	9.703948	5059.884928	3.920865	21784.406634	17.943936	10001
G75	4208.983217	1.213509	8099.851457	6.173272	3415.844373	2.480205	14706.291522	11.441055	10001
G76	6340.207718	2.311003	12201.222497	9.689046	5145.461918	3.908314	22152.842670	17.928377	10001
G77	7793.915282	10.943038	14998.766398	23.568093	6325.233503	9.830464	27232.132874	43.001474	10001
G78	4360.854185	1.578548	8392.114983	6.654543	3539.096846	2.683910	15236.932441	12.314072	10001
G79	3852.290917	1.296423	7413.425663	5.794798	3126.367005	2.333983	13459.999799	10.728954	10001
G80	3688.637783	1.256233	7098.488299	5.561015	2993.552591	2.240302	12888.191698	10.295231	10001
G81	3244.679352	0.907676	6244.125818	4.738951	2633.253481	1.903126	11336.989953	8.784292	10001
G82	7485.501177	3.149672	14405.248128	11.833270	6074.936809	4.787754	26154.526359	21.869307	10001
G83	5058.705246	1.727534	9735.073517	7.630474	4105.445177	3.074153	17675.241318	14.126187	10001
G84	6788.220589	1.743288	13063.387424	9.807931	5509.051452	3.934370	23718.210729	18.188392	10001
G85	4465.267456	1.348564	8593.049970	6.594589	3623.834529	2.651326	15601.754994	12.218512	10001
G86	3742.365495	1.567535	7201.882983	5.909001	3037.155878	2.390542	13075.917654	10.920997	10001
G87	3237.650071	1.250440	6230.598528	5.011302	2627.548794	2.023800	11312.429469	9.268443	10001
G88	4483.880213	1.594646	8628.868732	6.817470	3638.939907	2.748686	15666.788429	12.617281	10001
G89	4791.085818	2.211887	9220.061339	7.773767	3888.255830	3.152165	16740.172414	14.354140	10001
G90	3562.203439	1.230903	6855.175520	5.385322	2890.943476	2.170098	12446.426972	9.968913	10001
G91	5244.831733	1.447905	10093.259050	7.646620	4256.498075	3.070261	18325.571870	14.175080	10001
G92	4484.775987	1.589096	8630.592577	6.813756	3639.666882	2.746996	15669.918286	12.610761	10001
G93	3529.142717	1.312350	6791.552806	5.416332	2864.112701	2.185676	12330.911991	10.020662	10001
G94	3224.023351	1.161779	6204.374996	4.915160	2616.489887	1.982208	11264.817373	9.095705	10001
G95	4851.234096	1.483906	9335.811889	7.178904	3937.069794	2.886823	16950.331987	13.300085	10001
G96	4140.204526	1.043084	7967.492367	5.968794	3360.026306	2.393776	14465.977072	11.069888	10001
G97	5741.909548	1.785216	11049.845537	8.519187	4659.906778	3.426677	20062.374059	15.781546	10001
G98	5846.063552	1.860595	11250.281584	8.707415	4744.434049	3.503731	20426.290725	16.127780	10001
G99	5447.750833	1.959367	10483.760624	8.302060	4421.179194	3.347970	19034.576228	15.363528	10001
G100	3876.214869	1.349884	7459.465393	5.868939	3145.782738	2.365319	13543.590676	10.863523	10001
G101	6372.025650	1.444254	12262.453562	9.086757	5171.284094	3.639982	22264.015312	16.860272	10001
G102	5407.714595	1.412809	10406.714086	7.829265	4388.687366	3.141317	18894.688620	14.517815	10001
G103	5846.871992	1.744619	11251.837361	8.619051	4745.090147	3.464608	20429.115433	15.970631	10001
G104	3645.207314	1.370644	7014.909836	5.608101	2958.306139	2.263568	12736.444564	10.374519	10001
G105	5573.594556	1.571863	10725.936800	8.149432	4523.308984	3.273121	19474.277310	15.105406	10001
G106	4469.280637	1.474796	8600.773015	6.698849	3627.091468	2.697175	15615.777147	12.404497	10001
G107	-365.190866	0.011129	-702.780604	-0.496280	-296.374469	-0.197708	-1275.985923	-0.922813	10001
G108	3507.660708	1.214989	6750.212398	5.305350	2846.678752	2.137967	12255.853320	9.820700	10001
G109	5966.966363	1.760486	11482.949371	8.781189	4842.553991	3.529180	20848.728139	16.272166	10001
G110	5970.653782	2.021232	11490.045514	8.991231	4845.546554	3.621800	20861.612073	16.646384	10001
G111	3559.843649	1.327497	6850.634293	5.466802	2889.028364	2.206167	12438.181807	10.113806	10001
G112	2985.378586	0.989106	5745.122239	4.477927	2422.815230	1.803086	10430.986658	8.291704	10001
G113	4464.309759	1.437084	8591.206959	6.662285	3623.057300	2.681313	15598.408778	12.338878	10001
G114	5432.593110	1.598557	10454.590799	7.991622	4408.877786	3.211722	18981.614769	14.809277	10001
G115	3609.298842	1.240912	6945.806854	5.451229	2929.164243	2.196452	12610.979473	10.091286	10001
G116	3761.886857	1.213416	7239.450281	5.615984	3052.998643	2.260294	13144.125774	10.400935	10001
G117	3879.076364	1.116049	7464.972111	5.687696	3148.105014	2.285048	13553.588811	10.541255	10001
G118	2807.759808	0.923636	5403.309111	4.206106	2278.666852	1.693424	9810.382252	7.788765	10001
G119	2435.321732	0.987183	4686.581832	3.813331	1976.410835	1.541596	8509.074399	7.049857	10001
G120	4251.759449	1.159747	8182.170891	6.189015	3450.559871	2.484600	14855.752733	11.473752	10001
G121	4167.090637	1.130673	8019.232537	6.061628	3381.846011	2.433288	14559.917809	11.237904	10001
G122	2387.025603	0.831435	4593.639795	3.614307	1937.215606	1.456655	8340.326528	6.690145	10001
G123	3805.666446	1.050153	7323.700598	5.548096	3088.528427	2.227651	13297.092742	10.284920	10001
G124	2843.196834	0.919935	5471.504833	4.246786	2307.426142	1.709316	9934.200098	7.864985	10001
G125	2795.830691	0.876689	5380.352481	4.153926	2268.985653	1.671067	9768.701623	7.694604	10001
G126	5110.490194	1.575873	9834.729507	7.572283	4147.471793	3.045401	17856.179208	14.028169	10001
G127	3858.132162	0.978304	7424.666671	5.566220	3131.107528	2.232497	13480.409253	10.322947	10001
G128	3761.062881	1.075642	7237.864605	5.509981	3052.329937	2.213459	13141.246782	10.212237	10001
G129	3187.784655	0.815747	6134.636526	4.603944	2587.079994	1.846753	11138.198475	8.537966	10006
G130	4017.005860	1.175576	7730.406391	5.904461	3260.043140	2.372728	14035.517883	10.941911	10001
G131	5247.707557	1.179170	10098.793344	7.477425	4258.831981	2.995053	18335.620072	13.874667	10001
G132	4882.878084	1.449513	9396.708212	7.192415	3962.750804	2.890916	17060.896864	13.327565	10001
G133	3052.007300	0.995152	5873.343869	4.564840	2476.888461	1.837574	10663.789035	8.453572	10001
G134	2680.228444	0.999750	5157.885205	4.116231	2175.167440	1.661144	9364.784511	7.615179	10001
G135	3286.390359	1.037229	6324.395314	4.888041	2667.104485	1.966601	11482.729244	9.054074	10001
G136	4478.285638	1.250206	8618.102419	6.538853	3634.399571	2.625877	15647.240844	12.120793	10001
G137	3737.291922	1.127968	7192.119298	5.518910	3033.038367	2.218831	13058.190464	10.225525	10001
G138	5827.932287	1.604166	11215.389416	8.493443	4729.719432	3.410140	20362.939637	15.745144	10001
G139	3012.856600	1.096328	5798.001479	4.602580	2445.115301	1.856502	10526.995521	8.516616	10001
G140	3967.636435	1.021693	7635.398883	5.734442	3219.976866	2.300400	13863.019891	10.634139	10014
G141	4355.649996	1.446690	8382.099939	6.536209	3534.873332	2.631990	15218.748878	12.102782	10001
G142	5161.694687	1.665398	9933.268456	7.706079	4189.027335	3.101520	18035.088973	14.271815	10001
G143	4927.876196	1.429854	9483.303479	7.234291	3999.269493	2.906757	17218.121381	13.406971	10001
G144	3131.113450	0.968171	6025.577326	4.641466	2541.087885	1.866775	10940.187882	8.598481	10001
G145	4153.804966	1.407597	7993.665326	6.256412	3371.063886	2.520221	14513.497346	11.583052	10001
G146	6673.953734	2.278012	12843.490002	10.065948	5416.316989	4.055316	23318.959507	18.635012	10001
G147	3739.647929	1.420225	7196.653244	5.766181	3034.950409	2.327845	13066.422411	10.666087	10001
G148	3859.617006	1.409301	7427.524134	5.900416	3132.312568	2.380159	13485.597333	10.917837	10001
G149	5678.527479	1.684036	10927.871816	8.363150	4608.468396	3.361430	19840.915541	15.497033	10001
G150	4633.257854	1.340001	8916.334050	6.798589	3760.168894	2.731560	16188.717602	12.599741	10001
G151	5349.369881	1.705646	10294.434352	7.970095	4341.337103	3.207143	18690.830746	14.761944	10001
G152	2497.711604	0.884931	4806.646150	3.794719	2027.043989	1.529855	8727.066157	7.023193	10001
G153	2967.543825	1.178592	5710.800669	4.623558	2408.341244	1.868314	10368.671564	8.549277	10001
G154	5995.634776	1.630595	11538.119437	8.724117	4865.820141	3.502186	20948.896282	16.173805	10001
G155	4992.078682	1.571108	9606.856025	7.421511	4051.373692	2.985750	17442.446455	13.747052	10001
G156	2673.096118	0.894108	5144.159614	4.016471	2169.379126	1.617547	9339.863987	7.436738	10001
G157	5679.544178	1.677385	10929.828371	8.359472	4609.293509	3.359742	19844.467910	15.490600	10001
G158	5356.948572	1.517283	10309.018938	7.837329	4347.487669	3.147960	18717.310882	14.526555	10001
G159	3737.184694	1.105151	7191.912945	5.501652	3032.951345	2.211203	13057.815805	10.194812	10001
G160	3856.333659	1.201362	7421.205595	5.723442	3129.647934	2.302218	13474.125237	10.602375	10001
G161	4514.322516	1.401793	8687.452507	6.696473	3663.645676	2.693472	15773.154587	12.405122	10001
G162	2731.667131	1.099182	5256.874842	4.269591	2216.913044	1.725768	9544.512556	7.893872	10001
G163	3851.057457	1.134166	7411.051968	5.665830	3125.365977	2.277048	13455.690059	10.499296	10001
G164	3226.485395	1.016941	6209.113004	4.797856	2618.487985	1.930274	11273.419818	8.887104	10001
G165	3807.242843	1.337538	7326.734247	5.774487	3089.807768	2.327634	13302.600711	10.687992	10001
G166	4191.420855	1.259579	8066.054096	6.185409	3401.591454	2.486626	14644.928194	11.460729	10001
G167	4975.643345	1.475103	9575.227534	7.327604	4038.035422	2.945195	17385.020980	13.578178	10001
G168	4651.584542	1.318510	8951.602294	6.806092	3775.042109	2.733781	16252.751503	12.615095	10001
G169	4577.817476	1.296054	8809.643478	6.697048	3715.175675	2.689936	15995.007549	12.413065	10001
G170	2450.181297	0.912398	4715.177877	3.761544	1988.470271	1.517955	8560.994088	6.959088	10001
G171	4188.248075	1.160201	8059.948335	6.108986	3399.016552	2.452988	14633.842423	11.324447	10001
G172	4435.617621	1.260450	8535.991234	6.492361	3599.771895	2.607859	15498.157738	12.033425	10001
G173	3702.070775	1.240000	7124.339018	5.563976	3004.454276	2.240826	12935.126905	10.301937	10001
G174	3830.811331	1.305485	7372.089917	5.776054	3108.935021	2.326959	13384.949592	10.693287	10001
G175	4304.376291	1.276981	8283.427794	6.339692	3493.261620	2.548149	15039.597282	11.747511	10001
G176	3850.043752	1.230919	7409.101173	5.738874	3124.543294	2.309411	13452.148147	10.629160	10001
G177	2757.643528	1.489123	5306.864341	4.714874	2237.994462	1.919565	9635.274732	8.691588	10001
G178	5272.431058	1.512110	10146.371744	7.727204	4278.896597	3.104283	18422.004596	14.321425	10001
G179	3320.912477	1.335055	6390.830368	5.189408	2695.121271	2.097516	11603.350378	9.594561	10001
G180	3250.389210	1.088690	6255.113983	4.885111	2637.887376	1.967421	11356.940337	9.044991	10001
G181	3644.189186	1.189103	7012.950531	5.451253	2957.479867	2.194426	12732.887200	10.095059	10001
G182	3084.154913	0.849998	5935.209379	4.495498	2502.978193	1.804985	10776.113592	8.333697	10001
G183	2734.753857	1.020322	5262.815000	4.200180	2219.418109	1.695030	9555.297653	7.770473	10001
G184	4489.200568	1.256879	8639.107329	6.557361	3643.257696	2.633416	15685.377880	12.154907	10001
G185	3020.251028	1.108323	5812.231464	4.622111	2451.116326	1.864689	10552.831834	8.552190	10001
G186	2292.676716	0.899479	4412.072911	3.561673	1860.645779	1.438846	8010.669182	6.586471	10001
G205	5330.457029	1.471259	10258.038082	7.771257	4325.988180	3.120297	18624.748773	14.406143	10001
G206	4620.316380	1.250181	8891.429218	6.718517	3749.666105	2.696880	16143.499771	12.455919	10001
G207	5499.940450	1.805149	10584.195366	8.235738	4463.534224	3.315666	19216.928041	15.250977	10001
G208	3502.330223	1.222252	6739.954306	5.305037	2842.352741	2.138138	12237.228474	9.819575	10001
G209	3681.077843	1.333981	7083.939799	5.618540	2987.417242	2.266119	12861.777079	10.396883	10001
G210	3462.176871	1.355057	6662.682392	5.375456	2809.765868	2.171469	12096.931667	9.940835	10001
G211	1878.353155	0.563231	3614.740367	2.771010	1524.397158	1.113949	6563.012408	5.134377	10001
G212	4533.533183	1.529692	8724.421899	6.822879	3679.236294	2.748195	15840.277133	12.632190	10001
G213	4921.856224	1.333514	9471.718524	7.158194	3994.383922	2.873421	17197.087451	13.270976	10001
G214	3669.876552	1.166591	7062.383811	5.464987	2978.326718	2.198983	12822.639492	10.122270	10001
G215	4723.241499	1.514367	9089.500375	7.043860	3833.196063	2.834691	16503.122684	13.045923	10001
G216	2427.869665	0.952394	4672.240925	3.771578	1970.363032	1.523639	8483.036691	6.974648	10001
G235	4057.039004	1.451658	7807.446974	6.176138	3292.532457	2.490402	14175.394680	11.429818	10001
G236	2405.272648	0.989957	4628.754774	3.780699	1952.024186	1.528917	8404.082155	6.988584	10001
G237	1943.541119	0.964393	3740.189388	3.226031	1577.301133	1.310488	6790.780767	5.952424	10001
G238	4632.733407	1.531255	8915.324794	6.945900	3759.743274	2.796726	16186.885172	12.861824	10001
G239	3740.007933	1.248761	7197.346043	5.617741	3035.242574	2.262353	13067.680273	10.401716	10001
G240	4070.166751	1.683326	7832.710273	6.405547	3303.186417	2.590686	14221.263353	11.840072	10001
G241	3266.415048	0.980300	6285.954426	4.819368	2650.893312	1.937418	11412.935012	8.929712	10001
G242	3425.372402	1.111826	6591.855137	5.119192	2779.896817	2.060568	11968.335943	9.480464	10001
G243	4578.725846	1.394947	8811.391564	6.771362	3715.912872	2.722768	15998.181416	12.545361	10001
G244	2907.435975	0.936768	5595.127921	4.339573	2359.560089	1.746537	10158.653248	8.037052	10001
G245	3762.101687	1.054960	7239.863704	5.496464	3053.172991	2.207411	13144.876395	10.188310	10001
G246	4266.845091	1.608221	8211.202003	6.567956	3462.802782	2.651117	14908.462341	12.149935	10001
G265	3838.304176	1.165187	7386.509299	5.673184	3115.015919	2.281062	13411.129780	10.510991	10001
G266	903.861314	0.611224	1739.408785	1.699855	733.538108	0.696427	3158.113801	3.125429	10001
G267	3065.604985	1.204227	5899.511526	4.763827	2487.923805	1.924544	10711.299684	8.809476	10001
G268	1098.149713	0.738025	2113.301264	2.059152	891.214891	0.843481	3836.962274	3.786327	10001
G269	3961.997043	1.627420	7624.546325	6.224469	3215.400159	2.517067	13843.315717	11.506071	10001
G270	5570.300172	1.744899	10719.597022	8.274722	4520.635393	3.328751	19462.766651	15.327943	10001
G271	3665.168096	0.927846	7053.322764	5.286832	2974.505521	2.120398	12806.188031	9.804879	10001
G272	3227.604696	0.936141	6211.267008	4.737965	2619.396365	1.903715	11277.330681	8.780666	10001
G273	2883.500437	0.870111	5549.065893	4.257975	2340.134953	1.711878	10075.021886	7.889255	10001
G274	2724.183052	0.853179	5242.472331	4.046659	2210.839262	1.627883	9518.362999	7.495967	10001
G275	2643.012084	1.001957	5086.265298	4.073639	2144.964113	1.644495	9234.749628	7.535390	10001
G276	3686.868670	1.157203	7095.083782	5.478660	2992.116848	2.204024	12882.010371	10.148439	10001
G295	4880.075676	1.258728	9391.315201	7.054565	3960.476480	2.830033	17051.105180	13.082115	10001
G296	4785.260361	1.322584	9208.850714	6.977683	3883.528119	2.801715	16719.818124	12.934940	10001
G297	5959.775569	1.911532	11469.111264	8.888490	4836.718227	3.577056	20823.603327	16.462318	10001
G298	4113.429820	1.717913	7915.966589	6.489939	3338.297014	2.625393	14372.425588	11.995006	10001
G299	4119.163653	1.181319	7927.000891	6.036963	3342.950366	2.425254	14392.459741	11.188773	10001
G300	3587.874837	1.253738	6904.578071	5.436006	2911.777368	2.190977	12536.123470	10.061901	10001
G301	4386.090028	1.136799	8440.679344	6.344100	3559.577258	2.545173	15325.107101	11.764335	10001
G302	2486.913850	1.100667	4785.866735	3.985860	2018.280958	1.614574	8689.338536	7.362863	10001
G303	2918.448466	0.952676	5616.320579	4.365944	2368.497392	1.757542	10197.131165	8.085177	10001
G304	1681.167384	0.747202	3235.272126	2.697685	1364.368982	1.092875	5874.040442	4.983084	10001
G305	2804.235895	0.888911	5396.527624	4.173940	2275.806984	1.679418	9798.069615	7.731132	10001
G306	2353.921882	0.855741	4529.934334	3.595245	1910.349935	1.450155	8224.661310	6.652692	10001
G325	5199.101437	1.664004	10005.254754	7.751185	4219.385175	3.119251	18165.789083	14.356127	10001
G326	3709.021133	1.356173	7137.714425	5.671838	3010.094912	2.288015	12959.411627	10.494774	10001
G327	4026.774982	1.160304	7749.206285	5.905540	3267.971373	2.372620	14069.651439	10.944898	10001
G328	3974.254441	1.333206	7648.134705	5.974735	3225.347778	2.406320	13886.143367	11.062354	10001
G329	4772.229529	1.380203	9183.773920	7.002516	3872.952811	2.813495	16674.288074	12.977676	10001
G330	5960.337315	1.609477	11470.192299	8.664809	4837.174118	3.478047	20825.566082	16.064456	10001
G331	4449.412158	1.245527	8562.537718	6.499091	3610.966996	2.610009	15546.356192	12.046908	10001
G332	2516.157229	0.961862	4842.143279	3.885425	2042.013729	1.568783	8791.515627	7.186739	10001
G333	3147.182327	0.905492	6056.500595	4.614569	2554.128750	1.853916	10996.332936	8.552380	10001
G334	2400.623328	0.778542	4619.807530	3.587178	1948.250982	1.443883	8387.837316	6.643295	10001
G335	3130.501610	0.933919	6024.399888	4.614636	2540.591339	1.854944	10938.050096	8.550678	10001
G336	2142.007475	0.944529	4122.122011	3.429505	1738.368580	1.389087	7484.227126	6.335361	10001
G355	4591.240005	1.271307	8835.474061	6.696419	3726.068869	2.688849	16041.906198	12.413421	10001
G356	6947.069202	1.804789	13369.078871	10.051143	5637.966706	4.032510	24273.231714	18.638366	10001
G357	5064.444474	1.599837	9746.118203	7.533769	4110.102908	3.031099	17695.294324	13.954651	10001
G358	4110.340243	1.910153	7910.020945	6.682473	3335.789635	2.710097	14361.630529	12.338273	10001
G359	2789.260248	1.312537	5367.708189	4.552046	2263.653342	1.846666	9745.744334	8.403674	10001
G360	3960.510235	1.284960	7621.685081	5.918498	3214.193524	2.382285	13838.120772	10.960767	10001
G361	3399.231893	1.061489	6541.549818	5.046993	2758.682212	2.030199	11877.000355	9.349146	10001
G362	3051.990491	0.995220	5873.311521	4.564874	2476.874819	1.837590	10663.730303	8.453630	10001
G363	1559.647820	0.724673	3001.417449	2.535499	1265.748509	1.028275	5449.448082	4.681459	10001
G364	2541.915114	1.414206	4891.712269	4.395122	2062.917810	1.790833	8881.514315	8.099449	10001
G365	2765.632531	0.991286	5322.238539	4.211684	2244.478021	1.698332	9663.188507	7.794215	10001
G366	2935.978776	0.841610	5650.056257	4.302630	2382.724298	1.728502	10258.382500	7.974420	10001
G385	3672.191862	1.370756	7066.839439	5.640559	2980.205731	2.276334	12830.729241	10.435181	10001
G386	307.093508	0.377544	590.976887	0.837686	249.224950	0.348517	1072.992316	1.530120	10001
G387	3393.666315	1.201263	6530.839309	5.154973	2754.165410	2.078210	11857.554089	9.540791	10001
G388	4927.412254	1.264681	9482.410660	7.118869	3998.892976	2.855655	17216.500357	13.201678	10001
G389	4010.985317	1.478754	7718.820338	6.144414	3255.157105	2.479057	14014.481957	11.368453	10001
G390	2666.651333	1.087518	5131.757141	4.181864	2164.148793	1.690805	9317.345749	7.730764	10001
G391	2904.076211	1.017781	5588.662324	4.402535	2356.833438	1.774535	10146.914149	8.148794	10001
G392	3113.001463	1.086049	5990.722256	4.715029	2526.388912	1.900331	10876.904151	8.727497	10001
G393	3204.775957	1.425721	6167.334927	5.143923	2600.869463	2.083932	11197.566504	9.501617	10001
G394	3079.550884	0.964539	5926.349293	4.574593	2499.241745	1.840261	10760.026999	8.473899	10001
G395	2846.091537	0.786619	5477.075458	4.150059	2309.775369	1.666353	9944.314263	7.693208	10001
G396	3904.479044	1.008756	7513.857537	5.645358	3168.720825	2.264757	13642.346405	10.468771	10001
G415	6200.397833	1.907502	11932.169558	9.183783	5031.997743	3.693373	21664.343470	17.013835	10001
G416	4827.069659	1.392782	9289.309363	7.080592	3917.458893	2.844767	16865.900845	13.122553	10001
G417	3658.884543	1.442261	7041.230569	5.690431	2969.406038	2.299052	12784.233140	10.522680	10001
G418	3776.338166	1.225594	7267.260669	5.643588	3064.726754	2.271641	13194.619005	10.451624	10001
G419	4245.045886	1.419583	8169.251177	6.378148	3445.111409	2.568651	14832.295379	11.809544	10001
G420	5492.470154	1.427523	10569.819379	7.947020	4457.471627	3.188355	19190.826641	14.736548	10001
G421	6095.618043	1.540246	11730.529235	8.790774	4946.962608	3.525651	21298.240291	16.303383	10001
G422	4208.954031	1.109785	8099.795290	6.100523	3415.820687	2.447985	14706.189545	11.311686	10001
G423	3711.720062	1.084464	7142.908299	5.454427	3012.285256	2.191827	12968.841752	10.108024	10001
G424	3000.350466	0.929808	5773.934425	4.449227	2434.965816	1.789521	10483.298778	8.242236	10001
G425	3224.094393	0.936812	6204.511711	4.734049	2616.547542	1.902192	11265.065595	8.773317	10001
G426	2036.328302	0.605384	3918.750898	3.000147	1652.603542	1.205904	7114.981481	5.559232	10001
G445	5027.894571	1.271853	9675.780838	7.251870	4080.440451	2.908492	17567.588056	13.449258	10001
G446	4944.476807	1.681214	9515.250026	7.452055	4012.741892	3.002035	17276.124326	13.796314	10001
G447	4344.569273	1.297937	8360.775972	6.405648	3525.880655	2.574933	15180.032555	11.869229	10001
G448	3528.799088	1.317792	6790.891519	5.420811	2863.833826	2.187670	12329.711342	10.028606	10001
G449	4364.791688	1.284758	8399.692393	6.421132	3542.292368	2.580576	15250.690175	11.898978	10001
G450	4429.798778	1.691455	8524.793337	6.838672	3595.049552	2.761124	15477.826557	12.649380	10001
G451	2789.746676	0.866300	5368.644281	4.138284	2264.048107	1.664512	9747.443924	7.666111	10001
G452	4340.087538	1.255350	8352.151232	6.368507	3522.243456	2.558764	15164.373262	11.802669	10001
G453	3258.060193	0.994695	6269.876177	4.819866	2644.112843	1.938135	11383.742944	8.929691	10001
G454	4068.201478	1.112506	7828.928262	5.923786	3301.591479	2.378205	14214.396640	10.981898	10001
G455	5055.702809	1.144118	9729.295568	7.208579	4103.008518	2.887574	17664.750729	13.375439	10001
G456	3587.105655	1.022189	6903.097841	5.252461	2911.153130	2.109899	12533.435929	9.735147	10001
G475	5958.710936	1.771910	11467.062463	8.779365	4835.854213	3.528866	20819.883473	16.268021	10001
G476	5445.909237	2.100909	10480.216619	8.427073	4419.684628	3.403168	19028.141645	15.586089	10001
G477	3851.677503	1.477244	7412.245195	5.952172	3125.869181	2.403419	13457.856513	11.009232	10001
G478	3565.756218	1.552238	6862.012558	5.688620	2893.826771	2.303423	12458.840467	10.509932	10001
G479	1905.867398	1.025265	3667.689325	3.253996	1546.726630	1.324663	6659.147852	5.998797	10001
G480	4030.818253	1.414346	7756.987236	6.112097	3271.252732	2.463665	14083.778726	11.312978	10001
G481	3197.936237	1.104709	6154.172433	4.834351	2595.318616	1.948065	11173.668351	8.949015	10001
G482	3851.856471	1.032761	7412.589606	5.594568	3126.014425	2.245444	13458.481833	10.372648	10001
G483	1814.547197	0.681927	3491.950905	2.791325	1472.614765	1.126635	6340.072811	5.163740	10001
G484	3284.214092	0.989573	6320.207263	4.848596	2665.338313	1.949287	11475.125313	8.983649	10001
G485	2702.382800	0.824571	5200.519492	3.997453	2193.147040	1.607417	9442.192381	7.406045	10001
G486	1730.624711	0.596483	3330.448795	2.615060	1404.506593	1.053729	6046.845567	4.840897	10001
G505	5650.330136	1.572509	10873.608284	8.246720	4585.584547	3.311581	19742.393324	15.286855	10001
G506	6590.664265	1.625030	12683.206083	9.478832	5348.722549	3.800507	23027.944042	17.581455	10001
G507	1191.700876	0.709732	2293.332991	2.117377	967.137316	0.864371	4163.832351	3.898928	10001
G508	3505.181586	1.192284	6745.441526	5.283207	2844.666795	2.128337	12247.191206	9.781005	10001
G509	4258.097709	1.363446	8194.368367	6.348761	3455.703753	2.554903	14877.898773	11.758632	10001
G510	4419.133053	1.414514	8504.268001	6.588468	3586.393671	2.651352	15440.560247	12.202627	10001
G511	3057.551424	1.045860	5884.013093	4.613403	2481.387853	1.858695	10683.160343	8.540625	10001
G512	3304.136368	0.939151	6358.546088	4.836390	2681.506444	1.942693	11544.734237	8.964112	10001
G513	2382.057531	0.781976	4584.079138	3.567074	1933.183715	1.436091	8322.967961	6.605515	10001
G514	2993.464500	1.052643	5760.682934	4.541076	2429.377439	1.830492	10459.239043	8.405013	10001
G515	3595.992266	1.174179	6920.199414	5.379805	2918.365152	2.165690	12564.485969	9.962699	10001
G516	2209.457949	0.683217	4251.925051	3.275256	1793.108718	1.317293	7719.900750	6.067527	10001
G535	4228.972876	1.474404	8138.319955	6.404472	3432.067190	2.581206	14776.135884	11.854706	10001
G536	4543.994866	1.373985	8744.554571	6.712104	3687.726582	2.698623	15876.830512	12.436154	10001
G537	5572.488924	1.490883	10723.809101	8.091478	4522.411698	3.247517	19470.414206	15.002229	10001
G538	4535.532124	1.795792	8728.268701	7.061322	3680.858555	2.853192	15847.261482	13.057219	10001
G539	4661.689802	1.250587	8971.049060	6.771272	3783.243139	2.717748	16288.059533	12.554288	10001
G540	2819.793273	1.115068	5426.466553	4.388791	2288.432737	1.773284	9852.427478	8.115481	10001
G541	3712.776606	1.205993	7144.941532	5.549424	3013.142705	2.233772	12972.533342	10.277179	10001
G542	3196.929782	1.060586	6152.235590	4.796381	2594.501817	1.931360	11170.151772	8.881300	10001
G543	3632.479838	1.103473	6990.416828	5.369550	2947.977023	2.159001	12691.974450	9.948390	10001
G544	3297.445362	0.880947	6345.669783	4.787162	2676.076288	1.921293	11521.355698	8.875836	10001
G545	3995.926521	1.165274	7689.840891	5.870434	3242.935982	2.358930	13961.866154	10.879080	10001
G546	3568.954316	1.363093	6868.167043	5.510021	2896.422221	2.224691	12470.014703	10.191775	10001
G565	3580.794139	1.509676	6890.951835	5.663556	2906.030953	2.291584	12511.383338	10.466743	10001
G566	6103.152425	2.113426	11745.028552	9.230538	4953.077215	3.719732	21324.565611	17.086625	10001
G567	4126.668287	1.254119	7941.442958	6.100459	3349.040830	2.452903	14418.681117	11.302548	10001
G568	3525.599550	1.490591	6784.734264	5.580393	2861.237207	2.258079	12318.532077	10.312786	10001
G569	3700.191408	1.504895	7120.722326	5.798703	3002.929056	2.344383	12928.560349	10.719979	10001
G570	4445.038611	1.498839	8554.121175	6.688872	3607.417598	2.694186	15531.074908	12.384142	10001
G571	3586.517306	1.244727	6901.965611	5.426678	2910.675649	2.186939	12531.380223	10.045145	10001
G572	3520.619417	1.105427	6775.150397	5.231932	2857.195528	2.104780	12301.131370	9.691387	10001
G573	2251.258628	0.857008	4332.367115	3.473085	1827.032497	1.402176	7865.953360	6.424270	10001
G574	5257.934545	1.764940	10118.474364	7.905485	4267.131800	3.183964	18371.353420	14.637116	10001
G575	3289.514523	1.023540	6330.407517	4.881223	2669.639933	1.963402	11493.645148	9.042279	10001
G576	2545.051686	0.854043	4897.748349	3.826358	2065.463327	1.541072	8892.473573	7.084571	10001
G595	3812.816793	1.600662	7337.460869	6.023797	3094.331366	2.437109	13322.076231	11.132933	10001
G596	5032.507372	1.512534	9684.657804	7.426775	4084.184018	2.985679	17583.705297	13.760802	10001
G597	6771.544374	2.703164	13031.295382	10.563377	5495.517695	4.268980	23659.943620	19.531550	10001
G598	5792.069420	2.270965	11146.374197	8.996651	4700.614546	3.634422	20237.633891	16.637264	10001
G599	5985.293652	2.165500	11518.218772	9.132456	4857.427694	3.683267	20912.764139	16.899457	10001
G600	2484.728259	1.246511	4781.660741	4.139420	2016.507219	1.682003	8681.702028	7.636859	10001
G601	3613.761543	1.073358	6954.394966	5.323464	2932.785995	2.139728	12626.572263	9.864361	10001
G602	3703.333955	1.161512	7126.769907	5.502456	3005.479423	2.213570	12939.540487	10.192567	10001
G603	2815.434360	0.861416	5418.078172	4.166480	2284.895215	1.675456	9837.197326	7.719067	10001
G604	3123.687432	0.815535	6011.286548	4.522091	2535.061222	1.814372	10914.241190	8.385346	10001
G605	4775.154097	1.206846	9189.402017	6.886638	3875.326275	2.761980	16684.506586	12.771956	10001
G606	6629.230175	1.798106	12757.423091	9.642727	5380.021117	3.870812	23162.694285	17.877085	10001
G625	6134.509778	2.141505	11805.373269	9.292613	4978.525603	3.745309	21434.128977	17.200503	10001
G626	6786.734067	2.660407	13060.526730	10.541122	5507.845049	4.258331	23713.016782	19.493446	10001
G627	5159.518371	1.527475	9929.080311	7.596801	4187.261123	3.053329	18027.484871	14.077122	10001
G628	4123.061164	1.554246	7934.501340	6.346827	3346.113432	2.561867	14406.077743	11.740859	10001
G629	5708.355674	1.878811	10985.273790	8.552097	4632.675780	3.443198	19945.135991	15.836505	10001
G630	5189.939948	1.641822	9987.624202	7.722296	4211.950073	3.107023	18133.778614	14.303722	10001
G631	3634.938600	1.262893	6995.148518	5.501099	2949.972457	2.216975	12700.565424	10.182822	10001
G632	5560.126097	1.595763	10700.017828	8.149675	4512.378515	3.274038	19427.218179	15.104361	10001
G633	2906.053416	0.950525	5592.467296	4.348935	2358.438059	1.750755	10153.822551	8.053567	10001
G634	3886.542766	1.429559	7479.340605	5.950828	3154.164451	2.400841	13579.676606	11.010481	10001
G635	3536.943955	1.128710	6806.565663	5.270496	2870.443877	2.120862	12358.169707	9.761782	10001
G636	3269.064876	1.019298	6291.053808	4.852527	2653.043808	1.951925	11422.193577	8.989001	10001
G655	6137.475971	1.673344	11811.081469	8.933399	4980.932847	3.586320	21444.492928	16.561579	10001
G656	3573.557776	1.387564	6877.026034	5.538070	2900.158207	2.236783	12486.099306	10.242246	10001
G657	3938.238102	1.315476	7578.824144	5.915930	3196.118342	2.382455	13760.301389	10.953807	10001
G658	5561.890977	1.869990	10703.414198	8.364993	4513.810822	3.369129	19433.384714	15.487723	10001
G659	3634.291711	1.352987	6993.903631	5.579089	2949.447467	2.251405	12698.305176	10.321681	10001
G660	3864.140362	1.440685	7436.228971	5.933848	3135.983546	2.394637	13501.402052	10.977877	10001
G661	3166.801704	0.879324	6094.256516	4.620565	2570.051061	1.855391	11064.883524	8.565198	10001
G662	3137.753780	0.942805	6038.356109	4.630379	2546.476914	1.861477	10963.389358	8.579477	10001
G663	3926.249379	1.105265	7555.752804	5.739329	3186.388768	2.305073	13718.412493	10.638259	10001
G664	2624.445202	0.812329	5050.534820	3.891033	2129.895966	1.564980	9169.876485	7.208232	10001
G665	3266.858135	1.042788	6286.807112	4.868246	2651.252904	1.959004	11414.483170	9.016737	10001
G666	2982.040170	0.903491	5738.697725	4.406249	2420.105904	1.771601	10419.322150	8.163775	10001
G685	4641.231678	1.694094	8931.679037	7.094779	3766.640135	2.861931	16216.578342	13.127864	10001
G686	3854.883717	1.481900	7418.415299	5.960279	3128.471219	2.406808	13469.059106	11.024014	10001
G687	3755.146858	1.754694	7226.479693	6.115198	3047.528727	2.480373	13120.576051	11.290257	10001
G688	5106.402582	1.624011	9826.863226	7.604797	4144.154450	3.060017	17841.896993	14.085590	10001
G689	5927.531259	1.679447	11407.059669	8.672500	4810.550020	3.483434	20710.940910	16.074523	10001
G690	5981.822775	2.031497	11511.539347	9.013455	4854.610867	3.630962	20900.636810	16.687147	10001
G691	2209.586843	0.939312	4252.173099	3.502455	1793.213324	1.417428	7720.351111	6.472348	10001
G692	2056.232463	0.871182	3957.054864	3.256455	1668.756972	1.317772	7184.527113	6.017941	10001
G693	3687.271045	0.976676	7095.858121	5.347388	2992.443400	2.145896	12883.416280	9.914981	10001
G694	3353.245425	1.061999	6453.052540	4.990366	2721.361413	2.007884	11716.322499	9.243400	10001
G695	4418.691112	1.300362	8503.417523	6.500231	3586.035010	2.612357	15439.016097	12.045571	10001
G696	5101.973982	1.429552	9818.340738	7.453225	4140.560372	2.993225	17826.423353	13.815446	10001
G715	6411.730291	1.724729	12338.861966	9.316460	5203.506811	3.739429	22402.744310	17.272956	10001
G716	6668.122685	1.822951	12832.268615	9.709205	5411.584741	3.897910	23298.585679	17.999582	10001
G717	5699.353153	1.914539	10967.949159	8.570353	4625.369690	3.451788	19913.680960	15.868044	10001
G718	4772.684728	1.691669	9184.649914	7.251660	3873.322233	2.923557	16675.878551	13.421191	10001
G719	4353.679468	1.527414	8378.307815	6.601477	3533.274130	2.660917	15211.863804	12.218793	10001
G720	4579.350430	1.620727	8812.593526	6.955821	3716.419760	2.804209	16000.363729	12.873804	10001
G721	2769.923164	0.920239	5330.495517	4.156815	2247.960128	1.673868	9678.180082	7.696961	10001
G722	3445.668679	1.217908	6630.913697	5.232444	2796.368472	2.109385	12039.251635	9.684281	10001
G723	3539.853804	0.981057	6812.165435	5.163567	2872.805396	2.073380	12368.336793	9.571866	10001
G724	6987.372368	2.499640	13446.639089	10.636603	5670.675162	4.288977	24414.051974	19.684572	10001
G725	3872.765499	1.282897	7452.827356	5.808790	3142.983365	2.338966	13531.538492	10.756054	10001
G726	4244.224083	1.320143	8167.669684	6.297537	3444.444467	2.533080	14829.423980	11.665971	10001
G727	2635.711100	0.964371	5072.215139	4.031102	2139.038924	1.626165	9209.239810	7.458832	10001
G728	1904.394982	0.926454	3664.855780	3.140691	1545.531676	1.275175	6654.003197	5.796157	10001
G729	2697.749224	0.917387	5191.602544	4.065991	2189.386612	1.637974	9426.002550	7.527540	10001
G730	1916.584041	0.743892	3688.312649	2.969929	1555.423834	1.199521	6696.592071	5.492679	10001
G731	2425.762958	0.787155	4668.186737	3.625113	1968.653312	1.459167	8475.675808	6.713523	10001
G732	1400.610868	0.476402	2695.363559	2.111068	1136.680406	0.850442	4893.769036	3.908302	10001
G733	2488.625075	0.778893	4789.159851	3.696348	2019.669721	1.486944	8695.317599	6.847085	10001
G734	3178.914757	0.969889	6117.567117	4.702290	2579.881535	1.890836	11107.206830	8.711895	10001
G735	2781.673664	0.840248	5353.108416	4.108264	2257.496370	1.651715	9719.236622	7.611820	10001
G736	2661.104086	0.841430	5121.081908	3.959235	2159.646867	1.592964	9297.963531	7.333567	10001
G737	3309.674663	1.025261	6369.204095	4.907610	2686.001106	1.973875	11564.085179	9.091418	10001
G738	2807.779380	0.840249	5403.346777	4.140871	2278.682737	1.664584	9810.450638	7.672672	10001
G739	2615.093580	0.881306	5032.538370	3.934776	2122.306559	1.584858	9137.201684	7.285087	10001
G740	2648.700830	0.728280	5097.212834	3.859582	2149.580874	1.549609	9254.626246	7.154934	10001
G741	3723.908313	0.878443	7166.363612	5.331059	3022.176759	2.136414	13011.427803	9.890037	10001
G742	2508.947444	0.890166	4828.268624	3.812873	2036.162552	1.537215	8766.324457	7.056718	10001
G743	2785.179800	0.741250	5359.855694	4.041534	2260.341811	1.621959	9731.487148	7.493520	10001
G744	7425.687837	1.982073	14290.142140	10.779248	6026.394667	4.326122	25945.537066	19.985802	10001
G745	912.566841	0.490860	1756.161874	1.558011	740.603169	0.634245	3188.531126	2.872223	10001
G746	2997.411833	1.000356	5768.279260	4.501935	2432.580938	1.812986	10473.031121	8.335735	10001
G747	4154.246444	1.313349	7994.514916	6.180595	3371.422172	2.486702	14515.039883	11.448134	10001
G748	2800.373382	0.893419	5389.094526	4.172725	2272.672321	1.679108	9784.573898	7.728552	10001
G749	2467.067145	0.966138	4747.673340	3.830945	2002.174157	1.547567	8619.993659	7.084534	10001
G750	3443.801414	1.414642	6627.320295	5.410433	2794.853073	2.187888	12032.727364	10.001303	10001
G751	2909.406883	0.859911	5598.920775	4.282713	2361.159600	1.721278	10165.539649	7.936087	10001
G752	2926.925545	0.911677	5632.634040	4.343931	2375.377054	1.747314	10226.750289	8.046912	10001
G753	2306.109671	0.926036	4437.923559	3.602628	1871.547435	1.456117	8057.604261	6.660871	10001
G754	4177.413445	1.435045	8039.097956	6.308266	3390.223594	2.541738	14595.985958	11.677900	10001
G755	3496.721335	1.165525	6729.160449	5.250659	2837.800789	2.114459	12217.630877	9.722150	10001
G756	3642.091255	1.065644	7008.913230	5.353230	2955.777269	2.151207	12725.556978	9.920403	10001
G757	3827.183266	1.250079	7365.107997	5.726011	3105.990628	2.305071	13372.273045	10.603806	10001
G758	3993.821172	1.190118	7685.789314	5.886230	3241.227364	2.366046	13954.510010	10.906950	10001
G759	1678.706977	0.739141	3230.537269	2.686613	1362.372213	1.088148	5865.443720	4.963079	10001
G760	1396.958183	0.640061	2688.334257	2.261515	1133.716031	0.916846	4881.006462	4.176165	10001
G761	3618.440519	1.100958	6963.399281	5.350130	2936.583267	2.151246	12642.920719	9.912312	10001
G762	3312.739946	1.330976	6375.102985	5.175882	2688.488768	2.092022	11574.795351	9.569603	10001
G763	3488.826518	1.227243	6713.967505	5.292889	2831.393668	2.133559	12190.046191	9.796508	10001
G764	1549.665165	0.636806	2982.206628	2.434852	1257.646981	0.984621	5414.568438	4.500862	10001
G765	3156.302693	1.101201	6074.052008	4.780653	2561.530478	1.926781	11028.199718	8.848963	10001
G766	4383.664119	1.037375	8436.010877	6.277566	3557.608487	2.515812	15316.630917	11.645814	10001
G767	3880.791832	1.138145	7468.273393	5.706040	3149.497220	2.293064	13559.582701	10.574071	10001
G768	2058.316990	0.749482	3961.066369	3.144818	1670.448692	1.268514	7191.810500	5.819142	10001
G769	3024.432360	0.836231	5820.278103	4.410334	2454.509730	1.770869	10567.441512	8.175679	10001
G770	2406.241399	0.779214	4630.619058	3.594649	1952.810386	1.446854	8407.466996	6.657199	10001
G771	3129.993565	0.838630	6023.422196	4.545710	2540.179030	1.824456	10936.274975	8.428035	10001
G772	2497.362509	0.937606	4805.974345	3.840861	2026.760677	1.550218	8725.846411	7.105361	10001
G773	3280.243216	0.957051	6312.565629	4.819375	2662.115707	1.936595	11461.250974	8.931232	10001
G774	3417.416244	1.114645	6576.544147	5.111656	2773.439913	2.057705	11940.536928	9.466193	10001
G775	75.379990	0.033191	145.062759	0.120640	61.175419	0.048862	263.379549	0.222862	10001
G776	3252.600344	0.883647	6259.369134	4.732136	2639.681845	1.899629	11364.666096	8.773045	10001
G777	1749.711547	0.803914	3367.179884	2.834920	1419.996715	1.149389	6113.535446	5.234884	10001
G778	2353.895293	0.719399	4529.883164	3.482846	1910.328356	1.400524	8224.568405	6.452573	10001
G779	2238.079451	0.916554	4307.004843	3.513456	1816.336798	1.420686	7819.904989	6.494877	10001
G780	1998.967897	0.732944	3846.853788	3.058629	1622.283314	1.233917	6984.443301	5.659351	10001
G781	4187.097676	1.191669	8057.734484	6.129929	3398.082933	2.462331	14629.822900	11.361566	10001
G782	2801.472579	0.972681	5391.209844	4.239193	2273.564387	1.708398	9788.414521	7.847005	10001
G783	3782.822733	1.305818	7279.739700	5.717737	3069.989373	2.304006	13217.276244	10.584333	10001
G784	2506.450205	0.793071	4823.462888	3.729565	2034.135892	1.500575	8757.599044	6.908126	10001
G785	3700.143855	1.021398	7120.630815	5.394514	3002.890464	2.165996	12928.394199	10.000195	10001
G786	3370.026949	0.963886	6485.347240	4.937168	2734.980635	1.983352	11774.957559	9.150577	10001
G787	4172.650134	1.111000	8029.931345	6.055202	3386.357879	2.430104	14579.342831	11.227093	10001
G788	2361.554070	0.736629	4544.621869	3.505667	1916.543917	1.410161	8251.328364	6.494010	10001
G789	3612.955934	1.112558	6952.844636	5.352184	2932.132195	2.152480	12623.757445	9.915372	10001
G790	1949.054586	0.874588	3750.799613	3.136115	1581.775644	1.270780	6810.044956	5.792406	10001
G791	2304.890713	0.757966	4435.577772	3.452592	1870.558177	1.390043	8053.345192	6.393441	10001
G792	2294.892080	0.721678	4416.336203	3.411271	1862.443682	1.372372	8018.409721	6.318816	10001
G793	3364.411236	1.066942	6474.540250	5.008093	2730.423144	2.015060	11755.336120	9.276155	10001
G794	2454.571339	0.915310	4723.626160	3.769432	1992.033055	1.521180	8576.333001	6.973603	10001
G795	3888.500978	1.047078	7483.109027	5.650869	3155.753658	2.268170	13586.518646	10.476798	10001
G796	3682.892159	1.064994	7087.431305	5.403966	2988.889669	2.171219	12868.116344	10.015113	10001
G797	2592.163308	0.833668	4988.410897	3.867790	2103.697257	1.556612	9057.082747	7.163380	10001
G798	2911.488949	0.963238	5602.927545	4.365962	2362.849323	1.757958	10172.814439	8.084462	10001
G799	3143.431572	0.908986	6049.282565	4.612399	2551.084785	1.853181	10983.227702	8.548111	10001
G800	2486.859157	0.808123	4785.761483	3.717336	2018.236572	1.496324	8689.147438	6.884250	10001
G801	3900.729166	1.274730	7506.641198	5.836555	3165.677573	2.349592	13629.244240	10.808481	10001
G802	2922.574493	1.119182	5624.260787	4.514807	2371.845912	1.822969	10211.547604	8.350764	10001
G803	3736.312719	1.171568	7190.234899	5.551231	3032.243684	2.233183	13054.769104	10.282932	10001
G804	3924.794282	1.220083	7552.952588	5.823024	3185.207869	2.342193	13713.328350	10.786993	10001
G805	4486.084940	1.451958	8633.111552	6.701078	3640.729176	2.697174	15674.491798	12.410269	10001
G806	2148.888521	0.816226	4135.364035	3.313502	1743.952966	1.337687	7508.269673	6.129195	10001
G807	3126.718654	1.038057	6017.119893	4.691668	2537.521242	1.889219	10924.832355	8.687362	10001
G808	2997.287931	0.965393	5768.040821	4.473424	2432.480384	1.800398	10472.598206	8.284968	10001
G809	1572.882032	1.019897	3026.885631	2.900441	1276.488872	1.186884	5495.688746	5.335541	10001
G810	2543.279976	1.048265	4894.338836	3.999087	2064.025478	1.617285	8886.283176	7.392176	10001
G811	2365.402969	0.937512	4552.028766	3.683574	1919.667531	1.488414	8264.776509	6.811303	10001
G812	4690.017245	1.186164	9025.562957	6.764397	3806.232572	2.712977	16387.036319	12.545207	10001
G813	2392.604636	0.912112	4604.376199	3.692330	1941.743329	1.490735	8359.819809	6.829734	10001
G814	1782.265040	0.647046	3429.826477	2.721358	1446.415843	1.097641	6227.278157	5.035692	10001
G815	3178.387699	0.866525	6116.552836	4.626271	2579.453796	1.857219	11105.365278	8.576620	10001
G816	1378.625235	0.642066	2653.053967	2.242804	1118.837736	0.909625	4816.950689	4.140942	10001
G817	4589.271932	1.314578	8831.686662	6.724813	3724.471659	2.701541	16035.029701	12.463703	10001
G818	2559.603265	1.001806	4925.751699	3.974105	2077.272813	1.605379	8943.317151	7.349315	10001
G819	2401.048121	0.805566	4620.625009	3.609729	1948.595727	1.453819	8389.321553	6.683487	10001
G820	3462.773180	1.196841	6663.829941	5.235254	2810.249809	2.109635	12099.015185	9.691100	10001
G821	2082.051671	0.954117	4006.741863	3.370769	1689.710820	1.366557	7274.740063	6.224530	10001
G822	2785.789913	1.206201	5361.029806	4.437744	2260.836954	1.796696	9733.618896	8.199309	10001
G823	2433.288888	0.934164	4682.669787	3.761117	1974.761059	1.518727	8501.971592	6.956564	10001
G824	1944.116485	1.058860	3741.296634	3.334550	1577.768077	1.357909	6792.791110	6.146459	10001
G825	921.302052	0.528544	1772.972088	1.612201	747.692320	0.657460	3219.052168	2.969975	10001
G826	2826.474081	1.118641	5439.323233	4.400066	2293.854617	1.777871	9875.770386	8.136271	10001
G827	3326.102764	0.927210	6400.818659	4.855574	2699.333502	1.949866	11621.485368	9.000643	10001
G828	1854.104514	0.795987	3568.075797	2.946742	1504.717920	1.192803	6478.287056	5.444924	10001
G829	4327.378585	1.438136	8327.693869	6.494469	3511.929373	2.615210	15119.967867	12.025447	10001
G830	4529.976499	1.252101	8717.577345	6.605490	3676.349830	2.652273	15827.849991	12.244981	10001
G831	2211.549352	0.917510	4255.949790	3.483283	1794.806018	1.408892	7727.208166	6.438352	10001
G832	1886.757772	0.724145	3630.914380	2.916163	1531.218013	1.177530	6592.378348	5.393749	10001
G833	2503.139901	1.054551	4817.092472	3.958315	2031.449379	1.601584	8746.032758	7.315359	10001
G834	3775.045946	1.173197	7264.773896	5.600591	3063.678040	2.252713	13190.103958	10.374960	10001
G835	2080.357927	0.714242	4003.482388	3.141178	1688.336245	1.265636	7268.822079	5.814992	10001
G836	2822.162592	0.951078	5431.026118	4.246330	2290.355583	1.710346	9860.705938	7.861919	10001
G837	4135.828286	1.093530	7959.070644	5.996575	3356.474723	2.406358	14450.686382	11.118786	10001
G838	2205.509832	0.936877	4244.327217	3.495295	1789.904583	1.414506	7706.105933	6.459162	10001
G839	1600.599094	0.814811	3080.224899	2.679779	1298.982944	1.089310	5592.532846	4.943182	10001
G840	2254.564527	0.842703	4338.729052	3.464064	1829.715434	1.398013	7877.504251	6.408538	10001
G841	2408.267199	0.808897	4634.517547	3.621334	1954.454445	1.458522	8414.545190	6.704920	10001
G842	3539.552634	1.180691	6811.585858	5.315706	2872.560978	2.140682	12367.284498	9.842540	10001
G843	2621.355305	0.828835	5044.588560	3.900075	2127.388328	1.569160	9159.080308	7.223989	10001
G844	2588.469756	0.887115	4981.302951	3.907062	2100.699716	1.574173	9044.177383	7.232900	10001
G845	2388.860475	0.799814	4597.170861	3.590033	1938.704716	1.445833	8346.737619	6.647117	10001
G846	3149.923623	0.870121	6061.775998	4.592763	2556.353477	1.844096	11005.911089	8.513900	10001
G847	1179.481920	0.636747	2269.818589	2.016415	957.220894	0.820936	4121.139018	3.717152	10001
G848	1307.354633	0.500630	2515.899395	2.019595	1060.997333	0.815463	4567.929442	3.735524	10001
G849	4439.251008	1.732460	8542.983398	6.887809	3602.720609	2.782229	15510.852883	12.737942	10001
G850	2991.189229	1.161821	5756.304357	4.635908	2427.530919	1.872420	10451.289189	8.573742	10001
G851	2726.067600	1.079867	5246.098994	4.244668	2212.368687	1.715115	9524.947657	7.848861	10001
G852	2616.434165	1.096658	5035.118220	4.131934	2123.394525	1.671638	9141.885723	7.636581	10001
G853	2850.576371	1.083108	5485.706162	4.395801	2313.415083	1.774632	9959.984384	8.131172	10001
G854	3636.916436	1.100251	6998.954705	5.372637	2951.577591	2.160102	12707.476031	9.954365	10001
G855	3284.439739	0.951376	6320.641502	4.820482	2665.521439	1.936833	11475.913730	8.933661	10001
G856	3142.688354	0.982754	6047.852302	4.667165	2550.481619	1.877452	10980.630882	8.645466	10001
G857	3905.590564	1.071130	7515.996568	5.689158	3169.622891	2.284099	13646.230083	10.546767	10001
G858	4926.856997	1.350800	9481.342112	7.176515	3998.442351	2.881235	17214.560275	13.304105	10001
G859	3901.582101	1.352376	7508.282602	5.901955	3166.369781	2.378419	13632.224415	10.925015	10001
G860	3211.359909	1.122173	6180.005216	4.865550	2606.212738	1.961055	11220.570995	9.006001	10001
G861	3607.198149	1.270141	6941.764240	5.473551	2927.459404	2.206425	12603.639602	10.130817	10001
G862	3893.949726	1.039779	7493.594708	5.652793	3160.175647	2.268692	13605.556709	10.480822	10001
G863	3992.143775	1.252044	7682.561297	5.931534	3239.866054	2.386181	13948.649143	10.987379	10001
G864	5138.428663	1.496036	9888.494855	7.547120	4170.145550	3.032604	17953.796910	13.986443	10001
G865	1609.536358	0.897508	3097.423948	2.785411	1306.236074	1.135012	5623.759867	5.132899	10001
G866	2402.493753	1.110072	4623.407013	3.899131	1949.768945	1.581081	8394.372628	7.199626	10001
G867	3186.188790	1.143189	6131.565412	4.853149	2585.784853	1.957037	11132.622483	8.981250	10001
G868	2225.371036	0.962594	4282.548515	3.544039	1806.023151	1.434831	7775.501472	6.548134	10001
G869	3765.011368	1.276927	7245.463153	5.671717	3055.534373	2.284728	13155.042893	10.500489	10001
G870	1517.748583	1.066681	2920.785719	2.908605	1231.744744	1.192959	5303.051109	5.345431	10001
G871	4761.259283	1.303679	9162.662559	6.934106	3864.049793	2.783863	16635.957762	12.854808	10001
G872	3921.833923	1.468376	7547.255613	6.028010	3182.805359	2.432843	13702.984781	11.151702	10001
G873	3049.789131	1.076035	5869.075180	4.629602	2475.088282	1.866294	10656.038697	8.568650	10001
G874	3621.213232	1.163981	6968.735145	5.402733	2938.833491	2.174338	12652.608647	10.006224	10001
G875	3320.185183	0.988675	6389.430750	4.892874	2694.531028	1.966732	11600.809196	9.066340	10001
G876	1534.150500	0.743733	2952.349895	2.527251	1245.055891	1.026017	5360.359812	4.664219	10001
G877	2340.178016	0.855597	4503.485363	3.578540	1899.195957	1.443578	8176.639901	6.621486	10001
G878	2710.024222	0.935711	5215.224796	4.096388	2199.348515	1.650678	9468.891697	7.582975	10001
G879	3572.917369	1.073565	6875.793621	5.272554	2899.638478	2.119640	12483.861707	9.769341	10001
G880	2868.836421	0.944894	5520.846168	4.298550	2328.234217	1.730680	10023.785452	7.959882	10001
G881	3258.027077	0.964178	6269.812448	4.796804	2644.085967	1.927935	11383.627235	8.888655	10001
G882	3248.165102	0.920924	6250.833866	4.752798	2636.082378	1.909047	11349.169251	8.809301	10001
G883	2074.489824	0.805749	3992.189694	3.215146	1683.573924	1.298581	7248.318783	5.946156	10001
G884	3528.888509	1.155255	6791.063602	5.281831	2863.906396	2.126344	12330.023780	9.781091	10001
G885	4302.958422	1.157297	8280.699220	6.252219	3492.110934	2.509503	15034.643215	11.591784	10001
G886	2196.032005	0.976901	4226.087897	3.524750	1782.212753	1.427962	7672.990172	6.510759	10001
G887	3561.385345	1.096708	6853.601163	5.275811	2890.279543	2.121767	12443.568529	9.773883	10001
G888	4044.089701	1.162790	7782.527078	5.929113	3282.023315	2.382016	14130.149497	10.988724	10001
G889	3753.354096	1.121675	7223.029665	5.534231	3046.073792	2.224652	13114.312095	10.254531	10001
G890	3224.816598	1.128063	6205.901537	4.886953	2617.133655	1.969720	11267.588999	9.045547	10001
G891	3036.993223	1.002218	5844.450478	4.552088	2464.703629	1.832821	10611.329477	8.429261	10001
G892	4892.193322	1.503749	9414.634641	7.245128	3970.310682	2.913679	17093.444534	13.422363	10001
G893	4091.410114	1.108648	7873.591425	5.950511	3320.426691	2.388640	14295.488189	11.031978	10001
G894	3338.426870	1.162572	6424.535417	5.054655	2709.335260	2.037143	11664.546102	9.356269	10001
G895	3650.250873	1.100627	7024.615762	5.389564	2962.399293	2.166797	12754.066884	9.985931	10001
G896	933.542750	0.630827	1796.528333	1.755052	757.626387	0.719025	3261.821471	3.226944	10001
G897	2965.093210	1.045779	5706.084656	4.500712	2406.352421	1.814323	10360.109053	8.330117	10001
G898	2333.816852	1.164602	4491.243811	3.881107	1894.033487	1.576824	8154.413835	7.160696	10001
G899	3025.274121	1.005537	5821.898005	4.540400	2455.192869	1.828344	10570.382645	8.407198	10001
G900	1.688925	0.033375	3.250200	0.064267	1.370664	0.027101	5.901144	0.116689	10001

# W module
# module name	module signal(LMS-Pedestal)	signal error	gain1(RefPMT1)	gain1 error	gain2(RefPMT2)	gain2 error	gain3(RefPMT3)	gain3 error	LMS entries
W1	4088.966049	1.016541	7868.888018	5.886154	3318.443184	2.360261	14286.948565	10.917298	10001
W2	1725.117385	0.476644	3319.850387	2.515390	1400.037066	1.009988	6027.602835	4.662935	10001
W3	1628.686539	0.375703	3134.276939	2.326458	1321.777603	0.932103	5690.671073	4.316384	10001
W4	1766.722149	0.383213	3399.915427	2.509474	1433.801847	1.004816	6172.970910	4.657059	10001
W5	2258.055539	0.541450	4345.447225	3.237983	1832.548601	1.297849	7889.701933	6.006596	10001
W6	394.590385	0.376597	759.357627	0.901246	320.233956	0.372761	1378.708572	1.650420	10001
W7	2599.537454	0.576968	5002.601852	3.699910	2109.681823	1.481804	9082.848197	6.865662	10001
W8	1265.293652	0.376703	2434.956402	1.864577	1026.862304	0.749480	4420.967334	3.455007	10001
W9	749.636119	0.287691	1442.614735	1.158613	608.375036	0.467841	2619.247150	2.142978	10001
W10	1027.611218	0.345776	1977.555574	1.545741	833.968637	0.622580	3590.499026	2.861911	10001
W11	2257.374599	0.520950	4344.136811	3.224626	1831.995977	1.291963	7887.322712	5.982785	10001
W12	1130.514608	0.317079	2175.584916	1.651736	917.480960	0.663349	3950.046019	3.061675	10001
W13	1738.448797	0.443795	3345.505623	2.510046	1410.856313	1.006810	6074.183119	4.654907	10001
W14	1949.515588	0.465210	3751.686776	2.794152	1582.149776	1.119893	6811.655710	5.183379	10001
W15	3061.190680	0.891842	5891.016550	4.496586	2484.341329	1.806848	10695.875993	8.333113	10001
W16	2731.702925	0.745206	5256.943725	3.976423	2216.942093	1.596350	9544.637621	7.371845	10001
W17	3390.611663	0.747171	6524.960875	4.822747	2751.686375	1.931362	11846.881059	8.949478	10001
W18	251.419134	0.175725	483.836009	0.480498	204.041829	0.197044	878.464677	0.883118	10001
W19	1901.335335	0.565818	3658.967733	2.801684	1543.048587	1.126150	6643.312713	5.191451	10001
W20	1883.715587	0.593959	3625.059939	2.801315	1528.749096	1.127033	6581.748879	5.188883	10001
W21	1729.486137	0.550306	3328.257702	2.575880	1403.582572	1.036491	6042.867364	4.771025	10001
W22	2679.958442	0.727311	5157.365608	3.898484	2174.948317	1.564953	9363.841118	7.227554	10001
W23	1837.061168	0.523406	3535.277242	2.689876	1490.886214	1.080513	6418.737185	4.985541	10001
W24	1460.748286	0.393890	2811.093207	2.123172	1185.485557	0.852223	5103.890660	3.936365	10001
W25	2014.160473	0.478853	3876.090685	2.885707	1634.613008	1.156541	7037.526538	5.353306	10001
W26	2379.967371	0.647285	4580.056792	3.463052	1931.487424	1.390199	8315.664891	6.420217	10001
W27	1298.389364	0.393653	2498.646451	1.918700	1053.721475	0.771452	4536.604568	3.554898	10001
W28	1587.233822	0.443145	3054.504501	2.317583	1288.136217	0.930698	5545.834253	4.296004	10001
W29	1811.646675	0.552183	3486.369084	2.679389	1470.260817	1.077391	6329.938317	4.964113	10001
W30	2577.020990	0.586005	4959.270718	3.676058	2091.408351	1.472608	9004.175115	6.820753	10001
W31	2236.991818	0.610005	4304.911780	3.256123	1815.454118	1.307176	7816.104771	6.036503	10001
W32	3330.815124	0.717660	6409.887219	4.728418	2703.157868	1.893181	11637.950471	8.775168	10001
W33	2160.800228	0.542248	4158.287162	3.113768	1753.620036	1.248713	7549.889471	5.774985	10001
W34	3244.883153	0.717724	6244.518016	4.616998	2633.418877	1.849033	11337.702037	8.567552	10001
W35	2664.839140	0.641996	5128.269720	3.823163	2162.678089	1.532481	9311.013901	7.091985	10001
W36	1751.399047	0.549079	3370.427342	2.602070	1421.366223	1.046773	6119.431612	4.820000	10001
W37	2192.597568	0.581350	4219.478598	3.180162	1779.425500	1.276209	7660.990164	5.896539	10001
W38	1118.184467	0.295007	2151.856544	1.620831	907.474305	0.650403	3906.964199	3.005360	10001
W39	2035.224422	0.450354	3916.626569	2.895939	1651.707676	1.159781	7111.124497	5.373852	10001
W40	2078.698929	0.445679	4000.289781	2.949683	1686.989868	1.180951	7263.025502	5.474226	10001
W41	1315.847429	0.365758	2532.243100	1.920178	1067.889750	0.771060	4597.603479	3.559437	10001
W42	1277.196093	0.366933	2457.861698	1.872305	1036.521854	0.752188	4462.554758	3.470052	10001
W43	2982.285912	0.624673	5739.170637	4.223717	2420.305339	1.690672	10420.180782	7.839318	10001
W44	2446.360219	0.566638	4707.824517	3.495832	1985.369235	1.400677	8547.643146	6.485868	10001
W45	1728.287498	0.401359	3325.951017	2.470339	1402.609804	0.989819	6038.679290	4.583207	10001
W46	2239.232744	0.509325	4309.224263	3.194289	1817.272765	1.279617	7823.934621	5.926848	10001
W47	1768.888260	0.395410	3404.083935	2.519276	1435.559778	1.009034	6180.539357	4.674714	10001
W48	660.230860	0.262155	1270.561467	1.028608	535.817263	0.415644	2306.862964	1.901970	10001
W49	1478.964570	0.467805	2846.148989	2.200556	1200.269173	0.885380	5167.538809	4.076012	10001
W50	3485.090122	0.788673	6706.777112	4.969144	2828.361357	1.990513	12176.991134	9.220192	10001
W51	2106.497012	0.530407	4053.784966	3.036669	1709.549692	1.217843	7360.152689	5.631905	10001
W52	3312.792363	1.018052	6375.203858	4.905930	2688.531307	1.972947	11574.978498	9.088765	10001
W53	584.463778	0.237500	1124.753779	0.915736	474.327695	0.370220	2042.130903	1.692921	10001
W54	1868.076678	0.569049	3594.964108	2.762593	1516.057175	1.110838	6527.106141	5.118285	10001
W55	943.361105	0.300079	1815.422972	1.404962	765.594576	0.565330	3296.127047	2.602265	10001
W56	2189.568979	0.551921	4213.650322	3.156810	1776.967617	1.266042	7650.408200	5.854692	10001
W57	1827.069497	0.459164	3516.049070	2.633283	1482.777369	1.056043	6383.826037	4.883815	10001
W58	2616.256421	0.586335	5034.776166	3.726987	2123.250275	1.492791	9141.264681	6.915647	10001
W59	1417.089284	0.394271	2727.074950	2.068180	1150.053637	0.830502	4951.345026	3.833768	10001
W60	3451.112470	0.776785	6641.389839	4.918236	2800.786438	1.970014	12058.272377	9.125927	10001
W61	1394.266519	0.416982	2683.154366	2.056046	1131.531583	0.826500	4871.601722	3.809689	10001
W62	2713.288833	0.773760	5221.507279	3.973380	2201.997945	1.596113	9480.298329	7.364409	10001
W63	1956.716063	0.503673	3765.543515	2.827922	1587.993397	1.134430	6836.814349	5.244202	10001
W64	1484.231578	0.377256	2856.284925	2.141923	1204.543669	0.859106	5185.941865	3.972302	10001
W65	2442.921252	0.597041	4701.206501	3.510110	1982.578305	1.407224	8535.627312	6.510855	10001
W66	2569.700185	0.653325	4945.182414	3.708494	2085.467075	1.487449	8978.596039	6.877577	10001
W67	2829.002949	0.695891	5444.189838	4.067689	2295.906946	1.630882	9884.606314	7.544881	10001
W68	2224.697671	0.528035	4281.252679	3.186810	1805.476675	1.277195	7773.148719	5.911929	10001
W69	2001.180959	0.574022	3851.112648	2.932971	1624.079347	1.178278	6992.175793	5.435897	10001
W70	1655.258700	0.502731	3185.412936	2.446734	1343.342518	0.983785	5783.514859	4.533172	10001
W71	1746.741874	0.424432	3361.464987	2.508256	1417.586646	1.005509	6103.159335	4.652650	10001
W72	1113.786681	0.315470	2143.393358	1.629497	903.905236	0.654508	3891.598228	3.020287	10001
W73	1849.987872	0.476308	3560.153650	2.673745	1501.377016	1.072584	6463.903408	4.958286	10001
W74	2049.546999	0.473768	3944.189223	2.928214	1663.331314	1.173224	7161.167936	5.432803	10001
W75	2582.088318	0.566126	4969.022384	3.671072	2095.520793	1.470080	9021.880481	6.812467	10001
W76	2207.003086	0.504688	4247.200865	3.149908	1791.116449	1.261907	7711.323401	5.844375	10001
W77	1385.726335	0.373776	2666.719465	2.014208	1124.600707	0.808490	4841.762107	3.734340	10001
W78	2399.012061	0.534315	4616.706776	3.415575	1946.943342	1.367975	8382.207511	6.337958	10001
W79	2054.081136	0.476561	3952.914807	2.935739	1667.011040	1.176285	7177.010323	5.446682	10001
W80	2158.245700	0.479873	4153.371176	3.072313	1751.546882	1.230474	7540.963886	5.701036	10001
W81	1272.525854	0.361686	2448.874196	1.862637	1032.731672	0.748189	4446.236825	3.452346	10001
W82	277.346875	0.158882	533.731872	0.485055	225.083759	0.197799	969.056845	0.893577	10001
W83	1241.383474	0.345953	2388.943177	1.812146	1007.457748	0.727705	4337.424578	3.359131	10001
W84	876.734492	0.257970	1687.205386	1.289712	711.523051	0.518317	3063.332012	2.389967	10001
W85	900.669424	0.293606	1733.266247	1.347061	730.947695	0.542256	3146.961255	2.494609	10001
W86	401.097354	0.200350	771.879767	0.667239	325.514755	0.271094	1401.444081	1.231052	10001
W87	1443.295691	0.488138	2777.507084	2.173084	1171.321720	0.875335	5042.910860	4.023279	10001
W88	1405.036632	0.444156	2703.880586	2.090350	1140.272181	0.841030	4909.232762	3.871895	10001
W89	1897.314339	0.427021	3651.229648	2.703875	1539.785305	1.083044	6629.263253	5.017118	10001
W90	1205.926408	0.343669	2320.708891	1.765810	978.682195	0.709322	4213.536713	3.272831	10001
W91	701.801991	0.277433	1350.561784	1.092216	569.554750	0.441305	2452.113525	2.019664	10001
W92	1045.433579	0.303105	2011.853282	1.534561	848.432561	0.616584	3652.770797	2.843943	10001
W93	1021.569719	0.330263	1965.929193	1.525665	829.065595	0.614066	3569.389880	2.825525	10001
W94	2981.766401	0.663987	5738.170880	4.245197	2419.883725	1.700245	10418.365597	7.877414	10001
W95	1608.033351	0.457620	3094.531532	2.354143	1305.016293	0.945635	5618.508324	4.363307	10001
W96	1463.576381	0.415213	2816.535650	2.141727	1187.780727	0.860271	5113.772095	3.969673	10001
W97	1992.970741	0.450841	3835.312740	2.841539	1617.416259	1.138244	6963.489088	5.272451	10001
W98	2374.154525	0.561487	4568.870436	3.399663	1926.769948	1.362448	8295.354665	6.306895	10001
W99	2162.822784	0.504087	4162.179409	3.092539	1755.261463	1.239170	7556.956333	5.737485	10001
W100	2183.464448	0.513380	4201.902639	3.124770	1772.013421	1.252203	7629.078815	5.797069	10001
W101	2270.175978	0.598786	4368.772042	3.290565	1842.385070	1.320426	7932.051049	6.101407	10001
W102	2631.919658	0.641859	5064.918812	3.780808	2135.961939	1.515712	9195.992419	7.013037	10001
W103	2612.308511	0.561092	5027.178727	3.707441	2120.046307	1.484355	9127.470583	6.880480	10001
W104	1850.248834	0.495033	3560.655849	2.686643	1501.588802	1.078285	6464.815213	4.981245	10001
W105	2342.208279	0.617617	4507.392442	3.394861	1900.843638	1.362272	8183.733691	6.294801	10001
W106	1530.881728	0.446984	2946.059405	2.249434	1242.403085	0.903912	5348.938642	4.168617	10001
W107	2672.071085	0.660074	5142.187020	3.843812	2168.547250	1.541198	9336.282497	7.129490	10001
W108	2666.334100	0.595034	5131.146652	3.796857	2163.891340	1.520713	9316.237331	7.045413	10001
W109	2129.360592	0.559182	4097.784097	3.084801	1728.104870	1.237788	7440.038605	5.720003	10001
W110	1958.179450	0.512725	3768.359685	2.835802	1589.181023	1.137834	6841.927459	5.258373	10001
W111	1907.022110	0.493340	3669.911478	2.757727	1547.663749	1.106340	6663.182448	5.113906	10001
W112	2119.580882	0.500602	4078.963827	3.034713	1720.168044	1.216173	7405.868055	5.629889	10001
W113	1416.113585	0.401401	2725.197296	2.072024	1149.261798	0.832263	4947.935910	3.840497	10001
W114	1583.525392	0.408215	3047.367926	2.288971	1285.126602	0.918245	5532.876909	4.244721	10001
W115	1790.338307	0.492486	3445.362834	2.608963	1452.967788	1.047496	6255.486352	4.836512	10001
W116	831.226528	0.307254	1599.628950	1.274068	674.590587	0.514069	2904.326060	2.357243	10001
W117	1028.905830	0.327551	1980.046951	1.532571	835.019293	0.616686	3595.022434	2.838607	10001
W118	2588.473002	0.623623	4981.309198	3.713619	2100.702351	1.488572	9044.188726	6.888778	10001
W119	1112.864374	0.324296	2141.618451	1.634743	903.156728	0.656886	3888.375663	3.029516	10001
W120	996.930284	0.328332	1918.512570	1.493743	809.069204	0.601409	3483.299082	2.766054	10001
W121	2314.205069	0.715112	4453.502504	3.430148	1878.117340	1.379575	8085.889781	6.354498	10001
W122	2602.783307	0.668289	5008.848235	3.760532	2112.316028	1.508502	9094.189286	6.973754	10001
W123	2606.635124	0.685710	5016.260749	3.777029	2115.442011	1.515581	9107.647630	7.003508	10001
W124	1849.382593	0.529906	3558.988838	2.710077	1500.885795	1.088716	6461.788547	5.022821	10001
W125	1965.722607	0.553659	3782.875888	2.873672	1595.302751	1.154155	6868.283436	5.326543	10001
W126	1336.342644	0.387533	2571.684503	1.961639	1084.522856	0.788185	4669.214270	3.635425	10001
W127	1123.938697	0.372569	2162.930101	1.686010	912.144211	0.678896	3927.069623	3.121946	10001
W128	1516.952086	0.429764	2919.252924	2.219410	1231.098339	0.891457	5300.268130	4.113690	10001
W129	2578.721260	0.587899	4962.542751	3.679374	2092.788222	1.473975	9010.115899	6.826836	10001
W130	771.523652	0.325699	1484.735542	1.220696	626.138093	0.493932	2695.722734	2.255925	10001
W131	1849.722817	0.457280	3559.643572	2.661074	1501.161908	1.066982	6462.977298	4.935734	10001
W132	1610.934664	0.421094	3100.114876	2.332454	1307.370883	0.935851	5628.645582	4.325061	10001
W133	2653.589986	0.641939	5106.621625	3.808677	2153.548721	1.526745	9271.709082	7.064985	10001
W134	1573.536303	0.439750	3028.144721	2.297888	1277.019852	0.922801	5497.974782	4.259472	10001
W135	2450.190631	0.499687	4715.195839	3.462806	1988.477846	1.385771	8561.026702	6.427633	10001
W136	2862.433102	0.683585	5508.523493	4.102920	2323.037537	1.644459	10001.412097	7.611226	10001
W137	2344.994521	0.546840	4512.754342	3.353197	1903.104842	1.343623	8193.468889	6.221062	10001
W138	3674.568426	0.951411	7071.412947	5.314299	2982.134457	2.132003	12839.033016	9.854749	10001
W139	1272.640168	0.425636	2449.094184	1.912175	1032.824445	0.770086	4446.636241	3.540511	10001
W140	1580.693097	0.409357	3041.917400	2.286116	1282.828023	0.917152	5522.980798	4.239332	10001
W141	1760.373595	0.502968	3387.698143	2.578606	1428.649612	1.035858	6150.788906	4.779232	10001
W142	2339.722019	0.542620	4502.607833	3.343857	1898.825888	1.339803	8175.046637	6.203874	10001
W143	2632.085276	0.571225	5065.237531	3.738822	2136.096348	1.497065	9196.571092	6.938456	10001
W144	1763.234112	0.434928	3393.202980	2.536032	1430.971095	1.016818	6160.783624	4.703854	10001
W145	1208.241218	0.376941	2325.163557	1.793650	980.560803	0.721501	4221.624716	3.322611	10001
W146	1273.476105	0.336460	2450.702878	1.846254	1033.502859	0.740874	4449.557026	3.423318	10001
W147	867.107248	0.356884	1668.678524	1.362954	703.709960	0.551179	3029.694182	2.519406	10001
W148	3131.202244	0.672442	6025.748202	4.443807	2541.159946	1.779173	10940.498128	8.247077	10001
W149	996.317914	0.298376	1917.334114	1.469520	808.572229	0.590738	3481.159449	2.722880	10001
W150	684.412895	0.254194	1317.097858	1.050119	555.442446	0.423748	2391.355591	1.942825	10001
W151	1069.384000	0.326957	2057.943951	1.582371	867.869776	0.636308	3736.454161	2.931608	10001
W152	2307.270190	0.527214	4440.156885	3.292773	1872.489266	1.319132	8061.659143	6.109468	10001
W153	1411.215705	0.390905	2715.771718	2.058387	1145.286872	0.826519	4930.822597	3.815707	10001
W154	1370.352933	0.404803	2637.134583	2.017026	1112.124262	0.810662	4788.047060	3.737664	10001
W155	2003.412366	0.538762	3855.406814	2.910924	1625.890270	1.168379	6999.972387	5.396936	10001
W156	931.757125	0.346403	1793.092040	1.429936	756.177245	0.577026	3255.582452	2.645505	10001
W157	1435.893846	0.475032	2763.262826	2.153198	1165.314676	0.866986	5017.048633	3.987082	10001
W158	1572.216457	0.512721	3025.604784	2.351602	1275.948718	0.946638	5493.363209	4.354899	10001
W159	1534.612286	0.469344	2953.238565	2.270883	1245.430659	0.913179	5361.973303	4.207184	10001
W160	733.952395	0.279150	1412.432663	1.132061	595.646746	0.457035	2564.447830	2.094024	10001
W161	1748.254390	0.464259	3364.375703	2.536172	1418.814144	1.017794	6108.444105	4.702440	10001
W162	671.645452	0.255101	1292.527936	1.035638	545.080895	0.418095	2346.745830	1.915686	10001
W163	1350.572354	0.396382	2599.068440	1.986000	1096.071126	0.798115	4718.933227	3.680314	10001
W164	1381.202980	0.294197	2658.014630	1.958853	1120.929732	0.784209	4825.957393	3.635461	10001
W165	2016.155452	0.458531	3879.929862	2.876035	1636.232054	1.152125	7044.497044	5.336346	10001
W166	1025.760258	0.359750	1973.993549	1.555256	832.466471	0.626887	3584.031725	2.878658	10001
W167	914.808657	0.374401	1760.476069	1.435885	742.422538	0.580600	3196.364085	2.654352	10001
W168	1327.429055	0.441737	2554.531013	1.992669	1077.288940	0.802432	4638.069968	3.689679	10001
W169	1812.685969	0.456555	3488.369121	2.613203	1471.104266	1.048017	6333.569635	4.846523	10001
W170	1318.668287	0.364670	2537.671617	1.922977	1070.179047	0.772130	4607.459629	3.564724	10001
W171	3482.779020	1.038011	6702.329581	5.133173	2826.485758	2.063350	12168.916087	9.511555	10001
W172	1232.482167	0.452873	2371.813324	1.886688	1000.233799	0.761163	4306.323191	3.490860	10001
W173	2239.620850	0.522262	4309.971142	3.202516	1817.587736	1.283245	7825.290674	5.941509	10001
W174	1408.751054	0.399546	2711.028695	2.061417	1143.286660	0.828010	4922.211047	3.820825	10001
W175	2839.675795	0.706928	5464.728875	4.088393	2304.568606	1.639412	9921.897501	7.582868	10001
W176	2466.196060	0.707804	4745.997006	3.614793	2001.467219	1.452202	8616.950065	6.699548	10001
W177	2965.884277	0.664071	5707.607001	4.224688	2406.994420	1.692122	10362.873060	7.839190	10001
W178	2644.908505	0.701196	5089.914808	3.836142	2146.503173	1.539454	9241.375769	7.112839	10001
W179	1882.041910	0.473002	3621.839081	2.712527	1527.390806	1.087823	6575.901010	5.030784	10001
W180	1956.374969	0.489280	3764.887106	2.818112	1587.716578	1.130101	6835.622557	5.226727	10001
W181	1655.676019	0.487291	3186.216035	2.435661	1343.681199	0.978862	5784.972985	4.513518	10001
W182	1637.696692	0.432716	3151.616259	2.374311	1329.089888	0.952776	5722.152772	4.402437	10001
W183	1065.917502	0.386956	2051.272952	1.627540	865.056503	0.656456	3724.342130	3.011656	10001
W184	1634.411572	0.460882	3145.294307	2.389717	1326.423814	0.959799	5710.674480	4.429470	10001
W185	2377.863714	0.521548	4576.008473	3.380830	1929.780179	1.353857	8308.314662	6.273851	10001
W186	1481.803082	0.420703	2851.611478	2.168629	1202.572797	0.871086	5177.456639	4.019517	10001
W187	1029.527781	0.399914	1981.243846	1.595646	835.524044	0.644475	3597.195545	2.951018	10001
W188	1421.001614	0.469484	2734.603918	2.130359	1153.228730	0.857770	4965.014806	3.944828	10001
W189	1812.555709	0.536740	3488.118446	2.668880	1470.998552	1.072688	6333.114503	4.945516	10001
W190	1951.525872	0.563402	3755.555406	2.862828	1583.781242	1.150207	6818.679691	5.305700	10001
W191	2010.607647	0.533306	3869.253555	2.916343	1631.729675	1.170344	7025.112876	5.407366	10001
W192	1705.628916	0.455806	3282.346387	2.476285	1384.220994	0.993843	5959.509641	4.591251	10001
W193	1116.815365	0.361884	2149.221818	1.668576	906.363196	0.671612	3902.180525	3.090146	10001
W194	2117.291127	0.716602	4074.557376	3.188304	1718.309769	1.284291	7397.867593	5.902842	10001
W195	2280.261328	0.658999	4388.180491	3.345578	1850.569942	1.344183	7967.289511	6.200345	10001
W196	953.052205	0.320305	1834.072718	1.433271	773.459490	0.577268	3329.987989	2.653698	10001
W197	2474.587577	0.607910	4762.145808	3.557586	2008.277442	1.426342	8646.270232	6.598764	10001
W198	2594.779343	0.648257	4993.445246	3.737278	2105.820328	1.498680	9066.223237	6.931530	10001
W199	890.523690	0.222099	1713.741595	1.282383	722.713819	0.514236	3111.511812	2.378454	10001
W200	858.247209	0.287383	1651.628088	1.289821	696.519503	0.519457	2998.736987	2.388163	10001
W201	2661.646980	0.640071	5122.126665	3.817866	2160.087459	1.530327	9299.860418	7.082214	10001
W202	1303.007363	0.376659	2507.533422	1.911824	1057.469260	0.768134	4552.739973	3.543171	10001
W203	2493.433549	0.568423	4798.413374	3.557665	2023.572088	1.425217	8712.118525	6.601015	10001
W204	2059.648473	0.537216	3963.628701	2.981360	1671.529270	1.196179	7196.462734	5.528383	10001
W205	3220.331433	0.894656	6197.270196	4.698998	2613.493672	1.886900	11251.917722	8.710565	10001
W206	2029.067912	0.521584	3904.778858	2.932018	1646.711296	1.176168	7089.613497	5.437277	10001
W207	2771.997462	0.620212	5334.487339	3.948250	2249.643547	1.581389	9685.427733	7.326262	10001
W208	2507.396494	0.592208	4825.283945	3.589976	2034.903862	1.438696	8760.905401	6.659991	10001
W209	1816.946340	0.489382	3496.567863	2.640517	1474.561815	1.059865	6348.455475	4.895553	10001
W210	1589.498434	0.501774	3058.862567	2.364238	1289.974087	0.951205	5553.746865	4.379251	10001
W211	2929.859514	0.666627	5638.280227	4.179603	2377.758147	1.674335	10237.001647	7.755039	10001
W212	2332.358298	0.563959	4488.436941	3.347448	1892.849783	1.341850	8149.317613	6.209430	10001
W213	3024.088374	0.669826	5819.616131	4.303380	2454.230565	1.723457	10566.239618	7.985542	10001
W214	2368.697783	0.559470	4558.369374	3.391406	1922.341472	1.359119	8276.288674	6.291610	10001
W215	3323.330456	0.773756	6395.483575	4.751417	2697.083607	1.903857	11611.798855	8.815185	10001
W216	2436.052310	0.541088	4687.987772	3.467457	1977.003744	1.388717	8511.627058	6.434297	10001
W217	1591.069942	0.479425	3061.886807	2.348963	1291.249460	0.944357	5559.237751	4.352240	10001
W218	1199.401247	0.376916	2308.151740	1.782660	973.386633	0.717165	4190.737639	3.302099	10001
W219	2286.857265	0.614596	4400.873843	3.322497	1855.922943	1.333564	7990.335877	6.160024	10001
W220	2677.366129	0.665866	5152.376909	3.854290	2172.844498	1.545521	9354.783513	7.148702	10001
W221	2468.699937	0.612132	4750.815518	3.552723	2003.499267	1.424546	8625.698674	6.589465	10001
W222	1214.283527	0.392601	2336.791498	1.813503	985.464503	0.729919	4242.736694	3.358596	10001
W223	1349.496231	0.385229	2596.997528	1.976501	1095.197787	0.793975	4715.173227	3.663300	10001
W224	2231.205650	0.609523	4293.776762	3.248462	1810.758292	1.304132	7795.887756	6.022243	10001
W225	1741.725618	0.547099	3351.811603	2.588521	1413.515651	1.041356	6085.632413	4.794843	10001
W226	1540.436389	0.517988	2964.446585	2.316849	1250.157270	0.933149	5382.322864	4.289625	10001
W227	2572.640194	0.727520	4950.840226	3.763006	2087.853070	1.511424	8988.868503	6.974825	10001
W228	1111.977539	0.378970	2139.911808	1.676647	902.437007	0.675460	3885.277039	3.103998	10001
W229	2403.314809	0.729090	4624.987069	3.551841	1950.435281	1.428102	8397.241417	6.580699	10001
W230	3833.580718	1.003488	7377.419382	5.551535	3111.182547	2.227483	13394.625900	10.294118	10001
W231	1311.788378	0.412190	2524.431782	1.949666	1064.595585	0.784350	4583.421056	3.611453	10001
W232	2235.329005	0.521777	4301.711830	3.196691	1814.104645	1.280924	7810.294862	5.930677	10001
W233	2367.766542	0.551403	4556.577274	3.385309	1921.585714	1.356471	8273.034893	6.280672	10001
W234	1432.707324	0.408038	2757.130619	2.097693	1162.728621	0.842631	5005.914845	3.887971	10001
W235	2126.245777	0.494563	4091.789884	3.039636	1725.577009	1.217947	7429.155362	5.639384	10001
W236	3586.968557	0.843695	6902.834008	5.133529	2911.041867	2.057190	12532.956907	9.523701	10001
W237	1432.808422	0.410829	2757.325175	2.099837	1162.810668	0.843574	5006.268085	3.891795	10001
W238	3270.652922	0.759301	6294.109875	4.674784	2654.332603	1.873094	11427.742248	8.673113	10001
W239	2100.297567	0.550900	4041.854631	3.042261	1704.518468	1.220700	7338.491676	5.641156	10001
W240	2922.362418	0.583257	5623.852665	4.123384	2371.673800	1.649828	10210.806607	7.654335	10001
W241	1376.671633	0.417235	2649.294416	2.034266	1117.252270	0.817913	4810.124756	3.769024	10001
W242	2523.910132	0.621100	4857.063120	3.629174	2048.305678	1.455073	8818.604461	6.731496	10001
W243	1159.096331	0.378691	2230.588155	1.734249	940.676757	0.698145	4049.911266	3.211591	10001
W244	1419.190889	0.437072	2731.119322	2.102410	1151.759217	0.845525	4958.688088	3.894889	10001
W245	2731.407400	0.636339	5256.375011	3.905375	2216.702257	1.564865	9543.605049	7.245526	10001
W246	2667.097645	0.650440	5132.616033	3.831343	2164.511002	1.535971	9318.905174	7.106775	10001
W247	1083.778921	0.370931	2085.645824	1.635447	879.552124	0.658913	3786.750370	3.027630	10001
W248	2880.037484	0.700068	5542.401716	4.135790	2337.324557	1.657961	10062.922241	7.671606	10001
W249	3259.255533	0.754669	6272.176512	4.657300	2645.082933	1.866037	11387.919489	8.640769	10001
W250	2493.747691	0.595165	4799.017915	3.574228	2023.827033	1.432549	8713.216144	6.630480	10001
W251	1429.448161	0.517426	2750.858620	2.181291	1160.083613	0.879758	4994.527248	4.036428	10001
W252	1596.128889	0.479804	3071.622346	2.355567	1295.355102	0.946977	5576.913837	4.364539	10001
W253	2776.392887	0.815155	5342.945983	4.082879	2253.210700	1.640798	9700.785457	7.566082	10001
W254	3600.820265	0.934284	6929.490511	5.208947	2922.283365	2.089792	12581.355116	9.659286	10001
W255	2084.007582	0.573387	4010.505857	3.036994	1691.298160	1.219354	7281.574064	5.629993	10001
W256	2161.667847	0.690053	4159.956825	3.221335	1754.324161	1.296281	7552.920954	5.966404	10001
W257	2605.445249	0.715498	5013.970930	3.795931	2114.476356	1.524028	9103.490179	7.036984	10001
W258	2805.639170	0.838091	5399.228113	4.136575	2276.945826	1.662811	9802.972690	7.664796	10001
W259	1951.813113	0.658867	3756.108178	2.937683	1584.014356	1.183282	6819.683318	5.438943	10001
W260	1708.862128	0.554733	3288.568447	2.553930	1386.844942	1.028005	5970.806567	4.729736	10001
W261	1615.838930	0.443468	3109.552744	2.353965	1311.350992	0.945085	5645.781209	4.363848	10001
W262	1691.205903	0.487128	3254.590452	2.480132	1372.515847	0.996416	5909.115276	4.596506	10001
W263	2753.806075	0.885306	5299.479469	4.108700	2234.880136	1.653557	9621.866574	7.609581	10001
W264	2164.827247	0.519153	4166.036837	3.104332	1756.888205	1.244281	7563.959975	5.758666	10001
W265	2639.231342	0.675517	5078.989562	3.811793	2141.895812	1.529006	9221.539621	7.068923	10001
W266	2023.530843	0.486825	3894.123212	2.902681	1642.217630	1.163496	7070.266842	5.384519	10001
W267	2295.863640	0.588558	4418.205891	3.316482	1863.232161	1.330350	8021.804373	6.150327	10001
W268	1410.693732	0.418345	2714.767223	2.077614	1144.863260	0.835062	4928.998810	3.849847	10001
W269	1824.985879	0.497992	3512.039314	2.656649	1481.086387	1.066526	6376.545825	4.925125	10001
W270	1864.587561	0.530428	3588.249582	2.729589	1513.225546	1.096441	6514.915081	5.059192	10001
W271	2599.584744	0.576587	5002.692858	3.699751	2109.720202	1.481730	9083.013430	6.865386	10001
W272	2382.598770	0.598366	4585.120710	3.433681	1933.622963	1.377020	8324.859064	6.368293	10001
W273	3879.375931	0.828063	7465.548605	5.502793	3148.348131	2.203037	13554.635508	10.212628	10001
W274	2225.245389	0.507797	4282.306717	3.175313	1805.921180	1.272058	7775.062457	5.891563	10001
W275	2635.531773	0.584759	5071.870037	3.751026	2138.893388	1.502271	9208.613236	6.960524	10001
W276	2296.114466	0.508666	4418.688586	3.267497	1863.435721	1.308600	8022.680766	6.063308	10001
W277	1374.104425	0.384119	2644.354029	2.006724	1115.168825	0.805876	4801.154867	3.719751	10001
W278	2315.624127	0.563844	4456.233368	3.325891	1879.268991	1.333314	8090.848006	6.169252	10001
W279	1384.593603	0.414099	2664.539614	2.041789	1123.681427	0.820769	4837.804315	3.783271	10001
W280	1709.727665	0.465167	3290.234103	2.487914	1387.547377	0.998747	5973.830773	4.612381	10001
W281	1750.571201	0.476508	3368.834220	2.547506	1420.694376	1.022676	6116.539098	4.722848	10001
W282	2177.348601	0.526373	4190.133180	3.124909	1767.050041	1.252641	7607.709894	5.796632	10001
W283	1611.290801	0.468097	3100.800233	2.365849	1307.659910	0.950621	5629.889933	4.384484	10001
W284	1235.952573	0.375136	2378.491842	1.826747	1003.050244	0.734493	4318.448876	3.384508	10001
W285	1361.543081	0.463013	2620.180727	2.052098	1104.974535	0.826683	4757.265219	3.799136	10001
W286	3229.299630	0.761056	6214.528774	4.622554	2620.771906	1.852463	11283.252824	8.575672	10001
W287	1531.712099	0.418929	2947.657388	2.230398	1243.076982	0.895433	5351.839979	4.134852	10001
W288	3629.390235	0.986351	6984.471133	5.280554	2945.469624	2.119791	12681.179299	9.789757	10001
W289	3039.423184	0.814413	5849.126744	4.414208	2466.675689	1.771679	10619.819821	8.184221	10001
W290	2148.693962	0.622366	4134.989621	3.153558	1743.795069	1.267075	7507.589879	5.844400	10001
W291	2361.689402	0.840737	4544.882304	3.591523	1916.653747	1.448067	8251.801216	6.646881	10001
W292	1739.735217	0.502057	3347.981236	2.551991	1411.900320	1.025315	6078.677903	4.729634	10001
W293	1918.803177	0.581880	3692.583198	2.835615	1557.224797	1.140119	6704.345786	5.253719	10001
W294	1093.993381	0.463135	2105.302736	1.732194	887.841776	0.700945	3822.439948	3.201124	10001
W295	3322.695021	0.967458	6394.260732	4.880292	2696.567913	1.961014	11609.578632	9.044231	10001
W296	2294.839230	0.714265	4416.234497	3.405422	1862.400791	1.369789	8018.225062	6.308402	10001
W297	2994.138378	0.785510	5761.979758	4.337088	2429.924331	1.740251	10461.593588	8.042099	10001
W298	2370.891721	0.592759	4562.591431	3.415092	1924.121985	1.369492	8283.954346	6.333949	10001
W299	2867.498740	0.586848	5518.271906	4.053679	2327.148608	1.622280	10019.111559	7.524320	10001
W300	2247.313429	0.557367	4324.774894	3.234207	1823.830729	1.296833	7852.168735	5.998686	10001
W301	1577.814874	0.444809	3036.378489	2.306884	1280.492171	0.926527	5512.924215	4.275941	10001
W302	1291.409823	0.414917	2485.214883	1.926593	1048.057155	0.775354	4512.217879	3.568190	10001
W303	2520.074183	0.592548	4849.681144	3.606509	2045.192574	1.445252	8805.201562	6.690789	10001
W304	2297.189317	0.563252	4420.757052	3.301868	1864.308029	1.323788	8026.436324	6.124500	10001
W305	2558.417626	0.788174	4923.470032	3.790271	2076.310596	1.524339	8939.174501	7.021777	10001
W306	898.470397	0.355223	1729.034395	1.398333	729.163052	0.564992	3139.277801	2.585715	10001
W307	2513.298752	0.546498	4836.642368	3.570684	2039.693901	1.429767	8781.528036	6.626381	10001
W308	3600.233551	0.676720	6928.361427	5.058525	2921.807211	2.023044	12579.305123	9.391979	10001
W309	2086.310061	0.520224	4014.936794	3.004284	1693.166761	1.204716	7289.618983	5.572095	10001
W310	1236.933062	0.336840	2380.378715	1.800138	1003.845970	0.722655	4321.874728	3.337287	10001
W311	1723.482525	0.477098	3316.704230	2.513643	1398.710278	1.009313	6021.890594	4.659647	10001
W312	1842.999692	0.534425	3546.705456	2.705343	1495.705685	1.087004	6439.486533	5.013703	10001
W313	1567.383319	0.465257	3016.303797	2.308712	1272.026334	0.927962	5476.476105	4.278052	10001
W314	2030.831121	0.547262	3908.172012	2.951536	1648.142247	1.184712	7095.774193	5.472173	10001
W315	3217.834178	0.765661	6192.464429	4.610617	2611.466999	1.847871	11243.192250	8.553175	10001
W316	1720.929003	0.463534	3311.790182	2.500987	1396.637941	1.003861	6012.968526	4.636862	10001
W317	1584.317567	0.397383	3048.892402	2.282914	1285.769500	0.915511	5535.644786	4.234043	10001
W318	1664.563212	0.398738	3203.318727	2.386685	1350.893693	0.956621	5816.025057	4.427422	10001
W319	2275.488518	0.533046	4378.995600	3.255269	1846.696518	1.304447	7950.613196	6.039265	10001
W320	1910.478874	0.520591	3676.563742	2.780596	1550.469121	1.116264	6675.260464	5.154947	10001
W321	1067.214534	0.366758	2053.768987	1.611710	866.109123	0.649398	3728.873993	2.983598	10001
W322	1601.690115	0.488238	3082.324481	2.368905	1299.868373	0.952546	5596.344900	4.388876	10001
W323	1488.791052	0.399512	2865.059266	2.162601	1208.243957	0.867995	5201.872778	4.009568	10001
W324	1064.311945	0.318171	2048.183186	1.569382	863.753496	0.630864	3718.732274	2.907946	10001
W325	2166.645616	0.588814	4169.536143	3.152338	1758.363922	1.265453	7570.313401	5.844201	10001
W326	1662.730968	0.462884	3199.792718	2.426873	1349.406716	0.974547	5809.623149	4.498660	10001
W327	2018.940360	0.573942	3885.289194	2.955263	1638.492175	1.187080	7054.227579	5.477492	10001
W328	2168.238642	0.635502	4172.601794	3.187734	1759.656759	1.281031	7575.879474	5.907329	10001
W329	1084.357630	0.356464	2086.759503	1.624200	880.021781	0.653913	3788.772394	3.007669	10001
W330	2518.226958	0.706618	4846.126306	3.679481	2043.693438	1.477714	8798.747309	6.820304	10001
W331	2637.196256	0.741582	5075.073203	3.854437	2140.244218	1.548024	9214.428983	7.144519	10001
W332	2901.966072	0.605369	5584.601530	4.108607	2355.120932	1.644536	10139.541271	7.625779	10001
W333	1657.031923	0.519456	3188.825363	2.461838	1344.781597	0.990359	5789.710546	4.560241	10001
W334	2085.189258	0.500596	4012.779898	2.990468	1692.257162	1.198656	7285.702870	5.547417	10001
W335	1229.440889	0.547024	2365.960629	1.973431	997.765619	0.799489	4295.696893	3.645226	10001
W336	3022.349800	0.631365	5816.270382	4.279529	2452.819606	1.712971	10560.164994	7.942979	10001
W337	2103.837256	0.582876	4048.666479	3.068720	1707.391140	1.232209	7350.859437	5.688592	10001
W338	1678.931922	0.459820	3230.970158	2.445207	1362.554769	0.981690	5866.229683	4.533047	10001
W339	848.004384	0.295414	1631.916591	1.284038	688.206831	0.517501	2962.948302	2.376775	10001
W340	2360.231657	0.586898	4542.076991	3.397687	1915.470699	1.362426	8246.707820	6.301827	10001
W341	2200.572542	0.568563	4234.825797	3.181753	1785.897673	1.276429	7688.854919	5.900252	10001
W342	820.633127	0.270067	1579.242798	1.229424	665.993402	0.494983	2867.312455	2.276611	10001
W343	1787.384957	0.449291	3439.679348	2.576151	1450.570965	1.033134	6245.167273	4.777851	10001
W344	1916.888454	0.472541	3688.898467	2.756848	1555.670884	1.105346	6697.655697	5.113440	10001
W345	1914.124740	0.450486	3683.579920	2.739580	1553.427962	1.097855	6687.999211	5.082445	10001
W346	2626.291533	0.582831	5054.087934	3.737946	2131.394375	1.497035	9176.327608	6.936246	10001
W347	2225.671350	0.489566	4283.126446	3.165245	1806.266874	1.267561	7776.550777	5.873723	10001
W348	2013.376330	0.493003	3874.581665	2.893512	1633.976629	1.160052	7034.786723	5.367090	10001
W349	1241.205795	0.387360	2388.601248	1.842691	1007.313551	0.741232	4336.803764	3.413450	10001
W350	1905.295251	0.472620	3666.588275	2.742043	1546.262298	1.099490	6657.148758	5.085836	10001
W351	1105.587702	0.386965	2127.615078	1.675621	897.251268	0.675378	3862.950791	3.101492	10001
W352	2152.716407	0.528702	4142.730494	3.094762	1747.059526	1.240778	7521.644399	5.740304	10001
W353	1658.225434	0.462533	3191.122179	2.420936	1345.750203	0.972190	5793.880702	4.487606	10001
W354	2020.203667	0.524502	3887.720327	2.922648	1639.517425	1.172555	7058.641606	5.419636	10001
W355	1446.024929	0.377108	2782.759285	2.093096	1173.536662	0.839789	5052.446887	3.881264	10001
W356	2554.915276	0.535633	4916.730040	3.618708	2073.468227	1.448510	8926.937203	6.716385	10001
W357	1943.123134	0.450478	3739.385009	2.776951	1576.961912	1.112653	6789.320316	5.152099	10001
W358	1654.046506	0.479295	3183.080167	2.427731	1342.358750	0.975449	5779.279426	4.499234	10001
W359	2486.936371	0.649041	4785.910075	3.600114	2018.299235	1.444445	8689.417225	6.675730	10001
W360	1782.280237	0.475988	3429.855723	2.587364	1446.428177	1.038415	6227.331256	4.797217	10001
W361	1801.433684	0.497817	3466.714998	2.626728	1461.972356	1.054695	6294.253872	4.869324	10001
W362	2350.259315	0.651457	4522.886017	3.428376	1907.377541	1.376634	8211.864210	6.355283	10001
W363	1464.188106	0.420039	2817.712866	2.145979	1188.277179	0.862117	5115.909478	3.977303	10001
W364	1355.027604	0.418814	2607.642213	2.008517	1099.686831	0.807810	4734.499981	3.720859	10001
W365	970.547517	0.385983	1867.741047	1.512645	787.657994	0.611256	3391.117044	2.796952	10001
W366	2980.112814	0.631074	5734.988683	4.224414	2418.541739	1.691117	10412.587923	7.840309	10001
W367	2518.009097	0.721660	4845.707051	3.690003	2043.516632	1.482386	8797.986100	6.838994	10001
W368	2839.945827	0.615648	5465.248531	4.033695	2304.787753	1.615118	9922.841001	7.485708	10001
W369	2605.859835	0.540755	5014.768767	3.687831	2114.812817	1.476045	9104.938751	6.844922	10001
W370	2987.205381	0.615708	5748.637761	4.225250	2424.297786	1.691046	10437.369528	7.842597	10001
W371	1878.019748	0.469281	3614.098751	2.704984	1524.126578	1.084724	6561.847474	5.016930	10001
W372	1267.675670	0.349427	2439.540405	1.847816	1028.795455	0.741917	4429.290163	3.425454	10001
W373	2071.996384	0.495612	3987.391269	2.970423	1681.550347	1.190573	7239.606643	5.510320	10001
W374	3424.953396	0.780359	6591.048793	4.886521	2779.556768	1.957552	11966.871924	9.066640	10001
W375	2321.890185	0.579162	4468.291896	3.343645	1884.354276	1.340805	8112.741768	6.201503	10001
W376	1041.813543	0.341256	2004.886811	1.559484	845.494682	0.627819	3640.122300	2.887899	10001
W377	2306.757501	0.534579	4439.170255	3.296506	1872.073188	1.320820	8059.867794	6.116043	10001
W378	1723.006315	0.443383	3315.787802	2.490069	1398.323805	0.998895	6020.226705	4.617681	10001
W379	1342.878621	0.382381	2584.262468	1.966118	1089.827197	0.789776	4692.051135	3.644107	10001
W380	2507.447365	0.627456	4825.381843	3.612147	2034.945148	1.448529	8761.083147	6.699399	10001
W381	2138.644860	0.527571	4115.650928	3.076006	1735.639615	1.233322	7472.478067	5.705401	10001
W382	1630.262631	0.421874	3137.310002	2.357595	1323.056697	0.945819	5696.177977	4.371897	10001
W383	1708.616013	0.478928	3288.094817	2.496162	1386.645204	1.002467	5969.946633	4.626926	10001
W384	1996.704487	0.502138	3842.498037	2.877992	1620.446420	1.154189	6976.534891	5.337648	10001
W385	1579.287453	0.400029	3039.212351	2.278196	1281.687258	0.913726	5518.069444	4.225098	10001
W386	1211.018039	0.381815	2330.507328	1.800905	982.814362	0.724544	4231.326999	3.335823	10001
W387	1913.908712	0.541949	3683.164191	2.799988	1553.252643	1.124646	6687.244404	5.189810	10001
W388	1606.749267	0.408254	3092.060415	2.318637	1303.974181	0.929981	5614.021702	4.300035	10001
W389	1794.030637	0.470604	3452.468428	2.598661	1455.964337	1.042708	6268.387445	4.818602	10001
W390	1488.457856	0.385755	2864.418059	2.152907	1207.973549	0.863718	5200.708585	3.992296	10001
W391	2024.869882	0.494394	3896.700086	2.909133	1643.304341	1.166276	7074.945479	5.396134	10001
W392	644.312494	0.251249	1239.927846	0.999510	522.898547	0.403730	2251.243801	1.848452	10001
W393	1917.165771	0.459915	3689.432141	2.749285	1555.895943	1.101974	6698.624648	5.100031	10001
W394	1776.342984	0.430670	3418.429954	2.550164	1441.609736	1.022284	6206.586345	4.730434	10001
W395	1107.279073	0.352483	2130.869988	1.649295	898.623919	0.663654	3868.860485	3.054802	10001
W396	1597.973805	0.461913	3075.172739	2.344602	1296.852362	0.942015	5583.360019	4.345236	10001
W397	1395.771828	0.412577	2686.051213	2.054637	1132.753233	0.825787	4876.861310	3.807346	10001
W398	2264.287052	0.596731	4357.439274	3.281691	1837.605851	1.316851	7911.474995	6.084979	10001
W399	1299.423716	0.463738	2500.636980	1.977093	1054.560914	0.797183	4540.218622	3.658964	10001
W400	1940.759450	0.497014	3734.836288	2.803181	1575.043640	1.124434	6781.061545	5.198451	10001
W401	2155.992660	0.498468	4149.035382	3.080351	1749.718404	1.234182	7533.091710	5.715063	10001
W402	3476.926410	0.763647	6691.066700	4.944062	2821.736011	1.979882	12148.466920	9.174715	10001
W403	3152.743292	0.717326	6067.202227	4.497550	2558.641810	1.801703	11015.763085	8.344976	10001
W404	1899.145056	0.483069	3654.752717	2.740922	1541.271043	1.099369	6635.659825	5.083159	10001
W405	1889.682969	0.483663	3636.543687	2.729230	1533.591987	1.094763	6602.599057	5.061324	10001
W406	2177.717467	0.479539	4190.843035	3.097345	1767.349398	1.240383	7608.998723	5.747699	10001
W407	2039.868180	0.451727	3925.563111	2.902745	1655.476367	1.162516	7127.349904	5.386467	10001
W408	3837.943901	0.832471	7385.815977	5.451463	3114.723533	2.182813	13409.870968	10.116772	10001
W409	2617.145030	0.568496	5036.486222	3.717890	2123.971435	1.488696	9144.369502	6.899588	10001
W410	2324.119245	0.493315	4472.581544	3.295160	1886.163293	1.319146	8120.530159	6.115608	10001
W411	1528.670266	0.358108	2941.803623	2.186891	1240.608350	0.876328	5341.211739	4.057180	10001
W412	1663.727568	0.428468	3201.710596	2.404624	1350.215517	0.964628	5813.105296	4.459212	10001
W413	2815.591573	0.625352	5418.380717	4.007668	2285.022803	1.605071	9837.746634	7.436727	10001
W414	2356.357053	0.537530	4534.620626	3.362293	1912.326224	1.346959	8233.169858	6.238498	10001
W415	2140.699004	0.486682	4119.603963	3.053593	1737.306677	1.223249	7479.655295	5.665804	10001
W416	1876.150330	0.489167	3610.501206	2.715619	1522.609433	1.089554	6555.315683	5.035627	10001
W417	1843.523323	0.517043	3547.713141	2.693465	1496.130643	1.081714	6441.316111	4.992634	10001
W418	2239.303246	0.453656	4309.359938	3.163152	1817.329981	1.265782	7824.180957	5.871548	10001
W419	1689.154033	0.377124	3250.641794	2.405448	1370.850631	0.963431	5901.945995	4.463519	10001
W420	1411.574738	0.360605	2716.462649	2.038258	1145.578250	0.817577	4932.077069	3.779959	10001
W421	1700.864999	0.413118	3273.178610	2.442274	1380.354788	0.979054	5942.864397	4.530266	10001
W422	1744.023954	0.428363	3356.234567	2.507245	1415.380890	1.005227	6093.662857	4.650549	10001
W423	1132.160658	0.305503	2178.752607	1.645724	918.816829	0.660586	3955.797358	3.051165	10001
W424	1274.556120	0.308749	2452.781280	1.829621	1034.379356	0.733432	4453.330625	3.393873	10001
W425	725.304625	0.259125	1395.790721	1.103804	588.628558	0.445073	2534.232308	2.042769	10001
W426	2373.881727	0.577086	4568.345458	3.408974	1926.548556	1.366595	8294.401501	6.323409	10001
W427	1240.636182	0.408095	2387.505073	1.858490	1006.851275	0.748248	4334.813521	3.441508	10001
W428	1844.774185	0.442834	3550.120326	2.645650	1497.145794	1.060443	6445.686656	4.907769	10001
W429	1844.468161	0.430588	3549.531407	2.637758	1496.897437	1.056960	6444.617400	4.893712	10001
W430	2905.484630	0.610003	5591.372713	4.115723	2357.976455	1.647478	10151.835199	7.638816	10001
W431	3348.272411	0.829287	6443.482371	4.817921	2717.325511	1.931831	11698.946663	8.936156	10001
W432	2089.330538	0.603392	4020.749461	3.065134	1695.618061	1.231494	7300.172606	5.680623	10001
W433	2158.182078	0.544068	4153.248742	3.111596	1751.495249	1.247910	7540.741591	5.770833	10001
W434	1825.346318	0.427725	3512.732950	2.611382	1481.378905	1.046432	6377.805207	4.844702	10001
W435	2694.607884	0.638386	5185.557287	3.859217	2186.837225	1.546647	9415.026630	7.159383	10001
W436	1995.157065	0.533824	3839.520146	2.897071	1619.190593	1.162741	6971.128158	5.371393	10001
W437	1393.793069	0.381497	2682.243250	2.029769	1131.147350	0.814895	4869.947477	3.762898	10001
W438	2618.570649	0.579809	5039.229713	3.726202	2125.128412	1.492299	9149.350652	6.914513	10001
W439	2425.783787	0.524156	4668.226820	3.444479	1968.670216	1.379150	8475.748584	6.392321	10001
W440	2056.545440	0.462186	3957.657162	2.930403	1669.010971	1.173763	7185.620660	5.437479	10001
W441	3070.576993	0.679458	5909.079758	4.369152	2491.958890	1.749782	10728.672003	8.107621	10001
W442	1621.515851	0.483926	3120.477524	2.390393	1315.958157	0.960871	5665.616512	4.429263	10001
W443	1685.741662	0.412121	3244.074959	2.422240	1368.081286	0.971094	5890.023085	4.492973	10001
W444	2125.878616	0.423235	4091.083313	2.999011	1725.279036	1.199925	7427.872494	5.567180	10001
W445	2179.881131	0.473197	4195.006832	3.096539	1769.105342	1.239890	7616.558618	5.746510	10001
W446	2792.190904	0.686608	5373.348003	4.014615	2266.031746	1.609597	9755.984119	7.446448	10001
W447	2704.147946	0.634484	5203.916373	3.869121	2194.579562	1.550455	9448.359844	7.178052	10001
W448	2439.570752	0.529482	4694.758731	3.465380	1979.859172	1.387577	8523.920580	6.431005	10001
W449	1753.645545	0.438580	3374.750549	2.526086	1423.189393	1.012995	6127.280933	4.685109	10001
W450	1405.730327	0.344664	2705.215548	2.020522	1140.835157	0.810069	4911.656551	3.747784	10001
W451	2296.044104	0.518267	4418.553179	3.272988	1863.378618	1.311042	8022.434919	6.073056	10001
W452	2540.946717	0.631110	4889.848665	3.657373	2062.131897	1.466537	8878.130711	6.783514	10001
W453	1451.926195	0.414184	2794.115798	2.126317	1178.325896	0.854149	5073.066055	3.940988	10001
W454	424.815919	0.201426	817.524248	0.694924	344.763804	0.281969	1484.317334	1.282822	10001
W455	797.011219	0.248265	1533.784324	1.182876	646.822794	0.475803	2784.776922	2.191217	10001
W456	1634.923149	0.493614	3146.278795	2.414442	1326.838989	0.970711	5712.461941	4.473508	10001
W457	1668.233087	0.415540	3210.381106	2.401974	1353.872018	0.963178	5828.847689	4.455002	10001
W458	1994.915227	0.451835	3839.054748	2.844636	1618.994327	1.139499	6970.283171	5.278173	10001
W459	823.037475	0.229414	1583.869773	1.201486	667.944676	0.482483	2875.713307	2.227162	10001
W460	2136.722283	0.405217	4111.951082	3.003996	1734.079327	1.201461	7465.760533	5.577265	10001
W461	1430.582589	0.432248	2753.041737	2.112923	1161.004270	0.849498	4998.490968	3.914831	10001
W462	987.947988	0.305198	1901.226862	1.464283	801.779528	0.588919	3451.914720	2.712653	10001
W463	1470.202671	0.398106	2829.287414	2.138061	1193.158362	0.858248	5136.924515	3.963882	10001
W464	1148.916691	0.340318	2210.998250	1.691784	932.415363	0.679972	4014.343350	3.134921	10001
W465	2267.276300	0.610626	4363.191843	3.294935	1840.031806	1.322538	7921.919501	6.108856	10001
W466	1295.466649	0.358571	2493.021921	1.889366	1051.349515	0.758643	4526.392533	3.502401	10001
W467	1421.075444	0.505337	2734.745996	2.160613	1153.288646	0.871120	4965.272768	3.998710	10001
W468	2229.214731	0.605770	4289.945399	3.243339	1809.142542	1.301983	7788.931438	6.012913	10001
W469	2486.082080	0.621706	4784.266060	3.581110	2017.605926	1.436072	8686.432310	6.641854	10001
W470	2799.448179	0.611020	5387.314047	3.978528	2271.921463	1.593132	9781.341216	7.383143	10001
W471	1518.036372	0.393886	2921.339546	2.195999	1231.978303	0.881019	5304.056651	4.072181	10001
W472	2225.361445	0.495329	4282.530059	3.168162	1806.015367	1.268876	7775.467961	5.878870	10001
W473	1570.536185	0.398388	3022.371235	2.265947	1274.585075	0.908829	5487.492297	4.202351	10001
W474	2143.927696	0.499500	4125.817323	3.065411	1739.926956	1.228296	7490.936425	5.687164	10001
W475	2318.324488	0.556681	4461.429996	3.324890	1881.460497	1.332704	8100.283132	6.167775	10001
W476	2585.181188	0.633878	4974.974365	3.715821	2098.030845	1.489751	9032.687046	6.892324	10001
W477	2736.215235	0.672035	5265.627304	3.933621	2220.604106	1.577102	9560.403743	7.296257	10001
W478	1993.573358	0.460748	3836.472429	2.848195	1617.905320	1.141162	6965.594649	5.284346	10001
W479	1914.634517	0.451466	3684.560946	2.740834	1553.841678	1.098380	6689.780386	5.084730	10001
W480	1583.165355	0.446790	3046.675063	2.315044	1284.834410	0.929819	5531.618930	4.291041	10001
W481	2088.007425	0.456447	4018.203237	2.967844	1694.544275	1.188439	7295.549617	5.507537	10001
W482	2223.874357	0.475583	4279.668275	3.155004	1804.808505	1.263124	7770.272037	5.855330	10001
W483	2868.662297	0.618375	5520.511079	4.072510	2328.092905	1.630574	10023.177056	7.557898	10001
W484	1323.344405	0.373206	2546.670432	1.934926	1073.974000	0.777140	4623.798102	3.586488	10001
W485	1559.465595	0.426152	3001.066771	2.270555	1265.600622	0.911544	5448.811382	4.209318	10001
W486	1641.191818	0.416716	3158.342349	2.368152	1331.926394	0.949833	5734.364828	4.391876	10001
W487	1719.724262	0.408180	3309.471753	2.463452	1395.660220	0.987291	6008.759129	4.570010	10001
W488	1592.455683	0.412292	3064.553555	2.303054	1292.374073	0.923944	5564.079565	4.270747	10001
W489	1264.496652	0.376456	2433.422639	1.863395	1026.215490	0.749005	4418.182595	3.452817	10001
W490	937.883505	0.316994	1804.881769	1.411941	761.149173	0.568735	3276.988177	2.614101	10001
W491	1495.113199	0.399577	2877.225733	2.170671	1213.374761	0.871187	5223.962516	4.024614	10001
W492	813.366278	0.224507	1565.258328	1.185811	660.095914	0.476124	2841.921904	2.198223	10001
W493	1393.233090	0.343364	2681.165615	2.003676	1130.692893	0.803363	4867.990896	3.716451	10001
W494	225.755061	0.118229	434.447554	0.381723	183.213882	0.155284	788.793771	0.703921	10001
W495	1799.492798	0.436520	3462.979918	2.583547	1460.397210	1.035672	6287.472367	4.792346	10001
W496	970.845015	0.259365	1868.313557	1.409448	787.899431	0.565672	3392.156508	2.613246	10001
W497	1219.608912	0.349538	2347.039775	1.787269	989.786375	0.718000	4261.343721	3.312496	10001
W498	2112.509712	0.498136	4065.355926	3.024103	1714.429362	1.211900	7381.161211	5.610243	10001
W499	2073.057204	0.551397	3989.432731	3.007960	1682.411267	1.207153	7243.313173	5.577159	10001
W500	1498.265760	0.445780	2883.292585	2.207680	1215.933256	0.887385	5234.977645	4.090782	10001
W501	2461.315302	0.564866	4736.604378	3.514073	1997.506189	1.407850	8599.896577	6.519956	10001
W502	494.777088	0.210166	952.158921	0.784114	401.541523	0.317322	1728.763390	1.449010	10001
W503	2570.768555	0.604551	4947.238407	3.679109	2086.334122	1.474348	8982.328951	6.825473	10001
W504	2288.082118	0.512334	4403.230975	3.259223	1856.916985	1.305423	7994.615544	6.047704	10001
W505	2170.099217	0.532839	4176.182321	3.119668	1761.166727	1.250760	7582.380367	5.786508	10001
W506	3106.061194	0.617879	5977.366263	4.381511	2520.756464	1.753061	10852.654677	8.133588	10001
W507	2201.000590	0.567085	4235.649541	3.181322	1786.245060	1.276212	7690.350530	5.899533	10001
W508	1678.524586	0.465231	3230.186273	2.448480	1362.224192	0.983164	5864.806442	4.538822	10001
W509	2634.890936	0.592183	5070.636798	3.754508	2138.373311	1.503857	9206.374136	6.966638	10001
W510	2507.459405	0.579130	4825.405013	3.582147	2034.954919	1.435218	8761.125215	6.646088	10001
W511	2137.203281	0.522271	4112.876724	3.070805	1734.469686	1.231103	7467.441153	5.695997	10001
W512	2058.192797	0.521004	3960.827369	2.968825	1670.347901	1.190710	7191.376566	5.505940	10001
W513	850.939907	0.279151	1637.565771	1.274105	690.589186	0.512944	2973.205095	2.359401	10001
W514	2840.584597	0.632787	5466.477793	4.044332	2305.306154	1.619802	9925.072880	7.504676	10001
W515	2528.182587	0.603352	4865.285119	3.623563	2051.773034	1.452321	8833.532526	6.722003	10001
W516	1119.229202	0.359223	2153.867053	1.669427	908.322170	0.671846	3910.614529	3.091921	10001
W517	3276.284212	0.677643	6304.946844	4.635409	2658.902736	1.855257	11447.418117	8.603801	10001
W518	1459.972273	0.413042	2809.599832	2.135630	1184.855775	0.857788	5101.179251	3.958433	10001
W519	1645.681264	0.421357	3166.981928	2.376920	1335.569850	0.953446	5750.051063	4.407961	10001
W520	2097.001436	0.454970	4035.511490	2.978674	1701.843459	1.192690	7326.974912	5.527789	10001
W521	2041.066618	0.488547	3927.869407	2.926288	1656.448971	1.172892	7131.537272	5.428431	10001
W522	1638.816632	0.411912	3153.771493	2.361999	1329.998787	0.947249	5726.065870	4.380676	10001
W523	902.882544	0.326879	1737.525219	1.377820	732.743776	0.555704	3154.693952	2.549620	10001
W524	1803.515261	0.437087	3470.720827	2.589067	1463.661682	1.037874	6301.526954	4.802605	10001
W525	1235.944789	0.371593	2378.476863	1.824054	1003.043927	0.733302	4318.421680	3.379716	10001
W526	2063.861734	0.604539	3971.736784	3.034006	1674.948586	1.219242	7211.183972	5.622469	10001
W527	3335.054604	0.790917	6418.045760	4.776955	2706.598462	1.914468	11652.763320	8.861878	10001
W528	2594.112912	0.591537	4992.162754	3.701412	2105.279479	1.482807	9063.894712	6.867720	10001
W529	830.443027	0.332441	1598.121165	1.296348	673.954729	0.523925	2901.588488	2.396872	10001
W530	1026.083573	0.286836	1974.615742	1.498481	832.728860	0.601772	3585.161396	2.777650	10001
W531	2378.940130	0.610358	4578.079949	3.436820	1930.653756	1.378636	8312.075685	6.373467	10001
W532	1561.613648	0.426285	3005.200526	2.273367	1267.343897	0.912660	5456.316730	4.214556	10001
W533	1495.580500	0.429994	2878.125016	2.192678	1213.754005	0.880906	5225.595278	4.063801	10001
W534	2205.149173	0.624409	4243.633158	3.226058	1789.611886	1.295781	7704.845783	5.979535	10001
W535	1199.852021	0.381158	2309.019218	1.786555	973.752463	0.718860	4192.312653	3.309079	10001
W536	1450.297812	0.389671	2790.982107	2.107021	1177.004365	0.845700	5067.376447	3.906494	10001
W537	1977.005516	0.437899	3804.588942	2.813345	1604.459514	1.126714	6907.706197	5.220567	10001
W538	1662.586846	0.416124	3199.515367	2.395122	1349.289752	0.960485	5809.119584	4.442196	10001
W539	3215.610184	0.656127	6188.184529	4.544741	2609.662093	1.818756	11235.421559	8.435898	10001
W540	1009.624597	0.364553	1942.941761	1.539859	819.371407	0.621026	3527.653328	2.849527	10001
W541	3192.604042	0.697490	6143.911050	4.537649	2590.991218	1.817038	11155.037530	8.420700	10001
W542	3312.371802	0.685835	6374.394523	4.686861	2688.189997	1.875868	11573.509049	8.699270	10001
W543	2851.973666	0.653765	5488.395144	4.071374	2314.549072	1.631103	9964.866567	7.553999	10001
W544	2416.805313	0.570899	4650.948466	3.460325	1961.383642	1.386741	8444.377574	6.419464	10001
W545	1471.360041	0.459934	2831.514681	2.184959	1194.097638	0.878934	5140.968396	4.047433	10001
W546	2143.654184	0.493138	4125.290972	3.061241	1739.704985	1.226462	7489.980769	5.679724	10001
W547	2404.513381	0.557682	4627.293625	3.436475	1951.407995	1.376914	8401.429257	6.375708	10001
W548	2211.677294	0.544882	4256.196004	3.180601	1794.909851	1.275240	7727.655197	5.899439	10001
W549	2049.766507	0.516315	3944.611649	2.955013	1663.509458	1.185101	7161.934902	5.480452	10001
W550	2322.271904	0.537877	4469.026482	3.318499	1884.664064	1.329625	8114.075502	6.156861	10001
W551	1904.875109	0.483057	3665.779746	2.748234	1545.921328	1.102262	6655.680773	5.096793	10001
W552	1627.798719	0.430880	3132.568400	2.360486	1321.057084	0.947250	5687.569007	4.376765	10001
W553	2859.157060	0.627268	5502.219012	4.065218	2320.378831	1.627926	9989.965525	7.543873	10001
W554	1313.638351	0.360581	2527.991908	1.913753	1066.096950	0.768348	4589.884909	3.547768	10001
W555	2019.224565	0.487851	3885.836125	2.897787	1638.722825	1.161589	7055.220601	5.375340	10001
W556	708.091152	0.242007	1362.664770	1.068238	574.658784	0.430376	2474.088008	1.977602	10001
W557	608.642831	0.213156	1171.284433	0.922562	493.950458	0.371853	2126.613114	1.707609	10001
W558	1215.171424	0.282253	2338.500185	1.736946	986.185085	0.695964	4245.839029	3.222544	10001
W559	1463.635698	0.393411	2816.649801	2.126506	1187.828867	0.853526	5113.979351	3.942612	10001
W560	1241.165913	0.334534	2388.524498	1.803912	1007.281184	0.724071	4336.664414	3.344465	10001
W563	40.660889	0.060203	78.248629	0.128337	32.998770	0.053579	142.070154	0.234064	10001
W564	1734.019200	0.474138	3336.981218	2.524901	1407.261427	1.013663	6058.705997	4.680828	10001
W565	1504.475267	0.403495	2895.242285	2.185230	1220.972646	0.877070	5256.673816	4.051534	10001
W566	815.298114	0.313498	1568.975991	1.260658	661.663716	0.509066	2848.671786	2.331682	10001
W567	2259.121363	0.567174	4347.498320	3.255614	1833.413582	1.305605	7893.425951	6.038050	10001
W568	1047.796558	0.333840	2016.400646	1.560927	850.350261	0.628105	3661.027105	2.891112	10001
W569	2011.463667	0.573402	3870.900897	2.945461	1632.424387	1.183190	7028.103830	5.459239	10001
W570	1227.617561	0.425852	2362.451779	1.857309	996.285877	0.748485	4289.326138	3.438015	10001
W571	2475.525263	0.608650	4763.950312	3.559256	2009.038432	1.427026	8649.546533	6.601837	10001
W572	1963.642517	0.579177	3778.872919	2.889634	1593.614632	1.161345	6861.015548	5.354706	10001
W573	1950.432707	0.430694	3753.451697	2.774772	1582.894073	1.111233	6814.860145	5.149049	10001
W574	1309.331938	0.349816	2519.704560	1.900870	1062.602035	0.762901	4574.838194	3.524387	10001
W575	1360.088794	0.473326	2617.382068	2.059022	1103.794293	0.829824	4752.183904	3.811311	10001
W576	2381.648998	0.525561	4583.292950	3.388035	1932.852166	1.356822	8321.540539	6.287077	10001
W577	3579.226802	0.889448	6887.935620	5.152137	2904.758965	2.065921	12505.907022	9.555905	10001
W578	1393.646679	0.461335	2681.961533	2.090074	1131.028546	0.841578	4869.435986	3.870180	10001
W579	1551.344225	0.462281	2985.437843	2.286421	1259.009639	0.919056	5420.435112	4.236648	10001
W580	1613.695348	0.438167	3105.427591	2.347569	1309.611345	0.942382	5638.291480	4.352239	10001
W581	1050.040224	0.300135	2020.718401	1.538192	852.171131	0.617915	3668.866528	2.850906	10001
W582	2817.582748	0.681644	5422.212575	4.044075	2286.638763	1.621108	9844.703850	7.501640	10001
W583	3062.491395	0.649930	5893.519671	4.341970	2485.396938	1.738211	10700.420722	8.058426	10001
W584	1123.747793	0.351426	2162.562721	1.668877	911.989280	0.671337	3926.402599	3.091429	10001
W585	1795.997637	0.444553	3456.253762	2.584137	1457.560676	1.036148	6275.260190	4.793004	10001
W586	2126.811077	0.562811	4092.877759	3.084002	1726.035785	1.237589	7431.130535	5.718300	10001
W587	1541.256115	0.429686	2966.024083	2.250009	1250.822528	0.903543	5385.187008	4.170778	10001
W588	1314.167160	0.402324	2529.009558	1.944981	1066.526110	0.782138	4591.732579	3.603374	10001
W589	2092.732610	0.479219	4027.296477	2.987210	1698.379048	1.196745	7312.059529	5.542472	10001
W590	1463.711188	0.363398	2816.795075	2.106731	1187.890131	0.844755	5114.243113	3.907467	10001
W591	2488.318746	0.619465	4788.570345	3.582535	2019.421116	1.436567	8694.247277	6.644636	10001
W592	1057.988438	0.296397	2036.014102	1.545530	858.621587	0.620685	3696.637783	2.864828	10001
W593	1095.270117	0.362226	2107.759712	1.642318	888.877925	0.661276	3826.900894	3.041092	10001
W594	2633.868715	0.713273	5068.669616	3.830382	2137.543716	1.537571	9202.802471	7.101377	10001
W597	1851.245966	0.565988	3562.574751	2.739282	1502.398036	1.101528	6468.299220	5.074980	10001
W598	1027.027816	0.335695	1976.432863	1.536770	833.495171	0.618652	3588.460604	2.845878	10001
W599	2009.285726	0.541396	3866.709624	2.920181	1630.656856	1.172125	7020.494052	5.414044	10001
W600	1429.085750	0.439055	2750.161191	2.116250	1159.789495	0.851058	4993.260978	3.920589	10001
W601	1820.591588	0.487734	3503.582852	2.644014	1477.520154	1.061194	6361.192063	4.902173	10001
W602	1114.215591	0.418469	2144.218761	1.713762	904.253322	0.691700	3893.096850	3.170347	10001
W603	2640.600072	0.684939	5081.623575	3.819759	2143.006620	1.532454	9226.322000	7.083235	10001
W604	1442.408223	0.457934	2775.799223	2.147498	1170.601487	0.864085	5039.810026	3.977638	10001
W605	1978.491191	0.569448	3807.448004	2.901120	1605.665229	1.165540	6912.897182	5.376760	10001
W606	1995.756459	0.491271	3840.673632	2.869823	1619.677038	1.150624	6973.222456	5.323023	10001
W607	2397.383426	0.504032	4613.572597	3.396367	1945.621605	1.359545	8376.517017	6.303653	10001
W608	2825.999434	0.619933	5438.409813	4.018040	2293.469412	1.609031	9874.111957	7.456325	10001
W609	2326.482174	0.540245	4477.128811	3.325353	1888.080953	1.332407	8128.786291	6.169510	10001
W610	2248.371889	0.561314	4326.811816	3.238089	1824.689733	1.298490	7855.867020	6.005703	10001
W611	3031.515788	0.633151	5833.909594	4.292437	2460.258360	1.718135	10592.191185	7.966943	10001
W612	2629.568450	0.715408	5060.394101	3.826408	2134.053792	1.536070	9187.777241	7.093836	10001
W613	2468.554775	0.652865	4750.536165	3.579294	2003.381459	1.436335	8625.191475	6.636681	10001
W614	1946.883791	0.489025	3746.622093	2.805805	1580.013913	1.125223	6802.460146	5.203795	10001
W615	745.481762	0.295266	1434.620008	1.160728	605.003525	0.469006	2604.731725	2.146316	10001
W616	2138.802284	0.514955	4115.953878	3.068280	1735.767374	1.229885	7473.028111	5.691689	10001
W617	2439.534413	0.579397	4694.688800	3.494784	1979.829681	1.400633	8523.793612	6.483242	10001
W618	2261.962404	0.541764	4352.965675	3.243200	1835.719258	1.299923	7903.352617	6.016304	10001
W619	1823.126168	0.416337	3508.460448	2.601689	1479.577119	1.042267	6370.047947	4.827231	10001
W620	2137.071063	0.532591	4112.622282	3.077193	1734.362384	1.233945	7466.979181	5.707336	10001
W621	1497.294770	0.443972	2881.423991	2.205116	1215.145238	0.886308	5231.584979	4.086113	10001
W622	2695.519970	0.658746	5187.312524	3.873038	2187.577438	1.552723	9418.213482	7.184046	10001
W623	1983.742982	0.523404	3817.554657	2.875501	1609.927375	1.153875	6931.247071	5.331781	10001
W624	2630.334147	0.566831	5061.867622	3.734071	2134.675201	1.495063	9190.452602	6.929820	10001
W625	1063.821876	0.353498	2047.240088	1.596531	863.355776	0.642894	3717.019962	2.956210	10001
W626	933.937096	0.255794	1797.287220	1.360199	757.946423	0.546087	3263.199326	2.521604	10001
W627	2035.624520	0.518688	3917.396527	2.938486	1652.032380	1.178636	7112.522450	5.449502	10001
W628	12.035924	0.034204	23.162172	0.067822	9.767880	0.028512	42.053815	0.123314	10001
W629	2398.415799	0.669365	4615.559318	3.501841	1946.459439	1.406266	8380.124157	6.491225	10001
W630	1487.674688	0.446144	2862.910914	2.194712	1207.337960	0.882279	5197.972177	4.066557	10001
W631	1237.161838	0.404566	2380.818976	1.851350	1004.031635	0.745297	4322.674078	3.428425	10001
W632	1054.842913	0.294979	2029.960792	1.540554	856.068804	0.618672	3685.647243	2.855633	10001
W633	969.031502	0.330148	1864.823596	1.461024	786.427655	0.588590	3385.820048	2.704819	10001
W634	1420.320025	0.391426	2733.292254	2.070262	1152.675579	0.831230	4962.633316	3.837827	10001
W635	1091.775898	0.315117	2101.035367	1.601546	886.042154	0.643455	3814.692006	2.968160	10001
W636	711.343354	0.229763	1368.923372	1.062191	577.298142	0.427516	2485.451282	1.967186	10001
W637	2119.719037	0.508510	4079.229697	3.039756	1720.280166	1.218402	7406.350774	5.638865	10001
W638	1615.183050	0.409116	3108.290555	2.329974	1310.818706	0.934493	5643.489548	4.321123	10001
W639	2883.786012	0.658396	5549.615459	4.115209	2340.366714	1.648597	10076.019691	7.635455	10001
W640	2756.435029	0.642187	5304.538681	3.941170	2237.013691	1.579208	9631.052205	7.311935	10001
W641	4037.773199	0.780382	7770.371475	5.684044	3276.897091	2.273687	14108.079482	10.552484	10001
W642	2117.103332	0.629858	4074.195981	3.119498	1718.157363	1.253892	7397.211435	5.780363	10001
W643	3528.167398	0.731834	6789.675882	4.992917	2863.321171	1.998395	12327.504201	9.267283	10001
W644	2271.082870	0.554078	4370.517282	3.262596	1843.121068	1.307968	7935.219749	6.051791	10001
W645	4180.496547	0.933922	8045.031139	5.953592	3392.725718	2.384550	14606.758392	11.047383	10001
W646	4302.588385	1.072045	8279.987113	6.195202	3491.810627	2.484250	15033.350295	11.490384	10001
W647	3914.779519	0.956664	7533.679978	5.624889	3177.080284	2.255050	13678.336521	10.433534	10001
W648	2485.624274	0.635220	4783.385050	3.589298	2017.234389	1.439731	8684.832726	6.656357	10001
W649	3254.097446	0.735050	6262.250187	4.638995	2640.896833	1.858229	11369.897007	8.607668	10001
W650	2629.122446	0.654263	5059.535801	3.785092	2133.691832	1.517784	9186.218890	7.020338	10001
W651	2347.133534	0.504862	4516.870702	3.331506	1904.840780	1.333859	8200.942654	6.182767	10001
W652	1400.447209	0.442029	2695.048609	2.082990	1136.547587	0.838048	4893.197205	3.858302	10001
W653	1387.962086	0.438126	2671.021990	2.064450	1126.415155	0.830590	4849.573878	3.823958	10001
W654	3224.034729	0.721010	6204.396892	4.591903	2616.499121	1.839182	11264.857128	8.520622	10001
W655	3115.504593	0.765775	5995.539329	4.479262	2528.420353	1.795881	10885.650147	8.308309	10001
W656	1446.710288	0.427106	2784.078204	2.129229	1174.092873	0.855750	5054.841549	3.945597	10001
W657	1373.672466	0.356181	2643.522758	1.986997	1114.818264	0.797162	4799.645591	3.684629	10001
W658	1465.134457	0.381165	2819.534042	2.120139	1189.045200	0.850613	5119.216050	3.931459	10001
W659	1344.389549	0.415289	2587.170128	1.992565	1091.053407	0.801387	4697.330355	3.691321	10001
W660	1731.122949	0.460235	3331.407615	2.511676	1404.910944	1.007979	6048.586425	4.656994	10001
W661	920.652801	0.303651	1771.722658	1.379812	747.165415	0.555552	3216.783671	2.555055	10001
W662	2140.833393	0.604229	4119.862585	3.130557	1737.415742	1.257364	7480.124856	5.802629	10001
W663	322.903771	0.194157	621.402473	0.576025	262.055934	0.235212	1128.233767	1.060572	10001
W664	880.947592	0.308786	1695.313159	1.335540	714.942237	0.538319	3078.052687	2.471993	10001
W665	2924.910343	0.890857	5628.755944	4.325392	2373.741596	1.739235	10219.709123	8.013705	10001
W666	2023.249587	0.585034	3893.581957	2.968720	1641.989373	1.192779	7069.284126	5.501899	10001
W667	1590.692868	0.513610	3061.161159	2.375107	1290.943442	0.955938	5557.920245	4.398724	10001
W668	1467.978215	0.435591	2825.006627	2.162173	1191.353081	0.869057	5129.152210	4.006522	10001
W669	2257.975024	0.495030	4345.292282	3.210246	1832.483258	1.285541	7889.420613	5.957306	10001
W670	1811.198008	0.451663	3485.505658	2.608148	1469.896696	1.045867	6328.370661	4.837373	10001
W671	1993.139726	0.486835	3835.637940	2.863665	1617.553401	1.148053	6964.079529	5.311786	10001
W672	1042.337757	0.312593	2005.895619	1.537725	845.920113	0.618169	3641.953916	2.849233	10001
W673	1683.496723	0.444389	3239.754753	2.440421	1366.259382	0.979293	5882.179211	4.525042	10001
W674	2451.653707	0.639263	4718.011411	3.548658	1989.665220	1.423784	8566.138723	6.580344	10001
W675	2802.533077	0.603617	5393.250687	3.978347	2274.425045	1.592860	9792.119927	7.383169	10001
W676	2212.980489	0.525756	4258.703898	3.170334	1795.967472	1.270605	7732.208593	5.881339	10001
W677	2816.388150	0.664616	5419.913667	4.032027	2285.669274	1.615835	9840.529895	7.480096	10001
W678	2147.757797	0.570654	4133.188046	3.115934	1743.035314	1.250468	7504.318894	5.777389	10001
W679	3502.012038	0.861179	6739.341984	5.035211	2842.094515	2.018790	12236.116726	9.339485	10001
W680	3044.362176	0.811128	5858.631440	4.418240	2470.683981	1.773166	10637.076783	8.191935	10001
W681	3400.770753	0.799292	6544.511230	4.866681	2759.931090	1.950238	11882.377170	9.028674	10001
W682	2248.977348	0.543776	4327.976974	3.227764	1825.181100	1.293873	7857.982511	5.987422	10001
W683	2635.656407	0.597616	5072.109887	3.758684	2138.994537	1.505663	9209.048712	6.974143	10001
W684	2990.450590	0.712149	5754.882905	4.285178	2426.931469	1.717456	10448.708367	7.949425	10001
W685	1232.255288	0.364508	2371.376714	1.814131	1000.049674	0.729132	4305.530473	3.361661	10001
W686	1701.660519	0.471778	3274.709526	2.482323	1381.000401	0.996758	5945.643966	4.601551	10001
W687	1733.770786	0.467457	3336.503165	2.519968	1407.059824	1.011493	6057.838032	4.672030	10001
W688	1983.142400	0.517650	3816.398885	2.870876	1609.439966	1.151862	6929.148622	5.323492	10001
W689	2184.987618	0.552514	4204.833859	3.151338	1773.249565	1.263895	7634.400811	5.844456	10001
W690	1356.211203	0.398885	2609.919955	1.994919	1100.647393	0.801725	4738.635506	3.696795	10001
W691	2286.272158	0.577642	4399.747852	3.297104	1855.448094	1.322344	7988.291499	6.114816	10001
W692	2506.159743	0.625482	4822.903917	3.609231	2033.900164	1.447315	8756.584163	6.694073	10001
W693	1198.738849	0.424575	2306.877009	1.821102	972.849057	0.734180	4188.423205	3.370469	10001
W694	1252.809168	0.381098	2410.931012	1.852305	1016.730390	0.744795	4377.346238	3.431814	10001
W695	2467.084339	0.681456	4747.706428	3.597117	2002.188111	1.444321	8620.053733	6.668210	10001
W696	476.789739	0.206156	917.543707	0.759235	386.943702	0.307379	1665.915148	1.402804	10001
W697	801.337386	0.326658	1542.109687	1.256524	650.333741	0.508031	2799.892656	2.322871	10001
W698	1203.977142	0.352688	2316.957685	1.769939	977.100248	0.711266	4206.725930	3.279962	10001
W699	1478.875325	0.496547	2845.977244	2.223648	1200.196745	0.895587	5167.226985	4.117107	10001
W700	819.154693	0.300839	1576.397670	1.253825	664.793563	0.505836	2862.146770	2.319910	10001
W701	3426.998967	0.968007	6594.985330	5.011879	2781.216872	2.013005	11974.019199	9.289701	10001
W702	2216.616975	0.641442	4265.702024	3.252810	1798.918701	1.306936	7744.914565	6.028373	10001
W703	1843.002487	0.466807	3546.710834	2.658605	1495.707954	1.066298	6439.496298	4.930596	10001
W704	792.715417	0.327785	1525.517399	1.247498	643.336492	0.504541	2769.767286	2.305891	10001
W705	2927.020934	0.611083	5632.817607	4.144346	2375.454467	1.658853	10227.083578	7.692090	10001
W706	1086.176314	0.365287	2090.259416	1.633673	881.497754	0.657990	3795.126922	3.024727	10001
W707	2676.957228	0.629406	5151.590012	3.831008	2172.512651	1.535216	9353.354803	7.107281	10001
W708	2023.655180	0.540678	3894.362488	2.937926	1642.318537	1.179116	7070.701277	5.447180	10001
W709	2541.629520	0.635267	4891.162665	3.660911	2062.686033	1.468064	8880.516442	6.789878	10001
W710	3280.907478	0.760400	6313.843949	4.688671	2662.654796	1.878624	11463.571923	8.698937	10001
W711	2291.781567	0.551800	4410.350268	3.287749	1859.919312	1.317856	8007.541509	6.098805	10001
W712	2934.199838	0.708598	5646.632834	4.210671	2381.280582	1.687856	10252.166847	7.810731	10001
W713	2827.412145	0.677849	5441.128463	4.054346	2294.615913	1.625061	9879.048007	7.520991	10001
W714	3232.603730	0.776619	6220.887250	4.636376	2623.453383	1.858393	11294.797431	8.600604	10001
W715	1896.941220	0.534019	3650.511611	2.772931	1539.482497	1.113686	6627.959568	5.139826	10001
W716	2821.172665	0.611081	5429.121082	4.006749	2289.552197	1.604317	9857.247108	7.435725	10001
W717	4329.065032	0.979220	8330.939302	6.172248	3513.298027	2.472434	15125.860355	11.452558	10001
W718	2550.781820	0.596743	4908.775533	3.648618	2070.113677	1.462048	8912.494803	6.769055	10001
W719	2627.249806	0.729556	5055.932056	3.833359	2132.172072	1.539290	9179.675840	7.105942	10001
W720	1277.868954	0.369402	2459.156564	1.874947	1037.067921	0.753317	4464.905749	3.474826	10001
W721	1760.256412	0.497751	3387.472632	2.574706	1428.554510	1.034139	6150.379463	4.772283	10001
W722	2560.583575	0.625542	4927.638228	3.679012	2078.068395	1.474931	8946.742380	6.824161	10001
W723	1818.445927	0.492282	3499.453700	2.644413	1475.778821	1.061501	6353.695071	4.902647	10001
W724	2113.488080	0.513914	4067.238717	3.035120	1715.223367	1.216728	7384.579654	5.629931	10001
W725	1719.948491	0.451569	3309.903263	2.491619	1395.842195	0.999769	6009.542590	4.620099	10001
W726	1966.740954	0.562497	3784.835615	2.881304	1596.129201	1.157472	6871.841565	5.340227	10001
W727	2137.757312	0.673832	4113.942913	3.178926	1734.919316	1.278947	7469.376952	5.888346	10001
W728	2743.899043	0.841455	5280.414180	4.062093	2226.839981	1.633539	9587.251161	7.525566	10001
W729	1271.036067	0.421695	2446.007219	1.906968	1031.522620	0.767880	4441.031471	3.531068	10001
W730	1988.672525	0.492741	3827.041168	2.861680	1613.927997	1.147446	6948.471017	5.307760	10001
W731	1189.092673	0.319972	2288.313715	1.727868	965.020602	0.693533	4154.719228	3.203506	10001
W732	1348.450768	0.388285	2594.985619	1.977400	1094.349331	0.794436	4711.520354	3.664784	10001
W733	2567.628046	0.706796	4941.194748	3.742010	2083.785409	1.502428	8971.355935	6.936936	10001
W734	1370.567354	0.395902	2637.547219	2.010742	1112.298278	0.807868	4788.796252	3.726510	10001
W735	1575.295745	0.458910	3031.530628	2.313928	1278.447746	0.929797	5504.122317	4.288194	10001
W736	2161.835001	0.621471	4160.278500	3.169420	1754.459817	1.273308	7553.504994	5.874052	10001
W737	2343.842733	0.631682	4510.537817	3.406504	1902.170096	1.367333	8189.444513	6.315684	10001
W738	2231.131329	0.535077	4293.633738	3.199426	1810.697977	1.282397	7795.628078	5.935067	10001
W739	1756.953501	0.421658	3381.116446	2.519644	1425.873999	1.009934	6138.839013	4.674029	10001
W740	2680.423386	0.586387	5158.260355	3.810138	2175.325647	1.525737	9365.465643	7.070593	10001
W741	1603.179030	0.502182	3085.189779	2.381523	1301.076718	0.958037	5601.547205	4.411490	10001
W742	2765.281419	0.625963	5321.562851	3.942926	2244.193072	1.579441	9661.961711	7.316048	10001
W743	1315.513335	0.397935	2531.600164	1.943314	1067.618613	0.781321	4596.436147	3.600554	10001
W744	2194.805180	0.521448	4223.726970	3.144302	1781.217110	1.260172	7668.703614	5.833046	10001
W745	2306.020653	0.587894	4437.752250	3.329012	1871.475191	1.335286	8057.293229	6.173729	10001
W746	2716.007244	0.603410	5226.738644	3.866023	2204.204100	1.548346	9489.796525	7.173879	10001
W747	2709.716060	0.657408	5214.631762	3.890417	2199.098423	1.559562	9467.814970	7.216517	10001
W748	2906.510068	0.703783	5593.346087	4.172103	2358.808660	1.672446	10155.418106	7.739097	10001
W749	2725.243823	0.601168	5244.513700	3.876696	2211.700141	1.552513	9522.069359	7.193881	10001
W750	2154.898318	0.520474	4146.929408	3.092394	1748.830279	1.239594	7529.268052	5.736341	10001
W751	2137.710455	0.575709	4113.852740	3.106627	1734.881289	1.246953	7469.213233	5.759731	10001
W752	1752.765492	0.529108	3373.056958	2.588407	1422.475176	1.040650	6124.206006	4.795837	10001
W753	1781.914882	0.474578	3429.152626	2.585940	1446.131669	1.037806	6226.054695	4.794645	10001
W754	1440.339702	0.403156	2771.818521	2.103823	1168.922757	0.844886	5032.582564	3.899710	10001
W755	1485.664365	0.471973	2859.042208	2.212140	1205.706461	0.890104	5190.948057	4.097352	10001
W756	2953.105935	0.679857	5683.016105	4.217480	2396.624023	1.689713	10318.225218	7.824947	10001
W757	1734.267732	0.445590	3337.459499	2.505889	1407.463126	1.005222	6059.574375	4.647053	10001
W758	1850.355120	0.497948	3560.860389	2.688772	1501.675060	1.079222	6465.186582	4.985042	10001
W759	1616.490885	0.446957	3110.807378	2.357231	1311.880093	0.946493	5648.059155	4.369728	10001
W760	1062.487974	0.382935	2044.673101	1.619866	862.273234	0.653269	3712.359276	2.997625	10001
W761	842.038792	0.284800	1620.436287	1.267818	683.365393	0.510688	2942.104378	2.347256	10001
W762	2045.978902	0.609001	3937.322707	3.014925	1660.435588	1.211867	7148.700918	5.586573	10001
W763	1329.728418	0.420680	2558.955953	1.978570	1079.155012	0.796067	4646.103998	3.664830	10001
W764	1552.226482	0.429326	2987.135677	2.263615	1259.725644	0.908908	5423.517742	4.196180	10001
W765	1518.880019	0.412012	2922.963077	2.209351	1232.662973	0.886885	5307.004376	4.096013	10001
W766	3288.986168	0.943009	6329.390740	4.820107	2669.211141	1.936395	11491.799063	8.933491	10001
W767	1942.956414	0.507590	3739.064170	2.812988	1576.826609	1.128648	6788.737793	5.216128	10001
W768	2287.629397	0.618303	4402.359750	3.326022	1856.549575	1.335079	7993.033725	6.166377	10001
W769	2268.918780	0.585208	4366.352664	3.279903	1841.364778	1.315776	7927.658366	6.082313	10001
W770	1197.702809	0.387437	2304.883232	1.788897	972.008248	0.720022	4184.803255	3.313016	10001
W771	1409.967556	0.385146	2713.369755	2.052782	1144.273924	0.824112	4926.461533	3.805603	10001
W772	2266.078974	0.556162	4360.887684	3.257491	1839.060104	1.306011	7917.736014	6.042161	10001
W773	1695.730268	0.430764	3263.297232	2.446978	1376.187643	0.981454	5924.923521	4.538054	10001
W774	3285.854608	0.686575	6323.364303	4.652731	2666.669690	1.862357	11480.857315	8.635650	10001
W775	3214.223032	0.668834	6185.515067	4.549789	2608.536336	1.821086	11230.574818	8.444707	10001
W776	2864.664906	0.600506	5512.818421	4.057392	2324.848781	1.624106	10009.210075	7.530593	10001
W777	2950.075677	0.701002	5677.184616	4.226381	2394.164786	1.693850	10307.637423	7.840424	10001
W778	3199.673930	0.719373	6157.516483	4.559428	2596.728859	1.826271	11179.739893	8.460187	10001
W779	2659.548937	0.674859	5118.089149	3.837307	2158.384770	1.539079	9292.529803	7.116533	10001
W780	2863.656978	0.669777	5510.878744	4.096054	2324.030786	1.641337	10005.688350	7.599163	10001
W781	2548.071508	0.637527	4903.559755	3.670608	2067.914095	1.471970	8903.024906	6.807830	10001
W782	4382.757714	0.998557	8434.266573	6.253040	3556.872885	2.504982	15313.463915	11.602134	10001
W783	3134.609245	0.688933	6032.304703	4.457569	2543.924933	1.785074	10952.402275	8.271906	10001
W784	1308.630902	0.519239	2518.355473	2.038432	1062.033102	0.823684	4572.388758	3.769232	10001
W785	3004.223962	0.671960	5781.388658	4.278896	2438.109393	1.713817	10496.832869	7.939808	10001
W786	3465.737763	0.878575	6669.535044	4.999953	2812.655747	2.005373	12109.373512	9.272778	10001
W787	2984.846919	0.680695	5744.099089	4.258965	2422.383751	1.706167	10429.129001	7.902220	10001
W788	3607.853204	0.787439	6943.024841	5.127404	2927.991021	2.053179	12605.928381	9.515168	10001
W789	3675.858716	0.845962	7073.896007	5.249510	2983.181606	2.103183	12843.541321	9.739749	10001
W790	2640.582739	0.620989	5081.590218	3.779034	2142.992553	1.514392	9226.261438	7.010853	10001
W791	2305.494330	0.617650	4436.739384	3.348237	1871.048049	1.343839	8055.454244	6.207849	10001
W792	1530.594207	0.427805	2945.506095	2.235217	1242.169745	0.897635	5347.934039	4.143300	10001
W793	1705.542989	0.470271	3282.181028	2.486173	1384.151260	0.998228	5959.209411	4.608824	10001
W794	2838.262733	0.700439	5462.009550	4.082444	2303.421820	1.636860	9916.960227	7.572137	10001
W795	3016.949675	0.700036	5805.878275	4.311942	2448.437079	1.727700	10541.296827	7.999951	10001
W796	3369.922425	0.848892	6485.146092	4.858223	2734.895807	1.948379	11774.592350	9.010198	10001
W797	1784.892629	0.497997	3434.883062	2.605958	1448.548290	1.046494	6236.459017	4.830568	10001
W798	1351.153791	0.358207	2600.187370	1.959697	1096.542998	0.786431	4720.964783	3.633600	10001
W799	1446.306872	0.405024	2783.301862	2.112680	1173.765477	0.848448	5053.432004	3.916117	10001
W800	878.064713	0.276478	1689.765289	1.305486	712.602606	0.525215	3067.979836	2.418177	10001
W801	1464.837912	0.419768	2818.963365	2.146600	1188.804535	0.862353	5118.179914	3.978478	10001
W802	1057.498685	0.346161	2035.071613	1.582774	858.224124	0.637188	3694.926575	2.931042	10001
W803	1661.339516	0.481051	3197.114980	2.438174	1348.277468	0.979635	5804.761381	4.518607	10001
W804	1827.386711	0.539828	3516.659524	2.689748	1483.034808	1.081036	6384.934393	4.984256	10001
W805	1839.942745	0.442643	3540.822606	2.639321	1493.224788	1.057932	6428.805485	4.895983	10001
W806	2583.026840	0.593661	4970.828496	3.688357	2096.282461	1.477696	9025.159704	6.843280	10001
W807	1404.561643	0.390797	2702.966508	2.049904	1139.886699	0.823164	4907.573139	3.799890	10001
W808	1072.538092	0.328626	2064.013749	1.587578	870.429512	0.638424	3747.474638	2.941215	10001
W809	2090.472888	0.577954	4022.947822	3.048370	1696.545147	1.224002	7304.164005	5.650933	10001
W810	2525.003744	0.574179	4859.167690	3.601858	2049.193210	1.442884	8822.425569	6.683079	10001
W811	2246.284418	0.553767	4322.794646	3.230597	1822.995625	1.295295	7848.573347	5.992155	10001
W812	3352.610127	0.748858	6451.829960	4.774503	2720.845831	1.912295	11714.102753	8.859492	10001
W813	3723.603616	1.011970	7165.777247	5.417639	3021.929478	2.174822	13010.363182	10.043901	10001
W814	2514.340479	0.569790	4838.647089	3.585489	2040.539326	1.436276	8785.167857	6.652799	10001
W815	2730.967814	0.637503	5255.529063	3.905511	2216.345506	1.564952	9542.069125	7.245719	10001
W816	2701.510911	0.643837	5198.841609	3.871447	2192.439448	1.551650	9439.145977	7.181889	10001
W817	3243.487322	0.755482	6241.831851	4.637454	2632.286076	1.858201	11332.824969	8.603738	10001
W818	1834.953056	0.554508	3531.220349	2.710225	1489.175354	1.089644	6411.371389	5.021510	10001
W819	3680.133568	0.810186	7082.122619	5.234108	2986.650907	2.096080	12858.477761	9.712867	10001
W820	3768.096637	0.852864	7251.400506	5.372749	3058.038255	2.152191	13165.822899	9.969070	10001
W821	3078.619551	0.734777	5924.557016	4.412526	2498.485911	1.768539	10756.772897	8.185588	10001
W822	2926.280976	0.682266	5631.393618	4.184324	2374.853947	1.676652	10224.498149	7.763027	10001
W823	1387.641052	0.474073	2670.404184	2.093263	1126.154616	0.843337	4848.452175	3.875215	10001
W824	2143.556044	0.532288	4125.102109	3.085303	1739.625338	1.237144	7489.637866	5.722473	10001
W825	2295.472912	0.635636	4417.453967	3.348011	1862.915062	1.344346	8020.439162	6.206342	10001
W826	1621.127427	0.486234	3119.730032	2.391641	1315.642927	0.961447	5664.259348	4.431441	10001
W827	1648.921032	0.485679	3173.216603	2.426002	1338.199118	0.974991	5761.370893	4.495599	10001
W828	2449.417963	0.646976	4713.708901	3.550988	1987.850779	1.424953	8558.326979	6.584238	10001
W829	2486.110015	0.614451	4784.319819	3.576505	2017.628597	1.434028	8686.529916	6.633674	10001
W830	2155.990646	0.590339	4149.031506	3.139904	1749.716770	1.260590	7533.084673	5.820917	10001
W831	1577.345859	0.473173	3035.475909	2.327104	1280.111538	0.935505	5511.285467	4.311857	10001
W832	1876.626590	0.458670	3611.417730	2.696448	1522.995946	1.081023	6556.979745	5.001603	10001
W833	2384.171343	0.587341	4588.147001	3.428640	1934.899202	1.374688	8330.353675	6.359508	10001
W834	1186.428541	0.398011	2283.186805	1.783638	962.858497	0.718359	4145.410682	3.302444	10001
W835	5.819089	0.021795	11.198372	0.042680	4.722543	0.017966	20.332041	0.077556	10001
W836	1637.649043	0.460526	3151.524562	2.393545	1329.051218	0.961299	5721.986285	4.436633	10001
W837	2350.320500	0.633040	4523.003761	3.415653	1907.427195	1.370994	8212.077990	6.332665	10001
W838	2907.676508	0.776417	5595.590806	4.221032	2359.755296	1.694069	10159.493674	7.826199	10001
W839	2647.496568	0.576960	5094.895329	3.762069	2148.603544	1.506432	9250.418528	6.981489	10001
W840	1526.280311	0.448912	2937.204346	2.245088	1238.668758	0.902264	5332.861178	4.160384	10001
W841	1410.983422	0.431054	2715.324708	2.087574	1145.098361	0.839451	4930.010994	3.867599	10001
W842	3615.208684	0.830719	6957.179873	5.162129	2933.960438	2.068141	12631.628609	9.577686	10001
W843	3766.243681	0.843352	7247.834640	5.364788	3056.534469	2.148771	13159.348625	9.954718	10001
W844	3861.566083	0.765116	7431.274978	5.445659	3133.894363	2.178761	13492.407458	10.109140	10001
W845	2836.038653	0.672589	5457.729487	4.062201	2301.616845	1.628015	9909.189238	7.535913	10001
W846	3166.760911	0.775246	6094.178012	4.550979	2570.017954	1.824550	11064.740990	8.441484	10001
W847	2878.970869	0.740459	5540.349101	4.160399	2336.458934	1.668940	10059.195462	7.715227	10001
W848	2161.839172	0.542127	4160.286527	3.115019	1754.463202	1.249204	7553.519568	5.777325	10001
W849	2756.021767	0.652690	5303.743391	3.947023	2236.678304	1.581831	9629.608257	7.322288	10001
W850	2645.260859	0.684780	5090.592885	3.825593	2146.789130	1.534757	9242.606903	7.094123	10001
W851	3088.297887	0.729233	5943.182200	4.421577	2506.340466	1.771959	10790.589243	8.202756	10001
W852	3293.917033	0.805155	6338.879796	4.732946	2673.212836	1.897471	11509.027629	8.779071	10001
W853	1695.989780	0.486722	3263.796643	2.485852	1376.398253	0.998662	5925.830264	4.607204	10001
W854	3882.335650	0.777828	7471.244347	5.479445	3150.750122	2.192478	13564.976839	10.171497	10001
W855	2223.698402	0.560343	4279.329664	3.205899	1804.665707	1.285724	7769.657246	5.945742	10001
W856	2914.261937	0.672877	5608.263938	4.163178	2365.099770	1.668008	10182.503326	7.724106	10001
W857	3079.055421	0.820498	5925.395815	4.468676	2498.839647	1.793411	10758.295841	8.285443	10001
W858	3280.802573	0.763838	6313.642067	4.690604	2662.569659	1.879489	11463.205382	8.702361	10001
W859	2626.797581	0.634740	5055.061784	3.769775	2131.805064	1.511132	9178.095754	6.992857	10001
W860	2616.503296	0.685878	5035.251256	3.789698	2123.450629	1.520596	9142.127267	7.027123	10001
W861	2194.968088	0.615006	4224.040474	3.206511	1781.349320	1.287739	7669.272818	5.943654	10001
W862	1871.595175	0.527312	3601.735176	2.736186	1518.912649	1.098941	6539.399860	5.071694	10001
W863	1737.965958	0.546151	3344.576438	2.583116	1410.464459	1.039189	6072.496067	4.784818	10001
W864	3371.331130	0.876303	6487.857031	4.878008	2736.039056	1.957065	11779.514398	9.045524	10001
W865	2543.448773	0.789140	4894.663672	3.772404	2064.162467	1.517325	8886.872956	6.988361	10001
W866	2113.399428	0.536627	4067.068114	3.049530	1715.151420	1.223124	7384.269902	5.655532	10001
W867	1436.776392	0.430477	2764.961216	2.119321	1166.030916	0.851959	5020.132271	3.926888	10001
W868	1575.185940	0.548025	3031.319317	2.384522	1278.358632	0.961001	5503.738656	4.413830	10001
W869	2043.304471	0.601924	3932.175978	3.006306	1658.265125	1.208213	7139.356389	5.570949	10001
W870	2724.482588	0.732936	5243.048765	3.958807	2211.082354	1.588983	9519.409587	7.339726	10001
W871	1029.322658	0.452824	1980.849103	1.646936	835.357574	0.667038	3596.478840	3.042471	10001
W872	1995.468125	0.581454	3840.118757	2.931217	1619.443038	1.177844	6972.215012	5.432151	10001
W873	2945.358994	0.636700	5668.107736	4.182402	2390.336912	1.674617	10291.157213	7.761758	10001
W874	3119.227419	0.785381	6002.703610	4.496577	2531.441652	1.803332	10898.657795	8.339498	10001
W875	2504.046603	0.561328	4818.837347	3.567220	2032.185223	1.428802	8749.200798	6.619185	10001
W876	3682.354330	0.668917	7086.396296	5.162577	2988.453189	2.064149	12866.237156	9.586089	10001
W877	3318.563414	0.828188	6386.309785	4.779176	2693.214865	1.916466	11595.142695	8.863982	10001
W878	1594.971234	0.491042	3069.394531	2.362687	1294.415595	0.950195	5572.868961	4.377083	10001
W879	4354.739229	0.936570	8380.347240	6.181020	3534.134190	2.474737	15215.566635	11.471036	10001
W880	2408.879693	0.650787	4635.696244	3.502112	1954.951522	1.405754	8416.685261	6.492859	10001
W881	3660.393786	0.774038	7044.134986	5.188132	2970.630880	2.076885	12789.506473	9.628971	10001
W882	3607.370492	0.820010	6942.095900	5.145654	2927.599271	2.061312	12604.241773	9.547534	10001
W883	2421.094500	0.611695	4659.202662	3.491528	1964.864576	1.400319	8459.364097	6.475396	10001
W884	2676.897053	0.685557	5151.474210	3.866455	2172.463815	1.550943	9353.144550	7.170272	10001
W885	2486.700234	0.774251	4785.455648	3.690344	2018.107596	1.484404	8688.592156	6.836192	10001
W886	2416.247375	0.631653	4649.874758	3.498492	1960.930841	1.403702	8442.428123	6.487238	10001
W887	2820.305388	0.673333	5427.452076	4.042417	2288.848349	1.620205	9854.216819	7.498998	10001
W888	2646.841614	0.655903	5093.634923	3.808833	2148.072009	1.527228	9248.130102	7.064508	10001
W889	2551.460672	0.599707	4910.081930	3.651292	2070.664607	1.463193	8914.866730	6.773882	10001
W890	3409.668977	0.812532	6561.635151	4.886238	2767.152537	1.958369	11913.467785	9.064422	10001
W891	2150.433180	0.535950	4138.336606	3.096452	1745.206549	1.241668	7513.666748	5.743054	10001
W892	1648.496375	0.499892	3172.399384	2.436141	1337.854483	0.979502	5759.887130	4.513590	10001
W893	2464.346753	0.593021	4742.438164	3.535104	1999.966395	1.416997	8610.488542	6.557667	10001
W894	1575.306093	0.427889	3031.550542	2.291822	1278.456144	0.920007	5504.158475	4.248880	10001
W895	3368.074389	0.683746	6481.589694	4.758362	2733.396014	1.904162	11768.135265	8.832570	10001
W896	3189.893443	0.641517	6138.694719	4.503422	2588.791403	1.802000	11145.566630	8.359602	10001
W897	2869.995733	0.744455	5523.077171	4.151600	2329.175069	1.665586	10027.836117	7.698589	10001
W898	1488.851059	0.398004	2865.174746	2.161648	1208.292656	0.867569	5202.082445	4.007880	10001
W899	2395.333561	0.680871	4609.627796	3.506165	1943.958016	1.408366	8369.354740	6.498575	10001
W900	2625.341870	0.838063	5052.260386	3.912302	2130.623667	1.574329	9173.009465	7.246180	10001
W901	2114.485345	0.586874	4069.157874	3.084989	1716.032708	1.238772	7388.064123	5.718696	10001
W902	3784.858551	1.049089	7283.657469	5.521046	3071.641562	2.216926	13224.389443	10.234529	10001
W903	2852.208542	0.737214	5488.847144	4.124128	2314.739688	1.654492	9965.687229	7.647780	10001
W904	1556.115056	0.459654	2994.618926	2.290433	1262.881457	0.920546	5437.104515	4.244304	10001
W905	1475.687090	0.447261	2839.841741	2.180590	1197.609300	0.876745	5156.087213	4.040128	10001
W906	1522.894820	0.574267	2930.689240	2.344438	1235.921227	0.946328	5321.032188	4.336914	10001
W907	3190.808446	0.744577	6140.455569	4.562959	2589.533983	1.828387	11148.763673	8.465465	10001
W908	2299.640350	0.756424	4425.473868	3.444878	1866.297190	1.386943	8035.000292	6.379145	10001
W909	2607.221497	0.711199	5017.389177	3.795187	2115.917888	1.523591	9109.696432	7.035857	10001
W910	2083.608700	0.578762	4009.738241	3.040264	1690.974444	1.220826	7280.180362	5.635763	10001
W911	2835.375120	0.768604	5456.452570	4.123954	2301.078348	1.655437	9906.870836	7.645608	10001
W912	2135.697590	0.569471	4109.979143	3.099810	1733.247727	1.244055	7462.180232	5.747388	10001
W913	1368.062859	0.501630	2632.727519	2.093292	1110.265729	0.844479	4780.045485	3.873195	10001
W914	4012.196081	0.860749	7721.150357	5.693617	3256.139714	2.279539	14018.712398	10.566585	10001
W915	3322.494662	0.736182	6393.875157	4.728172	2696.405310	1.893589	11608.878573	8.773793	10001
W916	2117.411833	0.587042	4074.789666	3.088805	1718.407730	1.240286	7398.289344	5.725804	10001
W917	3299.931532	0.771806	6350.454218	4.720077	2678.093966	1.891390	11530.042438	8.756875	10001
W918	4687.704918	1.009383	9021.113069	6.654299	3804.355979	2.664257	16378.956991	12.349317	10001
W919	3939.689719	0.876664	7581.617665	5.608643	3197.296417	2.246303	13765.373375	10.407460	10001
W920	1957.412884	0.508311	3766.884489	2.831881	1588.558908	1.136142	6839.249056	5.251317	10001
W921	2063.200274	0.566767	3970.463859	3.006046	1674.411772	1.206902	7208.872817	5.572669	10001
W922	2705.071862	0.689694	5205.694375	3.905133	2195.329375	1.566373	9451.588028	7.242155	10001
W923	2682.091837	0.651609	5161.471156	3.851321	2176.679696	1.543914	9371.295253	7.143953	10001
W924	2594.157233	0.596649	4992.248045	3.704506	2105.315448	1.484177	9064.049569	6.873223	10001
W925	1191.917716	0.447291	2293.750283	1.832949	967.313295	0.739794	4164.589996	3.390857	10001
W926	3311.354216	0.763935	6372.436260	4.730071	2687.364165	1.895121	11569.953579	8.775913	10001
W927	3059.694514	0.919111	5888.137298	4.515007	2483.127100	1.815088	10690.648353	8.365720	10001
W928	2186.511641	0.560179	4207.766718	3.158290	1774.486402	1.266885	7639.725784	5.856983	10001
W929	2832.077392	0.683455	5450.106357	4.063823	2298.402043	1.628978	9895.348494	7.538353	10001
W930	1478.401209	0.451199	2845.064845	2.186975	1199.811971	0.879408	5165.570411	4.051783	10001
W931	2620.010258	0.597257	5042.000124	3.738254	2126.296741	1.497561	9154.380679	6.936086	10001
W932	1241.140746	0.411267	2388.476067	1.861699	1007.260760	0.749635	4336.576482	3.447274	10001
W933	2694.505672	0.655889	5185.360588	3.869939	2186.754274	1.551411	9414.669500	7.178427	10001
W934	2725.198450	0.667790	5244.426385	3.916810	2211.663319	1.570321	9521.910827	7.265152	10001
W935	1214.353905	0.417992	2336.926934	1.834483	985.521618	0.739180	4242.982595	3.395957	10001
W936	2034.626908	0.536529	3915.476701	2.949056	1651.222758	1.183382	7109.036767	5.468183	10001
W937	3042.672734	0.808771	5855.380244	4.414493	2469.312896	1.771608	10631.173831	8.185086	10001
W938	2168.610808	0.660811	4173.317998	3.207200	1759.958794	1.289621	7577.179831	5.942000	10001
W939	1690.379937	0.533516	3253.000948	2.514209	1371.845526	1.011540	5906.229332	4.657046	10001
W940	2924.217909	0.712176	5627.423410	4.200093	2373.179643	1.683776	10217.289740	7.790817	10001
W941	2475.323307	0.636710	4763.561663	3.577132	2008.874532	1.434965	8648.840892	6.633588	10001
W942	757.627671	0.342045	1457.993839	1.221209	614.860665	0.494916	2647.169833	2.255439	10001
W943	2668.369079	0.657077	5135.062806	3.837165	2165.542848	1.538476	9323.347596	7.117263	10001
W944	498.511068	0.183581	959.344667	0.763482	404.571874	0.308031	1741.810010	1.412614	10001
W945	749.585786	0.313398	1442.517873	1.182993	608.334188	0.478571	2619.071286	2.186440	10001
W946	3016.801376	0.610215	5805.592886	4.260910	2448.316725	1.705044	10540.778666	7.909283	10001
W947	3628.283630	0.809027	6982.341560	5.166277	2944.571546	2.069174	12677.312792	9.586527	10001
W948	3504.673048	0.761790	6744.462884	4.978990	2844.254085	1.993671	12245.414360	9.239890	10001
W949	2808.522914	0.729850	5404.777649	4.063567	2279.286160	1.630306	9813.048566	7.535276	10001
W950	2806.509659	0.690599	5400.903299	4.035500	2277.652281	1.617983	9806.014200	7.485163	10001
W951	3631.440586	0.733025	6988.416869	5.128219	2947.133607	2.052071	12688.343275	9.519285	10001
W952	3129.136402	0.707926	6021.772654	4.461500	2539.483390	1.787159	10933.280025	8.278274	10001
W953	3243.913433	0.757964	6242.651869	4.639503	2632.631891	1.859084	11334.313813	8.607426	10001
W954	2149.040994	0.534644	4135.657457	3.093833	1744.076707	1.240592	7508.802417	5.738244	10001
W955	2007.317376	0.538084	3862.921692	2.915416	1629.059421	1.170132	7013.616586	5.405353	10001
W956	2293.291494	0.632284	4413.256003	3.342902	1861.144710	1.342214	8012.817234	6.197015	10001
W957	3049.958378	0.773153	5869.400884	4.400103	2475.225637	1.764785	10656.630053	8.160313	10001
W958	4320.523729	0.935187	8314.502247	6.135819	3506.366242	2.456787	15096.016830	11.386881	10001
W959	2328.159352	0.620888	4480.356406	3.379221	1889.442084	1.356194	8134.646392	6.265442	10001
W960	2586.022788	0.653768	4976.593957	3.729638	2098.713854	1.495827	9035.627617	6.916975	10001
W961	3063.751385	0.732125	5895.944421	4.391769	2486.419496	1.760243	10704.823159	8.147039	10001
W962	2437.400987	0.617694	4690.583192	3.516265	1978.098276	1.410292	8516.339368	6.521179	10001
W963	2438.892742	0.559165	4693.453954	3.481729	1979.308925	1.394878	8521.551595	6.459972	10001
W964	1428.887985	0.410542	2749.780607	2.094698	1159.628996	0.841534	4992.569980	3.882226	10001
W965	2608.121195	0.599432	5019.120574	3.724191	2116.648047	1.492053	9112.839999	6.909766	10001
W966	3033.517522	0.633172	5837.761771	4.295054	2461.882888	1.719173	10599.185294	7.971818	10001
W967	3388.305500	0.665196	6520.522848	4.775071	2749.814784	1.910323	11838.823267	8.864540	10001
W968	1456.912896	0.451484	2803.712306	2.160450	1182.372906	0.868953	5090.489713	4.002254	10001
W969	4154.328331	1.118968	7994.672501	6.037388	3371.488629	2.423321	14515.325998	11.193395	10001
W970	2028.378694	0.516774	3903.452514	2.927982	1646.151955	1.174421	7087.205355	5.430027	10001
W971	2103.342166	0.555211	4047.713718	3.049033	1706.989344	1.223517	7349.129580	5.653533	10001
W972	2303.542820	0.599408	4432.983859	3.333451	1869.464280	1.337405	8048.635619	6.181344	10001
W973	2273.326371	0.608936	4374.834722	3.301454	1844.941805	1.325060	7943.058601	6.121115	10001
W974	1185.618982	0.390722	2281.628873	1.776663	962.201491	0.715326	4142.582063	3.289941	10001
W975	1265.547156	0.415355	2435.444249	1.895049	1027.068037	0.762937	4421.853080	3.509260	10001
W976	2262.759736	0.600312	4354.500076	3.282168	1836.366341	1.317155	7906.138513	6.085658	10001
W977	2831.316415	0.669653	5448.641918	4.054324	2297.784464	1.624811	9892.689623	7.521389	10001
W978	1283.963073	0.432989	2470.884209	1.932138	1042.013668	0.778240	4486.198752	3.577263	10001
W979	275.949176	0.203821	531.042112	0.542416	223.949442	0.222786	964.173251	0.996260	10001
W980	1616.801798	0.502203	3111.405707	2.398455	1312.132418	0.964717	5649.145495	4.443096	10001
W981	2468.393139	0.605740	4750.225110	3.548270	2003.250282	1.422590	8624.626715	6.581517	10001
W982	2980.984978	0.735324	5736.667093	4.287516	2419.249552	1.719074	10415.635286	7.952522	10001
W983	2222.387849	0.586243	4276.807610	3.221339	1803.602114	1.292649	7765.078141	5.973043	10001
W984	4107.904957	0.975401	7905.334432	5.884682	3333.813254	2.358445	14353.121580	10.916798	10001
W985	2858.681465	0.714417	5501.303766	4.117526	2319.992856	1.651169	9988.303782	7.636764	10001
W986	3872.064133	0.890888	7451.477634	5.529575	3142.414164	2.215383	13529.087903	10.259382	10001
W987	1609.270649	0.456029	3096.912613	2.354558	1306.020435	0.945744	5622.831473	4.364181	10001
W988	661.055570	0.241131	1272.148556	1.010375	536.486565	0.407565	2309.744520	1.869563	10001
W989	2229.552922	0.577871	4290.596219	3.224861	1809.417004	1.293774	7790.113083	5.980100	10001
W990	1682.401602	0.505506	3237.647280	2.482713	1365.370625	0.998085	5878.352831	4.600137	10001
W991	2211.460720	0.563673	4255.779225	3.192429	1794.734088	1.280498	7726.898483	5.920438	10001
W992	2682.995755	0.657353	5163.210674	3.856094	2177.413280	1.545976	9374.453564	7.152536	10001
W993	1896.156580	0.498526	3649.001634	2.747351	1538.845714	1.102401	6625.218015	5.094255	10001
W994	2062.603195	0.523809	3969.314827	2.976285	1673.927206	1.193749	7206.786607	5.519692	10001
W995	2133.262715	0.503478	4105.293421	3.054085	1731.271679	1.223927	7453.672720	5.665844	10001
W996	3586.789381	0.678136	6902.489199	5.041594	2910.896455	2.016360	12532.330862	9.360384	10001
W997	1956.410298	0.474603	3764.955092	2.808846	1587.745249	1.125989	6835.745995	5.210263	10001
W998	2494.915968	0.548521	4801.266171	3.547997	2024.775161	1.420832	8717.298134	6.584007	10001
W999	2541.717519	0.595658	4891.332012	3.636281	2062.757450	1.457131	8880.823913	6.746117	10001
W1000	3234.519652	0.708912	6224.574288	4.598515	2625.008270	1.841468	11301.491709	8.533549	10001
W1001	3871.187708	0.768325	7449.791025	5.459906	3141.702893	2.184491	13526.025655	10.135533	10001
W1002	3056.031096	0.772493	5881.087342	4.407435	2480.154014	1.767665	10677.848276	8.174020	10001
W1003	1891.059304	0.579562	3639.192334	2.799267	1534.708966	1.125692	6607.408007	5.186033	10001
W1004	3654.253549	0.960167	7032.318591	5.294272	2965.647706	2.124362	12768.052332	9.816895	10001
W1005	3283.717245	0.781076	6319.251120	4.704855	2664.935091	1.885634	11473.389317	8.728011	10001
W1006	2406.845540	0.557541	4631.781680	3.439399	1953.300684	1.378068	8409.577881	6.381165	10001
W1007	3512.790147	0.846455	6760.083592	5.039802	2850.841602	2.020165	12273.775704	9.348847	10001
W1008	1657.430253	0.464033	3189.591917	2.420994	1345.104865	0.972264	5791.102321	4.487623	10001
W1009	2284.412063	0.642941	4396.168248	3.339220	1853.938514	1.341119	7981.792282	6.189492	10001
W1010	2248.296287	0.552556	4326.666327	3.232409	1824.628378	1.295975	7855.602867	5.995599	10001
W1011	3994.370488	0.978511	7686.846429	5.740759	3241.673167	2.301567	13956.429335	10.648344	10001
W1012	3537.825358	0.724096	6808.261853	5.001329	2871.159189	2.001530	12361.249353	9.283318	10001
W1013	2483.000046	0.619987	4778.334934	3.576061	2015.104670	1.434021	8675.663610	6.632538	10001
W1014	1920.492387	0.527821	3695.833948	2.798303	1558.595693	1.123503	6710.247928	5.187536	10001
W1015	2656.628434	0.622920	5112.468874	3.800878	2156.014605	1.523098	9282.325493	7.051466	10001
W1016	1990.167996	0.509135	3829.919081	2.874197	1615.141662	1.152906	6953.696228	5.330175	10001
W1017	1809.375919	0.486026	3481.999195	2.628612	1468.417961	1.055049	6322.004239	4.873550	10001
W1018	2135.494574	0.538769	4109.588455	3.079158	1733.082968	1.234912	7461.470890	5.710653	10001
W1019	3035.364587	0.669775	5841.316300	4.317960	2463.381893	1.729233	10605.638985	8.012714	10001
W1020	3194.858694	0.675499	6148.249948	4.528243	2592.821004	1.812720	11162.915341	8.404247	10001
W1021	2851.752717	0.609138	5487.969945	4.045373	2314.369758	1.619571	9964.094566	7.507785	10001
W1022	2350.096601	0.558575	4522.572886	3.366917	1907.245488	1.349397	8211.295681	6.246012	10001
W1023	2876.690186	0.605371	5535.960109	4.075711	2334.608022	1.631496	10051.226699	7.564491	10001
W1024	1106.461327	0.297335	2129.296300	1.607521	897.960268	0.645216	3866.003259	2.980401	10001
W1025	3581.723594	0.758715	6892.740496	5.077353	2906.785262	2.032571	12514.630875	9.423312	10001
W1026	3100.169340	0.714730	5966.027861	4.428116	2515.974868	1.774129	10832.068394	8.215706	10001
W1027	3029.280195	0.701941	5829.607374	4.328991	2458.444041	1.734507	10584.379968	8.031627	10001
W1028	3107.929027	0.724366	5980.960759	4.443913	2522.272324	1.780662	10859.180934	8.244645	10001
W1029	2644.563429	0.640716	5089.250737	3.796322	2146.223124	1.521818	9240.170067	7.042019	10001
W1030	1305.156534	0.440948	2511.669330	1.964705	1059.213443	0.791384	4560.249230	3.637512	10001
W1031	2193.795085	0.486947	4221.783125	3.122438	1780.397358	1.250529	7665.174319	5.794087	10001
W1032	2592.791367	0.575510	4989.619547	3.690331	2104.206965	1.477969	9059.277201	6.847886	10001
W1033	1990.167978	0.497074	3829.919047	2.866367	1615.141648	1.149434	6953.696166	5.316258	10001
W1034	2958.068405	0.640716	5692.565982	4.201165	2400.651368	1.682161	10335.564213	7.796522	10001
W1035	2758.832821	0.551454	5309.153039	3.893086	2238.959644	1.557702	9639.430149	7.226791	10001
W1036	2788.338419	0.662146	5365.934202	3.994410	2262.905221	1.600870	9742.523439	7.410112	10001
W1037	2123.422841	0.631121	4086.357371	3.128349	1723.286027	1.257430	7419.291957	5.796796	10001
W1038	2541.249582	0.683464	4890.431505	3.692438	2062.377690	1.482063	8879.188929	6.845881	10001
W1039	2221.715734	0.564152	4275.514180	3.205839	1803.056653	1.285818	7762.729758	5.945415	10001
W1040	2136.810263	0.553563	4112.120394	3.090538	1734.150729	1.239877	7466.067941	5.731027	10001
W1041	3132.170830	0.706447	6027.612168	4.464556	2541.946012	1.788328	10943.882391	8.284044	10001
W1042	2423.716863	0.565158	4664.249189	3.465741	1966.992782	1.388718	8468.526698	6.429862	10001
W1043	3512.183709	0.755553	6758.916550	4.985223	2850.349440	1.995972	12271.656794	9.251809	10001
W1044	1325.281017	0.456694	2550.397286	2.002496	1075.545677	0.806895	4630.564670	3.706947	10001
W1045	3616.238066	0.784880	6959.160837	5.136831	2934.795843	2.056844	12635.225296	9.532859	10001
W1046	2717.980609	0.585134	5230.536226	3.858167	2205.805604	1.544735	9496.691510	7.160147	10001
W1047	2622.411355	0.742113	5046.620844	3.836178	2128.245376	1.540829	9162.770173	7.110422	10001
W1048	3856.269695	0.809361	7421.082503	5.462403	3129.596024	2.186533	13473.901748	10.138275	10001
W1049	2635.874567	0.634996	5072.529718	3.781595	2139.171587	1.515818	9209.810968	7.014877	10001
W1050	2727.206916	0.618333	5248.291516	3.889219	2213.293310	1.557952	9528.928454	7.216349	10001
W1051	4269.507593	0.859264	8216.325775	6.027928	3464.963564	2.412031	14917.765189	11.189482	10001
W1052	2417.019186	0.599922	4651.360048	3.478735	1961.557213	1.394895	8445.124852	6.452205	10001
W1053	4689.584333	0.895112	9024.729852	6.595925	3805.881237	2.638197	16385.523712	12.245860	10001
W1054	3594.579024	0.763181	6917.479742	5.096542	2917.218221	2.040295	12559.548064	9.458848	10001
W1055	2722.306650	0.634552	5238.861347	3.892564	2209.316448	1.559740	9511.806806	7.221742	10001
W1056	2491.011711	0.590372	4793.752741	3.567761	2021.606620	1.429848	8703.656564	6.618683	10001
W1057	2570.385913	0.554202	4946.502042	3.649130	2086.023584	1.461061	8980.991988	6.772170	10001
W1058	3437.212972	0.701412	6614.641366	4.857976	2789.506155	1.944111	12009.707186	9.017320	10001
W1059	1833.207098	0.484781	3527.860391	2.658033	1487.758403	1.066641	6405.270966	4.928493	10001
W1060	1781.990836	0.537624	3429.298793	2.631334	1446.193310	1.057900	6226.320080	4.875390	10001
W1061	940.318314	0.384387	1809.567364	1.475487	763.125167	0.596598	3285.495460	2.727589	10001
W1062	2455.892428	0.611559	4726.168491	3.535956	1993.105199	1.417894	8580.948920	6.558237	10001
W1063	2374.595892	0.645856	4569.719812	3.455259	1927.128144	1.387071	8296.896812	6.405767	10001
W1064	1751.804069	0.511758	3371.206775	2.574249	1421.694923	1.034443	6120.846770	4.770545	10001
W1065	2527.809230	0.584784	4864.566623	3.611790	2051.470032	1.447119	8832.228007	6.701041	10001
W1066	2939.448658	0.668475	5656.733768	4.193085	2385.540317	1.679727	10270.506354	7.780070	10001
W1067	2221.226368	0.553321	4274.572432	3.198214	1802.659502	1.282467	7761.019897	5.931808	10001
W1068	2234.769246	0.594915	4300.634618	3.242944	1813.650366	1.301471	7808.339049	6.012824	10001
W1069	3195.427202	0.669306	6149.343996	4.525576	2593.282383	1.811500	11164.901722	8.399575	10001
W1070	2049.912899	0.551856	3944.893368	2.978893	1663.628264	1.195677	7162.446399	5.522921	10001
W1071	1543.221547	0.479028	2969.806400	2.289054	1252.417595	0.920704	5392.054276	4.240450	10001
W1072	3361.796512	0.866932	6469.508423	4.859643	2728.301138	1.949505	11746.200210	9.011819	10001
W1073	3117.714953	0.761331	5999.792990	4.479292	2530.214194	1.795758	10893.373200	8.308608	10001
W1074	2446.993821	0.578038	4709.043833	3.503553	1985.883441	1.404065	8549.856966	6.499658	10001
W1075	1278.794737	0.377485	2460.938160	1.882060	1037.819250	0.756410	4468.140458	3.487580	10001
W1076	2600.863569	0.593159	5005.153853	3.711093	2110.758045	1.486687	9087.481675	6.885678	10001
W1077	2844.678221	0.691640	5474.355644	4.085119	2308.628377	1.637652	9939.376102	7.577606	10001
W1078	2548.735559	0.676714	4904.837668	3.697341	2068.453013	1.483781	8905.345117	6.855426	10001
W1079	3924.855712	0.800453	7553.070804	5.546934	3185.257723	2.219813	13713.542986	10.296175	10001
W1080	3422.058243	0.704125	6585.477303	4.839674	2777.207176	1.936924	11956.756188	8.983097	10001
W1081	2780.185871	0.681201	5350.245276	3.995801	2256.288936	1.601988	9714.038235	7.411673	10001
W1082	2882.494506	0.711275	5547.130060	4.146014	2339.318579	1.662346	10071.507139	7.690051	10001
W1083	2303.403571	0.609139	4432.715886	3.339800	1869.351271	1.340227	8048.149080	6.192617	10001
W1084	3494.993300	0.735788	6725.834984	4.951893	2836.398384	1.982236	12211.593081	9.190665	10001
W1085	2696.519401	0.619564	5189.235849	3.850307	2188.388537	1.542575	9421.705520	7.143766	10001
W1086	3540.314258	0.754737	6813.051542	5.021312	2873.179082	2.010254	12369.945631	9.319091	10001
W1087	3338.661111	0.733353	6424.986195	4.747496	2709.525361	1.901167	11665.364546	8.809943	10001
W1088	4929.996057	0.959854	9487.382980	6.943629	4000.989888	2.777696	17225.528226	12.890627	10001
W1089	2404.260539	0.568006	4626.807052	3.442406	1951.202799	1.379562	8400.545823	6.386218	10001
W1090	3361.500130	0.682586	6468.938059	4.749167	2728.060606	1.900487	11745.164643	8.815493	10001
W1091	1845.221107	0.506040	3550.980391	2.687864	1497.508498	1.079130	6447.248212	4.982860	10001
W1092	2256.225633	0.617846	4341.925718	3.285925	1831.063522	1.319215	7883.308197	6.091615	10001
W1093	1504.106932	0.484954	2894.533453	2.245263	1220.673720	0.903656	5255.386843	4.158293	10001
W1094	2515.226028	0.623172	4840.351257	3.619363	2041.258003	1.451253	8788.261987	6.713090	10001
W1095	2338.728073	0.593752	4500.695064	3.374609	1898.019240	1.353507	8171.573765	6.258415	10001
W1096	2167.325595	0.547801	4170.844708	3.125704	1758.915766	1.253607	7572.689265	5.796928	10001
W1097	1988.679518	0.465142	3827.054625	2.844531	1613.933672	1.139837	6948.495449	5.277286	10001
W1098	1305.530302	0.377075	2512.388616	1.915297	1059.516778	0.769520	4561.555185	3.549624	10001
W1099	1988.758682	0.506605	3827.206970	2.870741	1613.997919	1.151459	6948.772052	5.323875	10001
W1100	2351.519012	0.565639	4525.310203	3.373110	1908.399861	1.352058	8216.265623	6.257176	10001
W1101	3024.695924	0.837042	5820.785312	4.411236	2454.723628	1.771253	10568.362413	8.177312	10001
W1102	2367.236711	0.562385	4555.557657	3.391311	1921.155724	1.359167	8271.183652	6.291278	10001
W1103	1547.068306	0.481765	2977.209179	2.295957	1255.539472	0.923528	5405.494946	4.253151	10001
W1104	1503.088739	0.471216	2892.574022	2.233141	1219.847395	0.898358	5251.829252	4.136607	10001
W1105	2436.347314	0.562625	4688.555482	3.480508	1977.243156	1.394493	8512.657807	6.457517	10001
W1106	2027.328762	0.589846	3901.432003	2.977364	1645.299871	1.196360	7083.536864	5.517720	10001
W1107	2699.726831	0.651020	5195.408291	3.873601	2190.991560	1.552715	9432.912357	7.185517	10001
W1108	960.090622	0.372390	1847.617589	1.487516	779.171591	0.600782	3354.580394	2.751074	10001
W1109	1515.177549	0.446384	2915.837970	2.229303	1229.658195	0.895942	5294.067854	4.131092	10001
W1110	1900.130358	0.577151	3656.648852	2.808730	1542.070676	1.129338	6639.102496	5.203855	10001
W1111	2801.290854	0.605337	5390.860129	3.977702	2273.416906	1.592650	9787.779570	7.381883	10001
W1112	919.184599	0.342357	1768.897219	1.411206	745.973879	0.569488	3211.653735	2.610814	10001
W1113	3348.681885	0.895038	6444.270372	4.861820	2717.657825	1.951268	11700.377378	9.014238	10001
W1114	1659.953785	0.501820	3194.448252	2.451899	1347.152864	0.985791	5799.919604	4.542872	10001
W1115	1523.721456	0.489183	2932.280034	2.272871	1236.592092	0.914702	5323.920473	4.209543	10001
W1116	4265.048144	0.841009	8207.743923	6.012555	3461.344451	2.405477	14902.183765	11.161675	10001
W1117	3578.930994	0.669020	6887.366361	5.026767	2904.518899	2.010261	12504.873463	9.333164	10001
W1118	2841.523312	0.589587	5468.284273	4.021305	2306.067977	1.609515	9928.352770	7.463879	10001
W1119	3352.825000	0.927092	6452.243466	4.889252	2721.020213	1.963170	11714.853524	9.063471	10001
W1120	3613.409746	0.859926	6953.717961	5.177496	2932.500491	2.075073	12625.343076	9.604790	10001
W1121	2339.603872	0.534783	4502.380469	3.339024	1898.730004	1.337665	8174.633829	6.195275	10001
W1122	2107.645700	0.519818	4055.995525	3.031352	1710.481923	1.215415	7364.166235	5.622583	10001
W1123	3229.748080	0.651045	6215.391780	4.560486	2621.135851	1.824870	11284.819719	8.465465	10001
W1124	1331.157102	0.384816	2561.705342	1.953141	1080.314476	0.784734	4651.095858	3.619741	10001
W1125	1683.853397	0.458367	3240.441143	2.450429	1366.548844	0.983706	5883.425438	4.542875	10001
W1126	2579.903412	0.693106	4964.817709	3.748085	2093.747611	1.504377	9014.246368	6.949092	10001
W1127	3005.711569	0.670522	5784.251438	4.279986	2439.316676	1.714209	10502.030605	7.941913	10001
W1128	3250.518057	0.704331	6255.361940	4.616666	2637.991943	1.848536	11357.390534	8.567597	10001
W1129	2643.869192	0.661235	5087.914733	3.808441	2145.659708	1.527237	9237.744384	7.063481	10001
W1130	2109.094220	0.560190	4058.783085	3.059712	1711.657484	1.227900	7369.227397	5.673155	10001
W1131	1953.361349	0.533759	3759.087635	2.844038	1585.270843	1.141776	6825.092893	5.272484	10001
W1132	1590.427186	0.496897	3060.649874	2.361574	1290.727825	0.949972	5556.991945	4.374610	10001
W1133	1767.505695	0.547444	3401.423298	2.620802	1434.437742	1.054102	6175.708638	4.855079	10001
W1134	2359.766870	0.612736	4541.182545	3.413946	1915.093496	1.369663	8245.083841	6.330675	10001
W1135	1523.128750	0.482846	2931.139419	2.267112	1236.111075	0.912192	5321.849544	4.199230	10001
W1136	2073.569624	0.645897	3990.418842	3.077460	1682.827126	1.237886	7245.103581	5.700837	10001
W1137	2174.191473	0.593818	4184.057541	3.165364	1764.487841	1.270768	7596.678813	5.868196	10001
W1138	2930.615590	0.861606	5639.735236	4.310540	2378.371749	1.732324	10239.643397	7.987903	10001
W1139	1585.813682	0.563455	3051.771556	2.410681	1286.983688	0.971928	5540.872249	4.461546	10001
W1140	2029.636106	0.683603	3905.872302	3.053541	1647.172420	1.229899	7091.598781	5.653538	10001
W1141	2509.626230	0.626910	4829.574893	3.614585	2036.713428	1.449477	8768.696153	6.703974	10001
W1142	2513.491376	0.710421	4837.013058	3.676223	2039.850227	1.476557	8782.201069	6.813990	10001
W1143	2876.313756	0.819576	5535.235701	4.211629	2334.302527	1.691798	10049.911445	7.806026	10001
W1144	2308.867365	0.719406	4443.230521	3.426842	1873.785471	1.378429	8067.239713	6.348037	10001
W1145	2585.452383	0.723379	4975.496259	3.776213	2098.250936	1.516501	9033.634610	6.999720	10001
W1146	2573.906531	0.717183	4953.277190	3.757249	2088.880779	1.508799	8993.293116	6.964726	10001
W1147	1351.862037	0.438612	2601.550333	2.020201	1097.117782	0.813162	4723.439412	3.741312	10001
W1148	2472.176616	0.591563	4757.506108	3.544265	2006.320802	1.420580	8637.846277	6.574822	10001
W1149	2547.315055	0.594850	4902.104022	3.643004	2067.300188	1.459770	8900.381841	6.758691	10001
W1150	626.993185	0.302335	1206.598220	1.031100	508.842880	0.418551	2190.729703	1.903072	10001
W1151	2483.180929	0.627643	4778.683028	3.581235	2015.251467	1.436305	8676.295618	6.641754	10001
W1152	3911.995969	0.780364	7528.323258	5.519520	3174.821264	2.208434	13668.610727	10.246031	10001
W1153	2997.346188	0.692053	5768.152933	4.281864	2432.527664	1.715560	10472.801758	7.944309	10001
W1154	4162.027504	0.784753	8009.488944	5.849084	3377.736973	2.339265	14542.227099	10.859683	10001
W1155	2859.446190	0.671038	5502.775419	4.091394	2320.613477	1.639528	9990.975752	7.590409	10001
W1156	3407.055848	0.746184	6556.606393	4.843500	2765.031825	1.939558	11904.337448	8.988197	10001
