# Online RefPMT LMS + Module Gain Results (Run: 1316)
# Trigger Condition: 1200 LMS events per fit
# Fit Event Absolute Time Range:
#   Start Time (UTC): 2016-06-12 04:18:16.000000 UTC
#   End Time (UTC):   2016-06-12 04:19:11.044475 UTC
#   Start Time (EDT): 2016-06-12 00:18:16.000000 EDT
#   End Time (EDT):   2016-06-12 00:19:11.044475 EDT
#   Average Time (UTC): 2016-06-12 04:18:43.522237 (UTC)
#   Average Time (seconds since epoch, UTC): 1465705123.522238
#   Average Time (EDT): 2016-06-12 00:18:43.522237 (EDT)
#   Average Time (seconds since epoch, EDT): 1465690723.522238
# Formula: Module Gain = (Module LMS Mean - Module Pedestal Mean) × RefPMT Alpha Signal / RefPMT LMS Signal
# Reference PMT Params:
# RefPMT1: AlphaSignal=-338.871143, AlphaError=0.094259, LMSSignal=2327.833891, LMSError=2.806926, Valid=No
# RefPMT2: AlphaSignal=2119.686673, AlphaError=2.455135, LMSSignal=2332.079540, LMSError=2.553485, Valid=Yes
# RefPMT3: AlphaSignal=5620.599127, AlphaError=9.805491, LMSSignal=1307.640829, LMSError=2.703598, Valid=Yes
# Note: -1.0 = Fit failed / Invalid data

# G module
# module name	LMS_Mean	LMS_Err	Pedestal_Mean	Pedestal_Err	module signal(LMS-Pedestal)	signal error	gain1(RefPMT1)	gain1 error	gain2(RefPMT2)	gain2 error	gain3(RefPMT3)	gain3 error
G1	5630.825322	4.626768	623.156317	0.050657	5007.669004	4.627045	0.000000	0.000000	4551.598292	8.385576	21524.335593	61.530916
G2	5146.717102	4.868468	663.809244	0.046058	4482.907858	4.868686	0.000000	0.000000	4074.629479	7.858818	19268.768181	56.170142
G3	7756.466645	7.109600	678.706007	0.064834	7077.760638	7.109896	0.000000	0.000000	6433.157463	12.120220	30422.157512	87.789509
G4	5931.621673	4.906446	590.459167	0.042743	5341.162505	4.906632	0.000000	0.000000	4854.719055	8.931036	22957.782178	65.589088
G5	6123.928714	6.091987	538.128364	0.038404	5585.800350	6.092108	0.000000	0.000000	5077.076642	9.805389	24009.302769	70.030317
G6	5416.767145	4.933567	508.635349	0.040979	4908.131796	4.933737	0.000000	0.000000	4461.126380	8.406477	21096.497355	60.883333
G7	4331.054806	4.416923	536.907787	0.046470	3794.147019	4.417168	0.000000	0.000000	3448.597157	6.806782	16308.285084	48.029473
G8	7974.283460	9.326342	543.670687	0.043630	7430.612774	9.326444	0.000000	0.000000	6753.873784	13.701901	31938.812820	95.248316
G9	5686.112529	4.588479	643.288652	0.046214	5042.823876	4.588711	0.000000	0.000000	4583.551453	8.412347	21675.440879	61.865159
G10	6322.390929	4.346696	598.423973	0.046541	5723.966955	4.346945	0.000000	0.000000	5202.659799	9.185569	24603.180753	69.129904
G11	6672.066499	5.402211	451.601756	0.065441	6220.464744	5.402607	0.000000	0.000000	5653.939323	10.262753	26737.264497	75.966528
G12	4786.756142	4.626723	511.391355	0.052386	4275.364787	4.627020	0.000000	0.000000	3885.988280	7.486668	18376.691106	53.543656
G13	3686.966840	4.226889	607.659891	0.052225	3079.306949	4.227212	0.000000	0.000000	2798.860755	5.887574	13235.706295	40.151871
G14	3444.239405	3.017444	435.111554	0.045229	3009.127851	3.017783	0.000000	0.000000	2735.073179	5.150517	12934.057272	37.316446
G15	6574.492571	4.117105	528.631118	0.057670	6045.861453	4.117509	0.000000	0.000000	5495.237932	9.524798	25986.771640	72.493506
G16	-1.000000	-1.000000	-1.000000	-1.000000	-1.000000	-1.000000	0.000000	0.000000	0.000000	0.000000	0.000000	0.000000
G17	7164.423308	8.159856	310.727276	0.048510	6853.696032	8.160000	0.000000	0.000000	6229.499418	12.393366	29459.066347	87.070071
G18	5942.475496	8.725870	381.431999	0.059285	5561.043497	8.726071	0.000000	0.000000	5054.574505	11.305370	23902.891018	74.753124
G19	5441.031554	4.771779	561.346163	0.052382	4879.685390	4.772066	0.000000	0.000000	4435.270715	8.293862	20974.226898	60.333615
G20	4856.098320	4.396680	443.139124	0.048067	4412.959196	4.396943	0.000000	0.000000	4011.051353	7.539494	18968.109635	54.682704
G21	5704.148447	4.239133	471.080316	0.046693	5233.068131	4.239390	0.000000	0.000000	4756.469316	8.504283	22493.162892	63.518818
G22	7578.156205	5.689831	531.287669	0.052115	7046.868537	5.690069	0.000000	0.000000	6405.078843	11.444204	30289.374782	85.511636
G23	1186.797326	1.660619	391.751796	0.049818	795.045530	1.661366	0.000000	0.000000	722.637194	1.899186	3417.323867	11.681477
G24	5926.655969	5.011421	522.552108	0.040764	5404.103861	5.011587	0.000000	0.000000	4911.928060	9.057751	23228.321395	66.427425
G25	5950.468556	5.205618	370.549038	0.089966	5579.919518	5.206396	0.000000	0.000000	5071.731403	9.366985	23984.025337	68.632952
G26	7180.348490	5.426990	390.375256	0.094159	6789.973234	5.427807	0.000000	0.000000	6171.580139	11.004571	29185.168273	82.327192
G27	3837.017219	4.781461	413.671213	0.122113	3423.346005	4.783021	0.000000	0.000000	3111.566642	6.595161	14714.480570	44.801478
G28	3173.328418	4.278797	517.257857	0.089913	2656.070561	4.279741	0.000000	0.000000	2414.170389	5.471572	11416.520155	35.947581
G29	7070.445868	9.494133	329.386176	0.067362	6741.059692	9.494372	0.000000	0.000000	6127.121372	13.032409	28974.924448	88.370759
G30	6378.776544	4.971845	430.843904	0.083736	5947.932640	4.972550	0.000000	0.000000	5406.227932	9.730251	25565.846728	72.388539
G31	3856.189481	4.928725	539.890477	0.040021	3316.299004	4.928887	0.000000	0.000000	3014.268888	6.569043	14254.363184	43.997729
G32	5760.991708	4.141221	557.097170	0.043002	5203.894539	4.141444	0.000000	0.000000	4729.952693	8.426484	22367.766788	63.073820
G33	3885.555789	2.695485	730.090855	0.041745	3155.464935	2.695808	0.000000	0.000000	2868.082694	5.186651	13563.054217	38.477259
G34	1539.561060	1.943256	644.968539	0.044624	894.592520	1.943769	0.000000	0.000000	813.117996	2.191122	3845.204147	13.341954
G35	5726.331282	3.635162	705.599609	0.048314	5020.731674	3.635483	0.000000	0.000000	4563.471285	7.989015	21580.482530	60.435102
G36	3954.403932	3.496364	624.455117	0.037742	3329.948815	3.496567	0.000000	0.000000	3026.675550	5.776924	14313.033818	41.534428
G37	4598.348798	4.380438	490.800603	0.050360	4107.548195	4.380727	0.000000	0.000000	3733.455492	7.159946	17655.369341	51.339357
G38	4547.229555	4.664502	347.418807	0.038877	4199.810748	4.664664	0.000000	0.000000	3817.315284	7.415878	18051.939114	52.790234
G39	5222.008871	5.120236	469.005815	0.038657	4753.003056	5.120382	0.000000	0.000000	4320.125905	8.311058	20429.711462	59.487941
G40	7105.423616	10.620739	462.114513	0.044759	6643.309103	10.620833	0.000000	0.000000	6038.273364	13.631486	28554.765592	89.728071
G41	6589.652729	6.422365	291.146664	0.039548	6298.506065	6.422487	0.000000	0.000000	5724.873074	10.832270	27072.707514	78.267633
G42	4900.762798	4.826162	377.772495	0.048972	4522.990302	4.826410	0.000000	0.000000	4111.061437	7.885431	19441.053525	56.535995
G43	5108.610735	3.904454	382.443970	0.053081	4726.166765	3.904815	0.000000	0.000000	4295.733715	7.712091	20314.361717	57.460723
G44	1963.182279	3.241383	255.639164	0.034097	1707.543115	3.241563	0.000000	0.000000	1552.029561	3.847119	7339.488894	24.255937
G45	3808.729698	3.818852	323.857525	0.041758	3484.872173	3.819080	0.000000	0.000000	3167.489348	6.126817	14978.936925	43.720078
G46	5057.306657	4.110127	320.186949	0.042371	4737.119708	4.110345	0.000000	0.000000	4305.689125	7.813760	20361.440474	57.846210
G47	4807.681250	4.987424	236.018773	0.032006	4571.662477	4.987527	0.000000	0.000000	4155.300820	8.025918	19650.259889	57.318243
G48	-1.000000	-1.000000	-1.000000	-1.000000	-1.000000	-1.000000	0.000000	0.000000	0.000000	0.000000	0.000000	0.000000
G49	3976.402697	3.511571	430.122667	0.044959	3546.280031	3.511859	0.000000	0.000000	3223.304519	6.048422	15242.884747	43.911414
G50	6512.855147	4.977268	343.890084	0.049250	6168.965063	4.977512	0.000000	0.000000	5607.129947	10.016964	26515.904735	74.854012
G51	4736.120759	4.099241	379.662565	0.047869	4356.458195	4.099521	0.000000	0.000000	3959.696150	7.329145	18725.252826	53.633190
G52	3835.981044	3.696351	538.922638	0.046836	3297.058406	3.696648	0.000000	0.000000	2996.780617	5.839897	14171.661812	41.499741
G53	5354.181990	4.983702	325.482673	0.036045	5028.699317	4.983832	0.000000	0.000000	4570.713280	8.578680	21614.729647	62.273133
G54	2786.324051	2.514256	376.533066	0.050042	2409.790985	2.514754	0.000000	0.000000	2190.320591	4.172808	10357.942952	30.033086
G55	3099.184592	3.293541	231.357896	0.097818	2867.826696	3.294993	0.000000	0.000000	2606.640950	5.121590	12326.706134	36.229418
G56	4808.989879	5.195570	391.361285	0.092179	4417.628594	5.196388	0.000000	0.000000	4015.295488	7.954024	18988.179989	56.013081
G57	1406.287787	1.777998	601.636549	0.089296	804.651238	1.780239	0.000000	0.000000	731.368067	1.994278	3458.611836	12.086892
G58	3023.371219	3.901982	580.020512	0.091920	2443.350707	3.903065	0.000000	0.000000	2220.823879	5.011492	10502.191846	32.994234
G59	6106.985479	5.415068	600.587404	0.112158	5506.398074	5.416230	0.000000	0.000000	5004.905885	9.373964	23668.009997	68.128258
G60	5515.738895	6.147037	507.189242	0.080203	5008.549653	6.147560	0.000000	0.000000	4552.398736	9.158117	21528.120863	63.952512
G61	4664.763977	4.454782	490.738223	0.063589	4174.025754	4.455236	0.000000	0.000000	3793.878644	7.277649	17941.108133	52.175938
G62	7458.345606	7.783882	481.077871	0.035570	6977.267735	7.783963	0.000000	0.000000	6341.816896	12.338128	29990.211437	87.758251
G63	5301.196878	4.751814	526.588800	0.040548	4774.608078	4.751987	0.000000	0.000000	4339.763261	8.154819	20522.575773	59.156178
G64	6694.156052	5.441625	576.251160	0.031927	6117.904892	5.441718	0.000000	0.000000	5560.720054	10.149811	26296.434111	74.884296
G65	7326.508311	6.495526	680.573382	0.053938	6645.934929	6.495750	0.000000	0.000000	6040.660044	11.294190	28566.052111	82.166677
G66	7257.720782	5.030076	589.926089	0.045687	6667.794693	5.030284	0.000000	0.000000	6060.528942	10.687146	28660.011378	80.490049
G67	4741.091375	3.779359	394.595712	0.033576	4346.495663	3.779508	0.000000	0.000000	3950.640950	7.172960	18682.431131	53.086845
G68	4399.922200	3.175472	369.383906	0.035311	4030.538294	3.175668	0.000000	0.000000	3663.459226	6.513578	17324.359654	48.813539
G69	7814.042571	7.119014	524.886704	0.035540	7289.155867	7.119102	0.000000	0.000000	6625.299987	12.384755	31330.792217	90.111319
G70	6704.872182	4.235540	459.163174	0.038630	6245.709007	4.235716	0.000000	0.000000	5676.884479	9.833261	26845.771270	74.871053
G71	4663.353294	4.027685	363.487538	0.044125	4299.865755	4.027926	0.000000	0.000000	3908.257836	7.225475	18482.002992	52.910622
G72	4703.349165	4.004717	454.601911	0.034765	4248.747254	4.004868	0.000000	0.000000	3861.794924	7.151037	18262.281644	52.316616
G73	6175.678130	5.536140	310.689088	0.033756	5864.989042	5.536243	0.000000	0.000000	5330.838376	9.874982	25209.332383	72.229271
G74	6757.749201	9.589828	294.843953	0.037621	6462.905248	9.589901	0.000000	0.000000	5874.299691	12.792246	27779.340317	85.711722
G75	4663.821561	3.948963	388.672273	0.036761	4275.149288	3.949135	0.000000	0.000000	3885.792407	7.158451	18375.764832	52.528715
G76	7035.221306	7.720330	262.752455	0.137019	6772.468851	7.721545	0.000000	0.000000	6155.669959	12.063161	29109.929634	85.457014
G77	-1.000000	-1.000000	-1.000000	-1.000000	-1.000000	-1.000000	0.000000	0.000000	0.000000	0.000000	0.000000	0.000000
G78	4806.227412	5.491763	368.544516	0.038568	4437.682896	5.491899	0.000000	0.000000	4033.523356	8.139324	19074.378881	56.743546
G79	4281.800770	4.092725	371.716034	0.042195	3910.084735	4.092942	0.000000	0.000000	3553.975909	6.776978	16806.617204	48.750595
G80	4330.877649	4.170349	524.560540	0.035536	3806.317109	4.170501	0.000000	0.000000	3459.658863	6.691516	16360.595470	47.751447
G81	3941.322002	2.906854	611.450530	0.040493	3329.871472	2.907136	0.000000	0.000000	3026.605251	5.500313	14312.701375	40.685424
G82	-1.000000	-1.000000	-1.000000	-1.000000	-1.000000	-1.000000	0.000000	0.000000	0.000000	0.000000	0.000000	0.000000
G83	5514.307173	5.513635	334.890593	0.039350	5179.416580	5.513775	0.000000	0.000000	4707.704051	9.023235	22262.553805	64.720487
G84	7489.936422	5.721069	560.254421	0.036391	6929.682001	5.721185	0.000000	0.000000	6298.565007	11.306000	29785.674895	84.245784
G85	5025.756034	4.538222	370.129256	0.077763	4655.626778	4.538888	0.000000	0.000000	4231.618118	7.906360	20011.161496	57.542781
G86	4191.407155	4.797756	360.215952	0.096653	3831.191203	4.798729	0.000000	0.000000	3482.267561	7.059052	16467.511150	49.091638
G87	3779.231155	3.980773	499.145911	0.096268	3280.085245	3.981937	0.000000	0.000000	2981.353277	5.973263	14098.706508	41.804389
G88	5064.949711	5.163887	475.890784	0.067482	4589.058927	5.164328	0.000000	0.000000	4171.112898	8.138344	19725.034603	57.793495
G89	5675.918730	9.079448	625.910807	0.081383	5050.007923	9.079813	0.000000	0.000000	4590.081216	11.028787	21706.319883	70.506959
G90	4118.369667	3.816114	544.347701	0.077384	3574.021966	3.816899	0.000000	0.000000	3248.519872	6.232566	15362.127197	44.679099
G91	6058.404191	5.479295	644.364545	0.048435	5414.039646	5.479509	0.000000	0.000000	4920.958949	9.291071	23271.028126	67.214809
G92	5176.468676	5.393323	640.563159	0.049160	4535.905517	5.393547	0.000000	0.000000	4122.800405	8.198415	19496.566661	57.612686
G93	4134.227792	4.224528	566.263478	0.059391	3567.964314	4.224946	0.000000	0.000000	3243.013918	6.439335	15336.089747	45.287943
G94	3888.553997	3.952983	602.412480	0.044802	3286.141517	3.953237	0.000000	0.000000	2986.857978	5.964493	14124.738028	41.818370
G95	5637.713550	4.360623	601.933778	0.045283	5035.779772	4.360858	0.000000	0.000000	4577.148887	8.302645	21645.163387	61.481906
G96	4836.475967	3.280098	644.473451	0.039768	4192.002516	3.280339	0.000000	0.000000	3810.218182	6.765456	18018.377191	50.742004
G97	6400.751897	6.531053	544.529095	0.036325	5856.222802	6.531154	0.000000	0.000000	5322.870517	10.354627	25171.652677	73.654514
G98	6538.472401	6.365162	431.667189	0.034316	6106.805212	6.365255	0.000000	0.000000	5550.631271	10.570824	26248.724639	76.097096
G99	6545.332110	7.332812	646.763163	0.075696	5898.568947	7.333203	0.000000	0.000000	5361.360010	10.837420	25353.668028	75.483314
G100	4451.984435	4.547781	495.250020	0.073303	3956.734415	4.548372	0.000000	0.000000	3596.376995	7.067457	17007.130329	49.989479
G101	7193.266784	4.778263	649.605380	0.052991	6543.661404	4.778557	0.000000	0.000000	5947.701025	10.427525	28126.452437	78.811775
G102	5860.189549	3.920058	440.867960	0.037348	5419.321590	3.920236	0.000000	0.000000	4925.759843	8.621802	23293.731370	65.228682
G103	6499.671380	6.738339	499.118137	0.044685	6000.553243	6.738487	0.000000	0.000000	5454.056142	10.634042	25792.024518	75.545966
G104	4101.644142	4.405932	376.758732	0.053964	3724.885410	4.406263	0.000000	0.000000	3385.643511	6.720103	16010.579681	47.271983
G105	6346.939538	4.986346	534.304490	0.042941	5812.635048	4.986531	0.000000	0.000000	5283.252494	9.563122	24984.300550	70.905131
G106	5017.557701	4.992243	445.281903	0.042496	4572.275797	4.992424	0.000000	0.000000	4155.858283	8.029165	19652.896108	57.332731
G107	-1.000000	-1.000000	-1.000000	-1.000000	-1.000000	-1.000000	0.000000	0.000000	0.000000	0.000000	0.000000	0.000000
G108	3983.680490	3.966127	393.358043	0.039874	3590.322447	3.966327	0.000000	0.000000	3263.335796	6.328572	15432.191139	45.094333
G109	6868.446538	6.348559	517.628990	0.045679	6350.817548	6.348723	0.000000	0.000000	5772.420317	10.860413	27297.556622	78.726640
G110	6800.213250	6.554300	599.423735	0.041302	6200.789514	6.554430	0.000000	0.000000	5636.056004	10.779108	26652.694963	77.410062
G111	4074.658776	4.483719	390.679203	0.035825	3683.979574	4.483862	0.000000	0.000000	3348.463151	6.715180	15834.755171	46.972435
G112	3588.401200	3.217974	582.260743	0.045092	3006.140457	3.218290	0.000000	0.000000	2732.357861	5.246247	12921.216632	37.592398
G113	5029.786355	4.999241	523.586413	0.033963	4506.199941	4.999357	0.000000	0.000000	4095.800249	7.953976	19368.883947	56.632293
G114	6007.155614	4.819326	510.868808	0.040220	5496.286806	4.819494	0.000000	0.000000	4995.715494	9.087992	23624.548991	67.183116
G115	4257.716998	4.232893	530.381425	0.077120	3727.335573	4.233596	0.000000	0.000000	3387.870526	6.630660	16021.111153	47.005824
G116	4377.246240	4.163880	518.636799	0.090415	3858.609441	4.164861	0.000000	0.000000	3507.188699	6.751206	16585.362263	48.306571
G117	4334.672604	3.322332	367.460708	0.103971	3967.211896	3.323959	0.000000	0.000000	3605.900245	6.493073	17052.165418	48.291731
G118	3294.030921	2.900847	450.292709	0.097946	2843.738212	2.902500	0.000000	0.000000	2584.746312	4.892070	12223.167219	35.341597
G119	2939.778977	3.108625	512.719079	0.082300	2427.059898	3.109714	0.000000	0.000000	2206.016747	4.511340	10432.169478	31.226650
G120	4700.211768	3.748967	367.932496	0.069549	4332.279273	3.749612	0.000000	0.000000	3937.719310	7.141880	18621.325184	52.890196
G121	4966.997604	3.432713	626.641004	0.057032	4340.356600	3.433186	0.000000	0.000000	3945.060999	7.019672	18656.043754	52.581873
G122	3100.544227	2.634213	671.532791	0.053144	2429.011436	2.634749	0.000000	0.000000	2207.790549	4.256525	10440.557724	30.429869
G123	4555.895846	3.317822	638.942092	0.052670	3916.953754	3.318240	0.000000	0.000000	3560.219335	6.426273	16836.142131	47.726464
G124	3568.922933	2.966779	663.420460	0.049349	2905.502472	2.967189	0.000000	0.000000	2640.885425	4.999131	12488.646958	36.111698
G125	3411.556843	2.787062	539.218114	0.047862	2872.338728	2.787473	0.000000	0.000000	2610.742051	4.871832	12346.100086	35.482956
G126	5844.596752	5.018908	583.776261	0.040026	5260.820491	5.019067	0.000000	0.000000	4781.694146	8.882437	22612.450154	64.864328
G127	4315.343037	3.172876	412.538985	0.034992	3902.804052	3.173069	0.000000	0.000000	3547.358310	6.347145	16775.322828	47.386129
G128	4159.553297	3.399503	309.474644	0.035099	3850.078653	3.399685	0.000000	0.000000	3499.434848	6.376430	16548.694596	47.092412
G129	3184.433468	2.490744	462.982661	0.032126	2721.450807	2.490951	0.000000	0.000000	2473.596165	4.546455	11697.542395	33.406668
G130	4448.212084	3.592684	244.784895	0.038155	4203.427189	3.592886	0.000000	0.000000	3820.602359	6.909952	18067.483569	51.258245
G131	5703.323430	3.822764	396.357277	0.050034	5306.966153	3.823091	0.000000	0.000000	4823.637116	8.437101	22810.796870	63.858749
G132	5453.756412	4.459059	443.807840	0.034667	5009.948572	4.459193	0.000000	0.000000	4553.670249	8.312991	21534.133798	61.326697
G133	3576.093975	3.334184	469.358922	0.034293	3106.735053	3.334360	0.000000	0.000000	2823.790859	5.426051	13353.599811	38.863616
G134	3005.008467	3.133433	266.847169	0.048203	2738.161298	3.133804	0.000000	0.000000	2488.784757	4.883542	11769.368667	34.570865
G135	3909.687646	3.090058	495.630979	0.033052	3414.056667	3.090235	0.000000	0.000000	3103.123325	5.687900	14674.552445	41.861114
G136	4809.721606	3.860268	256.544173	0.033447	4553.177433	3.860413	0.000000	0.000000	4138.499291	7.471445	19570.806097	55.482695
G137	4041.737303	3.688037	246.655830	0.039229	3795.081473	3.688246	0.000000	0.000000	3449.446506	6.439419	16312.301622	46.889592
G138	6416.698145	4.888924	314.365976	0.034440	6102.332169	4.889045	0.000000	0.000000	5546.565608	9.894562	26229.498275	74.002996
G139	3482.905940	3.287375	318.499562	0.038119	3164.406378	3.287596	0.000000	0.000000	2876.209800	5.472225	13601.486995	39.415207
G140	4008.907228	3.036112	363.245448	0.042116	3645.661779	3.036404	0.000000	0.000000	3313.635129	5.959142	15670.054776	44.354586
G141	4888.006264	4.424565	371.022458	0.031356	4516.983806	4.424676	0.000000	0.000000	4105.601979	7.680866	19415.235955	55.859777
G142	5737.951167	5.155264	290.782469	0.034038	5447.168698	5.155376	0.000000	0.000000	4951.070792	9.177765	23413.425885	67.102863
G143	5382.778514	4.271382	271.567359	0.044349	5111.211155	4.271612	0.000000	0.000000	4645.710397	8.360852	21969.388169	62.203517
G144	3664.680174	3.163608	473.066331	0.031832	3191.613843	3.163768	0.000000	0.000000	2900.939360	5.445018	13718.432146	39.524431
G145	4824.353827	4.715834	459.302390	0.112290	4365.051437	4.717171	0.000000	0.000000	3967.506767	7.640193	18762.188938	54.655842
G146	7630.031583	9.202675	619.384536	0.090128	7010.647047	9.203117	0.000000	0.000000	6372.156205	13.157715	30133.684878	90.609187
G147	4385.889428	4.922137	591.158781	0.106066	3794.730647	4.923280	0.000000	0.000000	3449.127631	7.088513	16310.793675	48.936356
G148	4332.715485	4.375486	365.487891	0.092794	3967.227594	4.376470	0.000000	0.000000	3605.914513	6.989706	17052.232893	49.818123
G149	6375.971572	4.945106	438.638299	0.087753	5937.333273	4.945885	0.000000	0.000000	5396.593896	9.705405	25520.287740	72.236982
G150	5045.172029	3.949081	323.173276	0.071738	4721.998753	3.949733	0.000000	0.000000	4291.945302	7.725618	20296.446458	57.471110
G151	6259.045542	5.889046	616.938980	0.047343	5642.106562	5.889236	0.000000	0.000000	5128.254796	9.770589	24251.322319	70.319378
G152	3246.522651	3.019642	609.977966	0.048530	2636.544685	3.020032	0.000000	0.000000	2396.422822	4.703648	11332.592582	33.292132
G153	3461.602194	3.631046	442.238688	0.053034	3019.363506	3.631433	0.000000	0.000000	2744.376628	5.479804	12978.052928	38.421922
G154	6361.408396	5.512564	322.508403	0.049888	6038.899993	5.512790	0.000000	0.000000	5488.910483	10.081969	25956.849375	74.109272
G155	5518.081525	5.318752	271.332871	0.052057	5246.748654	5.319007	0.000000	0.000000	4768.903893	9.008278	22551.965535	65.151188
G156	3252.205124	2.801930	544.739627	0.045482	2707.465496	2.802300	0.000000	0.000000	2460.884559	4.676797	11637.429690	33.707386
G157	6307.487329	5.373624	408.170015	0.032817	5899.317314	5.373724	0.000000	0.000000	5362.040219	9.843679	25356.884713	72.380329
G158	6044.503792	4.949525	507.297559	0.036314	5537.206233	4.949658	0.000000	0.000000	5032.908207	9.197265	23800.431920	67.809343
G159	4254.243383	3.288414	447.913188	0.043774	3806.330196	3.288705	0.000000	0.000000	3459.670757	6.272370	16360.651720	46.461746
G160	4595.683792	3.943786	697.442010	0.040335	3898.241782	3.943992	0.000000	0.000000	3543.211546	6.689123	16755.712941	48.394224
G161	5059.237191	4.488048	459.286369	0.069237	4599.950822	4.488582	0.000000	0.000000	4181.012819	7.813694	19771.850956	56.860429
G162	3204.446470	3.216200	433.617809	0.056035	2770.828661	3.216688	0.000000	0.000000	2518.476958	4.966038	11909.781962	35.059969
G163	4344.822890	3.503690	383.246746	0.033789	3961.576144	3.503853	0.000000	0.000000	3600.777766	6.563608	17027.941407	48.463826
G164	3569.485142	3.245715	407.967383	0.051473	3161.517758	3.246123	0.000000	0.000000	2873.584260	5.448214	13589.070914	39.320244
G165	4426.529882	4.134471	449.786028	0.049887	3976.743853	4.134772	0.000000	0.000000	3614.564084	6.878600	17093.136386	49.538472
G166	4515.147910	4.120193	266.763772	0.040476	4248.384138	4.120392	0.000000	0.000000	3861.464879	7.204604	18260.720874	52.478119
G167	5409.258762	4.961300	336.708647	0.045189	5072.550115	4.961505	0.000000	0.000000	4610.570391	8.622063	21803.212412	62.719451
G168	5066.214880	4.186686	361.404904	0.043877	4704.809976	4.186916	0.000000	0.000000	4276.321983	7.806373	20222.564376	57.590583
G169	5132.584200	3.842182	336.362265	0.037283	4796.221934	3.842363	0.000000	0.000000	4359.408648	7.776678	20615.478059	58.163479
G170	2999.088924	2.756913	514.516162	0.056133	2484.572762	2.757484	0.000000	0.000000	2258.291658	4.386085	10679.375549	31.226845
G171	4777.266395	3.634778	525.084376	0.056934	4252.182019	3.635224	0.000000	0.000000	3864.916870	6.990384	18277.045208	51.853641
G172	4841.074978	3.999836	341.909170	0.047306	4499.165808	4.000116	0.000000	0.000000	4089.406746	7.463482	19338.649311	55.068245
G173	4245.901486	3.794311	477.193429	0.045231	3768.708057	3.794580	0.000000	0.000000	3425.475034	6.457925	16198.941442	46.758562
G174	4507.454886	4.606641	604.213751	0.056079	3903.241135	4.606983	0.000000	0.000000	3547.755586	7.036322	16777.201531	49.517814
G175	4798.008723	4.063953	352.011072	0.097350	4445.997651	4.065119	0.000000	0.000000	4041.080849	7.425531	19110.117979	54.570084
G176	4108.706072	3.859829	297.252806	0.083152	3811.453266	3.860725	0.000000	0.000000	3464.327247	6.542412	16382.672081	47.323638
G177	3410.043538	5.147036	557.962874	0.089276	2852.080664	5.147810	0.000000	0.000000	2592.328979	6.242197	12259.025365	39.867278
G178	5890.689356	4.588992	441.973211	0.087154	5448.716145	4.589820	0.000000	0.000000	4952.477306	8.928241	23420.077236	66.356980
G179	3915.981359	3.017254	442.365744	0.094836	3473.615615	3.018744	0.000000	0.000000	3157.257975	5.731698	14930.553147	42.423441
G180	3939.978315	3.163718	462.141988	0.073210	3477.836327	3.164565	0.000000	0.000000	3161.094288	5.801624	14948.694926	42.665835
G181	4295.660472	4.043115	565.382483	0.066083	3730.277989	4.043655	0.000000	0.000000	3390.544963	6.535506	16033.758463	46.727592
G182	3382.183020	2.587531	258.677351	0.048068	3123.505669	2.587977	0.000000	0.000000	2839.034100	5.099949	13425.684523	37.984751
G183	3246.349026	3.177170	466.376830	0.049789	2779.972197	3.177560	0.000000	0.000000	2526.787751	4.955942	11949.083385	35.091896
G184	5112.919952	3.583726	403.900566	0.047623	4709.019386	3.584043	0.000000	0.000000	4280.148024	7.559908	20240.657577	56.881268
G185	3809.087357	3.501505	633.608053	0.048400	3175.479303	3.501840	0.000000	0.000000	2886.274264	5.594130	13649.081465	39.873851
G186	2931.514862	2.811854	596.986415	0.048702	2334.528446	2.812276	0.000000	0.000000	2121.912546	4.239372	10034.443907	29.715148
G205	6007.712155	4.508438	477.863284	0.086018	5529.848871	4.509259	0.000000	0.000000	5026.220913	8.998740	23768.807959	67.157547
G206	5147.273656	3.798793	428.671190	0.095746	4718.602465	3.799999	0.000000	0.000000	4288.858329	7.658931	20281.848282	57.246440
G207	6222.258420	6.028019	426.509848	0.075776	5795.748572	6.028495	0.000000	0.000000	5267.903944	10.026155	24911.717839	72.201650
G208	4200.356930	3.822103	479.938254	0.078867	3720.418677	3.822916	0.000000	0.000000	3381.583583	6.412808	15991.380435	46.275853
G209	4488.679151	4.048053	660.586626	0.071993	3828.092525	4.048693	0.000000	0.000000	3479.451094	6.655688	16454.192184	47.793105
G210	4269.766265	4.459030	622.311745	0.071264	3647.454520	4.459600	0.000000	0.000000	3315.264597	6.659758	15677.760466	46.542404
G211	2562.252364	1.704532	658.961017	0.059705	1903.291346	1.705577	0.000000	0.000000	1729.950129	3.163243	8180.868511	23.313679
G212	5173.612340	4.752724	462.364302	0.043724	4711.248037	4.752925	0.000000	0.000000	4282.173702	8.077562	20250.236933	58.466712
G213	5440.239483	4.003366	368.632860	0.050720	5071.606624	4.003688	0.000000	0.000000	4609.712827	8.199131	21799.157026	61.431172
G214	4180.627549	3.655093	324.044983	0.044257	3856.582566	3.655361	0.000000	0.000000	3505.346421	6.500328	16576.650199	47.516291
G215	5249.529167	4.788936	340.753160	0.043835	4908.776006	4.789137	0.000000	0.000000	4461.711919	8.337903	21099.266349	60.676689
G216	2906.322927	2.969634	452.670214	0.053636	2453.652712	2.970118	0.000000	0.000000	2230.187635	4.463566	10546.472692	31.256550
G235	4904.921890	4.964668	600.022038	0.110775	4304.899853	4.965904	0.000000	0.000000	3912.833456	7.698557	18503.640924	54.417345
G236	2976.990333	3.259337	544.862588	0.081610	2432.127745	3.260358	0.000000	0.000000	2210.623042	4.603982	10453.952476	31.562037
G237	2391.164092	3.131844	411.502337	0.102807	1979.661754	3.133531	0.000000	0.000000	1799.365144	4.041926	8509.129481	26.669938
G238	5161.424053	5.386331	392.301891	0.105475	4769.122162	5.387363	0.000000	0.000000	4334.776972	8.468380	20498.995801	60.094901
G239	4295.502316	3.770880	451.646097	0.084167	3843.856219	3.771819	0.000000	0.000000	3493.779118	6.539355	16521.948866	47.545013
G240	4566.706810	6.205887	460.281145	0.066464	4106.425665	6.206243	0.000000	0.000000	3732.435196	8.198300	17650.544399	54.695032
G241	3911.700532	3.055886	530.320737	0.061697	3381.379795	3.056509	0.000000	0.000000	3073.422481	5.631598	14534.098281	41.454795
G242	3932.827062	3.301376	472.319714	0.057392	3460.507348	3.301874	0.000000	0.000000	3145.343536	5.842947	14874.210218	42.667567
G243	5273.990287	3.845812	448.014571	0.059450	4825.975715	3.846271	0.000000	0.000000	4386.452619	7.816804	20743.367976	58.500037
G244	3493.422103	2.840356	569.265112	0.058339	2924.156991	2.840955	0.000000	0.000000	2657.840994	4.961233	12568.829198	36.127724
G245	4228.468953	3.232823	389.530808	0.054314	3838.938145	3.233280	0.000000	0.000000	3489.308955	6.290247	16500.809633	46.751701
G246	4959.414883	5.693938	516.154208	0.065783	4443.260674	5.694318	0.000000	0.000000	4038.593141	8.259735	19098.353704	57.169581
G265	4396.294535	3.527543	558.275837	0.060414	3838.018698	3.528060	0.000000	0.000000	3488.473247	6.418644	16496.857600	47.133749
G266	1423.822354	1.900674	515.542302	0.068156	908.280053	1.901896	0.000000	0.000000	825.558944	2.172504	3904.036918	13.355492
G267	3660.606245	4.017896	522.758907	0.089312	3137.847338	4.018889	0.000000	0.000000	2852.069610	5.831654	13487.328951	40.368845
G268	1700.933623	2.363017	563.527518	0.066836	1137.406104	2.363962	0.000000	0.000000	1033.817466	2.707755	4888.883564	16.678103
G269	4640.513184	5.537079	437.920925	0.050486	4202.592259	5.537309	0.000000	0.000000	3819.843470	7.899319	18063.894811	54.354831
G270	6269.609993	5.618762	451.406322	0.080157	5818.203670	5.619334	0.000000	0.000000	5288.313957	9.855650	25008.236016	71.835152
G271	4124.352004	2.805746	404.375779	0.054129	3719.976226	2.806268	0.000000	0.000000	3381.181428	5.962327	15989.478659	44.905403
G272	3696.219047	2.821444	421.938917	0.051324	3274.280130	2.821911	0.000000	0.000000	2976.076860	5.392545	14073.754533	39.958036
G273	3394.220143	2.532669	447.851967	0.057591	2946.368175	2.533324	0.000000	0.000000	2678.029307	4.849911	12664.298964	35.948535
G274	3294.868449	2.620446	508.102125	0.061748	2786.766324	2.621174	0.000000	0.000000	2532.963107	4.687783	11978.286410	34.306671
G275	3274.764492	3.197994	567.690016	0.091097	2707.074476	3.199291	0.000000	0.000000	2460.529150	4.882248	11635.748978	34.349967
G276	4215.629295	3.719917	403.337407	0.087407	3812.291888	3.720944	0.000000	0.000000	3465.089491	6.476191	16386.276708	47.125489
G295	5414.954256	3.970325	470.401454	0.075984	4944.552802	3.971052	0.000000	0.000000	4494.230363	8.021212	21253.044833	59.974324
G296	5421.505306	4.511023	472.351850	0.082952	4949.153456	4.511786	0.000000	0.000000	4498.412014	8.259835	21272.819706	60.727412
G297	6892.075937	6.278441	587.012908	0.066280	6305.063030	6.278791	0.000000	0.000000	5730.832867	10.770501	27100.891147	78.123469
G298	4880.829154	6.601999	632.758213	0.082488	4248.070942	6.602514	0.000000	0.000000	3861.180207	8.595875	18259.374669	56.967711
G299	4715.727068	3.684396	463.753073	0.071186	4251.973995	3.685084	0.000000	0.000000	3864.727791	7.011654	18276.151063	51.916319
G300	4224.619561	4.168524	546.973466	0.068992	3677.646095	4.169095	0.000000	0.000000	3342.706490	6.538015	15807.532141	46.365779
G301	5080.861585	3.309124	614.684893	0.092103	4466.176693	3.310406	0.000000	0.000000	4059.422096	7.135635	19196.853040	53.845789
G302	3058.980342	3.594029	480.424978	0.074721	2578.555364	3.594806	0.000000	0.000000	2343.714846	4.962925	11083.338565	33.730113
G303	3276.514628	2.952316	304.297043	0.082792	2972.217585	2.953476	0.000000	0.000000	2701.524496	5.074174	12775.406822	36.818109
G304	2075.363670	2.335816	432.138711	0.078170	1643.224960	2.337124	0.000000	0.000000	1493.569146	3.190552	7063.031813	21.586889
G305	3238.228480	2.713815	389.483255	0.078290	2848.745225	2.714944	0.000000	0.000000	2589.297313	4.808509	12244.688734	35.120037
G306	2840.294586	2.697792	432.643522	0.070382	2407.651064	2.698709	0.000000	0.000000	2188.375561	4.264153	10348.744984	30.303646
G325	5973.718149	6.332689	521.205666	0.061116	5452.512483	6.332984	0.000000	0.000000	4955.927894	9.773963	23436.394938	68.997216
G326	4468.319166	4.092731	557.770757	0.093078	3910.548409	4.093790	0.000000	0.000000	3554.397354	6.777962	16808.610200	48.756938
G327	4530.955275	4.103153	424.291215	0.069603	4106.664060	4.103743	0.000000	0.000000	3732.651879	7.021972	17651.569087	50.905105
G328	4533.119724	4.659547	366.759101	0.068023	4166.360623	4.660044	0.000000	0.000000	3786.911610	7.373759	17908.161296	52.423046
G329	5274.493928	4.779673	395.896113	0.083527	4878.597816	4.780402	0.000000	0.000000	4434.282191	8.296485	20969.552203	60.333916
G330	6662.332979	4.887650	427.934570	0.068605	6234.398409	4.888132	0.000000	0.000000	5666.603987	10.065507	26797.155213	75.475583
G331	5078.813985	4.051510	462.497611	0.080839	4616.316375	4.052317	0.000000	0.000000	4195.887888	7.634925	19842.194595	56.432801
G332	3044.125166	2.962478	480.247809	0.078692	2563.877357	2.963523	0.000000	0.000000	2330.373631	4.588228	11020.248464	32.419516
G333	3795.846011	2.866508	642.398538	0.089120	3153.447473	2.867893	0.000000	0.000000	2866.248971	5.259811	13554.382613	38.684198
G334	2977.927615	2.474862	525.588691	0.076219	2452.338924	2.476036	0.000000	0.000000	2228.993499	4.205575	10540.825670	30.436600
G335	3546.364977	2.856501	382.326855	0.089985	3164.038122	2.857918	0.000000	0.000000	2875.875082	5.268666	13599.904129	38.787343
G336	2515.436979	3.029422	320.108922	0.073751	2195.328057	3.030320	0.000000	0.000000	1995.389756	4.207296	9436.122433	28.657836
G355	5325.083026	3.639765	596.994623	0.082726	4728.088403	3.640705	0.000000	0.000000	4297.480341	7.607109	20322.621446	57.160938
G356	7683.111577	5.671494	524.046562	0.088544	7159.065016	5.672185	0.000000	0.000000	6507.057089	11.582188	30771.626038	86.740898
G357	5844.616377	5.341618	622.124800	0.070054	5222.491577	5.342077	0.000000	0.000000	4746.856016	8.989954	22447.701960	64.922149
G358	4698.567438	6.780469	529.692952	0.076889	4168.874486	6.780905	0.000000	0.000000	3789.196525	8.629163	17918.966571	56.562377
G359	3251.444406	4.384734	392.584658	0.064639	2858.859748	4.385210	0.000000	0.000000	2598.490662	5.748069	12288.163729	38.214161
G360	4376.082038	3.671482	352.101403	0.070877	4023.980635	3.672166	0.000000	0.000000	3657.498802	6.717490	17296.173037	49.380507
G361	3895.937485	3.328356	427.511151	0.070561	3468.426334	3.329104	0.000000	0.000000	3152.541305	5.865523	14908.248195	42.793410
G362	3627.673709	2.982811	499.874541	0.075204	3127.799168	2.983758	0.000000	0.000000	2842.936571	5.280873	13444.139159	38.564380
G363	2179.564907	2.154023	598.693358	0.107502	1580.871549	2.156704	0.000000	0.000000	1436.894538	3.014611	6795.019743	20.587224
G364	2963.672977	4.310267	572.477199	0.097416	2391.195778	4.311368	0.000000	0.000000	2173.418932	5.230366	10278.015651	33.413969
G365	3240.329315	3.114184	462.683685	0.096357	2777.645630	3.115674	0.000000	0.000000	2524.673075	4.920617	11939.083165	34.964233
G366	3425.531534	2.435250	391.725822	0.083015	3033.805712	2.436665	0.000000	0.000000	2757.503518	4.921605	13040.129491	36.798362
G385	4158.767437	4.487815	411.986483	0.094540	3746.780954	4.488810	0.000000	0.000000	3405.544930	6.790416	16104.692736	47.647929
G386	741.180408	1.077602	432.706596	0.083887	308.473813	1.080863	0.000000	0.000000	280.379729	1.079290	1325.905098	5.869367
G387	4020.871084	3.704967	549.140269	0.093132	3471.730815	3.706138	0.000000	0.000000	3155.544832	6.053417	14922.451760	43.397954
G388	5601.079985	3.853155	549.817475	0.105399	5051.262510	3.854597	0.000000	0.000000	4591.221542	8.113298	21711.712442	61.027036
G389	4713.768515	4.674215	585.478986	0.068373	4128.289529	4.674715	0.000000	0.000000	3752.307820	7.336396	17744.521286	52.038544
G390	3352.093935	3.635008	599.870671	0.082216	2752.223264	3.635938	0.000000	0.000000	2501.566037	5.178740	11829.810857	35.614411
G391	3450.393749	3.123530	490.113790	0.094008	2960.279959	3.124945	0.000000	0.000000	2690.674082	5.143895	12724.095628	36.949340
G392	3499.130799	3.619445	327.509719	0.082865	3171.621080	3.620393	0.000000	0.000000	2882.767426	5.651590	13632.497761	40.027650
G393	3794.638982	4.834776	488.023373	0.089510	3306.615608	4.835604	0.000000	0.000000	3005.467402	6.501171	14212.741290	43.706988
G394	3548.839452	3.031744	404.792024	0.070410	3144.047428	3.032562	0.000000	0.000000	2857.705030	5.323915	13513.978641	38.812554
G395	3413.555722	2.339130	514.984594	0.088938	2898.571128	2.340820	0.000000	0.000000	2634.585350	4.707455	12458.854139	35.173707
G396	4485.094119	3.029571	497.814483	0.087731	3987.279636	3.030841	0.000000	0.000000	3624.140326	6.399700	17138.422070	48.158698
G415	7008.412563	6.251450	491.458164	0.095305	6516.954399	6.252177	0.000000	0.000000	5923.426346	11.019541	28011.658400	80.401808
G416	5305.341602	4.334019	487.239734	0.098730	4818.101868	4.335144	0.000000	0.000000	4379.295878	8.015445	20709.524019	59.041358
G417	4254.579081	4.887141	482.554851	0.085297	3772.024229	4.887885	0.000000	0.000000	3428.489188	7.042694	16213.195262	48.632511
G418	4378.705444	3.692576	506.088740	0.090376	3872.616704	3.693681	0.000000	0.000000	3519.920258	6.538121	16645.569324	47.746801
G419	4854.504917	4.642148	519.434126	0.081681	4335.070790	4.642867	0.000000	0.000000	3940.256592	7.566408	18633.323894	54.213886
G420	6109.384308	4.194762	515.748030	0.077818	5593.636278	4.195484	0.000000	0.000000	5084.198917	8.956004	24042.983738	67.495241
G421	6785.863340	5.156217	507.546491	0.082293	6278.316849	5.156874	0.000000	0.000000	5706.522580	10.232204	26985.928722	76.293762
G422	4924.380264	3.684013	618.045832	0.069685	4306.334432	3.684672	0.000000	0.000000	3914.137382	7.080763	18509.807140	52.518093
G423	4153.655754	3.659207	353.817088	0.082051	3799.838666	3.660127	0.000000	0.000000	3453.770440	6.432048	16332.749346	46.900975
G424	3496.594163	2.814443	427.591441	0.075775	3069.002722	2.815463	0.000000	0.000000	2789.494979	5.129973	13191.415900	37.681798
G425	3828.096349	2.591712	449.459217	0.076011	3378.637131	2.592826	0.000000	0.000000	3070.929604	5.432485	14522.309561	40.836229
G426	2549.818810	1.960929	473.778967	0.069253	2076.039843	1.962152	0.000000	0.000000	1886.965651	3.496612	8923.388953	25.570626
G445	5596.508393	3.806512	503.184749	0.083668	5093.323644	3.807431	0.000000	0.000000	4629.451982	8.150005	21892.502739	61.443581
G446	5649.875540	5.396640	493.037228	0.096745	5156.838313	5.397507	0.000000	0.000000	4687.182087	8.937611	22165.506215	64.294243
G447	4764.217228	3.105721	387.580937	0.085943	4376.636291	3.106909	0.000000	0.000000	3978.036537	6.940939	18811.983823	52.613575
G448	4039.802217	4.434631	426.459941	0.087690	3613.342275	4.435498	0.000000	0.000000	3284.259106	6.607225	15531.136677	46.138342
G449	4940.436146	4.112814	453.465418	0.080457	4486.970728	4.113601	0.000000	0.000000	4078.322326	7.498951	19286.231510	55.088171
G450	5016.872226	5.707119	446.938211	0.080479	4569.934015	5.707686	0.000000	0.000000	4153.729777	8.411027	19642.830484	58.528156
G451	3502.005017	2.671587	697.273111	0.048311	2804.731906	2.672024	0.000000	0.000000	2549.292483	4.733763	12055.507410	34.576039
G452	5029.990731	3.897269	673.848743	0.042709	4356.141988	3.897503	0.000000	0.000000	3959.408742	7.237120	18723.893683	53.350718
G453	3951.284829	3.022044	685.565337	0.044672	3265.719492	3.022374	0.000000	0.000000	2968.295877	5.470824	14036.958560	40.133774
G454	4815.749649	3.601074	689.116229	0.041889	4126.633420	3.601317	0.000000	0.000000	3750.802540	6.815788	17737.402875	50.418627
G455	5676.344345	3.399814	582.159618	0.039158	5094.184727	3.400039	0.000000	0.000000	4630.234642	8.000951	21896.203909	61.010259
G456	4207.829733	3.347616	576.808235	0.041422	3631.021499	3.347872	0.000000	0.000000	3300.328204	6.077053	15607.126832	44.605643
G475	6700.097547	6.223590	513.779187	0.088708	6186.318360	6.224223	0.000000	0.000000	5622.902803	10.598441	26590.493971	76.747140
G476	6214.242597	7.553631	479.607707	0.123992	5734.634890	7.554649	0.000000	0.000000	5212.356157	10.778257	24649.034465	74.167334
G477	4114.008032	4.636029	501.061886	0.073219	3612.946146	4.636607	0.000000	0.000000	3283.899054	6.719874	15529.434004	46.498033
G478	4173.450178	5.816108	484.032683	0.090098	3689.417494	5.816806	0.000000	0.000000	3353.405816	7.518042	15858.128845	49.653788
G479	2223.104793	3.429766	290.569957	0.077432	1932.534836	3.430640	0.000000	0.000000	1756.530284	4.190636	8306.565054	26.877305
G480	4522.201407	4.659613	437.977651	0.079705	4084.223755	4.660295	0.000000	0.000000	3712.255313	7.276810	17555.114499	51.542152
G481	3605.435815	3.355665	362.135199	0.042630	3243.300615	3.355936	0.000000	0.000000	2947.918788	5.601904	13940.596077	40.376938
G482	4545.572570	3.034091	579.500582	0.037345	3966.071989	3.034321	0.000000	0.000000	3604.864154	6.373350	17047.265784	47.925408
G483	2446.301436	2.012548	656.342751	0.048810	1789.958685	2.013140	0.000000	0.000000	1626.939178	3.173724	7693.733633	22.540322
G484	3999.354119	3.121958	662.084900	0.041026	3337.269220	3.122227	0.000000	0.000000	3033.329253	5.606100	14344.498925	41.060103
G485	3331.127944	2.505114	632.273108	0.036355	2698.854836	2.505378	0.000000	0.000000	2453.058109	4.524683	11600.418707	33.177969
G486	2337.328443	1.789756	641.750472	0.049570	1695.577971	1.790443	0.000000	0.000000	1541.154135	2.946576	7288.059421	21.164561
G505	6261.404713	4.996586	380.017595	0.044151	5881.387118	4.996781	0.000000	0.000000	5345.743007	9.655321	25279.815812	71.680761
G506	7125.510448	5.025418	315.042318	0.048430	6810.468130	5.025651	0.000000	0.000000	6190.208474	10.872559	29273.260961	82.084016
G507	1801.735926	2.102144	602.947512	0.104465	1198.788414	2.104738	0.000000	0.000000	1089.609415	2.583776	5152.721575	16.617646
G508	3961.228100	3.937049	386.902009	0.052766	3574.326092	3.937403	0.000000	0.000000	3248.796300	6.294554	15363.434414	44.875154
G509	4746.603269	4.625121	421.763354	0.044202	4324.839914	4.625332	0.000000	0.000000	3930.957487	7.545219	18589.348780	54.075539
G510	5008.083199	4.265683	535.978364	0.045703	4472.104834	4.265928	0.000000	0.000000	4064.810335	7.550448	19222.333820	55.138748
G511	3628.912622	2.823415	527.264054	0.046493	3101.648568	2.823798	0.000000	0.000000	2819.167623	5.174770	13331.736704	38.052896
G512	3958.345205	2.648887	530.272422	0.035286	3428.072782	2.649122	0.000000	0.000000	3115.862931	5.519232	14734.797555	41.455343
G513	2958.284056	2.301220	564.644822	0.039216	2393.639234	2.301554	0.000000	0.000000	2175.639852	4.049837	10288.518295	29.538543
G514	3643.137679	3.256641	561.277420	0.031958	3081.860259	3.256797	0.000000	0.000000	2801.181523	5.356920	13246.681123	38.472356
G515	4244.445193	3.448946	656.358639	0.044527	3588.086554	3.449234	0.000000	0.000000	3261.303536	6.070358	15422.580657	44.277364
G516	2833.320577	2.037916	615.870042	0.043109	2217.450535	2.038372	0.000000	0.000000	2015.497441	3.708432	9531.210914	27.231960
G535	4754.846950	4.771370	345.742953	0.041418	4409.103997	4.771549	0.000000	0.000000	4007.547265	7.720754	18951.538932	55.218239
G536	5035.291233	4.875086	437.648039	0.046139	4597.643194	4.875304	0.000000	0.000000	4178.915357	8.000058	19761.932139	57.420740
G537	6192.482675	5.003004	432.675927	0.117298	5759.806748	5.004379	0.000000	0.000000	5235.235502	9.503553	24757.230017	70.343258
G538	5028.381103	6.177192	337.338487	0.058562	4691.042615	6.177470	0.000000	0.000000	4263.808477	8.815445	20163.388483	60.665841
G539	5239.964456	4.156138	474.677786	0.047474	4765.286670	4.156409	0.000000	0.000000	4331.290796	7.869638	20482.509804	58.218619
G540	3360.372603	3.416693	564.595505	0.044526	2795.777097	3.416983	0.000000	0.000000	2541.153229	5.103988	12017.017186	35.672485
G541	4408.434339	3.532212	655.142291	0.046305	3753.292048	3.532515	0.000000	0.000000	3411.463030	6.314671	16132.679207	46.208324
G542	3903.834119	3.426146	637.041227	0.040666	3266.792892	3.426387	0.000000	0.000000	2969.271518	5.665427	14041.572329	40.740677
G543	4361.278438	3.420848	519.201373	0.042166	3842.077065	3.421108	0.000000	0.000000	3492.162000	6.375766	16514.301574	47.032682
G544	3999.814051	2.606437	572.307131	0.049785	3427.506920	2.606912	0.000000	0.000000	3115.348604	5.501862	14732.365324	41.399542
G545	4780.232243	3.176122	630.088751	0.038733	4150.143493	3.176358	0.000000	0.000000	3772.171446	6.669622	17838.455620	50.151115
G546	4314.711078	4.071524	583.017032	0.034537	3731.694046	4.071671	0.000000	0.000000	3391.832054	6.551553	16039.845068	46.787787
G565	4263.067264	5.119714	435.119247	0.044009	3827.948016	5.119903	0.000000	0.000000	3479.319746	7.239465	16453.571044	49.653651
G566	6891.998698	7.835601	542.761530	0.049199	6349.237169	7.835756	0.000000	0.000000	5770.983870	11.633235	27290.763718	81.147167
G567	4590.858323	4.022045	386.092889	0.044447	4204.765434	4.022290	0.000000	0.000000	3821.818724	7.104403	18073.235714	51.858872
G568	4057.726153	5.299515	475.381466	0.039191	3582.344687	5.299660	0.000000	0.000000	3256.084606	7.080781	15397.900537	47.476480
G569	4186.142441	5.783186	362.111320	0.042416	3824.031121	5.783341	0.000000	0.000000	3475.759581	7.636948	16436.735156	50.941879
G570	5111.455216	5.126537	514.138916	0.046558	4597.316300	5.126748	0.000000	0.000000	4178.618235	8.128489	19760.527059	57.820405
G571	4245.107488	4.071918	605.448504	0.050413	3639.658984	4.072230	0.000000	0.000000	3308.179035	6.442264	15644.253114	45.797979
G572	3986.743344	3.583032	647.058974	0.061269	3339.684369	3.583556	0.000000	0.000000	3035.524444	5.832490	14354.879900	41.776387
G573	2884.251522	2.722977	628.030099	0.041419	2256.221423	2.723292	0.000000	0.000000	2050.737293	4.100104	9697.858833	28.727772
G574	6032.114136	6.386041	626.159961	0.037941	5405.954175	6.386153	0.000000	0.000000	4913.609858	9.748231	23236.274553	68.591229
G575	3918.478057	3.286733	535.657975	0.038657	3382.820082	3.286961	0.000000	0.000000	3074.731595	5.739604	14540.289029	41.795041
G576	3154.922341	2.621960	562.476967	0.035724	2592.445374	2.622203	0.000000	0.000000	2356.339831	4.448138	11143.041640	32.182577
G595	4257.990840	5.172497	408.308315	0.049308	3849.682524	5.172732	0.000000	0.000000	3499.074796	7.294470	16546.991925	49.980922
G596	5681.827011	4.950947	494.324122	0.060703	5187.502889	4.951319	0.000000	0.000000	4715.053903	8.759674	22297.310977	63.963490
G597	7589.594335	11.593499	522.765676	0.045752	7066.828659	11.593589	0.000000	0.000000	6423.221108	14.692050	30375.168864	96.101151
G598	6817.305041	8.150102	569.706055	0.051194	6247.598986	8.150263	0.000000	0.000000	5678.602329	11.696096	26853.894918	80.651376
G599	6584.408966	6.931296	299.203481	0.043163	6285.205485	6.931430	0.000000	0.000000	5712.783837	11.072561	27015.537970	78.922477
G600	2914.989345	4.254791	418.499548	0.058456	2496.489797	4.255193	0.000000	0.000000	2269.123355	5.295213	10730.598236	34.310133
G601	4325.567161	2.996272	576.767176	0.034062	3748.799985	2.996466	0.000000	0.000000	3407.380079	6.075604	16113.371088	45.453190
G602	4495.151486	3.562640	630.580449	0.043077	3864.571037	3.562900	0.000000	0.000000	3512.607346	6.467792	16610.986837	47.474277
G603	3438.823931	2.748628	649.898297	0.036452	2788.925634	2.748870	0.000000	0.000000	2534.925759	4.750484	11987.567717	34.514412
G604	3643.205708	2.334253	478.332016	0.040898	3164.873692	2.334612	0.000000	0.000000	2876.634553	5.052234	13603.495637	38.144079
G605	5368.160063	3.670937	457.824952	0.038960	4910.335111	3.671144	0.000000	0.000000	4463.129029	7.857393	21105.967808	59.236665
G606	7266.259580	5.960858	397.353591	0.036731	6868.905989	5.960972	0.000000	0.000000	6243.324137	11.330480	29524.442914	83.879192
G625	6759.255200	7.562167	477.250760	0.039877	6282.004440	7.562272	0.000000	0.000000	5709.874325	11.404859	27001.779001	79.951491
G626	7440.499989	10.606083	311.378030	0.043802	7129.121959	10.606173	0.000000	0.000000	6479.841080	14.128088	30642.922564	94.604504
G627	5821.702826	4.740208	505.479816	0.048053	5316.223010	4.740452	0.000000	0.000000	4832.050910	8.825029	22850.585382	65.087432
G628	4675.986189	5.414655	415.833605	0.044338	4260.152584	5.414837	0.000000	0.000000	3872.161520	7.893887	18311.304884	54.731410
G629	6365.680729	7.370713	451.838475	0.051881	5913.842254	7.370895	0.000000	0.000000	5375.242309	10.875945	25419.316893	75.712371
G630	5906.437543	5.460231	487.336138	0.040108	5419.101405	5.460379	0.000000	0.000000	4925.559712	9.287959	23292.784958	67.241191
G631	4049.331065	4.230241	343.388374	0.043134	3705.942691	4.230461	0.000000	0.000000	3368.425989	6.603785	15929.158675	46.771327
G632	6175.759725	5.122875	466.193436	0.229376	5709.566288	5.128007	0.000000	0.000000	5189.570665	9.494368	24541.282735	69.952898
G633	3427.547948	3.173678	498.218879	0.034917	2929.329070	3.173870	0.000000	0.000000	2662.542028	5.131439	12591.060212	36.691972
G634	4534.758582	4.478357	529.426585	0.040431	4005.331998	4.478540	0.000000	0.000000	3640.548579	7.088037	17216.016075	50.394620
G635	4258.536951	3.614075	587.117381	0.042431	3671.419571	3.614324	0.000000	0.000000	3337.047043	6.251584	15780.768831	45.429315
G636	3734.282601	3.234096	406.772607	0.040315	3327.509993	3.234347	0.000000	0.000000	3024.458843	5.646294	14302.551092	41.113321
G655	6796.046975	5.320692	496.379879	0.048644	6299.667096	5.320914	0.000000	0.000000	5725.928364	10.328677	27077.697941	76.738526
G656	4109.990575	4.395184	447.868030	0.050606	3662.122544	4.395475	0.000000	0.000000	3328.596739	6.641407	15740.807660	46.585415
G657	4404.961638	4.562916	443.679019	0.042827	3961.282619	4.563116	0.000000	0.000000	3600.510973	7.080644	17026.679758	50.062952
G658	6216.454923	6.507275	458.637298	0.053658	5757.817624	6.507496	0.000000	0.000000	5233.427537	10.225694	24748.680218	72.558700
G659	4351.487889	4.168403	588.408396	0.048895	3763.079493	4.168689	0.000000	0.000000	3420.359089	6.639052	16174.748331	47.282886
G660	4625.477469	4.703227	563.416914	0.052772	4062.060555	4.703523	0.000000	0.000000	3692.110614	7.273750	17459.850983	51.377629
G661	3866.763704	2.565691	631.327272	0.043595	3235.436432	2.566061	0.000000	0.000000	2940.770831	5.235455	13906.793659	39.204442
G662	3635.764474	2.669378	471.529229	0.036952	3164.235245	2.669634	0.000000	0.000000	2876.054253	5.186680	13600.751418	38.540870
G663	4469.365506	3.562917	379.658310	0.042470	4089.707196	3.563170	0.000000	0.000000	3717.239353	6.752215	17578.683833	49.959658
G664	2960.173009	2.496128	336.435862	0.037396	2623.737147	2.496408	0.000000	0.000000	2384.781723	4.426799	11277.542267	32.340236
G665	3763.408542	3.304612	473.983154	0.041800	3289.425387	3.304876	0.000000	0.000000	2989.842771	5.633184	14138.853004	40.801395
G666	3546.921980	2.932253	511.827470	0.026182	3035.094509	2.932370	0.000000	0.000000	2758.674939	5.141727	13045.669097	37.474630
G685	5445.071657	5.165766	557.914563	0.047968	4887.157094	5.165989	0.000000	0.000000	4442.061937	8.495618	21006.342331	61.010972
G686	4407.444282	4.679130	520.680851	0.049322	3886.763431	4.679390	0.000000	0.000000	3532.778580	7.056622	16706.375838	49.467984
G687	4261.200727	6.536206	387.241842	0.047421	3873.958886	6.536378	0.000000	0.000000	3521.140201	8.172757	16651.338388	53.088965
G688	5666.069087	5.632952	370.455678	0.052296	5295.613409	5.633195	0.000000	0.000000	4813.318317	9.223506	22761.999662	66.165718
G689	6503.780049	5.526476	420.670913	0.046332	6083.109136	5.526670	0.000000	0.000000	5529.093302	10.143837	26146.872404	74.615496
G690	6630.887407	7.681932	417.938724	0.053587	6212.948683	7.682119	0.000000	0.000000	5647.107783	11.391631	26704.958405	79.431312
G691	2781.488179	2.759426	540.077137	0.044236	2241.411042	2.759780	0.000000	0.000000	2037.275759	4.103210	9634.199750	28.635204
G692	2665.067714	2.739679	578.281106	0.041623	2086.786609	2.739995	0.000000	0.000000	1896.733661	3.916867	8969.581503	26.971821
G693	4320.326259	3.011234	607.500353	0.045664	3712.825906	3.011580	0.000000	0.000000	3374.682319	6.035281	15958.744622	45.070807
G694	3841.041497	3.419143	443.773615	0.041455	3397.267882	3.419394	0.000000	0.000000	3087.863570	5.820858	14602.389641	42.148291
G695	4863.100131	4.257384	324.914263	0.041143	4538.185868	4.257583	0.000000	0.000000	4124.873075	7.628900	19506.368236	55.852214
G696	5593.314497	4.226299	350.720262	0.034564	5242.594235	4.226441	0.000000	0.000000	4765.127835	8.511270	22534.108702	63.609019
G715	7156.641300	5.814715	509.259210	0.045616	6647.382090	5.814894	0.000000	0.000000	6041.975406	10.985196	28572.272407	81.234901
G716	7390.932450	5.881028	475.886300	0.048163	6915.046150	5.881225	0.000000	0.000000	6285.262108	11.354928	29722.765988	84.286779
G717	6360.738954	6.666984	515.889023	0.041761	5844.849931	6.667115	0.000000	0.000000	5312.533424	10.412564	25122.768957	73.757358
G718	5469.804256	5.467451	573.591330	0.051059	4896.212926	5.467689	0.000000	0.000000	4450.293014	8.660941	21045.266780	61.592119
G719	4852.423968	4.879481	418.279137	0.052676	4434.144830	4.879765	0.000000	0.000000	4030.307518	7.806257	19059.171306	55.662286
G720	5098.095338	5.640560	451.304971	0.061388	4646.790367	5.640894	0.000000	0.000000	4223.586479	8.462024	19973.180178	59.222592
G721	3317.204648	2.964471	472.961347	0.042805	2844.243301	2.964780	0.000000	0.000000	2585.205399	4.923441	12225.338227	35.442460
G722	3912.999628	3.819562	442.753141	0.036447	3470.246487	3.819736	0.000000	0.000000	3154.195688	6.109707	14916.071711	43.563564
G723	4179.145748	3.045092	558.117617	0.039644	3621.028130	3.045350	0.000000	0.000000	3291.244976	5.931327	15564.172593	44.092314
G724	7691.825231	10.763334	479.824154	0.038466	7212.001077	10.763403	0.000000	0.000000	6555.172027	14.313394	30999.159755	95.774682
G725	4564.670383	3.646500	513.980876	0.046581	4050.689507	3.646797	0.000000	0.000000	3681.775178	6.739727	17410.975099	49.640339
G726	4986.431978	3.999977	637.352646	0.042251	4349.079332	4.000200	0.000000	0.000000	3952.989313	7.274403	18693.536450	53.413211
G727	3096.374625	3.222876	361.059309	0.029683	2735.315316	3.223013	0.000000	0.000000	2486.197971	4.927959	11757.135858	34.691722
G728	2351.073534	3.263504	378.153369	0.037770	1972.920166	3.263723	0.000000	0.000000	1793.237542	4.119383	8480.152284	26.889965
G729	3192.168987	3.095802	414.455555	0.058791	2777.713432	3.096360	0.000000	0.000000	2524.734702	4.910615	11939.374597	34.933249
G730	2422.147350	2.231153	503.885950	0.035932	1918.261399	2.231443	0.000000	0.000000	1743.556793	3.440433	8245.213906	24.279879
G731	3014.397719	2.455842	545.131972	0.037649	2469.265747	2.456131	0.000000	0.000000	2244.378721	4.216705	10613.581798	30.591443
G732	1852.797276	1.419614	450.604507	0.037614	1402.192769	1.420112	0.000000	0.000000	1274.488830	2.406782	6027.009312	17.409546
G733	2880.498353	2.322213	350.854084	0.038546	2529.644268	2.322533	0.000000	0.000000	2299.258302	4.229260	10873.105255	31.062036
G734	3551.696399	3.381845	308.708201	0.045665	3242.988199	3.382153	0.000000	0.000000	2947.634824	5.614536	13939.253223	40.413943
G735	3168.956231	2.801017	347.462774	0.044807	2821.493457	2.801375	0.000000	0.000000	2564.527485	4.815738	12127.553155	34.947577
G736	3236.501839	2.467631	527.737852	0.036586	2708.763987	2.467902	0.000000	0.000000	2462.064790	4.520093	11643.010960	33.235211
G737	3899.598403	3.103197	446.591752	0.039295	3453.006651	3.103446	0.000000	0.000000	3138.525960	5.742923	14841.970163	42.308725
G738	3398.385378	2.539221	565.125467	0.043788	2833.259911	2.539599	0.000000	0.000000	2575.222316	4.709131	12178.128603	34.705884
G739	3054.268874	2.875958	405.093622	0.042099	2649.175252	2.876266	0.000000	0.000000	2407.903066	4.643717	11386.882222	33.192340
G740	3250.907272	2.296434	574.483215	0.043757	2676.424057	2.296850	0.000000	0.000000	2432.670202	4.403680	11504.005067	32.649268
G741	4231.337108	2.695664	487.105235	0.039602	3744.231874	2.695955	0.000000	0.000000	3403.228006	5.952133	16093.736090	45.052860
G742	2916.307854	2.665615	353.432249	0.032761	2562.875605	2.665816	0.000000	0.000000	2329.463112	4.433568	11015.942658	31.927546
G743	3118.460983	2.147667	292.741425	0.035816	2825.719558	2.147966	0.000000	0.000000	2568.368696	4.535385	12145.718098	34.129346
G744	7966.313588	7.629093	359.987556	0.037212	7606.326032	7.629184	0.000000	0.000000	6913.584054	13.019699	32694.076626	94.328147
G745	1379.350298	1.458654	441.004064	0.032026	938.346234	1.459006	0.000000	0.000000	852.886865	1.899098	4033.269616	12.584730
G746	3548.021599	2.962393	481.454086	0.044062	3066.567513	2.962721	0.000000	0.000000	2787.281556	5.195019	13180.948704	37.863148
G747	4793.897483	3.855018	555.477775	0.039229	4238.419708	3.855217	0.000000	0.000000	3852.407953	7.069766	18217.891017	51.994669
G748	3335.589568	2.791750	521.660822	0.042754	2813.928746	2.792077	0.000000	0.000000	2557.651726	4.801968	12095.037952	34.851233
G749	3066.802230	3.223579	563.986566	0.047779	2502.815665	3.223933	0.000000	0.000000	2274.873098	4.661938	10757.788553	32.232958
G750	4224.778649	4.955744	567.642515	0.045238	3657.136134	4.955951	0.000000	0.000000	3324.064463	6.954259	15719.374701	47.561532
G751	3438.195796	2.631703	534.615305	0.048717	2903.580491	2.632154	0.000000	0.000000	2639.138487	4.839220	12480.385754	35.607388
G752	3740.588949	2.616284	687.476615	0.050425	3053.112334	2.616770	0.000000	0.000000	2775.051800	5.022027	13123.114652	37.240082
G753	2736.728009	2.879466	402.016783	0.042089	2334.711226	2.879774	0.000000	0.000000	2122.078679	4.276854	10035.229542	29.836280
G754	4674.510181	4.436946	325.896647	0.035091	4348.613534	4.437085	0.000000	0.000000	3952.565937	7.480221	18691.534321	54.041882
G755	3976.535826	3.690697	428.337143	0.035853	3548.198683	3.690871	0.000000	0.000000	3225.048431	6.138175	15251.131641	44.202649
G756	4146.408080	3.284251	394.049338	0.033383	3752.358742	3.284420	0.000000	0.000000	3410.614724	6.201867	16128.667600	45.858653
G757	4488.104751	3.954530	491.552446	0.045889	3996.552305	3.954797	0.000000	0.000000	3632.568492	6.814970	17178.278547	49.482482
G758	4489.676030	3.859706	462.715309	0.045013	4026.960721	3.859969	0.000000	0.000000	3660.207478	6.807618	17308.982264	49.677083
G759	2148.349222	2.289681	457.430448	0.049045	1690.918774	2.290206	0.000000	0.000000	1536.919272	3.214655	7268.032915	21.988243
G760	1986.604740	2.038765	551.798159	0.036913	1434.806581	2.039099	0.000000	0.000000	1304.132357	2.784913	6167.192428	18.845725
G761	4215.507637	3.614360	499.802589	0.040311	3715.705048	3.614584	0.000000	0.000000	3377.299245	6.306382	15971.119965	45.913928
G762	3480.950036	4.227748	245.291039	0.044228	3235.658996	4.227980	0.000000	0.000000	2940.973125	6.061447	13907.750300	41.782636
G763	4054.103210	4.014811	386.319192	0.053678	3667.784018	4.015170	0.000000	0.000000	3333.742597	6.446151	15765.142228	46.007791
G764	1968.426656	1.933541	431.527920	0.048960	1536.898736	1.934160	0.000000	0.000000	1396.926525	2.836904	6606.012525	19.709840
G765	3594.934042	3.461622	393.021566	0.041638	3201.912475	3.461872	0.000000	0.000000	2910.300050	5.605190	13762.698492	40.094565
G766	5244.430441	3.229957	647.770857	0.049119	4596.659584	3.230331	0.000000	0.000000	4178.021329	7.277808	19757.704315	55.222993
G767	4674.490259	3.470790	631.973938	0.049407	4042.516321	3.471142	0.000000	0.000000	3674.346360	6.652230	17375.844501	49.316531
G768	2512.721993	2.356808	424.407316	0.039466	2088.314677	2.357138	0.000000	0.000000	1898.122561	3.707160	8976.149560	26.311365
G769	3506.482418	2.680178	482.830809	0.041587	3023.651610	2.680501	0.000000	0.000000	2748.274195	5.012377	12996.484374	36.998049
G770	3013.596662	2.291579	573.191360	0.038572	2440.405302	2.291904	0.000000	0.000000	2218.146725	4.103538	10489.531686	30.037848
G771	3610.309195	2.400883	452.375974	0.059542	3157.933221	2.401622	0.000000	0.000000	2870.326182	5.069040	13573.663591	38.143166
G772	2992.923034	3.023769	453.512086	0.041253	2539.410948	3.024050	0.000000	0.000000	2308.135486	4.592297	10915.085122	32.262036
G773	3740.988853	3.008479	441.778889	0.041851	3299.209965	3.008770	0.000000	0.000000	2998.736224	5.506685	14180.909803	40.483708
G774	3878.414674	3.560784	435.519852	0.041247	3442.894822	3.561023	0.000000	0.000000	3129.335062	5.945936	14798.506751	42.859543
G775	651.755925	0.089470	577.093374	0.034670	74.662551	0.095953	0.000000	0.000000	67.862700	0.138946	320.920132	0.961146
G776	3878.742965	2.434285	599.041647	0.059702	3279.701318	2.435017	0.000000	0.000000	2981.004316	5.241549	14097.056287	39.545827
G777	2208.255562	2.583708	402.715100	0.042693	1805.540462	2.584061	0.000000	0.000000	1641.101853	3.515457	7760.708383	23.751452
G778	2818.229662	1.983719	430.971083	0.041817	2387.258579	1.984160	0.000000	0.000000	2169.840311	3.900433	10261.092487	29.039112
G779	2749.735262	2.898819	449.091495	0.039098	2300.643766	2.899083	0.000000	0.000000	2091.113895	4.248792	9888.798253	29.511256
G780	2431.939367	2.364616	416.454491	0.032718	2015.484876	2.364842	0.000000	0.000000	1831.925695	3.625715	8663.107091	25.545058
G781	4903.667569	3.670505	577.589921	0.041802	4326.077647	3.670743	0.000000	0.000000	3932.082494	7.100019	18594.668896	52.719071
G782	3332.474808	2.882432	510.308191	0.038198	2822.166617	2.882685	0.000000	0.000000	2565.139338	4.856041	12130.446584	35.076851
G783	4267.751792	4.458991	403.922038	0.047773	3863.829754	4.459247	0.000000	0.000000	3511.933575	6.910920	16607.800602	48.845475
G784	3010.178801	2.328088	464.225997	0.039158	2545.952804	2.328417	0.000000	0.000000	2314.081547	4.252408	10943.203817	31.249757
G785	3990.588878	2.994595	257.583058	0.045953	3733.005820	2.994948	0.000000	0.000000	3393.024359	6.054538	16045.483431	45.275239
G786	3855.291854	3.236971	424.300226	0.040432	3430.991628	3.237223	0.000000	0.000000	3118.515944	5.776146	14747.343554	42.251734
G787	4724.362048	3.307658	384.815643	0.040740	4339.546405	3.307909	0.000000	0.000000	3944.324592	6.968741	18652.561314	52.424233
G788	2722.461046	2.385697	360.888022	0.037034	2361.573023	2.385985	0.000000	0.000000	2146.494053	4.050693	10150.688921	29.312474
G789	4179.502351	3.387586	441.611625	0.033409	3737.890726	3.387751	0.000000	0.000000	3397.464375	6.229389	16066.480098	45.837773
G790	2287.195014	2.695046	327.866202	0.035755	1959.328812	2.695283	0.000000	0.000000	1780.884013	3.749495	8421.732916	25.559003
G791	2726.698852	2.290609	399.326343	0.037030	2327.372509	2.290908	0.000000	0.000000	2115.408332	3.962851	10003.685723	28.797983
G792	2800.322892	2.075678	500.164956	0.032174	2300.157935	2.075927	0.000000	0.000000	2090.672311	3.829400	9886.710019	28.194900
G793	3713.859676	3.463447	312.892829	0.048906	3400.966847	3.463793	0.000000	0.000000	3091.225653	5.847019	14618.288806	42.255466
G794	2757.540677	2.710763	279.636457	0.048398	2477.904220	2.711195	0.000000	0.000000	2252.230450	4.354211	10650.712327	31.079974
G795	4340.639429	3.382109	363.896627	0.040201	3976.742802	3.382348	0.000000	0.000000	3614.563129	6.530115	17093.131866	48.472287
G796	4132.711461	3.429247	375.324508	0.070525	3757.386953	3.429972	0.000000	0.000000	3415.184994	6.272941	16150.280232	46.110488
G797	3111.615892	2.502738	529.750619	0.048909	2581.865272	2.503216	0.000000	0.000000	2346.723306	4.378037	11097.565460	31.891209
G798	3346.906155	3.140372	404.376824	0.037843	2942.529331	3.140600	0.000000	0.000000	2674.540084	5.130379	12647.798559	36.781781
G799	3437.906129	2.919647	223.776112	0.041697	3214.130017	2.919944	0.000000	0.000000	2921.404885	5.359614	13815.212838	39.424314
G800	3106.557961	2.526027	570.872615	0.059311	2535.685346	2.526723	0.000000	0.000000	2304.749192	4.332308	10899.071464	31.421027
G801	4452.314600	4.082860	505.176412	0.032534	3947.138188	4.082989	0.000000	0.000000	3587.654738	6.816981	16965.883111	49.137362
G802	3268.878844	3.540770	301.208467	0.060199	2967.670378	3.541281	0.000000	0.000000	2697.391423	5.370706	12755.861676	37.715421
G803	4136.346664	3.959552	303.033153	0.035659	3833.313510	3.959712	0.000000	0.000000	3484.196581	6.617661	16476.633412	47.711884
G804	4424.811809	3.769860	381.358717	0.047024	4043.453093	3.770153	0.000000	0.000000	3675.197816	6.786520	17379.871003	49.730748
G805	5139.276090	4.223185	578.328416	0.042563	4560.947674	4.223400	0.000000	0.000000	4145.561862	7.641682	19604.204725	56.054585
G806	2760.822564	2.645215	540.734680	0.044573	2220.087884	2.645591	0.000000	0.000000	2017.894595	4.015812	9542.546964	28.208312
G807	3757.441817	3.401014	544.194518	0.048096	3213.247298	3.401354	0.000000	0.000000	2920.602560	5.588169	13811.418671	40.121463
G808	3559.180348	3.088781	558.512935	0.036712	3000.667413	3.088999	0.000000	0.000000	2727.383271	5.174979	12897.691988	37.331989
G809	2004.829571	3.044051	451.910249	0.060144	1552.919322	3.044645	0.000000	0.000000	1411.488045	3.566452	6674.873399	22.300620
G810	2957.822436	3.141037	419.857319	0.044323	2537.965117	3.141350	0.000000	0.000000	2306.821333	4.655239	10908.870544	32.453160
G811	2711.505950	2.756256	409.261985	0.039276	2302.243964	2.756536	0.000000	0.000000	2092.568356	4.171530	9895.676344	29.274827
G812	5411.083430	3.576236	528.440040	0.063862	4882.643390	3.576807	0.000000	0.000000	4437.959317	7.784895	20986.941194	58.819083
G813	2913.641634	2.880004	466.943171	0.038751	2446.698462	2.880265	0.000000	0.000000	2223.866740	4.406543	10516.581418	31.026641
G814	2250.595525	1.906516	412.548790	0.044664	1838.046734	1.907039	0.000000	0.000000	1670.647634	3.177273	7900.429264	22.890392
G815	3687.928344	2.727504	455.930383	0.044994	3231.997961	2.727875	0.000000	0.000000	2937.645516	5.298209	13892.014165	39.367601
G816	1935.329330	2.041321	541.054661	0.041660	1394.274670	2.041746	0.000000	0.000000	1267.291867	2.742991	5992.975149	18.435216
G817	5231.042360	4.108075	408.321828	0.034578	4822.720533	4.108221	0.000000	0.000000	4383.493901	7.921990	20729.376308	58.792040
G818	3112.345240	3.353285	446.395008	0.035036	2665.950232	3.353468	0.000000	0.000000	2423.150275	4.920085	11458.985693	34.186403
G819	2832.023488	2.330339	389.369957	0.070591	2442.653531	2.331408	0.000000	0.000000	2220.190198	4.124676	10499.195191	30.118615
G820	4040.769700	3.875728	530.671773	0.039615	3510.097927	3.875930	0.000000	0.000000	3190.417680	6.186245	15087.364136	44.083838
G821	2689.993242	2.953727	589.559927	0.036543	2100.433314	2.953953	0.000000	0.000000	1909.137500	4.058108	9028.238789	27.526581
G822	3247.963015	4.591713	418.223168	0.052893	2829.739848	4.592018	0.000000	0.000000	2572.022840	5.850336	12162.998406	38.369589
G823	2824.647512	2.834519	310.147721	0.044851	2514.499791	2.834874	0.000000	0.000000	2285.493100	4.461981	10808.010136	31.675534
G824	2416.166197	3.292138	408.094605	0.045077	2008.071592	3.292446	0.000000	0.000000	1825.187571	4.173558	8631.242760	27.303291
G825	1283.762369	1.568316	357.263852	0.047337	926.498517	1.569031	0.000000	0.000000	842.118172	1.958428	3982.344878	12.709971
G826	3451.912701	3.638177	561.943613	0.039886	2889.969088	3.638396	0.000000	0.000000	2626.766735	5.335285	12421.880209	37.064763
G827	3781.896727	3.096569	391.433375	0.044514	3390.463352	3.096889	0.000000	0.000000	3081.678759	5.661208	14573.141903	41.610184
G828	2304.243872	2.633398	436.467134	0.031650	1867.776737	2.633588	0.000000	0.000000	1697.669994	3.612719	8028.216975	24.491133
G829	4998.702442	4.684837	566.367323	0.058336	4432.335119	4.685200	0.000000	0.000000	4028.662624	7.704967	19051.392668	55.332975
G830	5109.770569	3.738873	507.690261	0.036902	4602.080307	3.739055	0.000000	0.000000	4182.948363	7.483331	19781.004071	55.873290
G831	2745.718712	2.806323	520.220294	0.038608	2225.498417	2.806588	0.000000	0.000000	2022.812368	4.111254	9565.802922	28.551326
G832	2297.876991	2.292672	363.291282	0.035081	1934.585709	2.292940	0.000000	0.000000	1758.394375	3.492628	8315.380270	24.559250
G833	3044.444272	3.579259	435.380434	0.037873	2609.063838	3.579459	0.000000	0.000000	2371.444778	4.987167	11214.472361	34.015950
G834	4270.620941	3.968982	425.091931	0.036538	3845.529010	3.969150	0.000000	0.000000	3495.299561	6.637177	16529.138980	47.859051
G835	2549.490993	2.074888	460.062381	0.040228	2089.428613	2.075278	0.000000	0.000000	1899.135046	3.566606	8980.937562	25.881185
G836	3375.522014	3.077219	484.558397	0.033543	2890.963618	3.077402	0.000000	0.000000	2627.670689	5.036349	12426.154971	36.124346
G837	4736.563589	3.175476	556.097781	0.039374	4180.465808	3.175720	0.000000	0.000000	3799.732173	6.709000	17968.789252	50.489730
G838	2738.700689	2.915154	506.448425	0.040277	2232.252264	2.915432	0.000000	0.000000	2028.951111	4.180924	9594.832809	28.822826
G839	2173.225713	2.406293	556.834843	0.036579	1616.390870	2.406571	0.000000	0.000000	1469.178956	3.204404	6947.691530	21.453529
G840	2802.903969	2.632629	493.679204	0.043320	2309.224765	2.632985	0.000000	0.000000	2098.913384	4.113285	9925.681741	29.138733
G841	2656.892292	2.510294	299.185092	0.036849	2357.707200	2.510564	0.000000	0.000000	2142.980308	4.107771	10134.072552	29.462256
G842	4151.218653	3.773651	475.009478	0.039266	3676.209176	3.773855	0.000000	0.000000	3341.400438	6.334816	15801.355868	45.720416
G843	3027.929494	2.484221	386.609835	0.036556	2641.319659	2.484490	0.000000	0.000000	2400.762917	4.443174	11353.116729	32.516310
G844	3223.172933	2.692468	558.886210	0.037182	2664.286723	2.692724	0.000000	0.000000	2421.638268	4.570360	11451.835472	33.071187
G845	2931.053418	2.417698	479.255372	0.042058	2451.798046	2.418064	0.000000	0.000000	2228.501881	4.176949	10538.500827	30.344459
G846	3800.449121	2.678571	605.276964	0.047149	3195.172158	2.678986	0.000000	0.000000	2904.173603	5.230286	13733.726758	38.896314
G847	1674.611541	1.920073	487.420238	0.037729	1187.191303	1.920444	0.000000	0.000000	1079.068505	2.450505	5102.874012	16.084147
G848	1749.642545	1.437256	446.948453	0.034787	1302.694092	1.437677	0.000000	0.000000	1184.051941	2.295478	5599.336694	16.359448
G849	4810.840708	6.305186	357.495273	0.031292	4453.345435	6.305264	0.000000	0.000000	4047.759438	8.629488	19141.700772	58.445998
G850	3450.079467	3.681454	401.817779	0.036015	3048.261688	3.681630	0.000000	0.000000	2770.642924	5.540715	13102.265242	38.816666
G851	3275.467260	3.184242	523.629473	0.030892	2751.837787	3.184391	0.000000	0.000000	2501.215667	4.926522	11828.153972	34.802321
G852	3083.975157	3.477509	530.128185	0.035236	2553.846972	3.477687	0.000000	0.000000	2321.256757	4.866227	10977.135116	33.245621
G853	3217.457271	3.395464	334.480306	0.048077	2882.976965	3.395804	0.000000	0.000000	2620.411416	5.193340	12391.826145	36.562444
G854	4087.867146	3.381806	359.643700	0.044883	3728.223446	3.382104	0.000000	0.000000	3388.677537	6.214678	16024.927476	45.723479
G855	3726.185346	2.784057	372.486188	0.042926	3353.699158	2.784387	0.000000	0.000000	3048.262844	5.478185	14415.119309	40.791280
G856	3462.328944	3.155975	300.922764	0.069230	3161.406181	3.156734	0.000000	0.000000	2873.482844	5.404509	13588.591322	39.184335
G857	4454.292908	3.118790	463.080998	0.040937	3991.211911	3.119059	0.000000	0.000000	3627.714471	6.439737	17155.324066	48.306577
G858	5538.694872	4.143945	476.235185	0.036220	5062.459687	4.144104	0.000000	0.000000	4601.398943	8.244779	21759.840982	61.501163
G859	4385.408830	4.425232	425.416189	0.040986	3959.992641	4.425422	0.000000	0.000000	3599.338480	7.006538	17021.135079	49.820190
G860	3783.074262	3.743252	478.712096	0.036858	3304.362166	3.743434	0.000000	0.000000	3003.419191	5.873088	14203.055376	41.655474
G861	4210.020610	4.018459	540.100777	0.032168	3669.919833	4.018588	0.000000	0.000000	3335.683893	6.450460	15774.322546	46.036323
G862	4352.636483	2.975180	406.589261	0.041246	3946.047222	2.975466	0.000000	0.000000	3586.663132	6.324148	16961.193841	47.632849
G863	4536.585772	4.016848	372.034583	0.036852	4164.551188	4.017017	0.000000	0.000000	3785.266969	7.052030	17900.383850	51.410640
G864	5607.604679	5.015801	345.411576	0.038017	5262.193103	5.015945	0.000000	0.000000	4782.941747	8.882686	22618.350015	64.874919
G865	2013.827146	2.574640	402.927742	0.043622	1610.899404	2.575010	0.000000	0.000000	1464.187623	3.305181	6924.087705	21.756839
G866	3018.448532	3.683467	434.367832	0.036394	2584.080700	3.683647	0.000000	0.000000	2348.736965	5.022420	11107.087976	33.963564
G867	3746.813491	3.564008	447.078188	0.042746	3299.735303	3.564265	0.000000	0.000000	2999.213717	5.774716	14183.167850	41.314131
G868	2766.071003	2.929314	481.254527	0.037712	2284.816476	2.929557	0.000000	0.000000	2076.728066	4.248135	9820.768216	29.400394
G869	4487.799122	4.038625	523.201752	0.039590	3964.597370	4.038819	0.000000	0.000000	3603.523835	6.816507	17040.927468	49.259809
G870	2159.938083	3.620349	575.708555	0.040479	1584.229528	3.620576	0.000000	0.000000	1439.946692	4.012114	6809.453260	24.114702
G871	5440.312368	4.022322	517.516749	0.032157	4922.795618	4.022450	0.000000	0.000000	4474.454703	8.014281	21159.526488	59.795346
G872	4522.935453	4.815232	426.572718	0.038974	4096.362736	4.815390	0.000000	0.000000	3723.288743	7.373907	17607.291169	51.934301
G873	3563.451430	3.372164	438.628485	0.035262	3124.822945	3.372348	0.000000	0.000000	2840.231406	5.467090	13431.346535	39.119400
G874	4095.426970	3.590279	369.654405	0.033761	3725.772564	3.590438	0.000000	0.000000	3386.449868	6.307453	16014.392913	45.989170
G875	3709.814804	2.989034	340.553364	0.030648	3369.261440	2.989191	0.000000	0.000000	3062.407799	5.586320	14482.010265	41.230089
G876	2097.435896	2.297302	536.402105	0.038887	1561.033791	2.297631	0.000000	0.000000	1418.863493	3.078257	6709.751613	20.664079
G877	2667.114046	2.908892	290.819428	0.035298	2376.294618	2.909106	0.000000	0.000000	2159.874887	4.340842	10213.966374	30.328655
G878	3175.349110	2.887955	396.109444	0.035849	2779.239665	2.888177	0.000000	0.000000	2526.121934	4.806523	11945.934764	34.618792
G879	3956.675606	3.443843	320.673779	0.030917	3636.001826	3.443982	0.000000	0.000000	3304.854951	6.127464	15628.533647	44.795275
G880	3476.973679	2.985013	528.581655	0.049044	2948.392025	2.985416	0.000000	0.000000	2679.868835	5.060424	12672.998024	36.606083
G881	3836.556833	2.933903	483.881587	0.037205	3352.675246	2.934138	0.000000	0.000000	3047.332184	5.541081	14410.718255	40.973423
G882	3765.376555	3.197204	455.717384	0.044856	3309.659171	3.197519	0.000000	0.000000	3008.233774	5.606807	14225.823356	40.864531
G883	2343.665628	2.352982	280.231425	0.043754	2063.434203	2.353388	0.000000	0.000000	1875.508062	3.675819	8869.206454	26.038341
G884	3912.319228	3.791126	351.035117	0.036201	3561.284112	3.791299	0.000000	0.000000	3236.942111	6.204290	15307.376405	44.500954
G885	4776.695827	3.912219	294.946374	0.034474	4481.749453	3.912371	0.000000	0.000000	4073.576575	7.402817	19263.789036	54.758894
G886	2710.285902	3.190287	453.982427	0.038755	2256.303475	3.190522	0.000000	0.000000	2050.811871	4.369710	9698.211513	29.603782
G887	4049.496502	3.531148	421.205938	0.036147	3628.290564	3.531333	0.000000	0.000000	3297.845987	6.158865	15595.388524	44.836367
G888	4454.944575	3.489235	359.590838	0.032755	4095.353738	3.489389	0.000000	0.000000	3722.371638	6.727520	17602.954217	49.925973
G889	4278.322528	3.647627	460.448836	0.042519	3817.873692	3.647875	0.000000	0.000000	3470.162936	6.448690	16410.268836	47.081020
G890	3701.274240	3.521522	586.385765	0.043154	3114.888474	3.521786	0.000000	0.000000	2831.201712	5.532640	13388.645456	39.255322
G891	3342.921106	3.166466	273.840704	0.042238	3069.080401	3.166748	0.000000	0.000000	2789.565584	5.296578	13191.749787	38.194334
G892	5414.694374	4.515629	274.479017	0.031731	5140.215356	4.515741	0.000000	0.000000	4672.073057	8.502950	22094.056187	62.841965
G893	4495.919232	3.593402	344.416098	0.032647	4151.503133	3.593550	0.000000	0.000000	3773.407258	6.844040	17844.299728	50.683733
G894	3718.543938	3.796269	397.504098	0.029412	3321.039841	3.796383	0.000000	0.000000	3018.577956	5.920717	14274.740600	41.922476
G895	4318.911547	3.490329	503.450634	0.039661	3815.460912	3.490555	0.000000	0.000000	3467.969899	6.373318	16399.898046	46.833581
G896	1502.949789	1.813769	545.259028	0.045627	957.690761	1.814343	0.000000	0.000000	870.469599	2.155105	4116.417702	13.594988
G897	4010.921985	4.016223	441.941174	0.031658	3568.980811	4.016348	0.000000	0.000000	3243.937838	6.329299	15340.458930	44.946833
G898	2745.478107	3.687893	384.733292	0.041571	2360.744815	3.688128	0.000000	0.000000	2145.741274	4.788966	10147.129055	31.698882
G899	3332.137181	2.925788	459.470948	0.035326	2872.666233	2.926001	0.000000	0.000000	2611.039729	4.938884	12347.507792	35.691977
G900	484.291214	0.056306	481.898013	0.029278	2.393200	0.063463	0.000000	0.000000	2.175241	0.057787	10.286631	0.274198

# W module
# module name	LMS_Mean	LMS_Err	Pedestal_Mean	Pedestal_Err	module signal(LMS-Pedestal)	signal error	gain1(RefPMT1)	gain1 error	gain2(RefPMT2)	gain2 error	gain3(RefPMT3)	gain3 error
W1	4490.449937	2.806642	396.912163	0.037241	4093.537773	2.806889	0.000000	0.000000	3720.721062	6.455865	17595.148705	49.103977
W2	2240.126656	1.323175	478.203748	0.036236	1761.922907	1.323671	0.000000	0.000000	1601.456743	2.821857	7573.228166	21.262594
W3	2203.145802	1.125643	589.121825	0.038992	1614.023976	1.126318	0.000000	0.000000	1467.027626	2.552549	6937.517972	19.381876
W4	2341.539360	1.055484	559.993925	0.039694	1781.545435	1.056230	0.000000	0.000000	1619.292160	2.753721	7657.571175	21.207071
W5	2776.440611	1.513907	561.703274	0.037334	2214.737337	1.514367	0.000000	0.000000	2013.031347	3.491308	9519.548846	26.562368
W6	922.213888	0.935230	522.021964	0.779921	400.191924	1.217757	0.000000	0.000000	363.744664	1.249498	1720.134712	7.003644
W7	3265.792028	1.720341	592.725928	0.031370	2673.066100	1.720627	0.000000	0.000000	2429.618069	4.176386	11489.571646	31.949595
W8	1648.520010	1.122154	376.895986	0.048542	1271.624024	1.123203	0.000000	0.000000	1155.811562	2.106189	5465.789015	15.554378
W9	1181.705946	0.836735	435.502636	0.032068	746.203310	0.837349	0.000000	0.000000	678.243252	1.322080	3207.386600	9.393554
W10	1484.133783	1.039157	439.670674	0.041994	1044.463109	1.040005	0.000000	0.000000	949.339203	1.784133	4489.389066	12.941360
W11	2807.152874	1.565921	553.708693	0.036395	2253.444181	1.566344	0.000000	0.000000	2048.212986	3.561531	9685.921485	27.053676
W12	1536.720724	0.990860	379.836817	0.048549	1156.883906	0.992049	0.000000	0.000000	1051.521338	1.903161	4972.604504	14.111648
W13	2349.399941	1.402734	580.711749	0.042874	1768.688193	1.403389	0.000000	0.000000	1607.605884	2.862273	7602.307218	21.432307
W14	2477.912428	1.367527	518.764683	0.038013	1959.147745	1.368055	0.000000	0.000000	1780.719437	3.098684	8420.954640	23.527231
W15	3621.311305	2.406168	524.029462	0.040811	3097.281844	2.406514	0.000000	0.000000	2815.198596	4.991828	13312.967325	37.470529
W16	3333.311123	1.983850	549.737746	0.034404	2783.573377	1.984148	0.000000	0.000000	2530.060956	4.417501	11964.562247	33.471514
W17	3701.959891	2.115401	293.354417	0.036097	3408.605473	2.115709	0.000000	0.000000	3098.168596	5.299324	14651.121719	40.664405
W18	641.250340	0.532131	379.492970	0.041190	261.757370	0.533723	0.000000	0.000000	237.917961	0.615742	1125.105009	3.811390
W19	2357.056570	1.448347	348.224521	0.033818	2008.832049	1.448741	0.000000	0.000000	1825.878770	3.194272	8634.511415	24.174053
W20	2261.880803	1.593086	257.604655	0.036616	2004.276148	1.593506	0.000000	0.000000	1821.737795	3.244818	8614.928901	24.290934
W21	2244.735583	1.613437	502.015707	0.042026	1742.719876	1.613984	0.000000	0.000000	1584.002617	2.919966	7490.688267	21.418567
W22	3258.959805	2.296405	508.075899	0.043884	2750.883906	2.296824	0.000000	0.000000	2500.348661	4.498939	11824.053931	33.475531
W23	2345.767895	1.655160	465.654193	0.037180	1880.113701	1.655578	0.000000	0.000000	1708.883375	3.111788	8081.244632	22.990576
W24	1850.421999	1.152436	361.147733	0.040249	1489.274266	1.153139	0.000000	0.000000	1353.639428	2.398646	6401.309485	18.012325
W25	2366.307404	1.416409	312.208806	0.035490	2054.098598	1.416853	0.000000	0.000000	1867.022693	3.242511	8829.079464	24.648790
W26	3056.517551	1.816083	618.464709	0.036733	2438.052842	1.816455	0.000000	0.000000	2216.008515	3.898873	10479.420171	29.404640
W27	1954.150025	1.129628	637.391796	0.037320	1316.758229	1.130245	0.000000	0.000000	1196.835195	2.166640	5659.788216	16.063222
W28	2148.815369	1.371593	556.579419	0.046869	1592.235949	1.372394	0.000000	0.000000	1447.223932	2.622378	6843.867054	19.431207
W29	2516.172332	1.536006	669.411240	0.033571	1846.761092	1.536373	0.000000	0.000000	1678.568337	3.017947	7937.885964	22.466213
W30	3098.064298	1.632851	511.024174	0.029293	2587.040124	1.633114	0.000000	0.000000	2351.426861	4.031131	11119.808391	30.889692
W31	2713.077165	1.582625	485.074461	0.027532	2228.002704	1.582864	0.000000	0.000000	2025.088577	3.533863	9576.567033	26.785205
W32	3921.340927	2.088546	577.694800	0.042033	3343.646126	2.088969	0.000000	0.000000	3039.125386	5.202824	14371.908620	39.902539
W33	2653.530663	1.570796	466.721391	0.043081	2186.809272	1.571387	0.000000	0.000000	1987.646815	3.475140	9399.506358	26.309500
W34	3661.162538	2.214931	397.905046	0.039809	3263.257493	2.215289	0.000000	0.000000	2966.058103	5.138469	14026.376212	39.120935
W35	3068.314286	1.921756	457.001895	0.046113	2611.312392	1.922309	0.000000	0.000000	2373.488545	4.167048	11224.137260	31.467905
W36	2311.035567	1.526283	535.398672	0.031378	1775.636895	1.526605	0.000000	0.000000	1613.921737	2.922765	7632.174649	21.664341
W37	2772.046524	1.794066	536.078984	0.030467	2235.967540	1.794325	0.000000	0.000000	2032.328020	3.626679	9610.802083	27.119150
W38	1586.536424	0.853635	455.681261	0.040198	1130.855163	0.854581	0.000000	0.000000	1027.863148	1.813098	4860.725823	13.652750
W39	2447.906142	1.243927	437.102521	0.025169	2010.803621	1.244181	0.000000	0.000000	1827.670782	3.124886	8642.985772	23.984975
W40	2739.195978	1.285034	628.810492	0.032430	2110.385486	1.285443	0.000000	0.000000	1918.183284	3.272991	9071.015955	25.153430
W41	1793.918986	1.065143	457.004445	0.036636	1336.914541	1.065773	0.000000	0.000000	1215.155781	2.165554	5746.425576	16.206273
W42	1810.973728	1.086207	537.041165	0.031488	1273.932563	1.086663	0.000000	0.000000	1157.909852	2.093241	5475.711750	15.531946
W43	3578.542670	1.893388	553.293925	0.024101	3025.248745	1.893542	0.000000	0.000000	2749.725872	4.708547	13003.349298	36.106217
W44	2793.341219	1.710101	281.559814	0.034018	2511.781405	1.710439	0.000000	0.000000	2283.022289	3.957051	10796.325765	30.117557
W45	2367.942426	1.272735	513.337776	0.042827	1854.604650	1.273455	0.000000	0.000000	1685.697547	2.925511	7971.599728	22.248761
W46	2952.294593	1.616951	578.097617	0.042132	2374.196975	1.617500	0.000000	0.000000	2157.968286	3.740569	10204.950131	28.468637
W47	2317.334655	1.221191	512.985891	0.037364	1804.348764	1.221763	0.000000	0.000000	1640.018688	2.840092	7755.586139	21.627813
W48	1199.345880	0.776084	520.002207	0.037229	679.343673	0.776976	0.000000	0.000000	617.472820	1.211338	2920.005535	8.576223
W49	1800.068312	1.401867	313.905359	0.037761	1486.162953	1.402376	0.000000	0.000000	1350.811476	2.502054	6387.936209	18.301900
W50	3993.812273	2.032578	458.875822	0.032662	3534.936450	2.032841	0.000000	0.000000	3212.994048	5.444248	15194.126926	42.021926
W51	2649.144159	1.522573	513.792337	0.032266	2135.351823	1.522915	0.000000	0.000000	1940.875825	3.389086	9178.328121	25.677774
W52	3733.997858	2.516598	228.894857	0.047860	3505.103001	2.517053	0.000000	0.000000	3185.877664	5.569481	15065.894572	42.168094
W53	911.238946	0.659786	303.082006	0.033587	608.156940	0.660641	0.000000	0.000000	552.769380	1.066213	2614.025420	7.620351
W54	2229.535648	1.416060	270.171430	0.031762	1959.364218	1.416416	0.000000	0.000000	1780.916195	3.116869	8421.885101	23.582476
W55	1375.337888	0.848141	427.654901	0.038608	947.682987	0.849019	0.000000	0.000000	861.373278	1.574938	4073.401544	11.608005
W56	2713.298593	1.602093	510.998432	0.042193	2202.300161	1.602649	0.000000	0.000000	2001.726880	3.507317	9466.090452	26.518215
W57	2355.280227	1.355166	510.020452	0.045713	1845.259775	1.355937	0.000000	0.000000	1677.203752	2.943675	7931.432893	22.233747
W58	3133.489539	1.800962	471.456636	0.037569	2662.032904	1.801354	0.000000	0.000000	2419.589714	4.189695	11442.147939	31.907222
W59	1895.914199	1.154302	436.541040	0.034268	1459.373159	1.154811	0.000000	0.000000	1326.461547	2.360434	6272.786319	17.680339
W60	4157.850765	2.069300	527.616200	0.026610	3630.234565	2.069471	0.000000	0.000000	3299.612939	5.585435	15603.744374	43.138619
W61	1977.659673	1.211196	523.074079	0.023865	1454.585594	1.211431	0.000000	0.000000	1322.110008	2.377615	6252.208053	17.696989
W62	3506.582232	1.999424	721.035096	0.047636	2785.547136	1.999991	0.000000	0.000000	2531.854956	4.426006	11973.046005	33.511112
W63	2677.748534	1.361030	657.180983	0.033361	2020.567550	1.361439	0.000000	0.000000	1836.545467	3.178039	8684.953819	24.212510
W64	2122.815914	1.078873	611.855254	0.032473	1510.960660	1.079362	0.000000	0.000000	1373.350745	2.398747	6494.523558	18.171348
W65	3118.332967	1.670652	625.181897	0.023475	2493.151070	1.670817	0.000000	0.000000	2266.088701	3.918146	10716.247473	29.866119
W66	3082.899870	1.877667	449.418195	0.037768	2633.481674	1.878047	0.000000	0.000000	2393.638773	4.179636	11319.426921	31.667683
W67	3292.837200	2.061363	413.715833	0.036189	2879.121367	2.061681	0.000000	0.000000	2616.906965	4.572639	12375.253727	34.630791
W68	2782.949022	1.568048	512.561317	0.034952	2270.387705	1.568438	0.000000	0.000000	2063.613388	3.584800	9758.749401	27.246763
W69	2534.144426	1.780833	524.382299	0.039656	2009.762127	1.781275	0.000000	0.000000	1826.724141	3.331452	8638.509143	24.591343
W70	2245.698336	1.448492	575.376751	0.038290	1670.321584	1.448998	0.000000	0.000000	1518.197961	2.755014	7179.500542	20.396314
W71	2372.513516	1.254734	630.292059	0.034107	1742.221456	1.255198	0.000000	0.000000	1583.549591	2.769856	7488.545922	20.964289
W72	1439.953982	0.902322	335.725775	0.026200	1104.228207	0.902702	0.000000	0.000000	1003.661227	1.797855	4746.275856	13.413179
W73	2189.398751	1.417267	326.323033	0.027843	1863.075718	1.417540	0.000000	0.000000	1693.397117	2.990825	8008.010706	22.503973
W74	2410.949135	1.435290	346.721910	0.025537	2064.227225	1.435518	0.000000	0.000000	1876.228861	3.262730	8872.615082	24.782781
W75	3022.059157	1.684057	449.579664	0.026051	2572.479493	1.684258	0.000000	0.000000	2338.192331	4.028960	11057.222804	30.775806
W76	2812.753510	1.572886	556.849574	0.040482	2255.903936	1.573406	0.000000	0.000000	2050.448720	3.567366	9696.494184	27.088942
W77	2040.857223	1.110051	636.039473	0.038063	1404.817750	1.110703	0.000000	0.000000	1276.874743	2.271816	6038.292203	17.018268
W78	2722.209754	1.560539	299.389228	0.039078	2422.820527	1.561028	0.000000	0.000000	2202.163474	3.785908	10413.947498	28.960031
W79	2570.568058	1.465321	514.344119	0.040477	2056.223939	1.465880	0.000000	0.000000	1868.954470	3.263276	8838.214762	24.725596
W80	2608.502313	1.461195	433.067563	0.036112	2175.434751	1.461641	0.000000	0.000000	1977.308222	3.420156	9350.615544	26.063987
W81	1853.198997	1.053048	542.664787	0.034960	1310.534210	1.053628	0.000000	0.000000	1191.178024	2.126447	5633.035672	15.897324
W82	644.558141	0.468419	360.841153	0.042441	283.716987	0.470338	0.000000	0.000000	257.877618	0.593043	1219.493469	3.869164
W83	1816.922770	0.977770	540.907188	0.036648	1276.015582	0.978457	0.000000	0.000000	1159.803162	2.051388	5484.665139	15.421772
W84	1247.654497	0.770371	351.684792	0.037290	895.969705	0.771273	0.000000	0.000000	814.369755	1.475215	3851.123667	10.932876
W85	1433.510047	0.857197	484.978276	0.035322	948.531771	0.857925	0.000000	0.000000	862.144760	1.579990	4077.049851	11.629456
W86	791.212574	0.611585	368.920206	0.041512	422.292369	0.612992	0.000000	0.000000	383.832323	0.827471	1815.128487	5.572565
W87	1897.340859	1.324852	354.884886	0.040067	1542.455972	1.325457	0.000000	0.000000	1401.977639	2.538651	6629.899052	18.818455
W88	1842.883046	1.139222	344.589124	0.032785	1498.293922	1.139694	0.000000	0.000000	1361.837623	2.405118	6440.078439	18.097449
W89	2240.993225	1.263904	340.108505	0.039327	1900.884720	1.264516	0.000000	0.000000	1727.762685	2.984065	8170.524170	22.761535
W90	1495.685878	1.009870	256.402692	0.036516	1239.283186	1.010530	0.000000	0.000000	1126.416148	2.016677	5326.779219	15.050503
W91	1188.415002	0.848813	471.130762	0.035624	717.284241	0.849560	0.000000	0.000000	651.957971	1.294637	3083.084505	9.104787
W92	1524.786879	0.904299	451.430581	0.034933	1073.356299	0.904973	0.000000	0.000000	975.600961	1.759142	4613.579923	13.072868
W93	1449.753070	0.879430	374.610200	0.035890	1075.142870	0.880162	0.000000	0.000000	977.224821	1.751013	4621.259096	13.061415
W94	3486.734133	1.659362	476.615670	0.025440	3010.118463	1.659557	0.000000	0.000000	2735.973572	4.614318	12938.315195	35.720480
W95	2097.308849	1.381152	438.383131	0.025601	1658.925718	1.381389	0.000000	0.000000	1507.839966	2.711528	7130.517979	20.182778
W96	2042.912569	1.271200	545.693436	0.025939	1497.219133	1.271464	0.000000	0.000000	1360.860720	2.457706	6435.458703	18.246980
W97	2614.224446	1.307238	596.687565	0.023718	2017.536881	1.307453	0.000000	0.000000	1833.790814	3.155189	8671.927171	24.123206
W98	3011.361933	1.638786	636.592128	0.041414	2374.769805	1.639310	0.000000	0.000000	2158.488945	3.749166	10207.412310	28.498130
W99	2740.202741	1.402034	576.384640	0.038814	2163.818102	1.402572	0.000000	0.000000	1966.749553	3.384065	9300.683999	25.872578
W100	2660.328774	1.474074	460.838299	0.047702	2199.490476	1.474846	0.000000	0.000000	1999.173085	3.456932	9454.013652	26.349138
W101	2807.351469	1.804924	488.365780	0.046072	2318.985689	1.805512	0.000000	0.000000	2107.785337	3.738945	9967.636869	28.059212
W102	3121.421196	1.821979	511.166207	0.033041	2610.254990	1.822279	0.000000	0.000000	2372.527446	4.128347	11219.592256	31.345849
W103	2986.506288	1.622891	344.558434	0.035898	2641.947854	1.623288	0.000000	0.000000	2401.333900	4.101972	11355.816885	31.502396
W104	2453.823666	1.481049	540.041249	0.034343	1913.782417	1.481447	0.000000	0.000000	1739.485731	3.082212	8225.962011	23.146167
W105	2808.335423	1.876017	483.419608	0.034827	2324.915815	1.876341	0.000000	0.000000	2113.175380	3.775308	9993.126181	28.211004
W106	2142.597551	1.291289	600.763074	0.038018	1541.834477	1.291848	0.000000	0.000000	1401.412746	2.523501	6627.227695	18.768322
W107	3254.225798	2.061188	557.848569	0.032297	2696.377229	2.061441	0.000000	0.000000	2450.806149	4.332411	11589.769274	32.580886
W108	3260.455290	1.921097	548.258161	0.032914	2712.197130	1.921379	0.000000	0.000000	2465.185261	4.299826	11657.767548	32.600253
W109	2724.897338	1.744275	592.429804	0.034071	2132.467534	1.744608	0.000000	0.000000	1938.254220	3.472537	9165.930654	25.904959
W110	2360.231313	1.520296	416.498131	0.028275	1943.733182	1.520558	0.000000	0.000000	1766.708747	3.136800	8354.698620	23.527330
W111	2302.400217	1.420352	365.969568	0.030806	1936.430649	1.420686	0.000000	0.000000	1760.071288	3.088262	8323.310328	23.329748
W112	2513.014771	1.535651	332.472612	0.035877	2180.542159	1.536070	0.000000	0.000000	1981.950476	3.453764	9372.568589	26.200411
W113	1815.514800	1.228780	343.954013	0.034239	1471.560786	1.229257	0.000000	0.000000	1337.539193	2.406917	6325.172088	17.908187
W114	2028.221811	1.249808	403.123471	0.035811	1625.098341	1.250321	0.000000	0.000000	1477.093399	2.614243	6985.118630	19.645658
W115	2237.030745	1.580613	353.625523	0.035329	1883.405222	1.581008	0.000000	0.000000	1711.875122	3.083802	8095.392490	22.929947
W116	1274.653675	0.972172	433.527330	0.032395	841.126345	0.972712	0.000000	0.000000	764.521224	1.505504	3615.391855	10.636609
W117	1501.606593	1.005167	433.482935	0.031915	1068.123658	1.005674	0.000000	0.000000	970.844881	1.797224	4591.088600	13.150646
W118	3048.763282	1.853120	315.870465	0.041103	2732.892818	1.853575	0.000000	0.000000	2483.996101	4.302739	11746.723295	32.761012
W119	1578.584534	1.024008	418.497472	0.042056	1160.087062	1.024871	0.000000	0.000000	1054.432768	1.921533	4986.372544	14.190318
W120	1388.776951	0.929170	315.345872	0.038920	1073.431080	0.929985	0.000000	0.000000	975.668932	1.769981	4613.901353	13.106086
W121	2766.292999	1.839753	274.985171	0.039197	2491.307827	1.840170	0.000000	0.000000	2264.413331	3.977916	10708.324710	30.028788
W122	3154.592575	1.562369	377.299364	0.042000	2777.293211	1.562933	0.000000	0.000000	2524.352752	4.266930	11937.568370	32.985103
W123	3170.244788	1.774399	401.430624	0.028827	2768.814164	1.774633	0.000000	0.000000	2516.645930	4.323391	11901.123100	33.086443
W124	2245.581711	1.492158	298.035963	0.032673	1947.545748	1.492516	0.000000	0.000000	1770.174086	3.130630	8371.086074	23.536781
W125	2332.327951	1.466800	286.980549	0.029323	2045.347402	1.467093	0.000000	0.000000	1859.068508	3.249351	8791.464422	24.604658
W126	1695.384412	1.051496	308.152177	0.029609	1387.232235	1.051912	0.000000	0.000000	1260.890819	2.225547	5962.704832	16.752133
W127	1529.441288	1.102571	369.849149	0.030471	1159.592139	1.102992	0.000000	0.000000	1053.982920	1.956325	4984.245231	14.292691
W128	2176.114359	1.224149	627.178773	0.038083	1548.935586	1.224741	0.000000	0.000000	1407.867126	2.504915	6657.750212	18.764255
W129	3285.231983	1.599868	624.831464	0.039917	2660.400519	1.600366	0.000000	0.000000	2418.105998	4.119523	11435.131502	31.690134
W130	1337.752929	0.962546	549.247490	0.033502	788.505439	0.963129	0.000000	0.000000	716.692738	1.439181	3389.212759	10.059847
W131	2444.859510	1.336219	558.542786	0.033970	1886.316723	1.336651	0.000000	0.000000	1714.521461	2.990630	8107.906923	22.673653
W132	2216.817003	1.222582	585.922302	0.032199	1630.894701	1.223006	0.000000	0.000000	1482.361859	2.611142	7010.032978	19.678807
W133	3292.403839	1.868465	584.469119	0.031202	2707.934720	1.868726	0.000000	0.000000	2461.311048	4.274945	11639.446542	32.495630
W134	2083.406571	1.279336	491.536278	0.046102	1591.870293	1.280167	0.000000	0.000000	1446.891578	2.583083	6842.295363	19.310480
W135	2817.453391	1.476886	323.243345	0.032152	2494.210046	1.477236	0.000000	0.000000	2267.051232	3.854802	10720.799243	29.689060
W136	3119.656940	2.035344	258.540085	0.033711	2861.116855	2.035623	0.000000	0.000000	2600.542204	4.539153	12297.865396	34.399791
W137	2802.946845	1.675123	416.816840	0.028306	2386.130005	1.675362	0.000000	0.000000	2168.814521	3.777365	10256.241568	28.664678
W138	4096.799519	2.612387	374.887287	0.031906	3721.912232	2.612582	0.000000	0.000000	3382.941113	5.891731	15997.800146	44.710765
W139	1847.754104	1.160597	551.916222	0.041525	1295.837882	1.161340	0.000000	0.000000	1177.820156	2.153715	5569.866823	15.873052
W140	2148.604957	1.180557	575.042223	0.041946	1573.562734	1.181302	0.000000	0.000000	1430.251370	2.519850	6763.604450	18.988506
W141	2407.840027	1.538210	645.918201	0.050936	1761.921826	1.539053	0.000000	0.000000	1601.455760	2.910713	7573.223516	21.528790
W142	2843.427484	1.580868	468.379057	0.040310	2375.048426	1.581382	0.000000	0.000000	2158.742191	3.728926	10208.609901	28.440736
W143	3234.768907	1.683628	539.575521	0.038030	2695.193385	1.684058	0.000000	0.000000	2449.730123	4.193882	11584.680788	32.164215
W144	2335.670012	1.364524	525.006389	0.040510	1810.663623	1.365126	0.000000	0.000000	1645.758425	2.901796	7782.729138	21.856362
W145	1666.093776	1.175123	410.701563	0.032640	1255.392214	1.175576	0.000000	0.000000	1141.058055	2.109362	5396.020241	15.447236
W146	1701.262948	1.009466	371.470676	0.026008	1329.792272	1.009801	0.000000	0.000000	1208.682169	2.133960	5715.812108	16.060167
W147	1459.744219	1.040436	562.096448	0.029704	897.647771	1.040860	0.000000	0.000000	815.894992	1.608158	3858.336453	11.356071
W148	3905.104878	2.020371	612.621007	0.034055	3292.483871	2.020658	0.000000	0.000000	2992.622705	5.111251	14151.999204	39.257117
W149	1572.647888	0.841065	523.143772	0.030920	1049.504115	0.841633	0.000000	0.000000	953.921103	1.702032	4511.056695	12.728309
W150	1296.780179	0.794321	575.510963	0.027790	721.269216	0.794807	0.000000	0.000000	655.580017	1.270329	3100.213021	9.055874
W151	1432.153773	0.944014	303.348135	0.025503	1128.805638	0.944358	0.000000	0.000000	1026.000283	1.846898	4851.916402	13.738822
W152	2783.310984	1.649327	356.896578	0.035665	2426.414406	1.649713	0.000000	0.000000	2205.430042	3.821638	10429.394975	29.091242
W153	1940.358784	1.161184	443.561716	0.031895	1496.797068	1.161622	0.000000	0.000000	1360.477095	2.411819	6433.644553	18.106458
W154	1740.922957	1.188386	253.590557	0.036508	1487.332400	1.188947	0.000000	0.000000	1351.874416	2.410531	6392.962809	18.033629
W155	2402.356672	1.411214	272.447343	0.028555	2129.909329	1.411503	0.000000	0.000000	1935.929003	3.341720	9154.934790	25.498420
W156	1274.663296	1.030858	283.312325	0.022542	991.350971	1.031105	0.000000	0.000000	901.064224	1.714925	4261.098520	12.349857
W157	2006.610493	1.323665	480.509900	0.027530	1526.100593	1.323951	0.000000	0.000000	1387.111817	2.517165	6559.599142	18.635314
W158	2061.627286	1.262006	390.214747	0.028215	1671.412539	1.262322	0.000000	0.000000	1519.189557	2.679479	7184.189764	20.177996
W159	2040.695480	1.210471	424.195482	0.026279	1616.499998	1.210756	0.000000	0.000000	1469.278146	2.587533	6948.160593	19.503447
W160	1179.508346	0.859553	410.335862	0.022222	769.172484	0.859840	0.000000	0.000000	699.120521	1.361059	3306.114414	9.677300
W161	2034.976495	1.221435	207.606532	0.022568	1827.369963	1.221643	0.000000	0.000000	1660.943244	2.870776	7854.537572	21.887461
W162	1308.471287	0.732398	620.954119	0.048684	687.517168	0.734014	0.000000	0.000000	624.901918	1.198815	2955.137457	8.594347
W163	2059.457495	1.172005	672.698303	0.046863	1386.759192	1.172941	0.000000	0.000000	1260.460858	2.274371	5960.671564	16.894714
W164	2007.988805	0.821047	600.720230	0.042627	1407.268574	0.822153	0.000000	0.000000	1279.102359	2.171370	6048.826517	16.740645
W165	2723.785453	1.346890	665.781733	0.036184	2058.003719	1.347376	0.000000	0.000000	1870.572158	3.223184	8845.864747	24.620841
W166	1522.599545	1.125608	484.664866	0.033628	1037.934679	1.126111	0.000000	0.000000	943.405347	1.818979	4461.328083	13.003330
W167	1434.336857	1.120061	506.817585	0.033064	927.519272	1.120549	0.000000	0.000000	843.045962	1.686088	3986.732363	11.811604
W168	1662.078790	1.283224	345.997435	0.032445	1316.081355	1.283634	0.000000	0.000000	1196.219966	2.235281	5656.878826	16.267355
W169	2318.790697	1.352959	480.280814	0.031637	1838.509882	1.353329	0.000000	0.000000	1671.068602	2.933803	7902.420001	22.155070
W170	1823.235810	1.060608	487.667089	0.040893	1335.568720	1.061396	0.000000	0.000000	1213.932530	2.162032	5740.640868	16.185950
W171	4238.314087	2.991501	595.737881	0.047903	3642.576206	2.991884	0.000000	0.000000	3310.830572	5.936536	15656.792134	44.264325
W172	1619.738353	1.383226	370.031168	0.031354	1249.707185	1.383581	0.000000	0.000000	1135.890787	2.204380	5371.584428	15.701153
W173	2659.404268	1.501247	378.473279	0.028916	2280.930988	1.501526	0.000000	0.000000	2073.196447	3.575164	9804.067324	27.296134
W174	1947.010167	1.297306	505.510000	0.029616	1441.500167	1.297644	0.000000	0.000000	1310.216328	2.398380	6195.963294	17.665108
W175	3350.588470	2.070440	440.567676	0.028450	2910.020794	2.070636	0.000000	0.000000	2644.992243	4.616820	12508.067945	34.988012
W176	3105.104047	1.891783	609.129171	0.063233	2495.974876	1.892840	0.000000	0.000000	2268.655331	4.004385	10728.384967	30.141461
W177	3469.108908	1.789555	403.423097	0.044243	3065.685811	1.790102	0.000000	0.000000	2786.480155	4.729964	13177.158907	36.468072
W178	3160.065870	1.975574	419.861920	0.039281	2740.203950	1.975965	0.000000	0.000000	2490.641376	4.357149	11778.148548	32.975041
W179	2358.865193	1.458606	382.907092	0.036942	1975.958101	1.459074	0.000000	0.000000	1795.998799	3.154879	8493.210163	23.816561
W180	2470.247932	1.474868	453.409408	0.035504	2016.838523	1.475295	0.000000	0.000000	1833.156059	3.214835	8668.925438	24.293563
W181	2167.984301	1.357768	434.151107	0.028481	1733.833194	1.358066	0.000000	0.000000	1575.925285	2.798748	7452.490869	20.988702
W182	2113.957001	1.336433	387.562967	0.025514	1726.394034	1.336676	0.000000	0.000000	1569.163642	2.780530	7420.515316	20.880142
W183	1485.302040	1.173898	356.629034	0.035941	1128.673006	1.174448	0.000000	0.000000	1025.879730	1.952732	4851.346311	14.061354
W184	2137.555608	1.376962	444.850080	0.033633	1692.705528	1.377373	0.000000	0.000000	1538.543299	2.753334	7275.712873	20.553526
W185	3006.208895	1.559323	460.748183	0.034837	2545.460712	1.559712	0.000000	0.000000	2313.634272	3.950761	10941.088670	30.347810
W186	2109.840271	1.338610	550.060624	0.032715	1559.779647	1.339010	0.000000	0.000000	1417.723570	2.566588	6704.360960	19.028074
W187	1671.961739	1.312566	579.921085	0.034662	1092.040654	1.313024	0.000000	0.000000	992.583650	1.981717	4693.890412	13.895726
W188	1801.371523	1.286314	275.000010	0.034267	1526.371513	1.286770	0.000000	0.000000	1387.358063	2.501532	6560.763632	18.590142
W189	2406.053780	1.461377	418.916080	0.050845	1987.137701	1.462261	0.000000	0.000000	1806.160223	3.170795	8541.263151	23.945584
W190	2338.241746	1.471689	226.767364	0.029534	2111.474381	1.471985	0.000000	0.000000	1919.173008	3.338722	9075.696326	25.353891
W191	2467.230373	1.413675	288.832369	0.023804	2178.398004	1.413875	0.000000	0.000000	1980.001599	3.407502	9363.352422	26.048765
W192	2064.048116	1.258522	337.961301	0.023103	1726.086814	1.258734	0.000000	0.000000	1568.884403	2.749908	7419.194804	20.787004
W193	1593.671472	1.084883	395.300547	0.039468	1198.370925	1.085600	0.000000	0.000000	1089.229949	1.996916	5150.927095	14.694925
W194	2668.630987	2.062310	397.923236	0.036883	2270.707752	2.062640	0.000000	0.000000	2063.904286	3.786337	9760.125047	27.852038
W195	2858.219908	1.767303	441.710593	0.034293	2416.509314	1.767636	0.000000	0.000000	2196.427052	3.851904	10386.820175	29.107728
W196	1543.645792	0.983161	547.385895	0.030284	996.259898	0.983627	0.000000	0.000000	905.526073	1.697769	4282.198435	12.331704
W197	3125.919218	1.737427	526.237191	0.030971	2599.682028	1.737703	0.000000	0.000000	2362.917411	4.083980	11174.146764	31.137628
W198	3334.756472	1.840218	591.535539	0.041318	2743.220933	1.840682	0.000000	0.000000	2493.383589	4.311950	11791.116370	32.864127
W199	1428.815391	0.607894	521.631126	0.039915	907.184265	0.609203	0.000000	0.000000	824.562955	1.426136	3899.326921	10.868686
W200	1365.463948	0.808896	495.135019	0.041082	870.328929	0.809939	0.000000	0.000000	791.064198	1.460040	3740.912574	10.702056
W201	3131.634077	1.987570	420.220100	0.039483	2711.413977	1.987962	0.000000	0.000000	2464.473434	4.323729	11654.401343	32.665138
W202	1863.905422	1.078503	535.262784	0.046071	1328.642638	1.079487	0.000000	0.000000	1207.637237	2.160475	5710.870666	16.130891
W203	2877.234980	1.647029	324.070548	0.035573	2553.164433	1.647413	0.000000	0.000000	2320.636380	3.990403	10974.201374	30.520431
W204	2540.908955	1.541343	453.522435	0.039294	2087.386520	1.541844	0.000000	0.000000	1897.278936	3.332977	8972.160088	25.160181
W205	3743.106655	2.630326	422.342537	0.031891	3320.764118	2.630520	0.000000	0.000000	3018.327344	5.372227	14273.555467	40.234488
W206	2459.252750	1.544699	376.874907	0.047286	2082.377843	1.545423	0.000000	0.000000	1892.726421	3.327766	8950.631419	25.108069
W207	3152.372379	1.776438	302.928114	0.030447	2849.444266	1.776699	0.000000	0.000000	2589.932689	4.432665	12247.693402	34.001417
W208	3131.628212	1.746542	523.499339	0.031987	2608.128872	1.746835	0.000000	0.000000	2370.594963	4.098476	11210.453619	31.242398
W209	2271.671343	1.373484	440.283367	0.031441	1831.387976	1.373844	0.000000	0.000000	1664.595319	2.932331	7871.808093	22.098573
W210	2223.468325	1.454951	556.439007	0.031040	1667.029319	1.455282	0.000000	0.000000	1515.205536	2.753565	7165.349480	20.368142
W211	3348.847449	1.838148	299.846892	0.034321	3049.000557	1.838468	0.000000	0.000000	2771.314500	4.722649	13105.441104	36.323110
W212	2698.208311	1.684193	253.126297	0.032919	2445.082014	1.684514	0.000000	0.000000	2222.397508	3.858969	10509.633478	29.338365
W213	3550.696280	1.945249	368.572766	0.029487	3182.123514	1.945473	0.000000	0.000000	2892.313358	4.937496	13677.640108	37.934185
W214	3069.486244	1.710735	568.227811	0.033226	2501.258433	1.711058	0.000000	0.000000	2273.457690	3.943258	10751.095142	29.999566
W215	3907.896058	2.257756	400.963368	0.033938	3506.932690	2.258011	0.000000	0.000000	3187.540715	5.479430	15073.759077	41.916943
W216	2983.703730	1.719779	368.094722	0.037576	2615.609008	1.720189	0.000000	0.000000	2377.393850	4.099170	11242.605296	31.299580
W217	2174.818563	1.434337	449.401230	0.037579	1725.417333	1.434829	0.000000	0.000000	1568.275894	2.819399	7416.317189	20.989291
W218	1548.940088	1.089034	261.948665	0.032610	1286.991424	1.089522	0.000000	0.000000	1169.779384	2.111157	5531.842316	15.680496
W219	2968.580623	1.640637	512.032285	0.029921	2456.548338	1.640910	0.000000	0.000000	2232.819543	3.858731	10558.918888	29.422096
W220	3437.000942	1.784649	515.822209	0.034140	2921.178733	1.784976	0.000000	0.000000	2655.133980	4.532292	12556.027831	34.822544
W221	3128.196789	1.735510	425.826171	0.035695	2702.370618	1.735877	0.000000	0.000000	2456.253694	4.220943	11615.530505	32.296263
W222	1926.613901	1.164567	527.783488	0.043383	1398.830413	1.165375	0.000000	0.000000	1271.432699	2.286639	6012.556984	17.019131
W223	1937.153777	1.188981	408.281321	0.031982	1528.872456	1.189412	0.000000	0.000000	1389.631234	2.464657	6571.513371	18.497906
W224	2838.566816	1.657108	372.006601	0.030117	2466.560215	1.657381	0.000000	0.000000	2241.919594	3.877903	10601.952680	29.552117
W225	2325.853054	1.630031	432.222955	0.028984	1893.630099	1.630288	0.000000	0.000000	1721.168775	3.117953	8139.341818	23.106878
W226	1922.569012	1.423495	299.953675	0.033813	1622.615337	1.423897	0.000000	0.000000	1474.836534	2.683435	6974.445999	19.835256
W227	3148.914309	1.926346	401.111464	0.032358	2747.802844	1.926617	0.000000	0.000000	2497.548205	4.348928	11810.810681	33.006572
W228	1503.712079	1.123772	313.460088	0.032239	1190.251991	1.124235	0.000000	0.000000	1081.850442	2.004371	5116.029687	14.659335
W229	2906.973667	1.955480	302.719168	0.035745	2604.254498	1.955806	0.000000	0.000000	2367.073446	4.170654	11193.800498	31.426932
W230	4541.025604	2.853733	413.263535	0.035919	4127.762069	2.853959	0.000000	0.000000	3751.828398	6.518347	17742.254118	49.539538
W231	1743.377231	1.293316	393.992909	0.032923	1349.384322	1.293735	0.000000	0.000000	1226.489883	2.281292	5800.024115	16.646613
W232	2795.954173	1.551001	465.752237	0.032360	2330.201937	1.551339	0.000000	0.000000	2117.980071	3.658451	10015.847381	27.903520
W233	2799.980409	1.775651	373.587835	0.032920	2426.392574	1.775956	0.000000	0.000000	2205.410198	3.868071	10429.301135	29.228000
W234	1904.534914	1.185396	469.859061	0.036689	1434.675853	1.185963	0.000000	0.000000	1304.013535	2.341342	6166.630520	17.443560
W235	2645.929839	1.528653	447.582129	0.023337	2198.347710	1.528831	0.000000	0.000000	1998.134396	3.474737	9449.101732	26.393056
W236	4193.090506	2.446043	523.307902	0.032589	3669.782603	2.446260	0.000000	0.000000	3335.559162	5.762696	15773.732697	43.947804
W237	1937.611849	1.195002	475.551240	0.032872	1462.060609	1.195454	0.000000	0.000000	1328.904240	2.380555	6284.337720	17.760088
W238	3928.609152	2.029120	609.060894	0.035183	3319.548258	2.029425	0.000000	0.000000	3017.222218	5.150708	14268.329368	39.572367
W239	2515.241985	1.572771	384.214734	0.028444	2131.027251	1.573028	0.000000	0.000000	1936.945111	3.402257	9159.739924	25.685013
W240	3512.307028	1.612764	471.119964	0.033053	3041.187063	1.613102	0.000000	0.000000	2764.212617	4.643373	13071.856565	36.035583
W241	1656.429539	1.189365	256.042801	0.025021	1400.386738	1.189628	0.000000	0.000000	1272.847283	2.298923	6019.246498	17.067370
W242	2895.994534	1.771055	329.534622	0.026716	2566.459912	1.771257	0.000000	0.000000	2332.720980	4.051660	11031.348991	30.798082
W243	1708.090015	1.163945	514.937390	0.025836	1193.152626	1.164232	0.000000	0.000000	1084.486904	2.026730	5128.497412	14.748624
W244	1856.878318	1.315002	383.590347	0.026463	1473.287971	1.315268	0.000000	0.000000	1339.109076	2.446371	6332.596002	18.039796
W245	3222.210180	1.949713	356.490075	0.026512	2865.720105	1.949893	0.000000	0.000000	2604.726215	4.514085	12317.651426	34.359822
W246	3285.664333	1.919015	490.429971	0.050601	2795.234362	1.919682	0.000000	0.000000	2540.659923	4.409415	12014.684360	33.533392
W247	1603.451053	1.076145	476.800551	0.026698	1126.650502	1.076476	0.000000	0.000000	1024.041424	1.902998	4842.653034	13.893547
W248	3516.844954	2.126568	430.945327	0.032015	3085.899627	2.126809	0.000000	0.000000	2804.853008	4.870636	13264.043432	37.028349
W249	4057.118869	2.259617	510.442151	0.041754	3546.676719	2.260003	0.000000	0.000000	3223.665078	5.533531	15244.589821	42.368617
W250	3061.215750	1.808695	430.209272	0.039387	2631.006477	1.809124	0.000000	0.000000	2391.389003	4.151151	11308.787844	31.565570
W251	2040.259274	1.683580	527.654599	0.023454	1512.604675	1.683743	0.000000	0.000000	1374.845033	2.672837	6501.589986	19.019015
W252	2203.660527	1.484611	498.877928	0.031722	1704.782599	1.484949	0.000000	0.000000	1549.520458	2.814490	7327.623441	20.825081
W253	3588.135744	2.227837	454.056316	0.032317	3134.079428	2.228071	0.000000	0.000000	2848.644860	4.971556	13471.133440	37.679754
W254	4468.760865	2.332718	462.367968	0.033744	4006.392897	2.332962	0.000000	0.000000	3641.512858	6.179346	17220.576112	47.652489
W255	2824.465790	1.694836	505.497628	0.024485	2318.968162	1.695013	0.000000	0.000000	2107.769407	3.695941	9967.561537	27.931382
W256	2665.935731	1.909949	311.749471	0.026466	2354.186260	1.910133	0.000000	0.000000	2139.780036	3.827023	10118.938587	28.578704
W257	3114.267972	1.801878	266.866298	0.043925	2847.401675	1.802413	0.000000	0.000000	2588.076126	4.438483	12238.913786	34.003285
W258	3654.266615	2.131412	462.829036	0.032070	3191.437579	2.131653	0.000000	0.000000	2900.779149	5.013040	13717.674515	38.223721
W259	2639.375892	1.649603	476.534373	0.031938	2162.841518	1.649912	0.000000	0.000000	1965.861911	3.473726	9296.486376	26.129826
W260	2273.690847	1.668069	408.507402	0.022655	1865.183446	1.668223	0.000000	0.000000	1695.312885	3.098482	8017.070297	22.842563
W261	2063.882010	1.262637	312.817801	0.029584	1751.064210	1.262984	0.000000	0.000000	1591.586996	2.784444	7526.554504	21.072260
W262	2349.196272	1.317312	569.795995	0.046210	1779.400277	1.318122	0.000000	0.000000	1617.342371	2.842651	7648.350697	21.452165
W263	3519.187183	2.300911	479.204542	0.038182	3039.982641	2.301228	0.000000	0.000000	2763.117887	4.875531	13066.679629	36.706086
W264	2639.918502	1.486193	411.375524	0.024987	2228.542978	1.486403	0.000000	0.000000	2025.579646	3.499807	9578.889279	26.689003
W265	3187.695940	1.801097	511.487609	0.027618	2676.208330	1.801309	0.000000	0.000000	2432.474122	4.208590	11503.077813	32.067103
W266	2620.781498	1.497622	550.647043	0.027825	2070.134454	1.497880	0.000000	0.000000	1881.598092	3.293599	8898.005975	24.917224
W267	2740.360922	1.630093	355.788260	0.026689	2384.572662	1.630311	0.000000	0.000000	2167.399012	3.758970	10249.547679	28.599088
W268	1965.436282	1.233632	507.516915	0.032489	1457.919367	1.234059	0.000000	0.000000	1325.140159	2.391474	6266.537524	17.762843
W269	2188.295194	1.462792	316.934990	0.448701	1871.360205	1.530063	0.000000	0.000000	1700.927099	3.046962	8043.619701	22.731904
W270	2295.308870	1.587713	367.700411	0.026897	1927.608459	1.587941	0.000000	0.000000	1752.052574	3.143492	8285.390136	23.430001
W271	3052.082388	1.717254	382.493872	0.024933	2669.588516	1.717435	0.000000	0.000000	2426.457204	4.170628	11474.624035	31.907082
W272	2886.612697	1.658719	491.414976	0.045677	2395.197721	1.659347	0.000000	0.000000	2177.056400	3.783564	10295.217099	28.749592
W273	4332.420768	2.412805	394.863951	0.040007	3937.556818	2.413136	0.000000	0.000000	3578.945986	6.111547	16924.699752	46.945239
W274	2777.751383	1.472561	452.860185	0.050861	2324.891198	1.473439	0.000000	0.000000	2113.153005	3.624599	9993.020369	27.765277
W275	3199.716541	1.735985	574.689089	0.041606	2625.027452	1.736483	0.000000	0.000000	2385.954514	4.117441	11283.088351	31.422569
W276	2806.280796	1.420024	487.704126	0.043679	2318.576671	1.420696	0.000000	0.000000	2107.413570	3.598621	9965.878798	27.642830
W277	1866.714738	1.186786	441.592062	0.037515	1425.122676	1.187379	0.000000	0.000000	1295.330408	2.329661	6125.568345	17.339147
W278	2682.336641	1.692065	313.834243	0.035906	2368.502398	1.692446	0.000000	0.000000	2152.792339	3.760334	10180.473276	28.484992
W279	2028.318112	1.199337	575.672889	0.029344	1452.645224	1.199696	0.000000	0.000000	1320.346355	2.370198	6243.867809	17.660633
W280	2191.934754	1.468564	410.591134	0.023512	1781.343620	1.468752	0.000000	0.000000	1619.108725	2.905511	7656.703717	21.653789
W281	2122.754775	1.445071	274.192516	0.025421	1848.562259	1.445295	0.000000	0.000000	1680.205463	2.982887	7945.627875	22.374392
W282	2726.225786	1.602477	451.728996	0.045901	2274.496790	1.603134	0.000000	0.000000	2067.348240	3.602902	9776.411375	27.330279
W283	2204.375928	1.415407	545.688851	0.035819	1658.687078	1.415860	0.000000	0.000000	1507.623060	2.725873	7129.492239	20.224217
W284	1604.302753	1.177883	307.689244	0.032515	1296.613510	1.178332	0.000000	0.000000	1178.525144	2.162302	5573.200683	15.904721
W285	2149.814780	1.382103	690.470458	0.028059	1459.344322	1.382387	0.000000	0.000000	1326.435337	2.459369	6272.662370	17.979174
W286	3998.867727	2.193559	454.625766	0.022731	3544.241961	2.193677	0.000000	0.000000	3221.452065	5.508147	15234.124564	42.276565
W287	2026.286695	1.155414	343.270843	0.028735	1683.015852	1.155771	0.000000	0.000000	1529.736105	2.654890	7234.063987	20.190441
W288	4578.456856	2.534635	545.002216	0.025492	4033.454640	2.534763	0.000000	0.000000	3666.109967	6.281121	17336.894908	48.148988
W289	3864.721045	2.228477	457.997527	0.026938	3406.723518	2.228640	0.000000	0.000000	3096.458039	5.334907	14643.032557	40.754432
W290	3065.059814	1.656336	640.133212	0.031003	2424.926602	1.656626	0.000000	0.000000	2204.077740	3.822127	10422.999988	29.081726
W291	3069.314059	2.314632	469.709988	0.023814	2599.604072	2.314754	0.000000	0.000000	2362.846554	4.313927	11173.811687	31.822961
W292	2310.184198	1.385628	358.251396	0.023774	1951.932802	1.385832	0.000000	0.000000	1774.161590	3.095652	8389.942833	23.465290
W293	2464.125140	1.652570	394.352911	0.021014	2069.772229	1.652704	0.000000	0.000000	1881.268857	3.353748	8896.449032	25.093370
W294	1695.861414	1.495238	506.150116	0.025728	1189.711298	1.495459	0.000000	0.000000	1081.358993	2.195046	5113.705641	15.254151
W295	4265.649624	2.196668	598.144415	0.036561	3667.505209	2.196972	0.000000	0.000000	3333.489180	5.676032	15763.943830	43.677971
W296	3034.277683	1.796346	513.840906	0.034597	2520.436777	1.796680	0.000000	0.000000	2290.889378	3.999942	10833.528930	30.307493
W297	3612.908305	2.030207	325.541220	0.030529	3287.367085	2.030437	0.000000	0.000000	2987.971927	5.107538	14130.005854	39.208431
W298	3059.360010	1.772718	547.752792	0.027635	2511.607218	1.772933	0.000000	0.000000	2282.863966	3.979479	10795.577062	30.182293
W299	3499.894499	1.839119	467.170295	0.024707	3032.724204	1.839285	0.000000	0.000000	2756.520507	4.700866	13035.480872	36.139176
W300	2675.905086	1.628346	351.801631	0.023631	2324.103455	1.628517	0.000000	0.000000	2112.437005	3.677967	9989.634434	27.915996
W301	2016.242137	1.351334	355.085507	0.037409	1661.156629	1.351852	0.000000	0.000000	1509.867699	2.702080	7140.107050	20.170633
W302	1906.379232	1.249450	588.216267	0.040868	1318.162965	1.250118	0.000000	0.000000	1198.111994	2.222123	5665.826155	16.241900
W303	2978.911601	1.719930	399.021021	0.033634	2579.890580	1.720259	0.000000	0.000000	2344.928458	4.051409	11089.077692	30.896237
W304	2813.304918	1.660638	477.955512	0.036482	2335.349406	1.661039	0.000000	0.000000	2122.658738	3.704835	10037.972618	28.077823
W305	2923.960960	2.268111	386.985364	0.034516	2536.975596	2.268374	0.000000	0.000000	2305.921933	4.214165	10904.617312	31.068933
W306	1170.283539	1.042383	266.791414	0.043454	903.492126	1.043288	0.000000	0.000000	821.207075	1.616306	3883.457095	11.422657
W307	2961.522248	1.703392	447.011682	0.037299	2514.510566	1.703801	0.000000	0.000000	2285.502893	3.958322	10808.056447	30.141386
W308	4067.142827	2.042366	411.563688	0.037964	3655.579139	2.042719	0.000000	0.000000	3322.649270	5.611929	15712.682308	43.403622
W309	2588.170025	1.558869	466.403292	0.035796	2121.766733	1.559280	0.000000	0.000000	1928.527989	3.384837	9119.935677	25.565592
W310	1721.842538	1.031535	425.320577	0.036900	1296.521961	1.032195	0.000000	0.000000	1178.441933	2.099566	5572.807182	15.714956
W311	2020.654558	1.531697	224.888050	0.029004	1795.766508	1.531971	0.000000	0.000000	1632.218057	2.950762	7718.697250	21.894449
W312	2213.614780	1.763478	303.056810	0.031112	1910.557971	1.763753	0.000000	0.000000	1736.554949	3.198595	8212.102455	23.473465
W313	1996.359563	1.362654	358.772497	0.024374	1637.587067	1.362872	0.000000	0.000000	1488.444721	2.676335	7038.798601	19.922223
W314	2328.773983	1.656828	211.742448	0.023516	2117.031535	1.656995	0.000000	0.000000	1924.224047	3.416816	9099.582495	25.626003
W315	3876.766280	2.193697	508.768974	0.023175	3367.997306	2.193820	0.000000	0.000000	3061.258796	5.270994	14476.576673	40.281589
W316	2283.919098	1.471730	418.375982	0.064763	1865.543116	1.473154	0.000000	0.000000	1695.639798	3.016149	8018.616257	22.597407
W317	2281.385979	1.269883	540.165043	0.026037	1741.220936	1.270150	0.000000	0.000000	1582.640193	2.774163	7484.245411	20.969687
W318	2136.793034	1.241957	332.959226	0.031150	1803.833808	1.242347	0.000000	0.000000	1639.550632	2.846775	7753.372718	21.643664
W319	3004.651684	1.594782	487.939155	0.041565	2516.712529	1.595323	0.000000	0.000000	2287.504313	3.923761	10817.521089	30.056433
W320	2761.408037	1.599986	629.536186	0.036325	2131.871851	1.600399	0.000000	0.000000	1937.712789	3.413893	9163.370245	25.725695
W321	1593.033415	1.121904	421.251523	0.033767	1171.781892	1.122412	0.000000	0.000000	1065.062498	1.980545	5036.640134	14.454129
W322	2267.148058	1.418960	533.591068	0.035115	1733.556990	1.419394	0.000000	0.000000	1575.674236	2.823421	7451.303668	21.060464
W323	2125.404032	1.205718	482.637987	0.034012	1642.766044	1.206198	0.000000	0.000000	1493.152026	2.620285	7061.059268	19.792816
W324	1657.828823	1.001741	425.033357	0.034565	1232.795466	1.002337	0.000000	0.000000	1120.519294	2.004919	5298.893219	14.968117
W325	2946.695689	1.512144	498.582860	0.033137	2448.112829	1.512507	0.000000	0.000000	2225.152294	3.803743	10522.660755	29.199060
W326	2382.144541	1.253683	543.664956	0.038569	1838.479585	1.254277	0.000000	0.000000	1671.041064	2.897167	7902.289776	22.046771
W327	2923.624049	1.689627	599.450501	0.032819	2324.173548	1.689945	0.000000	0.000000	2112.500715	3.700883	9989.935714	27.984156
W328	2900.334203	1.763803	484.379188	0.036881	2415.955015	1.764189	0.000000	0.000000	2195.923235	3.849868	10384.437645	29.097642
W329	1491.142254	1.085162	323.824152	0.028361	1167.318102	1.085532	0.000000	0.000000	1061.005245	1.957900	5017.453541	14.352900
W330	3175.480334	1.909450	447.622386	0.024351	2727.857948	1.909605	0.000000	0.000000	2479.419779	4.316254	11725.082043	32.763731
W331	3328.838126	2.060359	471.455920	0.026039	2857.382205	2.060523	0.000000	0.000000	2597.147685	4.543495	12281.812845	34.385207
W332	3417.766680	1.867759	371.523666	0.024100	3046.243014	1.867914	0.000000	0.000000	2768.808099	4.728457	13093.588428	36.319584
W333	2095.902572	1.522388	380.019421	0.047672	1715.883151	1.523134	0.000000	0.000000	1559.610033	2.845336	7375.336659	20.998572
W334	2542.413357	1.591456	399.553384	0.022906	2142.859972	1.591621	0.000000	0.000000	1947.700174	3.424924	9210.600208	25.838818
W335	1751.655344	1.690934	452.828388	0.047397	1298.826956	1.691598	0.000000	0.000000	1180.537002	2.429929	5582.714684	16.761608
W336	3481.064649	1.738126	300.388626	0.045030	3180.676023	1.738709	0.000000	0.000000	2890.997696	4.871367	13671.418392	37.731732
W337	2480.433184	1.784806	298.661275	0.033791	2181.771910	1.785126	0.000000	0.000000	1983.068227	3.552900	9377.854392	26.504128
W338	2080.559309	1.383317	371.505340	0.034427	1709.053969	1.383746	0.000000	0.000000	1553.402815	2.777068	7345.982960	20.743475
W339	1082.975342	0.853077	221.061752	0.029730	861.913591	0.853595	0.000000	0.000000	783.415282	1.470075	3704.741140	10.672618
W340	2707.120753	1.684780	277.860755	0.029416	2429.259998	1.685037	0.000000	0.000000	2208.016474	3.838129	10441.626112	29.160674
W341	2533.412428	1.742473	289.359190	0.027350	2244.053238	1.742688	0.000000	0.000000	2039.677318	3.616343	9645.556634	27.147222
W342	1119.997911	0.862621	269.366529	0.027585	850.631383	0.863062	0.000000	0.000000	773.160595	1.460820	3656.247114	10.563744
W343	2321.831694	1.333030	492.798745	0.033276	1829.032950	1.333445	0.000000	0.000000	1662.454775	2.913780	7861.685544	22.026365
W344	2407.273429	1.429674	484.039869	0.035732	1923.233560	1.430121	0.000000	0.000000	1748.076117	3.074521	8266.585619	23.192395
W345	2339.719245	1.353875	405.817090	0.027802	1933.902155	1.354161	0.000000	0.000000	1757.773075	3.060118	8312.442166	23.228077
W346	3213.896999	1.765925	480.290226	0.031848	2733.606773	1.766212	0.000000	0.000000	2484.645033	4.273230	11749.792071	32.679797
W347	2942.544153	1.421992	576.500606	0.041647	2366.043547	1.422602	0.000000	0.000000	2150.557426	3.663501	10169.904457	28.183168
W348	2641.813604	1.505965	478.028953	0.036761	2163.784650	1.506414	0.000000	0.000000	1966.719148	3.420695	9300.540217	25.979830
W349	1733.831960	1.227576	380.642189	0.066366	1353.189770	1.229369	0.000000	0.000000	1229.948753	2.256482	5816.380977	16.598187
W350	2611.565254	1.545841	538.210479	0.033483	2073.354775	1.546204	0.000000	0.000000	1884.525124	3.316221	8911.847798	25.007796
W351	1746.537712	1.287000	553.190818	0.030288	1193.346895	1.287356	0.000000	0.000000	1084.663480	2.087577	5129.332434	14.938585
W352	2864.002347	1.744288	520.975304	0.026146	2343.027043	1.744484	0.000000	0.000000	2129.637138	3.746459	10070.973208	28.257224
W353	2147.969655	1.443251	288.808821	0.033757	1859.160834	1.443646	0.000000	0.000000	1689.838779	2.996024	7991.183459	22.490854
W354	2559.324960	1.725215	345.823245	0.037078	2213.501715	1.725614	0.000000	0.000000	2011.908258	3.569761	9514.237804	26.785531
W355	2095.503211	1.296995	410.835449	0.038346	1684.667762	1.297561	0.000000	0.000000	1531.237568	2.710628	7241.164349	20.367445
W356	3304.089237	1.766421	405.349899	0.032486	2898.739338	1.766720	0.000000	0.000000	2634.738240	4.496000	12459.577152	34.550752
W357	2716.355764	1.579895	416.183759	0.033625	2300.172005	1.580253	0.000000	0.000000	2090.685099	3.628669	9886.770496	27.594909
W358	2249.869634	1.530315	301.241662	0.065094	1948.627972	1.531699	0.000000	0.000000	1771.157746	3.147633	8375.737767	23.595327
W359	3492.337633	2.058100	613.626982	0.038522	2878.710651	2.058460	0.000000	0.000000	2616.533654	4.570897	12373.488356	34.622634
W360	2505.123512	1.474744	518.162189	0.038651	1986.961324	1.475250	0.000000	0.000000	1805.999909	3.175530	8540.505034	23.958321
W361	2512.267752	1.524046	599.194016	0.030665	1913.073736	1.524355	0.000000	0.000000	1738.841593	3.098530	8222.915907	23.189677
W362	3115.509581	1.939424	515.702676	0.034034	2599.806905	1.939723	0.000000	0.000000	2363.030915	4.158607	11174.683520	31.358654
W363	2160.089186	1.320335	513.969372	0.032727	1646.119813	1.320741	0.000000	0.000000	1496.200352	2.669863	7075.474687	19.964829
W364	2092.149705	1.146670	600.373306	0.031819	1491.776399	1.147111	0.000000	0.000000	1355.913680	2.399522	6412.064339	18.033197
W365	1609.831930	1.140445	549.218441	0.026964	1060.613489	1.140763	0.000000	0.000000	964.018696	1.853649	4558.807831	13.271588
W366	3634.966736	1.777223	503.100169	0.039331	3131.866567	1.777658	0.000000	0.000000	2846.633534	4.816296	13461.621955	37.209617
W367	3075.031149	2.326534	471.871520	0.035916	2603.159630	2.326811	0.000000	0.000000	2366.078292	4.323774	11189.094451	31.878455
W368	3511.337539	1.970722	533.382787	0.042797	2977.954752	1.971187	0.000000	0.000000	2706.739154	4.671451	12800.066739	35.648507
W369	2962.145721	1.666536	272.099043	0.026353	2690.046677	1.666744	0.000000	0.000000	2445.052149	4.181213	11562.558826	32.089211
W370	3320.443942	1.739680	274.289806	0.028019	3046.154136	1.739906	0.000000	0.000000	2768.727316	4.687817	13093.206407	36.200919
W371	2325.291441	1.362466	397.700242	0.033845	1927.591199	1.362886	0.000000	0.000000	1752.036886	3.054957	8285.315946	23.166498
W372	1700.636133	1.048195	393.244076	0.035600	1307.392057	1.048800	0.000000	0.000000	1188.322041	2.120407	5619.529837	15.856392
W373	2515.680722	1.585436	416.841295	0.030460	2098.839427	1.585729	0.000000	0.000000	1907.688775	3.364929	9021.387823	25.338762
W374	3971.560376	2.171783	487.904186	0.031142	3483.656191	2.172006	0.000000	0.000000	3166.384110	5.419215	14973.710297	41.569111
W375	2735.677874	1.851909	361.214202	0.025786	2374.463672	1.852089	0.000000	0.000000	2158.210693	3.829744	10206.096466	28.734508
W376	1404.606070	1.046528	327.927016	0.027574	1076.679054	1.046891	0.000000	0.000000	978.621099	1.827135	4627.862040	13.303514
W377	2735.565764	1.676897	373.122531	0.026326	2362.443233	1.677104	0.000000	0.000000	2147.285009	3.746631	10154.429322	28.400070
W378	2113.500951	1.377405	334.791922	0.027885	1778.709029	1.377687	0.000000	0.000000	1616.714078	2.864989	7645.379523	21.513472
W379	1734.369093	1.181441	385.903280	0.039778	1348.465812	1.182110	0.000000	0.000000	1225.655027	2.229523	5796.076110	16.482377
W380	3049.481284	2.023501	455.338453	0.047199	2594.142832	2.024051	0.000000	0.000000	2357.882694	4.184306	11150.337779	31.393678
W381	2951.119417	1.536331	625.433602	0.037822	2325.685814	1.536796	0.000000	0.000000	2113.875252	3.647333	9996.435849	27.837633
W382	2215.446297	1.282119	440.342881	0.034934	1775.103416	1.282595	0.000000	0.000000	1613.436844	2.823522	7629.881609	21.364066
W383	2221.820241	1.509512	378.821769	0.035503	1842.998472	1.509929	0.000000	0.000000	1675.148395	3.002051	7921.713190	22.391189
W384	2734.015992	1.622062	591.591197	0.031622	2142.424795	1.622370	0.000000	0.000000	1947.304630	3.436253	9208.729697	25.869253
W385	2081.322477	1.259204	385.993748	0.028614	1695.328729	1.259529	0.000000	0.000000	1540.927593	2.709757	7286.988112	20.442800
W386	1789.422769	1.300482	421.716299	0.028915	1367.706471	1.300804	0.000000	0.000000	1243.143353	2.307364	5878.777738	16.857624
W387	2347.535962	1.784313	269.864845	0.026680	2077.671116	1.784512	0.000000	0.000000	1888.448357	3.419162	8930.400616	25.347126
W388	2111.123359	1.353319	218.926365	0.027954	1892.196993	1.353608	0.000000	0.000000	1719.866188	3.004694	8133.181937	22.758327
W389	2348.659692	1.695368	262.637370	0.023736	2086.022323	1.695534	0.000000	0.000000	1896.038982	3.392320	8966.296392	25.327008
W390	1870.472867	1.227129	245.708513	0.026320	1624.764354	1.227411	0.000000	0.000000	1476.789830	2.604821	6983.683062	19.615209
W391	2767.213103	1.649518	389.776489	0.034237	2377.436614	1.649874	0.000000	0.000000	2160.912876	3.756534	10218.874987	28.539426
W392	1042.318376	0.832191	330.445278	0.028027	711.873098	0.832663	0.000000	0.000000	647.039645	1.279208	3059.825929	9.018116
W393	2429.412909	1.549762	319.642578	0.028735	2109.770331	1.550029	0.000000	0.000000	1917.624153	3.365534	9068.371849	25.420554
W394	2590.442771	1.498757	544.554931	0.023886	2045.887840	1.498947	0.000000	0.000000	1859.559725	3.262051	8793.787373	24.646170
W395	1606.419738	1.184371	362.276156	0.025896	1244.143582	1.184654	0.000000	0.000000	1130.833887	2.099547	5347.670536	15.336606
W396	2448.652982	1.492988	658.063728	0.029846	1790.589255	1.493286	0.000000	0.000000	1627.512319	2.927686	7696.443992	21.787481
W397	2013.530025	1.239746	470.807650	0.029550	1542.722376	1.240098	0.000000	0.000000	1402.219780	2.503109	6631.044127	18.713616
W398	2829.568175	1.732262	339.343448	0.036386	2490.224726	1.732644	0.000000	0.000000	2263.428873	3.936382	10703.669245	29.898177
W399	1728.892305	1.404506	297.791081	0.028461	1431.101223	1.404794	0.000000	0.000000	1300.764463	2.434903	6151.265782	17.702175
W400	2636.339023	1.505169	526.066739	0.035573	2110.272285	1.505589	0.000000	0.000000	1918.080392	3.349489	9070.529383	25.376805
W401	2744.977041	1.590369	457.323490	0.043026	2287.653551	1.590951	0.000000	0.000000	2079.306757	3.615899	9832.962744	27.465262
W402	4132.840596	2.314037	483.394650	0.035708	3649.445946	2.314313	0.000000	0.000000	3317.074655	5.690108	15686.320163	43.585310
W403	3480.993266	2.144842	209.181676	0.027479	3271.811590	2.145018	0.000000	0.000000	2973.833141	5.125237	14063.144069	39.145177
W404	2196.029246	1.435429	227.595638	0.027199	1968.433608	1.435687	0.000000	0.000000	1789.159595	3.136087	8460.867829	23.705800
W405	2249.448481	1.554640	329.292443	0.024475	1920.156038	1.554833	0.000000	0.000000	1745.278878	3.120160	8253.357584	23.305912
W406	2514.513960	1.423847	295.615052	0.025603	2218.898908	1.424077	0.000000	0.000000	2016.813905	3.465367	9537.436420	26.517020
W407	2382.117596	1.256408	336.854197	0.037145	2045.263399	1.256957	0.000000	0.000000	1858.992155	3.175635	8791.103355	24.387848
W408	4437.641256	2.408645	443.462413	0.039056	3994.178843	2.408962	0.000000	0.000000	3630.411192	6.186837	17168.076755	47.583671
W409	3057.081677	1.664518	440.858218	0.038462	2616.223458	1.664963	0.000000	0.000000	2377.952339	4.081115	11245.246372	31.251311
W410	2827.290352	1.592668	401.978771	0.039412	2425.311580	1.593156	0.000000	0.000000	2204.427656	3.800285	10424.654730	29.020484
W411	1942.413744	1.134644	379.797776	0.042721	1562.615968	1.135448	0.000000	0.000000	1420.301575	2.487937	6716.552247	18.813797
W412	2190.695795	1.249859	431.393773	0.033559	1759.302021	1.250309	0.000000	0.000000	1599.074553	2.790610	7561.962878	21.150921
W413	3505.471263	1.645737	609.674481	0.035335	2895.796782	1.646116	0.000000	0.000000	2632.063676	4.454008	12446.929240	34.407045
W414	3129.800494	1.586197	601.817277	0.036658	2527.983217	1.586620	0.000000	0.000000	2297.748530	3.936033	10865.965599	30.175569
W415	2946.711147	1.449079	668.358943	0.029498	2278.352204	1.449379	0.000000	0.000000	2070.852525	3.553871	9792.983002	27.214818
W416	2489.610647	1.490805	446.215112	0.035587	2043.395534	1.491230	0.000000	0.000000	1857.294405	3.255844	8783.074758	24.609538
W417	2466.162437	1.574114	482.458070	0.027572	1983.704367	1.574356	0.000000	0.000000	1803.039578	3.210380	8526.505740	24.038229
W418	3042.352266	1.537612	530.256044	0.023690	2512.096222	1.537795	0.000000	0.000000	2283.308434	3.898496	10797.678937	29.948629
W419	2225.560120	1.313096	351.674095	0.027818	1873.886025	1.313391	0.000000	0.000000	1703.222881	2.965610	8054.476370	22.508576
W420	2198.422910	1.210018	605.674884	0.036854	1592.748026	1.210579	0.000000	0.000000	1447.689372	2.556363	6846.068100	19.237213
W421	2474.794026	1.389307	482.455420	0.032813	1992.338606	1.389694	0.000000	0.000000	1810.887458	3.150620	8563.618069	23.924166
W422	2424.201512	1.388467	425.705337	0.024878	1998.496174	1.388689	0.000000	0.000000	1816.484230	3.158429	8590.084988	23.992430
W423	1771.627691	1.014285	470.680741	0.031628	1300.946950	1.014778	0.000000	0.000000	1182.463918	2.098295	5591.826997	15.743416
W424	1707.469681	1.042264	239.396003	0.022754	1468.073678	1.042513	0.000000	0.000000	1334.369672	2.328358	6310.183540	17.648775
W425	1272.469507	1.160002	232.591176	0.024409	1039.878331	1.160259	0.000000	0.000000	945.171981	1.838930	4469.682431	13.079568
W426	3387.900441	1.833803	616.441698	0.027834	2771.458743	1.834015	0.000000	0.000000	2519.049656	4.347355	11912.490227	33.176087
W427	1853.003904	1.395139	454.458783	0.021476	1398.545121	1.395304	0.000000	0.000000	1271.173390	2.390284	6011.330721	17.332647
W428	2580.903877	1.543238	483.797498	0.026363	2097.106379	1.543464	0.000000	0.000000	1906.113564	3.346375	9013.938709	25.271055
W429	2317.652458	1.393335	260.031509	0.025991	2057.620949	1.393577	0.000000	0.000000	1870.224248	3.238862	8844.219496	24.663991
W430	3718.918926	1.944291	441.490222	0.025980	3277.428704	1.944464	0.000000	0.000000	2978.938679	5.066329	14087.287967	39.014948
W431	4149.678804	2.379817	308.357829	0.023020	3841.320975	2.379928	0.000000	0.000000	3491.474770	5.970624	16511.051691	45.822475
W432	2634.720705	1.722373	335.189465	0.025239	2299.531240	1.722558	0.000000	0.000000	2090.102692	3.680943	9884.016312	27.744621
W433	2752.187326	1.511599	428.495963	0.036233	2323.691363	1.512034	0.000000	0.000000	2112.062444	3.636097	9987.863149	27.790021
W434	2404.678475	1.308236	476.967089	0.031925	1927.711386	1.308625	0.000000	0.000000	1752.146127	3.035453	8285.832542	23.109979
W435	3292.777911	1.951882	392.537425	0.040577	2900.240486	1.952304	0.000000	0.000000	2636.102672	4.560974	12466.029498	34.751732
W436	2532.633465	1.578019	448.001149	0.038684	2084.632316	1.578493	0.000000	0.000000	1894.775569	3.343515	8960.321763	25.171292
W437	2111.314712	1.155805	653.820736	0.032614	1457.493975	1.156266	0.000000	0.000000	1324.753509	2.358585	6264.709073	17.661127
W438	3269.948770	1.728634	560.960583	0.036187	2708.988188	1.729012	0.000000	0.000000	2462.268572	4.227513	11643.974635	32.364346
W439	2765.162019	1.636847	248.508512	0.031707	2516.653507	1.637154	0.000000	0.000000	2287.450667	3.937891	10817.267398	30.097295
W440	2500.162689	1.334556	395.142736	0.036524	2105.019954	1.335055	0.000000	0.000000	1913.306414	3.282134	9047.953424	25.140384
W441	3571.118486	2.122113	425.039878	0.033110	3146.078607	2.122371	0.000000	0.000000	2859.551221	4.949205	13522.709206	37.702212
W442	1970.400611	1.353245	380.306674	0.056401	1590.093937	1.354419	0.000000	0.000000	1445.277003	2.611909	6834.660098	19.384134
W443	2062.321440	1.177294	350.721118	0.030813	1711.600322	1.177698	0.000000	0.000000	1555.717260	2.700808	7356.927885	20.535788
W444	2609.265526	1.306533	412.813241	0.027934	2196.452285	1.306832	0.000000	0.000000	1996.411596	3.396504	9440.954674	26.150272
W445	2686.526948	1.501127	393.275436	0.031624	2293.251512	1.501460	0.000000	0.000000	2084.394886	3.591646	9857.024316	27.435287
W446	3196.035725	1.917779	276.469309	0.029406	2919.566416	1.918005	0.000000	0.000000	2653.668503	4.574808	12549.097648	34.934758
W447	3167.850953	2.007763	341.392250	0.031833	2826.458703	2.008015	0.000000	0.000000	2569.040524	4.483076	12148.895147	33.979867
W448	2995.403705	1.441061	389.374384	0.026929	2606.029321	1.441313	0.000000	0.000000	2368.686628	3.996227	11201.429172	30.929138
W449	2522.489268	1.454164	667.485162	0.032409	1855.004106	1.454525	0.000000	0.000000	1686.060623	2.994963	7973.316700	22.457374
W450	2212.872531	1.088492	684.855857	0.029835	1528.016674	1.088901	0.000000	0.000000	1388.853392	2.424842	6567.834987	18.373570
W451	2921.656887	1.564518	433.865417	0.028430	2487.791470	1.564776	0.000000	0.000000	2261.217224	3.874582	10693.210441	29.699103
W452	3344.634948	2.092781	524.705712	0.039194	2819.929237	2.093148	0.000000	0.000000	2563.105725	4.506555	12120.829708	34.001428
W453	2103.614652	1.393196	531.211414	0.036301	1572.403238	1.393669	0.000000	0.000000	1429.197474	2.606484	6758.620617	19.239883
W454	967.271048	0.717965	454.182611	0.037313	513.088437	0.718934	0.000000	0.000000	466.359188	0.989712	2205.394904	6.718877
W455	1427.420746	1.021767	332.301100	0.022246	1095.119646	1.022009	0.000000	0.000000	995.382224	1.838463	4707.124764	13.470237
W456	2124.897436	1.645395	296.503820	0.023056	1828.393616	1.645556	0.000000	0.000000	1661.873669	3.041930	7858.937514	22.405857
W457	2258.751626	1.366290	342.849522	0.045609	1915.902105	1.367051	0.000000	0.000000	1741.412369	3.041030	8235.073010	23.039581
W458	2686.392761	1.569553	338.171039	0.057008	2348.221722	1.570588	0.000000	0.000000	2134.358715	3.689288	10093.301365	28.126768
W459	1869.293309	1.167223	393.648909	0.032428	1475.644400	1.167673	0.000000	0.000000	1341.250894	2.386746	6342.724579	17.877450
W460	2465.580550	1.395633	529.434312	0.033378	1936.146238	1.396032	0.000000	0.000000	1759.812780	3.078585	8322.087852	23.299040
W461	1907.047258	1.359465	334.265068	0.025047	1572.782190	1.359695	0.000000	0.000000	1429.541913	2.592099	6760.249457	19.199116
W462	1657.746399	1.058455	468.332101	0.035775	1189.414298	1.059060	0.000000	0.000000	1081.089042	1.973769	5112.429055	14.560139
W463	2219.880163	1.407653	571.243247	0.040273	1648.636916	1.408229	0.000000	0.000000	1498.488212	2.709763	7086.293886	20.102902
W464	1795.607639	1.062244	522.299558	0.038614	1273.308081	1.062946	0.000000	0.000000	1157.342244	2.082354	5473.027553	15.494656
W465	3017.286386	1.722300	434.627925	0.039357	2582.658462	1.722749	0.000000	0.000000	2347.444256	4.055982	11100.974805	30.930047
W466	1922.340943	1.130305	483.227020	0.038810	1439.113922	1.130971	0.000000	0.000000	1308.047410	2.324519	6185.706562	17.425505
W467	1928.591556	1.395219	410.423348	0.031267	1518.168208	1.395570	0.000000	0.000000	1379.901869	2.538965	6525.503574	18.644257
W468	2716.379435	1.873792	288.486898	0.032816	2427.892537	1.874080	0.000000	0.000000	2206.773553	3.908087	10435.748388	29.357749
W469	2894.737953	1.922026	260.001551	0.027349	2634.736402	1.922220	0.000000	0.000000	2394.779227	4.197846	11324.820085	31.730699
W470	3264.779909	1.881913	298.602780	0.029834	2966.177130	1.882150	0.000000	0.000000	2696.034172	4.625157	12749.443286	35.426148
W471	2234.735828	1.200220	584.877410	0.033822	1649.858418	1.200696	0.000000	0.000000	1499.598466	2.627540	7091.544235	19.866260
W472	2939.777534	1.429633	662.170531	0.033932	2277.607003	1.430036	0.000000	0.000000	2070.175192	3.546387	9789.779924	27.187465
W473	1977.032828	1.222158	345.224697	0.025710	1631.808131	1.222428	0.000000	0.000000	1483.192099	2.612116	7013.959149	19.688380
W474	2525.615061	1.477873	347.489888	0.032097	2178.125173	1.478221	0.000000	0.000000	1979.753615	3.429624	9362.179716	26.111599
W475	2688.399247	1.608208	351.237423	0.028821	2337.161824	1.608467	0.000000	0.000000	2124.306090	3.688031	10045.762886	28.041639
W476	2938.333684	1.715663	353.248171	0.031537	2585.085513	1.715952	0.000000	0.000000	2349.650265	4.056846	11111.406938	30.950474
W477	3249.367670	2.103928	482.261996	0.041081	2767.105674	2.104329	0.000000	0.000000	2515.093040	4.441667	11893.779541	33.422469
W478	2458.995446	1.401687	399.457457	0.045772	2059.537989	1.402434	0.000000	0.000000	1871.966694	3.244573	8852.459459	24.694880
W479	2394.237447	1.358844	410.470947	0.031282	1983.766500	1.359204	0.000000	0.000000	1803.096052	3.128199	8526.772806	23.795146
W480	2221.963377	1.297036	565.571801	0.033414	1656.391575	1.297467	0.000000	0.000000	1505.536620	2.673765	7119.625541	20.051312
W481	2442.500629	1.407470	271.572742	0.027607	2170.927887	1.407741	0.000000	0.000000	1973.211818	3.395377	9331.243806	25.958150
W482	2631.014412	1.490420	264.358892	0.035526	2366.655520	1.490844	0.000000	0.000000	2151.113664	3.686675	10172.534886	28.255191
W483	3544.235040	1.953514	489.024436	0.024242	3055.210605	1.953664	0.000000	0.000000	2776.958972	4.769053	13132.133595	36.504304
W484	1931.192842	1.190692	515.479867	0.028270	1415.712975	1.191027	0.000000	0.000000	1286.777691	2.319134	6085.122869	17.239261
W485	2197.179796	1.399124	477.985934	0.039518	1719.193862	1.399682	0.000000	0.000000	1562.619222	2.796732	7389.567001	20.876095
W486	2339.311702	1.296182	564.107414	0.032976	1775.204288	1.296601	0.000000	0.000000	1613.528529	2.828935	7630.315182	21.380812
W487	2303.727345	1.306742	402.956772	0.033285	1900.770573	1.307166	0.000000	0.000000	1727.658934	2.999058	8170.033537	22.804719
W488	2303.860319	1.300861	537.962231	0.030150	1765.898088	1.301210	0.000000	0.000000	1605.069887	2.818440	7590.314584	21.281560
W489	1822.973720	1.299607	425.038022	0.034306	1397.935698	1.300060	0.000000	0.000000	1270.619470	2.344737	6008.711255	17.188581
W490	1359.277769	1.032001	317.008627	0.036425	1042.269142	1.032643	0.000000	0.000000	947.345051	1.777896	4479.958794	12.906506
W491	1916.365828	1.317413	238.913132	0.033310	1677.452696	1.317834	0.000000	0.000000	1524.679611	2.709316	7210.152018	20.310898
W492	2178.906125	1.398940	370.401281	0.030970	1808.504844	1.399283	0.000000	0.000000	1643.796255	2.912393	7773.450111	21.872100
W493	1836.343219	1.134382	285.576526	0.035505	1550.766692	1.134937	0.000000	0.000000	1409.531465	2.472133	6665.620808	18.680193
W494	774.114243	0.510618	420.189470	0.035737	353.924773	0.511867	0.000000	0.000000	321.691268	0.692355	1521.265799	4.666564
W495	3167.721788	1.818251	398.683338	0.029163	2769.038450	1.818485	0.000000	0.000000	2516.849789	4.338720	11902.087141	33.132940
W496	1723.036343	1.096778	287.722353	0.029418	1435.313991	1.097172	0.000000	0.000000	1304.593555	2.306133	6169.373413	17.343013
W497	1739.885596	1.198209	358.903783	0.026847	1380.981813	1.198509	0.000000	0.000000	1255.209651	2.278002	5935.838805	16.863855
W498	2686.771999	1.557457	349.351050	0.028838	2337.420949	1.557724	0.000000	0.000000	2124.541616	3.670339	10046.876677	27.991589
W499	2740.058259	1.731401	366.065343	0.030679	2373.992916	1.731673	0.000000	0.000000	2157.782811	3.782291	10204.073029	28.590154
W500	2087.198103	1.440151	420.984834	0.033327	1666.213270	1.440536	0.000000	0.000000	1514.463809	2.746113	7161.841878	20.339728
W501	3280.525603	1.731024	537.823463	0.029124	2742.702140	1.731269	0.000000	0.000000	2492.912044	4.273648	11788.886455	32.748216
W502	1035.276734	0.636407	505.658261	0.029854	529.618473	0.637107	0.000000	0.000000	481.383760	0.961267	2276.445535	6.739708
W503	3085.314175	1.782083	391.106222	0.030244	2694.207953	1.782339	0.000000	0.000000	2448.834439	4.225985	11580.445132	32.250780
W504	2732.511420	1.672247	325.948602	0.028123	2406.562818	1.672483	0.000000	0.000000	2187.386427	3.803426	10344.067403	28.891627
W505	2808.679453	1.631885	509.914662	0.027551	2298.764790	1.632118	0.000000	0.000000	2089.406046	3.645723	9880.721899	27.634800
W506	3481.849738	1.841925	265.351190	0.023189	3216.498548	1.842071	0.000000	0.000000	2923.557704	4.951459	13825.393434	38.229643
W507	2805.950442	1.807208	538.386726	0.037382	2267.563716	1.807595	0.000000	0.000000	2061.046592	3.673000	9746.611119	27.487639
W508	2086.101428	1.366807	372.825672	0.040399	1713.275756	1.367404	0.000000	0.000000	1557.240105	2.775840	7364.129361	20.770524
W509	3034.112939	1.697795	353.369559	0.038025	2680.743380	1.698221	0.000000	0.000000	2436.596145	4.179136	11522.570703	32.014351
W510	2933.684601	1.696991	395.085355	0.031664	2538.599246	1.697286	0.000000	0.000000	2307.397710	3.988167	10911.596208	30.406436
W511	2658.343766	1.663046	440.934580	0.037772	2217.409186	1.663474	0.000000	0.000000	2015.459858	3.550429	9531.033185	26.756584
W512	2256.218054	1.404168	347.220440	0.034171	1908.997614	1.404584	0.000000	0.000000	1735.136702	3.046043	8205.395615	23.003773
W513	1229.499613	0.806629	363.612292	0.031974	865.887321	0.807263	0.000000	0.000000	787.027107	1.453257	3721.821323	10.649478
W514	3330.382994	1.924900	393.544785	0.036900	2936.838209	1.925253	0.000000	0.000000	2669.367277	4.600454	12623.336553	35.137274
W515	3179.252131	1.870360	479.592251	0.033025	2699.659880	1.870652	0.000000	0.000000	2453.789834	4.264644	11603.879007	32.404459
W516	1708.588937	1.068072	523.645905	0.035916	1184.943032	1.068676	0.000000	0.000000	1077.024994	1.972406	5093.210326	14.523782
W517	3872.989181	2.230131	385.614020	0.031653	3487.375161	2.230355	0.000000	0.000000	3169.764377	5.443759	14989.695452	41.668237
W518	1967.111998	1.448874	376.024026	0.040731	1591.087971	1.449446	0.000000	0.000000	1446.180506	2.654962	6838.932730	19.521648
W519	2136.828367	1.348901	357.637620	0.030683	1779.190747	1.349250	0.000000	0.000000	1617.151924	2.854417	7647.450080	21.485543
W520	2751.230030	1.494447	356.620474	0.032004	2394.609555	1.494790	0.000000	0.000000	2176.521801	3.725674	10292.689001	28.575668
W521	2829.252381	1.611076	483.103219	0.038589	2346.149162	1.611538	0.000000	0.000000	2132.474912	3.701092	10084.392932	28.146173
W522	2360.530628	1.321404	586.618581	0.037987	1773.912047	1.321950	0.000000	0.000000	1612.353979	2.836915	7624.760778	21.394985
W523	1471.517657	0.989405	457.044415	0.042491	1014.473243	0.990317	0.000000	0.000000	922.080648	1.723424	4360.484391	12.540590
W524	2575.621493	1.501685	442.781037	0.036042	2132.840455	1.502117	0.000000	0.000000	1938.593179	3.378081	9167.533574	25.626870
W525	1652.658074	1.119121	314.205586	0.031171	1338.452489	1.119555	0.000000	0.000000	1216.553661	2.189830	5753.036097	16.290211
W526	2829.149370	2.147014	427.473629	0.033835	2401.675741	2.147281	0.000000	0.000000	2182.944438	3.989366	10323.061405	29.411832
W527	4424.388794	3.012421	278.236443	0.036308	4146.152351	3.012640	0.000000	0.000000	3768.543796	6.601309	17821.300597	49.919310
W528	3896.850868	2.369185	390.423222	0.042765	3506.427646	2.369571	0.000000	0.000000	3187.081668	5.517538	15071.588262	42.024863
W529	1438.018681	1.089986	500.059469	0.035796	937.959212	1.090573	0.000000	0.000000	852.535090	1.681967	4031.606088	11.871084
W530	1672.892491	0.938741	531.061420	0.034879	1141.831071	0.939389	0.000000	0.000000	1037.839431	1.861551	4907.903286	13.877360
W531	3098.139155	1.832010	451.307501	0.034244	2646.831654	1.832330	0.000000	0.000000	2405.772911	4.180570	11376.808797	31.768524
W532	2108.007642	1.319811	451.248259	0.039170	1656.759383	1.320392	0.000000	0.000000	1505.870929	2.683498	7121.206479	20.083044
W533	2009.478194	1.246713	430.366376	0.032503	1579.111818	1.247136	0.000000	0.000000	1435.295073	2.553124	6787.455935	19.128053
W534	3131.938265	1.844243	554.624982	0.041025	2577.313283	1.844699	0.000000	0.000000	2342.585887	4.092984	11077.999760	30.999618
W535	1918.515660	1.102047	565.953348	0.037560	1352.562312	1.102687	0.000000	0.000000	1229.378440	2.200927	5813.683990	16.425960
W536	2160.793241	1.238421	607.344188	0.042137	1553.449052	1.239138	0.000000	0.000000	1411.969531	2.516603	6677.150327	18.832043
W537	2662.903956	1.412630	499.188303	0.040631	2163.715653	1.413214	0.000000	0.000000	1966.656434	3.387584	9300.243645	25.882117
W538	2196.309763	1.272919	432.466982	0.037983	1763.842781	1.273485	0.000000	0.000000	1603.201766	2.805246	7581.480310	21.227461
W539	3774.140154	1.969097	421.424615	0.035306	3352.715540	1.969414	0.000000	0.000000	3047.368807	5.176485	14410.891446	39.893104
W540	1427.421048	1.114288	368.729220	0.035083	1058.691828	1.114840	0.000000	0.000000	962.272050	1.838249	4550.548006	13.210001
W541	3778.381942	2.061532	510.912638	0.034415	3267.469304	2.061819	0.000000	0.000000	2969.886326	5.091101	14044.479731	39.013322
W542	3705.389764	2.111808	312.856002	0.035011	3392.533762	2.112098	0.000000	0.000000	3083.560607	5.276440	14582.041093	40.478797
W543	3274.063203	2.006393	332.506290	0.032437	2941.556912	2.006655	0.000000	0.000000	2673.656227	4.635387	12643.618836	35.274519
W544	2695.273034	1.805442	276.068090	0.031567	2419.204944	1.805718	0.000000	0.000000	2198.877178	3.870005	10398.406730	29.181096
W545	1817.297805	1.386539	331.092676	0.029815	1486.205129	1.386859	0.000000	0.000000	1350.849810	2.494951	6388.117490	18.280507
W546	2545.811821	1.520049	329.382396	0.029570	2216.429425	1.520337	0.000000	0.000000	2014.569329	3.495702	9526.821904	26.587739
W547	3128.973096	1.725303	609.653004	0.035040	2519.320092	1.725658	0.000000	0.000000	2289.874394	3.972537	10828.729111	30.218561
W548	2770.653199	1.660321	434.624282	0.033075	2336.028917	1.660650	0.000000	0.000000	2123.276363	3.705590	10040.893342	28.085039
W549	2549.308534	1.680078	409.120608	0.041810	2140.187927	1.680598	0.000000	0.000000	1945.271483	3.456388	9199.115024	25.912859
W550	2953.017508	1.588949	439.892149	0.035364	2513.125359	1.589343	0.000000	0.000000	2284.243843	3.916925	10802.102449	30.009961
W551	2516.648205	1.580582	478.619401	0.031875	2038.028803	1.580903	0.000000	0.000000	1852.416446	3.283618	8760.007076	24.652739
W552	2215.288251	1.304926	473.158363	0.035608	1742.129888	1.305412	0.000000	0.000000	1583.466363	2.788845	7488.152339	21.019842
W553	3431.619856	1.960068	344.272005	0.032602	3087.347850	1.960339	0.000000	0.000000	2806.169335	4.814536	13270.268296	36.874614
W554	1980.092067	1.216551	515.209535	0.031122	1464.882532	1.216949	0.000000	0.000000	1331.469157	2.393160	6296.467117	17.818403
W555	2898.082954	1.649225	637.035862	0.038943	2261.047092	1.649685	0.000000	0.000000	2055.123466	3.602495	9718.600880	27.230386
W556	1300.837031	0.736753	538.588944	0.031055	762.248088	0.737407	0.000000	0.000000	692.826760	1.291769	3276.351457	9.412942
W557	1183.525233	0.849486	331.435762	0.032261	852.089471	0.850098	0.000000	0.000000	774.485889	1.456317	3662.514378	10.560210
W558	1878.073710	1.044818	347.021025	0.029677	1531.052685	1.045239	0.000000	0.000000	1391.612900	2.412959	6580.884595	18.360890
W559	2047.087860	1.349017	265.582116	0.030490	1781.505744	1.349361	0.000000	0.000000	1619.256084	2.857489	7657.400571	21.511592
W560	2068.230894	0.985964	621.206141	0.037264	1447.024753	0.986667	0.000000	0.000000	1315.237765	2.280099	6219.709481	17.351931
W563	477.940104	0.183612	434.383720	0.033291	43.556384	0.186606	0.000000	0.000000	39.589510	0.180968	187.217291	0.948601
W564	2520.414167	1.596388	551.952960	0.028732	1968.461207	1.596647	0.000000	0.000000	1789.184681	3.199765	8460.986457	23.895546
W565	2115.888114	1.377262	388.102752	0.030173	1727.785362	1.377592	0.000000	0.000000	1570.428256	2.798782	7426.495626	20.944735
W566	1396.139433	0.984449	430.487048	0.032801	965.652385	0.984996	0.000000	0.000000	877.706123	1.660908	4150.638945	12.000072
W567	2830.396283	1.633462	369.560635	0.032888	2460.835648	1.633793	0.000000	0.000000	2236.716389	3.861968	10577.346921	29.463191
W568	1748.558911	0.987441	550.234394	0.035293	1198.324517	0.988071	0.000000	0.000000	1089.187768	1.954574	5150.727620	14.566719
W569	2647.016303	1.656429	427.833369	0.032289	2219.182934	1.656743	0.000000	0.000000	2017.072064	3.550155	9538.657244	26.768748
W570	1663.682387	1.493140	332.662825	0.034306	1331.019562	1.493535	0.000000	0.000000	1209.797684	2.358189	5721.087338	16.755386
W571	3163.115364	1.968806	447.081622	0.042398	2716.033742	1.969263	0.000000	0.000000	2468.672456	4.322745	11674.258361	32.696088
W572	2589.177381	1.770537	519.534714	0.043374	2069.642668	1.771068	0.000000	0.000000	1881.151095	3.403130	8895.892140	25.240677
W573	2545.994785	1.414139	463.810460	0.031686	2082.184325	1.414494	0.000000	0.000000	1892.550528	3.279051	8949.799625	24.962899
W574	1951.579004	1.056952	581.259811	0.038291	1370.319193	1.057645	0.000000	0.000000	1245.518123	2.205712	5890.007937	16.569599
W575	1829.324723	1.422551	455.516208	0.434840	1373.808515	1.487527	0.000000	0.000000	1248.689657	2.406069	5905.006000	17.206403
W576	2737.686152	1.587858	307.357700	0.025931	2430.328452	1.588070	0.000000	0.000000	2208.987619	3.805250	10446.218620	29.072034
W577	3951.656685	2.457936	249.082218	0.030017	3702.574467	2.458119	0.000000	0.000000	3365.364525	5.810689	15914.681124	44.330241
W578	1958.894330	1.338278	554.676413	0.036119	1404.217916	1.338765	0.000000	0.000000	1276.329538	2.370468	6035.713952	17.312262
W579	2087.687993	1.334260	510.628261	0.033382	1577.059733	1.334678	0.000000	0.000000	1433.429881	2.586807	6778.635509	19.214120
W580	2431.197570	1.373676	705.278698	0.032511	1725.918873	1.374060	0.000000	0.000000	1568.731756	2.794928	7418.472944	20.919627
W581	1605.438515	0.895301	501.511364	0.034220	1103.927151	0.895954	0.000000	0.000000	1003.387590	1.794675	4744.981836	13.401464
W582	3338.699397	2.018270	358.331554	0.033794	2980.367843	2.018553	0.000000	0.000000	2708.932474	4.691348	12810.438867	35.724661
W583	3498.356113	1.979346	341.417740	0.037117	3156.938372	1.979694	0.000000	0.000000	2869.421938	4.914750	13569.387456	37.681541
W584	1629.923098	1.136048	430.851866	0.033924	1199.071232	1.136555	0.000000	0.000000	1089.866476	2.021074	5153.937207	14.773617
W585	2364.948220	1.307895	430.985327	0.025039	1933.962893	1.308135	0.000000	0.000000	1757.828281	3.043614	8312.703233	23.179980
W586	2893.379098	1.856852	529.830518	0.029960	2363.548580	1.857093	0.000000	0.000000	2148.289687	3.817556	10159.180405	28.618572
W587	2059.348283	1.348949	430.921519	0.024825	1628.426763	1.349177	0.000000	0.000000	1480.118688	2.658815	6999.425104	19.803125
W588	1784.454394	1.307915	319.175135	0.031271	1465.279259	1.308289	0.000000	0.000000	1331.829753	2.433148	6298.172359	17.941963
W589	2731.159139	1.536314	355.224226	0.031625	2375.934913	1.536640	0.000000	0.000000	2159.547942	3.714630	10212.420264	28.405413
W590	2031.508899	1.192471	364.643572	0.032335	1666.865327	1.192909	0.000000	0.000000	1515.056480	2.647065	7164.644598	20.048703
W591	3467.165187	1.810400	568.951434	0.038806	2898.213752	1.810815	0.000000	0.000000	2634.260522	4.509761	12457.318039	34.586949
W592	1982.653264	1.156123	472.972027	0.029992	1509.681238	1.156512	0.000000	0.000000	1372.187845	2.426600	6489.024248	18.244515
W593	1933.719896	1.142623	579.757385	0.036547	1353.962511	1.143208	0.000000	0.000000	1230.651117	2.219733	5819.702429	16.492601
W594	3567.545258	2.306093	319.266551	0.027511	3248.278707	2.306257	0.000000	0.000000	2952.443502	5.151599	13961.993281	39.049449
W597	2766.153877	1.710629	424.040964	0.034797	2342.112914	1.710982	0.000000	0.000000	2128.806262	3.732470	10067.044028	28.209092
W598	1964.017167	1.214677	491.397655	0.038222	1472.619512	1.215279	0.000000	0.000000	1338.501496	2.402407	6329.722781	17.902326
W599	2747.376969	1.541890	405.867478	0.033348	2341.509491	1.542251	0.000000	0.000000	2128.257796	3.670410	10064.450353	28.021943
W600	1939.377678	1.374137	261.586017	0.024889	1677.791661	1.374363	0.000000	0.000000	1524.987704	2.732857	7211.608980	20.383769
W601	2523.420723	1.515389	426.296530	0.034673	2097.124193	1.515785	0.000000	0.000000	1906.129755	3.335930	9014.015276	25.240284
W602	1729.544438	1.376179	487.736133	0.031218	1241.808305	1.376533	0.000000	0.000000	1128.711293	2.191327	5337.632873	15.604677
W603	3354.712230	2.006400	351.412073	0.031168	3003.300157	2.006642	0.000000	0.000000	2729.776240	4.717747	12909.008247	35.971078
W604	2053.612534	1.440357	504.406275	0.445665	1549.206259	1.507728	0.000000	0.000000	1408.113147	2.629673	6658.913635	19.144102
W605	2520.731826	1.687097	429.665535	0.490075	2091.066290	1.756835	0.000000	0.000000	1900.623573	3.424456	8987.976749	25.460086
W606	2380.973842	1.570402	264.270091	0.041355	2116.703751	1.570946	0.000000	0.000000	1923.926116	3.382640	9098.173591	25.522005
W607	3175.390687	1.621378	614.805640	0.023745	2560.585047	1.621551	0.000000	0.000000	2327.381166	3.991631	11006.097211	30.578840
W608	3629.882668	1.901932	677.281027	0.028010	2952.601641	1.902138	0.000000	0.000000	2683.695064	4.613668	12691.092112	35.292290
W609	3000.834089	1.712000	558.169868	0.024141	2442.664221	1.712170	0.000000	0.000000	2220.199915	3.865804	10499.241142	29.340711
W610	2782.778358	1.545497	429.965631	0.038829	2352.812727	1.545984	0.000000	0.000000	2138.531596	3.686841	10113.034763	28.153445
W611	3713.238347	1.803035	601.512736	0.033826	3111.725611	1.803352	0.000000	0.000000	2828.326905	4.796749	13375.050600	37.003421
W612	3269.676003	2.026980	621.703714	0.037215	2647.972289	2.027322	0.000000	0.000000	2406.809662	4.255772	11381.711557	31.999376
W613	3051.023982	1.989506	506.529771	0.026879	2544.494211	1.989688	0.000000	0.000000	2312.755794	4.105973	10936.934382	30.798059
W614	2507.781110	1.492491	467.420523	0.025460	2040.360587	1.492708	0.000000	0.000000	1854.535864	3.252407	8770.029721	24.577126
W615	1159.987447	0.890620	395.587288	0.025467	764.400159	0.890984	0.000000	0.000000	694.782833	1.371921	3285.601652	9.678224
W616	2639.170777	1.607192	443.479641	0.025186	2195.691136	1.607389	0.000000	0.000000	1995.719768	3.500405	9437.683047	26.449328
W617	2962.005031	1.744835	402.686555	0.022333	2559.318476	1.744978	0.000000	0.000000	2326.229947	4.032715	11000.653142	30.689827
W618	2947.538083	1.665373	460.314404	0.024715	2487.223678	1.665556	0.000000	0.000000	2260.701144	3.908377	10690.769917	29.793782
W619	2330.236740	1.289024	366.373162	0.023831	1963.863578	1.289244	0.000000	0.000000	1785.005778	3.076955	8441.224586	23.498145
W620	2721.010274	1.691176	406.147991	0.023458	2314.862283	1.691338	0.000000	0.000000	2104.037468	3.689142	9949.913340	27.881173
W621	2146.176278	1.446498	513.447164	0.030342	1632.729114	1.446816	0.000000	0.000000	1484.029204	2.706340	7017.917788	19.977599
W622	3426.886438	2.081226	495.956349	0.030637	2930.930089	2.081452	0.000000	0.000000	2663.997236	4.648489	12597.941834	35.234973
W623	2719.544287	1.681398	444.036762	0.027112	2275.507525	1.681617	0.000000	0.000000	2068.266923	3.633666	9780.755791	27.428612
W624	3469.999299	1.916231	421.767939	0.028020	3048.231359	1.916436	0.000000	0.000000	2770.615357	4.747151	13102.134883	36.388776
W625	1513.784840	1.248833	225.162527	0.034456	1288.622313	1.249308	0.000000	0.000000	1171.261742	2.185072	5538.852329	15.916981
W626	1845.372725	1.081449	468.073851	0.025805	1377.298873	1.081757	0.000000	0.000000	1251.862133	2.224417	5920.008518	16.676256
W627	2821.908981	1.675126	385.610378	0.025349	2436.298603	1.675318	0.000000	0.000000	2214.414041	3.843973	10471.879967	29.229640
W628	556.859106	0.090929	548.604851	0.034319	8.254255	0.097190	0.000000	0.000000	7.502504	0.089144	35.479055	0.428634
W629	3423.041770	2.111325	399.345072	0.032793	3023.696697	2.111579	0.000000	0.000000	2748.315176	4.782485	12996.678172	36.311477
W630	2188.891717	1.483582	289.989329	0.025392	1898.902387	1.483799	0.000000	0.000000	1725.960892	3.063776	8162.003560	22.982673
W631	1764.753540	1.260579	298.714894	0.024015	1466.038645	1.260808	0.000000	0.000000	1332.519978	2.413319	6301.436411	17.887463
W632	2183.930558	1.430919	313.208139	0.022348	1870.722419	1.431093	0.000000	0.000000	1700.347399	3.006136	8040.878323	22.605361
W633	2606.546457	1.841067	406.823422	0.033089	2199.723035	1.841364	0.000000	0.000000	1999.384464	3.599537	9455.013255	26.774448
W634	2092.433300	1.218079	432.918825	0.033443	1659.514475	1.218538	0.000000	0.000000	1508.375103	2.647016	7133.048620	19.994657
W635	1704.335693	1.052198	495.752670	0.026101	1208.583023	1.052522	0.000000	0.000000	1098.511986	1.995202	5194.821495	14.763384
W636	1341.814648	0.751637	523.252454	0.028696	818.562194	0.752185	0.000000	0.000000	744.012090	1.368828	3518.404940	10.052184
W637	2782.819474	1.627264	451.731423	0.028110	2331.088051	1.627506	0.000000	0.000000	2118.785483	3.686864	10019.656146	27.993538
W638	2348.094990	1.364153	614.094065	0.022480	1734.000925	1.364338	0.000000	0.000000	1576.077740	2.801485	7453.211823	20.998089
W639	3647.875532	2.064839	562.326597	0.023137	3085.548935	2.064968	0.000000	0.000000	2804.534255	4.848133	13262.536064	36.959665
W640	3524.151906	1.930753	570.333855	0.025299	2953.818051	1.930919	0.000000	0.000000	2684.800690	4.625165	12696.320576	35.334902
W641	4879.112776	2.298850	526.696861	0.023635	4352.415915	2.298971	0.000000	0.000000	3956.022018	6.642637	18707.877997	51.564625
W642	2788.284499	2.019208	570.086027	0.053882	2218.198472	2.019927	0.000000	0.000000	2016.177260	3.701025	9534.425752	27.214797
W643	4264.471116	2.188416	616.317623	0.034965	3648.153493	2.188695	0.000000	0.000000	3315.899911	5.647143	15680.764843	43.450586
W644	2678.919766	1.708746	325.264933	0.028430	2353.654833	1.708983	0.000000	0.000000	2139.297008	3.746923	10116.654366	28.336450
W645	4617.715248	2.790517	297.036885	0.029120	4320.678363	2.790669	0.000000	0.000000	3927.174947	6.753842	18571.461293	51.651998
W646	4793.994683	2.912895	360.326481	0.023423	4433.668203	2.912989	0.000000	0.000000	4029.874299	6.947429	19057.122629	53.052399
W647	4485.753821	2.626413	498.692720	0.025098	3987.061100	2.626533	0.000000	0.000000	3623.941694	6.250027	17137.482744	47.715468
W648	3231.923050	1.872731	621.205837	0.029956	2610.717213	1.872970	0.000000	0.000000	2372.947572	4.147658	11221.579019	31.406198
W649	4106.213794	2.208002	696.372080	0.032968	3409.841714	2.208248	0.000000	0.000000	3099.292247	5.332082	14656.435420	40.769180
W650	3353.945366	1.813299	606.026948	0.031737	2747.918418	1.813577	0.000000	0.000000	2497.653252	4.308738	11811.307447	32.889337
W651	2968.862748	1.541214	507.246031	0.027506	2461.616717	1.541460	0.000000	0.000000	2237.426322	3.831535	10580.704169	29.379974
W652	2044.846938	1.329893	549.670367	0.028993	1495.176570	1.330209	0.000000	0.000000	1359.004183	2.480676	6426.679209	18.301627
W653	2047.593358	1.295970	541.650822	0.023169	1505.942536	1.296177	0.000000	0.000000	1368.789644	2.479460	6472.954281	18.375709
W654	3908.371693	2.214348	427.355137	0.025947	3481.016555	2.214500	0.000000	0.000000	3163.984879	5.429852	14962.364421	41.580633
W655	3960.995385	2.529734	501.709915	0.023804	3459.285469	2.529846	0.000000	0.000000	3144.232939	5.513870	14868.958249	41.667712
W656	2013.759357	1.332367	427.693623	0.022820	1586.065735	1.332563	0.000000	0.000000	1441.615666	2.597441	6817.345778	19.311390
W657	2008.009018	1.093544	459.709868	0.026852	1548.299150	1.093874	0.000000	0.000000	1407.288653	2.453525	6655.014635	18.607117
W658	1998.660121	1.178225	359.824260	0.021978	1638.835861	1.178430	0.000000	0.000000	1489.579783	2.604635	7044.166263	19.717718
W659	2123.782621	1.281727	560.280311	0.023411	1563.502311	1.281941	0.000000	0.000000	1421.107194	2.547196	6720.361991	18.996742
W660	2557.951427	1.353188	552.523942	0.031681	2005.427485	1.353559	0.000000	0.000000	1822.784275	3.155048	8619.877662	24.033500
W661	1484.376440	0.970403	465.396224	0.023300	1018.980216	0.970683	0.000000	0.000000	926.177150	1.719773	4379.856597	12.561616
W662	3056.693127	1.912356	363.101673	0.026867	2693.591454	1.912545	0.000000	0.000000	2448.274087	4.271936	11577.795250	32.381353
W663	786.606002	0.676574	406.347525	0.022042	380.258476	0.676933	0.000000	0.000000	345.626644	0.825862	1634.455282	5.293037
W664	1575.535669	1.078312	435.153289	0.023827	1140.382381	1.078576	0.000000	0.000000	1036.522680	1.921061	4901.676418	14.047181
W665	3970.494416	2.457229	444.954557	0.030537	3525.539858	2.457418	0.000000	0.000000	3204.453246	5.574550	15153.737794	42.333136
W666	2588.462107	1.537995	247.497035	0.024295	2340.965072	1.538187	0.000000	0.000000	2127.762960	3.668271	10062.110290	28.011664
W667	2586.520854	1.886785	263.329313	0.030802	2323.191541	1.887037	0.000000	0.000000	2111.608143	3.777484	9985.714777	28.204978
W668	2107.185541	1.447407	287.223378	0.023020	1819.962163	1.447590	0.000000	0.000000	1654.210105	2.946676	7822.696812	22.057886
W669	3569.543281	2.067034	562.766644	0.026425	3006.776638	2.067203	0.000000	0.000000	2732.936102	4.743924	12923.951114	36.073557
W670	2473.806872	1.551945	446.940453	0.024687	2026.866418	1.552142	0.000000	0.000000	1842.270669	3.257679	8712.028081	24.494039
W671	2533.997778	1.514175	377.463100	0.034984	2156.534678	1.514579	0.000000	0.000000	1960.129463	3.414058	9269.377845	25.906995
W672	1781.675534	0.995401	637.889954	0.035916	1143.785580	0.996049	0.000000	0.000000	1039.615935	1.888212	4916.304302	13.971798
W673	2359.082662	1.417726	584.957850	0.026908	1774.124812	1.417981	0.000000	0.000000	1612.547366	2.875247	7625.675299	21.510663
W674	3184.878031	1.887565	620.673587	0.033220	2564.204444	1.887857	0.000000	0.000000	2330.670928	4.091961	11021.654372	30.900481
W675	3419.926986	1.852554	440.767376	0.026946	2979.159611	1.852750	0.000000	0.000000	2707.834280	4.632856	12805.245553	35.544608
W676	2761.935271	1.619600	458.464425	0.028511	2303.470846	1.619851	0.000000	0.000000	2093.683500	3.647437	9900.949816	27.674420
W677	3363.607593	1.902969	514.025874	0.025111	2849.581720	1.903135	0.000000	0.000000	2590.057625	4.475996	12248.284217	34.129138
W678	2561.505355	1.702734	349.638486	0.026273	2211.866868	1.702937	0.000000	0.000000	2010.422304	3.558620	9507.210785	26.740420
W679	4090.957574	2.393796	460.245525	0.035764	3630.712049	2.394063	0.000000	0.000000	3300.046937	5.692214	15605.796733	43.453153
W680	3541.480014	2.239409	434.207610	0.033712	3107.272404	2.239663	0.000000	0.000000	2824.279271	4.940445	13355.909493	37.391164
W681	3943.873874	2.559040	487.981188	0.023911	3455.892686	2.559152	0.000000	0.000000	3141.149152	5.520574	14854.375136	41.662710
W682	2862.776592	1.677037	537.131603	0.029416	2325.644989	1.677295	0.000000	0.000000	2113.838145	3.698068	9996.260368	27.986624
W683	3030.262210	1.784567	389.365033	0.024644	2640.897177	1.784738	0.000000	0.000000	2400.378913	4.155609	11351.300786	31.651477
W684	3517.768536	2.085092	438.981532	0.022952	3078.787004	2.085219	0.000000	0.000000	2798.388164	4.846271	13233.471431	36.904387
W685	1847.332381	1.141604	581.742268	0.030323	1265.590113	1.142007	0.000000	0.000000	1150.327186	2.106915	5439.853611	15.513082
W686	2283.405812	1.442025	476.660360	0.027358	1806.745452	1.442285	0.000000	0.000000	1642.197099	2.927393	7765.887761	21.904024
W687	2439.701583	1.428834	565.539095	0.035940	1874.162488	1.429286	0.000000	0.000000	1703.474166	3.009920	8055.664686	22.641745
W688	2737.979263	1.589314	609.871977	0.029810	2128.107285	1.589593	0.000000	0.000000	1934.291079	3.404781	9147.189110	25.671118
W689	2713.755104	1.599306	352.288914	0.024336	2361.466190	1.599491	0.000000	0.000000	2146.396950	3.717184	10150.229722	28.306211
W690	1951.659976	1.314696	464.650171	0.023180	1487.009805	1.314900	0.000000	0.000000	1351.581202	2.463572	6391.576211	18.190891
W691	2811.948583	1.841653	326.852085	0.022622	2485.096499	1.841792	0.000000	0.000000	2258.767696	3.970374	10681.626715	29.960962
W692	3342.893482	1.988626	518.769918	0.030517	2824.123564	1.988860	0.000000	0.000000	2566.918056	4.472921	12138.858077	33.932770
W693	1628.075476	1.318261	340.114051	0.026192	1287.961425	1.318521	0.000000	0.000000	1170.661043	2.217611	5536.011648	16.012607
W694	1922.097804	1.102693	555.798907	0.028058	1366.298897	1.103050	0.000000	0.000000	1241.863973	2.218812	5872.727600	16.579403
W695	3310.322102	1.807717	573.963146	0.030144	2736.358956	1.807968	0.000000	0.000000	2487.146562	4.291315	11761.621709	32.753043
W696	1364.420260	1.041690	534.921021	0.029289	829.499239	1.042102	0.000000	0.000000	753.953050	1.530123	3565.415363	10.634573
W697	1857.867152	1.604286	580.181839	0.029016	1277.685313	1.604548	0.000000	0.000000	1161.320823	2.356520	5491.842100	16.379425
W698	2036.114089	1.440959	293.262637	0.025416	1742.851452	1.441183	0.000000	0.000000	1584.122210	2.844470	7491.253815	21.191114
W699	1926.356903	1.470374	304.711044	0.038517	1621.645859	1.470879	0.000000	0.000000	1473.955351	2.703068	6970.278919	19.887805
W700	1575.751136	1.218233	375.267001	0.029344	1200.484135	1.218586	0.000000	0.000000	1091.150700	2.061908	5160.010252	14.909308
W701	4392.835878	2.558989	416.549185	0.027573	3976.286693	2.559137	0.000000	0.000000	3614.148559	6.212409	17091.171384	47.525870
W702	2936.895855	1.818204	388.251913	0.029310	2548.643942	1.818440	0.000000	0.000000	2316.527590	4.045321	10954.771064	30.648487
W703	2481.534449	1.547691	481.417852	0.025037	2000.116597	1.547893	0.000000	0.000000	1817.957073	3.221103	8597.050011	24.189877
W704	1399.714976	1.078011	504.646812	0.022497	895.068164	1.078246	0.000000	0.000000	813.550321	1.625397	3847.248596	11.392927
W705	3934.104135	2.079092	693.749563	0.032130	3240.354572	2.079340	0.000000	0.000000	2945.241054	5.060524	13927.933175	38.723659
W706	1618.582364	1.183542	451.773969	0.027790	1166.808395	1.183868	0.000000	0.000000	1060.541959	2.003807	5015.262678	14.490268
W707	3444.320317	2.137444	560.690929	0.030956	2883.629388	2.137668	0.000000	0.000000	2621.004420	4.607295	12394.630439	34.766355
W708	2745.436189	1.604262	626.899358	0.027769	2118.536831	1.604502	0.000000	0.000000	1925.592249	3.398025	9106.052672	25.581068
W709	3343.010820	1.861161	635.159869	0.029944	2707.850950	1.861401	0.000000	0.000000	2461.234908	4.272192	11639.086478	32.486918
W710	3951.750605	2.147431	614.858068	0.024302	3336.892537	2.147569	0.000000	0.000000	3032.986877	5.213424	14342.879841	39.883569
W711	2865.228004	1.704809	534.800590	0.024126	2330.427414	1.704980	0.000000	0.000000	2118.185013	3.714808	10016.816545	28.071190
W712	3513.591807	1.998103	500.754791	0.025438	3012.837016	1.998265	0.000000	0.000000	2738.444534	4.727561	12950.000280	36.070154
W713	3347.983130	1.946565	435.435673	0.033591	2912.547457	1.946855	0.000000	0.000000	2647.288792	4.575486	12518.928235	34.884991
W714	3746.430357	2.361062	406.844597	0.024435	3339.585759	2.361188	0.000000	0.000000	3035.434815	5.292753	14354.456047	40.136327
W715	2256.319910	1.618366	346.389265	0.024895	1909.930644	1.618557	0.000000	0.000000	1735.984756	3.133730	8209.406035	23.272439
W716	3432.849995	2.003343	574.203421	0.022978	2858.646575	2.003475	0.000000	0.000000	2598.296903	4.524045	12287.247451	34.337098
W717	4884.823004	2.897451	401.059250	0.025161	4483.763754	2.897560	0.000000	0.000000	4075.407425	7.009300	19272.447055	53.603173
W718	3105.758932	1.716127	438.375967	0.023450	2667.382965	1.716287	0.000000	0.000000	2424.452522	4.167275	11465.143972	31.880990
W719	3322.014945	2.191587	610.204933	0.030817	2711.810012	2.191803	0.000000	0.000000	2464.833400	4.404886	11656.103611	32.909613
W720	1911.094605	1.158380	544.117443	0.024683	1366.977162	1.158643	0.000000	0.000000	1242.480466	2.242965	5875.642972	16.656837
W721	2464.301841	1.532748	536.197201	0.032627	1928.104641	1.533095	0.000000	0.000000	1752.503566	3.121561	8287.522858	23.367950
W722	3375.943165	1.956151	596.781014	0.035879	2779.162151	1.956480	0.000000	0.000000	2526.051480	4.401447	11945.601586	33.391767
W723	2423.285649	1.488632	438.768607	0.027025	1984.517042	1.488877	0.000000	0.000000	1803.778239	3.177576	8529.998840	23.946501
W724	2982.800452	1.633622	573.979579	0.027954	2408.820872	1.633861	0.000000	0.000000	2189.438830	3.792542	10353.773142	28.876236
W725	2466.616725	1.515155	528.539749	0.035173	1938.076976	1.515563	0.000000	0.000000	1761.567676	3.127443	8330.386693	23.458185
W726	2669.592096	1.813388	471.156742	0.024395	2198.435354	1.813552	0.000000	0.000000	1998.214058	3.586196	9449.478449	26.725032
W727	2793.706520	2.008499	428.385274	0.025947	2365.321246	2.008666	0.000000	0.000000	2149.900909	3.882705	10166.799812	28.826749
W728	3549.715941	2.623001	455.648996	0.037089	3094.066945	2.623263	0.000000	0.000000	2812.276492	5.077129	13299.148807	37.702664
W729	1851.015180	1.422337	386.417313	0.025033	1464.597867	1.422557	0.000000	0.000000	1331.210418	2.484717	6295.243551	18.094454
W730	2658.899991	1.591043	477.816738	0.026770	2181.083254	1.591268	0.000000	0.000000	1982.442291	3.475061	9374.894360	26.267277
W731	2332.449041	1.440200	445.517021	0.029483	1886.932020	1.440502	0.000000	0.000000	1715.080719	3.031008	8110.551637	22.797738
W732	2050.617637	1.277044	352.946217	0.024291	1697.671420	1.277275	0.000000	0.000000	1543.056925	2.719680	7297.057641	20.489375
W733	3114.648833	1.991899	258.986708	0.025199	2855.662125	1.992059	0.000000	0.000000	2595.584261	4.515917	12274.419468	34.291220
W734	2267.685191	1.252953	495.558582	0.022461	1772.126608	1.253154	0.000000	0.000000	1610.731148	2.808637	7617.086473	21.298271
W735	1946.735588	1.232288	311.352561	0.024404	1635.383027	1.232530	0.000000	0.000000	1486.441413	2.620716	7029.325035	19.740052
W736	2969.233055	1.686284	393.651064	0.027105	2575.581991	1.686501	0.000000	0.000000	2341.012271	4.033892	11070.558192	30.813137
W737	3018.693062	2.077207	464.124431	0.033282	2554.568631	2.077473	0.000000	0.000000	2321.912692	4.154732	10980.237006	31.017128
W738	2821.956504	1.802999	377.035139	0.055542	2444.921365	1.803854	0.000000	0.000000	2222.251490	3.903065	10508.942964	29.467349
W739	2299.065561	1.339348	445.699623	0.028493	1853.365938	1.339651	0.000000	0.000000	1684.571650	2.948199	7966.275403	22.306549
W740	3372.753775	1.822770	512.276355	0.023683	2860.477420	1.822924	0.000000	0.000000	2599.961005	4.462982	12295.116926	34.171453
W741	2202.182848	1.512466	546.712412	0.030807	1655.470436	1.512779	0.000000	0.000000	1504.699373	2.764508	7115.666231	20.318012
W742	3386.588045	2.094729	545.134689	0.023426	2841.453357	2.094860	0.000000	0.000000	2582.669548	4.535494	12213.346283	34.244783
W743	1894.171948	1.221123	563.826961	0.028915	1330.344987	1.221465	0.000000	0.000000	1209.184546	2.224195	5718.187829	16.335642
W744	2782.811289	1.537969	503.269361	0.034545	2279.541928	1.538356	0.000000	0.000000	2071.933895	3.586224	9798.096763	27.318326
W745	2746.924125	1.767920	398.510575	0.026479	2348.413550	1.768118	0.000000	0.000000	2134.533072	3.762656	10094.125894	28.344684
W746	3120.804481	1.798964	290.679196	0.026189	2830.125286	1.799154	0.000000	0.000000	2572.373175	4.414134	12164.655125	33.804507
W747	3166.667872	1.895293	466.122130	0.023586	2700.545743	1.895440	0.000000	0.000000	2454.595018	4.274851	11607.686690	32.441031
W748	3162.600490	2.044969	283.701450	0.025274	2878.899041	2.045125	0.000000	0.000000	2616.704887	4.566198	12374.298108	34.610150
W749	3075.517893	1.856168	343.603628	0.029443	2731.914264	1.856401	0.000000	0.000000	2483.106668	4.302441	11742.517203	32.752933
W750	2804.704760	1.716582	590.103536	0.028402	2214.601224	1.716817	0.000000	0.000000	2012.907631	3.567687	9518.963797	26.787375
W751	2764.215206	1.783848	517.104068	0.040797	2247.111138	1.784314	0.000000	0.000000	2042.456721	3.637039	9658.700326	27.231250
W752	2443.461655	1.638452	611.077645	0.033977	1832.384010	1.638804	0.000000	0.000000	1665.500639	3.043958	7876.089320	22.440762
W753	2267.245403	1.418735	479.370044	0.023311	1787.875359	1.418927	0.000000	0.000000	1625.045590	2.893451	7684.778925	21.665190
W754	1916.492822	1.297375	397.666672	0.024407	1518.826150	1.297605	0.000000	0.000000	1380.499890	2.496512	6528.331591	18.520369
W755	2144.901507	1.377638	552.526464	0.035627	1592.375043	1.378098	0.000000	0.000000	1447.350358	2.625025	6844.464916	19.440205
W756	3648.438004	2.141195	457.417099	0.024956	3191.020905	2.141341	0.000000	0.000000	2900.400423	5.015893	13715.883535	38.229021
W757	2236.354488	1.394320	347.504621	0.029636	1888.849867	1.394635	0.000000	0.000000	1716.823900	3.015755	8118.795069	22.766499
W758	2332.380047	1.580549	373.651687	0.026486	1958.728360	1.580770	0.000000	0.000000	1780.338247	3.180661	8419.152008	23.767566
W759	2105.802476	1.326643	361.624954	0.030064	1744.177521	1.326984	0.000000	0.000000	1585.327508	2.799920	7496.953626	21.067703
W760	1672.965868	1.247103	515.784843	0.027582	1157.181024	1.247408	0.000000	0.000000	1051.791396	2.023835	4973.881598	14.484367
W761	1245.570117	0.877483	344.444799	0.030818	901.125318	0.878024	0.000000	0.000000	819.055823	1.530085	3873.283906	11.137024
W762	2813.151094	1.921578	497.153539	0.026061	2315.997555	1.921755	0.000000	0.000000	2105.069346	3.782669	9954.793050	28.168271
W763	2019.551833	1.328552	444.367188	0.026969	1575.184645	1.328825	0.000000	0.000000	1431.725566	2.581915	6770.575869	19.185808
W764	2073.256192	1.327755	318.745162	0.025033	1754.511031	1.327991	0.000000	0.000000	1594.719899	2.813830	7541.369885	21.184562
W765	2076.565767	1.304618	364.344447	0.027689	1712.221319	1.304911	0.000000	0.000000	1556.281700	2.749498	7359.597101	20.684316
W766	4192.085539	2.318191	373.784227	0.029544	3818.301312	2.318379	0.000000	0.000000	3470.551611	5.919408	16412.106864	45.502934
W767	2619.190701	1.541009	364.559399	0.024191	2254.631303	1.541199	0.000000	0.000000	2049.291991	3.554037	9691.024057	27.040365
W768	2976.125312	1.739073	350.508564	0.025594	2625.616749	1.739262	0.000000	0.000000	2386.490141	4.119198	11285.621311	31.432063
W769	2809.849551	1.677922	235.755798	0.021772	2574.093752	1.678063	0.000000	0.000000	2339.659573	4.028988	11064.161334	30.787801
W770	1624.783799	1.203803	232.422734	0.023810	1392.361065	1.204038	0.000000	0.000000	1265.552544	2.294886	5984.749952	16.997115
W771	1981.426461	1.286718	496.893860	0.028222	1484.532600	1.287027	0.000000	0.000000	1349.329607	2.448228	6380.928504	18.126593
W772	2732.396685	1.826442	285.389341	0.029506	2447.007344	1.826680	0.000000	0.000000	2224.147490	3.914562	10517.909076	29.516697
W773	2405.144551	1.390075	570.766011	0.030595	1834.378540	1.390412	0.000000	0.000000	1667.313519	2.942687	7884.662359	22.151192
W774	4032.928501	2.143289	567.446261	0.035978	3465.482240	2.143591	0.000000	0.000000	3149.865343	5.385306	14895.593671	41.335818
W775	3800.118304	2.096452	449.074612	0.024049	3351.043693	2.096590	0.000000	0.000000	3045.849223	5.215331	14403.705390	39.993723
W776	3430.201541	1.972318	420.654034	0.026431	3009.547507	1.972495	0.000000	0.000000	2735.454616	4.714204	12935.861071	36.006764
W777	3543.118066	2.119201	458.530923	0.027988	3084.587143	2.119385	0.000000	0.000000	2803.660058	4.866216	13258.402018	37.005692
W778	3912.917965	2.009480	573.162024	0.029193	3339.755941	2.009692	0.000000	0.000000	3035.589497	5.171690	14355.187536	39.783089
W779	3217.345667	2.139366	455.729187	0.045476	2761.616480	2.139850	0.000000	0.000000	2510.103771	4.448512	11870.185479	33.402746
W780	3446.883944	2.109495	487.497069	0.027218	2959.386875	2.109671	0.000000	0.000000	2689.862336	4.696590	12720.256907	35.585832
W781	3051.148175	1.949661	438.989305	0.023705	2612.158870	1.949805	0.000000	0.000000	2374.257931	4.178699	11227.775656	31.508632
W782	4671.930116	3.034731	272.560810	0.025963	4399.369305	3.034842	0.000000	0.000000	3998.699154	6.944759	18909.696555	52.791902
W783	3697.868840	2.181498	530.471198	0.020187	3167.397642	2.181592	0.000000	0.000000	2878.928636	4.998769	13614.344269	38.004790
W784	1880.389483	1.661861	525.212425	0.024075	1355.177058	1.662035	0.000000	0.000000	1231.755050	2.477201	5824.922886	17.301451
W785	3815.658613	2.021007	697.740752	0.025446	3117.917862	2.021168	0.000000	0.000000	2833.955200	4.876266	13401.666593	37.280818
W786	4171.896722	2.557787	550.703961	0.024026	3621.192761	2.557900	0.000000	0.000000	3291.394613	5.738177	15564.880218	43.518181
W787	3549.063712	2.113525	465.442355	0.022889	3083.621357	2.113649	0.000000	0.000000	2802.782230	4.862869	13254.250805	36.988744
W788	4214.664932	2.337577	466.751808	0.025038	3747.913124	2.337711	0.000000	0.000000	3406.573988	5.830609	16109.559113	44.723298
W789	4384.336979	2.279826	535.912580	0.032770	3848.424399	2.280062	0.000000	0.000000	3497.931254	5.947985	16541.584156	45.809242
W790	3306.282922	1.854139	546.746849	0.026657	2759.536073	1.854331	0.000000	0.000000	2508.212836	4.338548	11861.243317	33.062382
W791	3009.199726	1.889645	551.828862	0.025769	2457.370864	1.889821	0.000000	0.000000	2233.567158	3.952763	10562.454327	29.705940
W792	2175.051935	1.302397	487.720031	0.051403	1687.331904	1.303411	0.000000	0.000000	1533.659075	2.716418	7252.615563	20.404130
W793	2287.796941	1.541675	416.693460	0.028168	1871.103481	1.541932	0.000000	0.000000	1700.693756	3.051570	8042.516234	22.743860
W794	3516.619809	2.046228	503.165248	0.026612	3013.454561	2.046402	0.000000	0.000000	2739.005837	4.745366	12952.654660	36.126946
W795	3765.752992	2.122449	343.107216	0.024155	3422.645775	2.122586	0.000000	0.000000	3110.930185	5.320547	14711.470789	40.830139
W796	4250.082888	2.509770	376.495271	0.040477	3873.587617	2.510097	0.000000	0.000000	3520.802745	6.057778	16649.742572	46.315401
W797	2365.076042	1.606869	401.053141	0.024719	1964.022901	1.607059	0.000000	0.000000	1785.150591	3.198347	8441.909398	23.859036
W798	1985.697858	1.211789	423.882268	0.026058	1561.815590	1.212070	0.000000	0.000000	1419.574090	2.516581	6713.112001	18.892961
W799	1970.486710	1.362217	311.236823	0.023873	1659.249886	1.362426	0.000000	0.000000	1508.134611	2.704008	7131.911345	20.162557
W800	1491.599013	0.948666	452.489265	0.029203	1039.109748	0.949116	0.000000	0.000000	944.473397	1.735039	4466.378852	12.752669
W801	1951.859840	1.379903	256.939878	0.024179	1694.919962	1.380114	0.000000	0.000000	1540.556054	2.757325	7285.231119	20.581579
W802	1535.788592	1.140882	342.274389	0.041159	1193.514203	1.141624	0.000000	0.000000	1084.815550	2.016526	5130.051570	14.719900
W803	2371.466189	1.568033	483.996838	0.023925	1887.469351	1.568215	0.000000	0.000000	1715.569113	3.083620	8112.861232	22.958881
W804	2508.272037	1.496062	469.749196	0.022416	2038.522842	1.496230	0.000000	0.000000	1852.865490	3.251326	8762.130588	24.560459
W805	2448.538152	1.374585	489.353910	0.025944	1959.184242	1.374830	0.000000	0.000000	1780.752610	3.101209	8421.111514	23.534938
W806	3174.213043	1.817146	445.522353	0.032618	2728.690690	1.817439	0.000000	0.000000	2480.176679	4.284367	11728.661396	32.676139
W807	2076.666190	1.214811	579.571889	0.030020	1497.094300	1.215182	0.000000	0.000000	1360.747257	2.433908	6434.922138	18.174599
W808	1667.377572	0.966723	556.895355	0.031287	1110.482216	0.967229	0.000000	0.000000	1009.345657	1.833313	4773.157306	13.565224
W809	2612.584828	1.822682	421.603578	0.025101	2190.981250	1.822854	0.000000	0.000000	1991.438832	3.580514	9417.438666	26.653864
W810	3194.242238	1.857531	510.585851	0.022557	2683.656387	1.857668	0.000000	0.000000	2439.243851	4.238677	11535.091605	32.210346
W811	2724.028601	1.699712	403.754494	0.021970	2320.274106	1.699854	0.000000	0.000000	2108.956412	3.699497	9973.174842	27.951474
W812	3847.228056	2.162434	393.666141	0.021854	3453.561915	2.162544	0.000000	0.000000	3139.030655	5.375485	14844.356844	41.219005
W813	4261.914463	2.903759	423.634832	0.028310	3838.279631	2.903897	0.000000	0.000000	3488.710415	6.155206	16497.979160	46.343186
W814	3126.837388	1.644912	581.076749	0.030429	2545.760640	1.645194	0.000000	0.000000	2313.906883	3.979705	10942.377840	30.434479
W815	3401.570411	1.884068	590.102632	0.027039	2811.467779	1.884262	0.000000	0.000000	2555.414891	4.418444	12084.460042	33.679444
W816	3101.205877	1.778494	407.301333	0.025614	2693.904545	1.778678	0.000000	0.000000	2448.558663	4.224305	11579.140998	32.243618
W817	3729.492960	2.392973	450.219909	0.022359	3279.273052	2.393078	0.000000	0.000000	2980.615054	5.225003	14095.215479	39.493692
W818	2286.499212	1.736649	382.982583	0.020962	1903.516629	1.736775	0.000000	0.000000	1730.154894	3.177520	8181.836837	23.358676
W819	4233.304569	2.513318	462.298322	0.025460	3771.006247	2.513447	0.000000	0.000000	3427.563918	5.921548	16208.819694	45.159720
W820	4178.281415	2.492608	337.800638	0.026148	3840.480776	2.492745	0.000000	0.000000	3490.711092	6.007408	16507.440287	45.923662
W821	3656.232156	2.148730	495.391032	0.027436	3160.841124	2.148905	0.000000	0.000000	2872.969249	4.978320	13586.162554	37.896426
W822	3630.477702	2.074955	603.180564	0.026569	3027.297137	2.075125	0.000000	0.000000	2751.587708	4.774075	13012.153852	36.313210
W823	1985.391387	1.362787	542.741755	0.032945	1442.649632	1.363185	0.000000	0.000000	1311.261106	2.429662	6200.904011	17.768687
W824	2531.594096	1.546633	261.994363	0.027029	2269.599733	1.546869	0.000000	0.000000	2062.897180	3.576000	9755.362479	27.215088
W825	2920.996955	2.120022	472.014873	0.032052	2448.982082	2.120264	0.000000	0.000000	2225.942379	4.037498	10526.397040	29.899011
W826	2335.776099	1.490816	626.136264	0.027669	1709.639836	1.491072	0.000000	0.000000	1553.935324	2.823334	7348.501175	20.886909
W827	2189.828944	1.514880	430.589791	0.030248	1759.239152	1.515182	0.000000	0.000000	1599.017410	2.896928	7561.692650	21.467758
W828	3122.504728	1.934148	492.340596	0.023170	2630.164132	1.934287	0.000000	0.000000	2390.623374	4.196407	11305.167213	31.692938
W829	3092.068791	1.876854	462.009297	0.024805	2630.059494	1.877018	0.000000	0.000000	2390.528265	4.174728	11304.717448	31.628077
W830	2723.323107	1.709971	337.709982	0.022630	2385.613125	1.710121	0.000000	0.000000	2168.344716	3.789528	10254.019876	28.696766
W831	2174.050026	1.541934	408.331650	0.023026	1765.718376	1.542105	0.000000	0.000000	1604.906541	2.916870	7589.542129	21.574832
W832	2472.409501	1.434262	374.912394	0.022702	2097.497107	1.434442	0.000000	0.000000	1906.468707	3.306577	9015.618166	25.156505
W833	3230.254259	1.771955	613.128454	0.025422	2617.125805	1.772137	0.000000	0.000000	2378.772505	4.119434	11249.124906	31.370187
W834	1897.414789	1.320974	518.378475	0.022850	1379.036315	1.321172	0.000000	0.000000	1253.441337	2.330957	5927.476518	17.010989
W835	-1.000000	-1.000000	-1.000000	-1.000000	-1.000000	-1.000000	0.000000	0.000000	0.000000	0.000000	0.000000	0.000000
W836	2174.158751	1.506240	322.119633	0.024321	1852.039118	1.506437	0.000000	0.000000	1683.365669	3.012262	7960.572367	22.487493
W837	3005.180406	1.839585	395.785633	0.022295	2609.394773	1.839720	0.000000	0.000000	2371.745573	4.133593	11215.894809	31.354988
W838	3588.538194	2.049590	424.379950	0.023290	3164.158244	2.049723	0.000000	0.000000	2875.984264	4.948098	13600.420446	37.832290
W839	3265.766351	1.861356	425.356680	0.034367	2840.409672	1.861673	0.000000	0.000000	2581.720916	4.449275	12208.860238	33.983202
W840	2056.749241	1.411223	417.017684	0.033127	1639.731557	1.411612	0.000000	0.000000	1490.393903	2.699859	7048.016209	20.008587
W841	1986.469578	1.379820	469.620561	0.028891	1516.849016	1.380122	0.000000	0.000000	1378.702823	2.530320	6519.833327	18.608461
W842	4306.353251	2.654099	608.278050	0.050600	3698.075202	2.654582	0.000000	0.000000	3361.275027	5.875717	15895.342048	44.488490
W843	4239.539288	2.462069	384.848418	0.024410	3854.690870	2.462190	0.000000	0.000000	3503.627010	6.016093	16568.519171	46.053991
W844	4544.006520	2.466851	564.514604	0.027800	3979.491917	2.467007	0.000000	0.000000	3617.061869	6.185870	17104.948317	47.472107
W845	3401.004576	1.991072	524.717241	0.024490	2876.287335	1.991222	0.000000	0.000000	2614.331041	4.543003	12363.072279	34.522609
W846	3712.320573	2.279177	387.495097	0.025492	3324.825476	2.279319	0.000000	0.000000	3022.018816	5.243369	14291.012299	39.882400
W847	3325.438142	2.149634	396.654340	0.023490	2928.783801	2.149763	0.000000	0.000000	2662.046420	4.671279	12588.716499	35.286583
W848	2653.402870	1.593745	435.577971	0.024298	2217.824899	1.593931	0.000000	0.000000	2015.837711	3.524524	9532.820034	26.682932
W849	3256.685234	1.987346	477.892092	0.023566	2778.793142	1.987486	0.000000	0.000000	2525.716078	4.412421	11944.015485	33.421432
W850	3079.086650	1.980465	422.905463	0.024379	2656.181187	1.980615	0.000000	0.000000	2414.270940	4.248332	11416.995657	32.037300
W851	3465.936572	2.133993	314.561359	0.024520	3151.375213	2.134134	0.000000	0.000000	2864.365441	4.960443	13545.475472	37.774219
W852	3767.519012	2.465661	363.949949	0.025721	3403.569063	2.465795	0.000000	0.000000	3093.590874	5.416263	14629.473845	40.970572
W853	2009.712278	1.476593	296.288685	0.030186	1713.423593	1.476901	0.000000	0.000000	1557.374478	2.821994	7364.764804	20.910216
W854	4489.941108	2.611259	524.889730	0.023868	3965.051378	2.611368	0.000000	0.000000	3603.936495	6.215294	17042.878917	47.451388
W855	2512.872074	1.665473	288.093609	0.027583	2224.778464	1.665702	0.000000	0.000000	2022.157984	3.560952	9562.708366	26.841718
W856	3411.768228	2.015036	380.290131	0.054101	3031.478097	2.015762	0.000000	0.000000	2755.387889	4.758606	13030.124763	36.298588
W857	3686.325997	2.569323	459.013032	0.023560	3227.312965	2.569431	0.000000	0.000000	2933.387204	5.226289	13871.876767	39.117895
W858	3754.098288	2.273758	304.592463	0.036668	3449.505825	2.274053	0.000000	0.000000	3135.343971	5.407938	14826.922654	41.283904
W859	3199.580317	2.036946	434.246093	0.027414	2765.334224	2.037131	0.000000	0.000000	2513.482924	4.413380	11886.165361	33.325587
W860	3266.111138	2.020661	475.497952	0.026830	2790.613185	2.020839	0.000000	0.000000	2536.459617	4.440504	11994.821274	33.591111
W861	2979.789425	1.993818	641.832043	0.038054	2337.957382	1.994181	0.000000	0.000000	2125.029194	3.841534	10049.182416	28.504549
W862	2497.181397	1.689985	477.323411	0.027764	2019.857986	1.690213	0.000000	0.000000	1835.900525	3.304965	8681.903914	24.584430
W863	2410.210575	1.573794	591.353896	0.027947	1818.856678	1.574042	0.000000	0.000000	1653.205302	2.998353	7817.945137	22.205082
W864	4192.117089	2.512675	483.667567	0.029717	3708.449522	2.512851	0.000000	0.000000	3370.704512	5.837830	15939.933724	44.453163
W865	3203.470523	2.419339	445.491281	0.023281	2757.979242	2.419451	0.000000	0.000000	2506.797792	4.560732	11854.551629	33.713216
W866	2780.086098	1.700284	499.499806	0.026100	2280.586292	1.700484	0.000000	0.000000	2072.883144	3.647576	9802.585724	27.507022
W867	1968.287070	1.360550	392.059246	0.023224	1576.227824	1.360748	0.000000	0.000000	1432.673738	2.596944	6775.059738	19.238659
W868	2381.581626	1.657857	660.453279	0.033960	1721.128347	1.658205	0.000000	0.000000	1564.377525	2.913550	7397.881950	21.244208
W869	2814.000344	1.798472	573.428546	0.031635	2240.571798	1.798750	0.000000	0.000000	2036.512948	3.634445	9630.592450	27.175886
W870	3442.323744	2.017362	468.221643	0.025381	2974.102102	2.017522	0.000000	0.000000	2703.237381	4.682628	12783.506990	35.652912
W871	1662.278828	1.383627	554.143453	0.028189	1108.135375	1.383915	0.000000	0.000000	1007.212553	2.039478	4763.069938	14.191941
W872	2474.729215	1.888895	353.595546	0.023304	2121.133669	1.889039	0.000000	0.000000	1927.952581	3.520072	9117.214593	25.966221
W873	3550.341928	2.106043	411.060504	0.028296	3139.281424	2.106233	0.000000	0.000000	2853.373087	4.934429	13493.493047	37.608772
W874	3687.871009	2.233602	449.277248	0.028040	3238.593761	2.233778	0.000000	0.000000	2943.640608	5.112266	13920.364725	38.862396
W875	3130.602885	1.669543	565.749722	0.030739	2564.853163	1.669826	0.000000	0.000000	2331.260565	4.013763	11024.442744	30.675050
W876	4112.581844	2.069066	432.678394	0.023394	3679.903451	2.069198	0.000000	0.000000	3344.758259	5.653157	15817.234875	43.703669
W877	3683.801246	2.517478	394.722939	0.026423	3289.078307	2.517617	0.000000	0.000000	2989.527301	5.285932	14137.361157	39.746175
W878	2151.400105	1.573503	482.511194	0.024607	1668.888912	1.573695	0.000000	0.000000	1516.895768	2.809173	7173.342521	20.550583
W879	4946.201094	2.680352	450.968488	0.025068	4495.232606	2.680469	0.000000	0.000000	4085.831758	6.953129	19321.743330	53.524304
W880	2812.429627	1.933464	414.870141	0.061027	2397.559486	1.934427	0.000000	0.000000	2179.203069	3.893048	10305.368615	29.091812
W881	4061.083818	2.361414	358.538462	0.024662	3702.545356	2.361542	0.000000	0.000000	3365.338064	5.777466	15914.555996	44.232811
W882	4286.214880	2.476372	544.652100	0.027644	3741.562780	2.476526	0.000000	0.000000	3400.801998	5.869266	16082.263592	44.789392
W883	2928.455361	1.883556	465.113776	0.024434	2463.341586	1.883715	0.000000	0.000000	2238.994099	3.958151	10588.118129	29.765576
W884	3060.160256	2.021721	441.570623	0.025737	2618.589633	2.021885	0.000000	0.000000	2380.103016	4.215286	11255.416841	31.664349
W885	3078.023187	2.561871	489.520471	0.038149	2588.502715	2.562155	0.000000	0.000000	2352.756248	4.414281	11126.095012	32.050037
W886	3079.381638	1.858435	590.134936	0.035779	2489.246702	1.858779	0.000000	0.000000	2262.539922	3.982353	10699.465429	30.026853
W887	3268.646388	1.894019	440.243689	0.027012	2828.402699	1.894212	0.000000	0.000000	2570.807472	4.444566	12157.250974	33.880866
W888	3136.246458	1.844297	458.422604	0.033985	2677.823854	1.844610	0.000000	0.000000	2433.942513	4.226205	11510.021776	32.130753
W889	2935.864586	1.859607	321.246823	0.027844	2614.617763	1.859815	0.000000	0.000000	2376.492882	4.147924	11238.344655	31.435614
W890	3739.345742	2.388892	241.097152	0.028328	3498.248589	2.389060	0.000000	0.000000	3179.647514	5.513583	15036.432432	41.953026
W891	2847.279191	1.567205	572.927703	0.027224	2274.351488	1.567441	0.000000	0.000000	2067.216171	3.589710	9775.786826	27.290364
W892	2290.140218	1.571719	568.267151	0.028641	1721.873067	1.571980	0.000000	0.000000	1565.054420	2.874727	7401.082962	21.130956
W893	3187.408921	1.872971	588.076499	0.028058	2599.332422	1.873182	0.000000	0.000000	2362.599645	4.132703	11172.644061	31.278494
W894	2157.570208	1.293969	548.128284	0.029620	1609.441924	1.294308	0.000000	0.000000	1462.862882	2.611600	6917.823054	19.523649
W895	3986.299325	2.241327	453.729019	0.041635	3532.570305	2.241714	0.000000	0.000000	3210.843399	5.508389	15183.956585	42.190955
W896	3782.757481	2.161717	343.084044	0.028536	3439.673437	2.161905	0.000000	0.000000	3126.407062	5.356550	14784.660354	41.061067
W897	3548.408909	1.919152	496.802265	0.022482	3051.606644	1.919283	0.000000	0.000000	2773.683240	4.752649	13116.642782	36.429775
W898	2135.527748	1.265767	518.816165	0.021478	1616.711582	1.265949	0.000000	0.000000	1469.470460	2.609539	6949.070041	19.570448
W899	3014.811434	2.130117	469.929638	0.022173	2544.881796	2.130232	0.000000	0.000000	2313.108080	4.164315	10938.600329	30.975552
W900	3276.897395	2.542410	530.391483	0.024331	2746.505912	2.542527	0.000000	0.000000	2496.369390	4.601332	11805.236110	33.753886
W901	2726.323010	1.782212	456.742836	0.032937	2269.580174	1.782516	0.000000	0.000000	2062.879402	3.665481	9755.278409	27.479881
W902	4561.493150	2.873579	416.771145	0.025945	4144.722006	2.873697	0.000000	0.000000	3767.243718	6.548031	17815.152582	49.751622
W903	3567.173530	2.079613	509.996672	0.022806	3057.176858	2.079738	0.000000	0.000000	2778.746149	4.815516	13140.585089	36.654931
W904	2122.788542	1.354660	474.803158	0.023709	1647.985385	1.354867	0.000000	0.000000	1497.896018	2.686354	7083.493427	20.027787
W905	1988.697117	1.382764	409.064327	0.032374	1579.632790	1.383143	0.000000	0.000000	1435.768599	2.611022	6789.695218	19.305806
W906	2023.731443	1.709309	430.922074	0.027192	1592.809369	1.709525	0.000000	0.000000	1447.745128	2.781919	6846.331769	19.925226
W907	3741.072191	2.183132	429.216309	0.026432	3311.855882	2.183292	0.000000	0.000000	3010.230421	5.192132	14235.265427	39.636483
W908	2788.752828	2.102523	312.218413	0.027729	2476.534415	2.102706	0.000000	0.000000	2250.985399	4.065090	10644.824530	30.181611
W909	3005.331829	2.032443	257.729697	0.025112	2747.602132	2.032599	0.000000	0.000000	2497.365772	4.388338	11809.947964	33.121547
W910	2523.354564	1.719737	410.735585	0.024285	2112.618980	1.719909	0.000000	0.000000	1920.213363	3.436711	9080.616122	25.653338
W911	3436.326508	2.456919	503.207622	0.026998	2933.118886	2.457067	0.000000	0.000000	2665.986690	4.800391	12607.349884	35.703418
W912	2729.976605	1.827943	496.036910	0.024140	2233.939695	1.828103	0.000000	0.000000	2030.484861	3.637975	9602.085852	27.138227
W913	2034.339410	1.526683	646.889598	0.046604	1387.449813	1.527394	0.000000	0.000000	1261.088581	2.442851	5963.640041	17.417628
W914	4680.645776	2.718802	604.024869	0.039465	4076.620907	2.719088	0.000000	0.000000	3705.344890	6.402131	17522.435369	48.821610
W915	3854.401041	2.160829	451.508574	0.025937	3402.892467	2.160984	0.000000	0.000000	3092.975899	5.306706	14626.565649	40.643692
W916	2812.371826	1.775303	637.842860	0.032142	2174.528965	1.775594	0.000000	0.000000	1976.484930	3.539610	9346.722231	26.411658
W917	3785.195849	2.409523	424.228271	0.025557	3360.967579	2.409659	0.000000	0.000000	3054.869297	5.339005	14446.360974	40.429790
W918	4940.662775	3.222539	302.822907	0.031165	4637.839868	3.222690	0.000000	0.000000	4215.451142	7.329657	19934.708478	55.678396
W919	4299.038829	2.706479	351.106704	0.024365	3947.932124	2.706589	0.000000	0.000000	3588.376368	6.226067	16969.295668	47.356881
W920	2442.766734	1.464197	458.709431	0.028473	1984.057303	1.464474	0.000000	0.000000	1803.360370	3.167589	8528.022755	23.913525
W921	2516.762428	1.696196	461.573902	0.033509	2055.188526	1.696527	0.000000	0.000000	1868.013356	3.353003	8833.764273	24.985102
W922	3145.129439	1.898347	439.238700	0.032424	2705.890740	1.898624	0.000000	0.000000	2459.453222	4.283104	11630.660954	32.504627
W923	3162.929058	2.036375	482.776673	0.040281	2680.152385	2.036773	0.000000	0.000000	2436.058974	4.301533	11520.030443	32.370542
W924	3060.316020	1.770498	417.029983	0.037866	2643.286038	1.770903	0.000000	0.000000	2402.550209	4.153907	11361.568764	31.664079
W925	1568.470516	1.314929	358.026126	0.024844	1210.444390	1.315164	0.000000	0.000000	1100.203830	2.122268	5202.822161	15.167568
W926	3986.212356	2.349811	460.583965	0.026313	3525.628391	2.349959	0.000000	0.000000	3204.533716	5.536256	15154.118333	42.221257
W927	3674.889838	2.921034	434.748494	0.023347	3240.141343	2.921128	0.000000	0.000000	2945.047244	5.392914	13927.016657	39.712757
W928	2735.855495	1.765594	480.559738	0.031933	2255.295757	1.765883	0.000000	0.000000	2049.895931	3.640238	9693.880066	27.300447
W929	3422.017851	2.228155	431.841028	0.024929	2990.176823	2.228295	0.000000	0.000000	2717.848106	4.782003	12852.600553	36.064197
W930	1996.148889	1.415347	419.530851	0.030558	1576.618038	1.415677	0.000000	0.000000	1433.028413	2.621582	6776.736985	19.316052
W931	3154.121318	1.786209	398.535271	0.026823	2755.586047	1.786410	0.000000	0.000000	2504.622557	4.309639	11844.265022	32.948552
W932	1782.596180	1.267156	488.589355	0.026766	1294.006826	1.267439	0.000000	0.000000	1176.155862	2.200324	5561.996440	16.002296
W933	3328.900138	2.034497	426.316550	0.025085	2902.583587	2.034652	0.000000	0.000000	2638.232376	4.593719	12476.100789	34.865268
W934	3212.863597	2.085550	308.280397	0.025050	2904.583199	2.085700	0.000000	0.000000	2640.049875	4.615235	12484.695670	34.943425
W935	1755.307497	1.377930	461.927463	0.021737	1293.380034	1.378102	0.000000	0.000000	1175.586156	2.253860	5559.302319	16.163634
W936	2685.738990	1.617622	471.641313	0.026857	2214.097677	1.617845	0.000000	0.000000	2012.449943	3.528605	9516.799412	26.667667
W937	3699.470420	2.306399	470.600078	0.027851	3228.870343	2.306568	0.000000	0.000000	2934.802744	5.126043	13878.570804	38.831548
W938	2770.094262	2.008974	482.510125	0.024731	2287.584137	2.009126	0.000000	0.000000	2079.243664	3.783886	9832.664383	27.966254
W939	2198.918949	1.621318	362.289819	0.024650	1836.629130	1.621505	0.000000	0.000000	1669.359138	3.041673	7894.336012	22.464454
W940	3571.308730	2.116753	513.047444	0.022857	3058.261287	2.116877	0.000000	0.000000	2779.731814	4.830308	13145.246263	36.706404
W941	3046.132799	1.872168	407.630323	0.026666	2638.502476	1.872358	0.000000	0.000000	2398.202308	4.184170	11341.007703	31.717924
W942	1080.426910	1.017378	289.948921	0.023940	790.477989	1.017660	0.000000	0.000000	718.485639	1.472078	3397.691320	10.179254
W943	3080.709158	1.981317	302.368418	0.036708	2778.340740	1.981657	0.000000	0.000000	2525.304879	4.409657	11942.070938	33.409951
W944	949.199585	0.535703	438.256073	0.023204	510.943512	0.536206	0.000000	0.000000	464.409611	0.886253	2196.175429	6.372523
W945	1309.349215	0.911570	535.012691	0.026050	774.336524	0.911943	0.000000	0.000000	703.814249	1.394803	3328.310875	9.820049
W946	3596.958811	1.884134	482.138660	0.022471	3114.820151	1.884268	0.000000	0.000000	2831.139612	4.826567	13388.351784	37.112951
W947	4239.319265	2.714964	548.197282	0.024709	3691.121983	2.715077	0.000000	0.000000	3354.955069	5.889361	15865.455204	44.477865
W948	3998.046268	2.415826	445.470106	0.025379	3552.576162	2.415959	0.000000	0.000000	3229.027234	5.595563	15269.947249	42.593841
W949	3276.443160	2.131534	422.109792	0.028592	2854.333368	2.131726	0.000000	0.000000	2594.376519	4.566553	12268.708107	34.431132
W950	3191.954237	2.064751	369.691858	0.027912	2822.262379	2.064940	0.000000	0.000000	2565.226378	4.498863	12130.858195	33.995734
W951	4191.162127	2.232985	515.360874	0.028959	3675.801253	2.233173	0.000000	0.000000	3341.029667	5.698920	15799.602506	43.805991
W952	3747.295720	1.943467	581.918091	0.028805	3165.377629	1.943681	0.000000	0.000000	2877.092595	4.914267	13605.661697	37.742576
W953	3706.766273	2.304010	503.516611	0.031353	3203.249662	2.304223	0.000000	0.000000	2911.515453	5.091318	13768.446088	38.540994
W954	2583.789764	1.616141	392.464686	0.028507	2191.325077	1.616392	0.000000	0.000000	1991.751346	3.498087	9418.916529	26.410480
W955	2342.312291	1.739456	306.984391	0.028413	2035.327900	1.739688	0.000000	0.000000	1849.961526	3.345840	8748.397851	24.819574
W956	2725.814952	1.922236	407.106425	0.025022	2318.708527	1.922399	0.000000	0.000000	2107.533417	3.786423	9966.445552	28.199220
W957	3551.140260	2.310030	444.076293	0.025513	3107.063967	2.310171	0.000000	0.000000	2824.089818	4.966922	13355.013576	37.467998
W958	4999.374247	2.642028	535.942914	0.023620	4463.431333	2.642134	0.000000	0.000000	4056.926768	6.897789	19185.052729	53.127788
W959	2951.785339	1.762537	593.917921	0.023200	2357.867418	1.762690	0.000000	0.000000	2143.125934	3.772946	10134.761212	28.444379
W960	3175.044981	2.013419	458.617695	0.027900	2716.427286	2.013612	0.000000	0.000000	2469.030158	4.340108	11675.949921	32.750368
W961	3729.246355	2.303645	498.409196	0.023601	3230.837159	2.303766	0.000000	0.000000	2936.590434	5.127602	13887.024720	38.850589
W962	2984.670373	1.992656	462.472620	0.032908	2522.197753	1.992928	0.000000	0.000000	2292.489974	4.078306	10841.098087	30.552983
W963	2817.878014	1.686536	342.463873	0.046761	2475.414142	1.687184	0.000000	0.000000	2249.967154	3.900297	10640.009288	29.683080
W964	1910.779770	1.206642	431.657497	0.026130	1479.122273	1.206925	0.000000	0.000000	1344.412022	2.407307	6357.673433	17.964260
W965	3130.226363	1.947281	372.361065	0.033765	2757.865299	1.947574	0.000000	0.000000	2506.694226	4.369957	11854.061871	33.142483
W966	3501.014746	1.925205	435.993427	0.029482	3065.021319	1.925431	0.000000	0.000000	2785.876180	4.772778	13174.302736	36.587691
W967	4106.244963	2.197183	588.436910	0.029545	3517.808053	2.197381	0.000000	0.000000	3197.425610	5.473695	15120.504372	41.980575
W968	1998.272948	1.373592	481.103938	0.025037	1517.169010	1.373821	0.000000	0.000000	1378.993673	2.527888	6521.208750	18.603372
W969	5065.031932	3.580237	448.489250	0.036250	4616.542682	3.580421	0.000000	0.000000	4196.093585	7.437795	19843.167326	55.842623
W970	2473.082717	1.497109	345.515907	0.023640	2127.566810	1.497295	0.000000	0.000000	1933.799828	3.369321	9144.865999	25.562306
W971	2667.160790	1.600213	431.166438	0.031964	2235.994352	1.600532	0.000000	0.000000	2032.352390	3.550990	9610.917328	26.894418
W972	2803.638724	1.803252	373.077923	0.027357	2430.560802	1.803459	0.000000	0.000000	2209.198808	3.884044	10447.217324	29.305835
W973	2730.020563	2.055381	306.940055	0.024062	2423.080508	2.055522	0.000000	0.000000	2202.399777	3.976580	10415.064969	29.527852
W974	1587.082586	1.178550	377.961020	0.026368	1209.121566	1.178845	0.000000	0.000000	1099.001481	2.053395	5197.136298	14.944604
W975	1832.437862	1.278905	489.026613	0.027623	1343.411249	1.279203	0.000000	0.000000	1221.060805	2.267079	5774.350209	16.560322
W976	2679.776191	1.948007	264.511540	0.035341	2415.264651	1.948327	0.000000	0.000000	2195.295745	3.921639	10381.470269	29.306173
W977	3415.645369	1.985927	423.390868	0.025099	2992.254501	1.986086	0.000000	0.000000	2719.736561	4.695779	12861.530984	35.825244
W978	1736.425410	1.351832	398.121205	0.023303	1338.304205	1.352033	0.000000	0.000000	1216.418883	2.295478	5752.398734	16.611230
W979	844.974660	0.641211	560.336361	0.027295	284.638300	0.641792	0.000000	0.000000	258.715022	0.714372	1223.453522	4.308601
W980	2116.401142	1.464169	475.677151	0.023699	1640.723991	1.464361	0.000000	0.000000	1491.295952	2.724225	7052.281963	20.089462
W981	2943.939418	1.794817	486.177454	0.023045	2457.761964	1.794965	0.000000	0.000000	2233.922638	3.916582	10564.135382	29.601441
W982	3491.692751	2.369276	500.305111	0.027514	2991.387640	2.369435	0.000000	0.000000	2718.948649	4.839303	12857.804979	36.243545
W983	2733.863686	1.776837	473.094892	0.024454	2260.768795	1.777005	0.000000	0.000000	2054.870514	3.651816	9717.404683	27.374884
W984	4657.329877	2.807426	480.456046	0.027745	4176.873832	2.807563	0.000000	0.000000	3796.467334	6.567180	17953.349952	50.044552
W985	3240.325508	2.190422	343.379950	0.031964	2896.945558	2.190655	0.000000	0.000000	2633.107827	4.645234	12451.866992	34.976336
W986	4321.374056	2.455336	510.020563	0.025406	3811.353493	2.455467	0.000000	0.000000	3464.236560	5.955568	16382.243228	45.557004
W987	2068.655533	1.393352	470.447609	0.030199	1598.207923	1.393679	0.000000	0.000000	1452.652012	2.639222	6869.536237	19.525257
W988	1101.370964	0.714566	437.996081	0.037075	663.374883	0.715527	0.000000	0.000000	602.958379	1.160418	2851.367291	8.304105
W989	2578.312993	1.677587	371.168624	0.038374	2207.144369	1.678026	0.000000	0.000000	2006.129904	3.542654	9486.912186	26.658440
W990	2229.982030	1.486721	539.923824	0.025558	1690.058206	1.486940	0.000000	0.000000	1536.137080	2.796664	7264.333956	20.664821
W991	2819.217981	1.720975	582.058725	0.023570	2237.159256	1.721137	0.000000	0.000000	2033.411201	3.598809	9615.924405	27.044696
W992	3227.138169	1.897484	432.443614	0.024580	2794.694556	1.897643	0.000000	0.000000	2540.169279	4.400807	12012.364125	33.504121
W993	2319.252869	1.531990	371.133628	0.024707	1948.119241	1.532189	0.000000	0.000000	1770.695348	3.147169	8373.551105	23.590235
W994	2594.687669	1.664207	487.702078	0.023577	2106.985590	1.664374	0.000000	0.000000	1915.093031	3.406732	9056.402269	25.522686
W995	2664.408331	1.539208	519.730809	0.025511	2144.677522	1.539420	0.000000	0.000000	1949.352191	3.407555	9218.412533	25.800746
W996	4009.143770	2.201409	396.612783	0.025823	3612.530987	2.201561	0.000000	0.000000	3283.521705	5.603039	15527.649536	43.058413
W997	2412.468680	1.529307	395.481027	0.029147	2016.987653	1.529585	0.000000	0.000000	1833.291607	3.235923	8669.566438	24.357184
W998	2911.834423	1.723570	362.287101	0.031341	2549.547322	1.723855	0.000000	0.000000	2317.348696	4.012167	10958.654041	30.557526
W999	2945.937975	1.831756	359.805748	0.024466	2586.132227	1.831920	0.000000	0.000000	2350.601650	4.099911	11115.906000	31.084803
W1000	3729.421495	2.211521	437.580055	0.034143	3291.841441	2.211785	0.000000	0.000000	2992.038784	5.175355	14149.237864	39.439757
W1001	4480.164595	2.509680	428.682689	0.027682	4051.481906	2.509833	0.000000	0.000000	3682.495410	6.297180	17414.381045	48.329159
W1002	3658.644931	2.183534	394.578968	0.038549	3264.065963	2.183874	0.000000	0.000000	2966.792943	5.128428	14029.851239	39.097415
W1003	2431.184752	1.765589	460.642283	0.033217	1970.542469	1.765901	0.000000	0.000000	1791.076392	3.275040	8469.932289	24.137528
W1004	4336.855728	2.568971	425.364956	0.035745	3911.490773	2.569220	0.000000	0.000000	3555.253892	6.128954	16812.660738	46.803427
W1005	4067.951050	2.133377	597.903387	0.031457	3470.047664	2.133609	0.000000	0.000000	3154.014973	5.388200	14915.217114	41.378040
W1006	2817.545935	1.759924	323.849804	0.021455	2493.696131	1.760054	0.000000	0.000000	2266.584121	3.951014	10718.590295	29.966798
W1007	3908.010480	2.540462	290.656042	0.024005	3617.354438	2.540575	0.000000	0.000000	3287.905863	5.726726	15548.382054	43.456226
W1008	2078.594132	1.498064	351.349453	0.031285	1727.244679	1.498391	0.000000	0.000000	1569.936815	2.848908	7424.171622	21.091418
W1009	2630.242538	1.938792	257.290206	0.022228	2372.952332	1.938920	0.000000	0.000000	2156.836998	3.863137	10199.600312	28.823314
W1010	2700.097348	1.700183	364.452398	0.028030	2335.644950	1.700414	0.000000	0.000000	2122.927365	3.719953	10039.242945	28.124653
W1011	4550.210551	2.858893	379.411658	0.033478	4170.798894	2.859089	0.000000	0.000000	3790.945668	6.577433	17927.238201	50.029942
W1012	4102.939676	2.364321	473.313664	0.024423	3629.626012	2.364447	0.000000	0.000000	3299.059810	5.680522	15601.128647	43.410906
W1013	2963.871041	1.937921	448.509184	0.023493	2515.361857	1.938063	0.000000	0.000000	2286.276653	4.047484	10811.715532	30.411252
W1014	2399.978756	1.524135	440.241470	0.022543	1959.737286	1.524301	0.000000	0.000000	1781.255286	3.159121	8423.488649	23.710595
W1015	2983.581329	1.902687	309.482216	0.024182	2674.099113	1.902841	0.000000	0.000000	2430.557000	4.242553	11494.011817	32.151542
W1016	2503.374920	1.560376	462.556126	0.025401	2040.818794	1.560583	0.000000	0.000000	1854.952340	3.279221	8771.999221	24.660024
W1017	2270.634402	1.496797	431.386631	0.024871	1839.247771	1.497004	0.000000	0.000000	1671.739287	2.991859	7905.591649	22.333383
W1018	2603.450948	1.621031	451.596979	0.031012	2151.853969	1.621328	0.000000	0.000000	1955.875047	3.448191	9249.258874	25.973649
W1019	3499.486187	2.129731	414.227051	0.053411	3085.259136	2.130400	0.000000	0.000000	2804.270849	4.871081	13261.290426	37.024947
W1020	3495.292643	2.098060	345.843032	0.038403	3149.449611	2.098412	0.000000	0.000000	2862.615212	4.945263	13537.198705	37.715485
W1021	3330.294299	1.904190	531.352166	0.041093	2798.942134	1.904633	0.000000	0.000000	2544.030011	4.408959	12030.621380	33.559344
W1022	2856.712253	1.740921	442.157466	0.034702	2414.554787	1.741267	0.000000	0.000000	2194.650532	3.839389	10378.419080	29.056389
W1023	3239.305675	1.808701	331.510477	0.027910	2907.795199	1.808917	0.000000	0.000000	2642.969343	4.522060	12498.501725	34.693682
W1024	1591.962045	0.872360	494.460266	0.020700	1097.501779	0.872606	0.000000	0.000000	997.547406	1.776811	4717.363825	13.301273
W1025	3969.852486	2.399110	377.190088	0.039222	3592.662398	2.399431	0.000000	0.000000	3265.462637	5.643201	15442.248891	43.028956
W1026	3692.889230	2.240388	499.593386	0.025001	3193.295844	2.240528	0.000000	0.000000	2902.468173	5.054575	13725.661846	38.359504
W1027	3473.356215	2.253608	374.976279	0.023519	3098.379936	2.253731	0.000000	0.000000	2816.196680	4.934005	13317.687229	37.306915
W1028	3527.109876	2.161228	348.539105	0.025488	3178.570771	2.161378	0.000000	0.000000	2889.084178	5.006394	13662.369441	38.109432
W1029	3208.850613	1.946573	490.813333	0.048126	2718.037280	1.947168	0.000000	0.000000	2470.493523	4.317115	11682.870115	32.694151
W1030	1611.059819	1.277861	283.853163	0.026656	1327.206657	1.278139	0.000000	0.000000	1206.332037	2.246457	5704.698424	16.381172
W1031	2653.640989	1.530711	410.316523	0.027455	2243.324466	1.530957	0.000000	0.000000	2039.014919	3.535314	9642.424172	26.902115
W1032	3003.297734	1.697321	377.176799	0.067068	2626.120935	1.698646	0.000000	0.000000	2386.948409	4.105849	11287.788443	31.396702
W1033	2309.548469	1.578949	272.989640	0.025378	2036.558829	1.579153	0.000000	0.000000	1851.080349	3.281007	8753.688725	24.634235
W1034	3596.232801	1.968859	598.041542	0.029866	2998.191258	1.969086	0.000000	0.000000	2725.132631	4.697811	12887.048797	35.874982
W1035	3337.285929	1.748839	485.296200	0.026034	2851.989729	1.749033	0.000000	0.000000	2592.246326	4.427008	12258.634503	34.003771
W1036	3351.941837	1.834212	412.661095	0.041342	2939.280743	1.834678	0.000000	0.000000	2671.587359	4.573068	12633.835234	35.075301
W1037	2559.447704	1.957047	327.371505	0.029404	2232.076199	1.957267	0.000000	0.000000	2028.791081	3.690708	9594.076032	27.283535
W1038	3257.093432	1.964150	569.597253	0.038738	2687.496179	1.964532	0.000000	0.000000	2442.733936	4.283353	11551.596082	32.370375
W1039	2732.715051	1.635527	404.631518	0.028837	2328.083533	1.635781	0.000000	0.000000	2116.054600	3.685905	10006.741901	27.968632
W1040	2499.829299	1.707374	292.303462	0.023838	2207.525837	1.707540	0.000000	0.000000	2006.476630	3.554783	9488.551840	26.697308
W1041	3521.916114	2.077726	314.918913	0.024568	3206.997201	2.077872	0.000000	0.000000	2914.921687	5.015225	13784.554038	38.344893
W1042	2874.096865	1.712026	336.832138	0.023109	2537.264727	1.712182	0.000000	0.000000	2306.184731	3.991644	10905.860077	30.406805
W1043	3839.694576	2.188960	281.528194	0.023791	3558.166382	2.189090	0.000000	0.000000	3234.108327	5.525454	15293.975549	42.430036
W1044	1765.136140	1.457771	403.436017	0.026991	1361.700123	1.458020	0.000000	0.000000	1237.684030	2.376520	5852.960807	17.028689
W1045	4011.747119	2.347985	304.326894	0.028882	3707.420225	2.348163	0.000000	0.000000	3369.768958	5.779521	15935.509524	44.274839
W1046	3240.754587	1.776201	447.948045	0.025138	2792.806542	1.776379	0.000000	0.000000	2538.453215	4.356247	12004.248924	33.359685
W1047	3123.783927	2.134406	473.427023	0.030249	2650.356904	2.134621	0.000000	0.000000	2408.977100	4.301982	11391.961287	32.154608
W1048	4375.208374	2.573766	454.417356	0.024819	3920.791018	2.573886	0.000000	0.000000	3563.707123	6.143026	16852.635745	46.913247
W1049	3021.217996	1.846878	356.056880	0.025794	2665.161116	1.847058	0.000000	0.000000	2422.433026	4.210259	11455.593853	31.990697
W1050	3054.340716	1.872614	294.046743	0.024039	2760.293973	1.872768	0.000000	0.000000	2508.901711	4.346096	11864.500981	33.090124
W1051	4713.046997	2.504794	446.444075	0.034065	4266.602922	2.505026	0.000000	0.000000	3878.024397	6.587117	18339.030207	50.766109
W1052	2835.847506	1.773286	430.903545	0.035004	2404.943961	1.773631	0.000000	0.000000	2185.915007	3.838967	10337.109114	28.984700
W1053	5116.938148	2.823960	408.858356	0.036743	4708.079792	2.824199	0.000000	0.000000	4279.294003	7.287724	20236.618944	56.074253
W1054	3871.387920	2.402485	280.928602	0.030184	3590.459318	2.402675	0.000000	0.000000	3263.460201	5.641398	15432.779447	43.007433
W1055	2996.903071	1.845305	309.481138	0.028722	2687.421933	1.845528	0.000000	0.000000	2442.666452	4.239303	11551.276954	32.239889
W1056	2889.194449	1.729763	381.018422	0.025248	2508.176027	1.729948	0.000000	0.000000	2279.745269	3.959256	10780.828863	30.097511
W1057	2875.576204	1.568643	364.429059	0.026258	2511.147145	1.568863	0.000000	0.000000	2282.445794	3.907430	10793.599541	29.967632
W1058	3788.374220	2.071201	377.761412	0.031633	3410.612809	2.071443	0.000000	0.000000	3099.993114	5.287574	14659.749797	40.645051
W1059	2311.951900	1.484980	476.387892	0.028613	1835.564008	1.485256	0.000000	0.000000	1668.391021	2.982258	7889.757824	22.277845
W1060	2255.786369	1.613761	415.581450	0.037918	1840.204919	1.614206	0.000000	0.000000	1672.609264	3.043001	7909.705734	22.494287
W1061	1266.474414	1.149492	312.477816	0.028267	953.996598	1.149840	0.000000	0.000000	867.111880	1.732740	4100.539175	12.144060
W1062	3069.022692	1.746779	565.703082	0.034621	2503.319610	1.747122	0.000000	0.000000	2275.331147	3.959036	10759.954650	30.061152
W1063	2988.150341	2.066706	543.628109	0.023457	2444.522232	2.066839	0.000000	0.000000	2221.888708	4.008838	10507.227384	29.780317
W1064	2157.181114	1.524648	376.352000	0.029673	1780.829114	1.524937	0.000000	0.000000	1618.641078	2.928669	7654.492230	21.719722
W1065	3047.003489	1.811936	473.384566	0.027070	2573.618923	1.812138	0.000000	0.000000	2339.227989	4.076053	11062.120389	30.922543
W1066	3458.549852	2.092131	452.120136	0.027317	3006.429716	2.092309	0.000000	0.000000	2732.620776	4.752547	12922.459948	36.096383
W1067	2593.939223	1.719854	328.955249	0.025748	2264.983975	1.720047	0.000000	0.000000	2058.701799	3.634728	9735.522683	27.354773
W1068	2593.563110	1.800842	312.540821	0.024356	2281.022289	1.801007	0.000000	0.000000	2073.279433	3.687787	9804.459760	27.629840
W1069	3606.023687	1.992971	268.473915	0.036438	3337.549772	1.993304	0.000000	0.000000	3033.584254	5.163455	14345.704815	39.742804
W1070	2442.690904	1.591337	359.247504	0.026422	2083.443400	1.591557	0.000000	0.000000	1893.694933	3.347074	8955.211473	25.173180
W1071	1889.632003	1.433305	292.084406	0.031671	1597.547598	1.433655	0.000000	0.000000	1452.051825	2.656020	6866.697976	19.571369
W1072	3940.003251	2.362443	368.035994	0.030995	3571.967256	2.362646	0.000000	0.000000	3246.652294	5.602661	15353.295493	42.757543
W1073	3734.754675	2.206666	498.650857	0.025315	3236.103817	2.206811	0.000000	0.000000	2941.377434	5.099264	13909.662263	38.805846
W1074	2983.304941	1.682464	395.077617	0.028229	2588.227323	1.682701	0.000000	0.000000	2352.505937	4.049537	11124.911301	30.952245
W1075	1670.239988	1.157885	337.510197	0.024940	1332.729791	1.158154	0.000000	0.000000	1211.352155	2.199070	5728.438371	16.276624
W1076	3050.469289	1.786789	429.654363	0.027184	2620.814926	1.786996	0.000000	0.000000	2382.125642	4.129646	11264.981760	31.427349
W1077	3268.315172	2.097150	360.715320	0.023515	2907.599852	2.097282	0.000000	0.000000	2642.791787	4.623551	12497.662070	34.990122
W1078	2994.985059	2.151815	395.792064	0.024489	2599.192996	2.151954	0.000000	0.000000	2362.472917	4.243197	11172.044770	31.606599
W1079	4383.620093	2.501228	356.482162	0.022932	4027.137931	2.501333	0.000000	0.000000	3660.368549	6.261512	17309.743959	48.045087
W1080	4012.440913	2.061216	523.683983	0.026354	3488.756931	2.061384	0.000000	0.000000	3171.020303	5.390329	14995.634678	41.522854
W1081	3540.502407	2.182506	705.448502	0.029020	2835.053904	2.182699	0.000000	0.000000	2576.852922	4.561237	12185.839681	34.274413
W1082	3469.085102	2.237812	543.854742	0.033593	2925.230360	2.238064	0.000000	0.000000	2658.816607	4.700774	12573.442835	35.348106
W1083	2518.956049	1.790103	239.962614	0.025134	2278.993435	1.790280	0.000000	0.000000	2071.435355	3.680833	9795.739187	27.594301
W1084	3918.670047	2.201986	463.363247	0.031862	3455.306800	2.202217	0.000000	0.000000	3140.616625	5.391122	14851.856836	41.277542
W1085	3033.894999	1.917578	300.412570	0.024367	2733.482429	1.917733	0.000000	0.000000	2484.532013	4.326686	11749.257605	32.835802
W1086	3910.520024	2.409295	363.527428	0.032132	3546.992596	2.409509	0.000000	0.000000	3223.952187	5.585823	15245.947546	42.524118
W1087	3693.626320	2.191663	301.650571	0.046706	3391.975749	2.192160	0.000000	0.000000	3083.053415	5.302600	14579.642601	40.551052
W1088	5277.798356	3.078709	330.540632	0.027614	4947.257725	3.078833	0.000000	0.000000	4496.688936	7.694122	21264.671334	59.028193
W1089	2947.122056	1.687361	534.509464	0.038234	2412.612592	1.687794	0.000000	0.000000	2192.885221	3.817034	10370.070993	28.976172
W1090	3835.535185	2.201341	492.417579	0.037142	3343.117606	2.201654	0.000000	0.000000	3038.645001	5.240362	14369.636896	40.008341
W1091	2354.991738	1.555298	470.828571	0.028185	1884.163167	1.555554	0.000000	0.000000	1712.564038	3.074064	8098.650346	22.906189
W1092	2520.365231	1.743473	303.214465	0.030140	2217.150766	1.743733	0.000000	0.000000	2015.224974	3.581767	9529.922427	26.847942
W1093	1893.418556	1.491107	404.229136	0.033106	1489.189421	1.491474	0.000000	0.000000	1353.562309	2.547976	6400.944795	18.464578
W1094	2947.222180	1.800222	400.885025	0.026813	2546.337155	1.800421	0.000000	0.000000	2314.430893	4.035602	10944.855862	30.602875
W1095	2992.354050	1.908201	625.018311	0.036131	2367.335739	1.908543	0.000000	0.000000	2151.731933	3.843357	10175.458655	28.723239
W1096	2798.931575	1.627086	580.845150	0.032224	2218.086425	1.627405	0.000000	0.000000	2016.075418	3.537483	9533.944144	26.723172
W1097	2387.162299	1.345846	415.695704	0.031702	1971.466595	1.346219	0.000000	0.000000	1791.916354	3.107169	8473.904436	23.642807
W1098	1569.414299	1.048647	302.986579	0.026697	1266.427720	1.048987	0.000000	0.000000	1151.088509	2.067648	5443.453876	15.400555
W1099	2444.136590	1.469309	417.556693	0.035260	2026.579896	1.469732	0.000000	0.000000	1842.010242	3.225569	8710.796531	24.396721
W1100	2762.841697	1.654751	384.148070	0.025027	2378.693627	1.654941	0.000000	0.000000	2162.055407	3.760044	10224.277974	28.559001
W1101	3431.315106	2.480899	361.540685	0.027819	3069.774421	2.481055	0.000000	0.000000	2790.196397	4.986311	13194.732875	37.253661
W1102	3003.120272	1.689214	551.552291	0.026679	2451.567981	1.689425	0.000000	0.000000	2228.292769	3.869365	10537.511945	29.416658
W1103	2030.708496	1.500482	422.919855	0.034977	1607.788641	1.500890	0.000000	0.000000	1461.360171	2.699322	6910.716791	19.776803
W1104	2028.076741	1.438815	466.673554	0.038666	1561.403187	1.439335	0.000000	0.000000	1419.199247	2.613099	6711.339380	19.180783
W1105	2889.171039	1.652532	375.304681	0.028456	2513.866358	1.652777	0.000000	0.000000	2284.917356	3.939546	10805.287465	30.081573
W1106	2660.814087	1.615075	522.052707	0.030930	2138.761380	1.615371	0.000000	0.000000	1943.974858	3.428731	9192.983333	25.820129
W1107	3392.249858	1.698102	584.764769	0.035598	2807.485089	1.698475	0.000000	0.000000	2551.794922	4.350376	12067.341346	33.451184
W1108	1557.234099	1.154879	557.503706	0.027391	999.730392	1.155204	0.000000	0.000000	908.680494	1.788892	4297.115574	12.640705
W1109	1894.196262	1.301032	334.688760	0.023347	1559.507502	1.301242	0.000000	0.000000	1417.476210	2.550140	6703.191206	18.976578
W1110	2406.148696	1.629354	467.710053	0.025792	1938.438643	1.629558	0.000000	0.000000	1761.896405	3.174908	8331.941236	23.602963
W1111	3253.109831	2.074078	330.289150	0.021414	2922.820681	2.074189	0.000000	0.000000	2656.626388	4.635072	12563.085374	35.135843
W1112	1461.698702	1.014925	503.995356	0.026255	957.703346	1.015264	0.000000	0.000000	870.481039	1.666298	4116.471797	11.960484
W1113	4121.265322	2.426599	615.725730	0.025126	3505.539593	2.426729	0.000000	0.000000	3186.274493	5.536844	15067.771164	42.075077
W1114	2048.949994	1.512995	339.014497	0.071859	1709.935497	1.514700	0.000000	0.000000	1554.204058	2.834080	7349.772009	20.921563
W1115	2083.941044	1.573489	514.256564	0.029203	1569.684480	1.573760	0.000000	0.000000	1426.726325	2.686508	6746.934649	19.465132
W1116	4855.812017	2.536482	462.332366	0.026850	4393.479651	2.536624	0.000000	0.000000	3993.345898	6.769621	18884.381206	52.236956
W1117	4064.356287	2.181167	427.786955	0.033275	3636.569332	2.181420	0.000000	0.000000	3305.370771	5.629107	15630.972940	43.312313
W1118	3477.713273	1.831330	573.885415	0.029077	2903.827858	1.831560	0.000000	0.000000	2639.363326	4.524239	12481.449006	34.670696
W1119	3816.883801	2.804872	482.094141	0.026895	3334.789660	2.805001	0.000000	0.000000	3031.075517	5.462623	14333.841096	40.607350
W1120	4068.044585	2.769645	378.743075	0.037323	3689.301510	2.769896	0.000000	0.000000	3353.300395	5.908027	15857.630313	44.519873
W1121	2768.780574	1.631882	384.239236	0.036155	2384.541339	1.632283	0.000000	0.000000	2167.370542	3.759635	10249.413043	28.600813
W1122	2521.051855	1.657786	381.280102	0.028271	2139.771753	1.658027	0.000000	0.000000	1944.893212	3.446828	9197.326194	25.881330
W1123	3690.284812	1.851651	499.202927	0.033225	3191.081885	1.851949	0.000000	0.000000	2900.455849	4.919887	13716.145643	37.949444
W1124	1662.088744	1.106896	321.693482	0.029729	1340.395262	1.107295	0.000000	0.000000	1218.319497	2.187173	5761.386669	16.296327
W1125	1997.031167	1.238984	313.381625	0.029272	1683.649542	1.239329	0.000000	0.000000	1530.312082	2.686682	7236.787760	20.288908
W1126	3118.990728	1.885347	478.098201	0.035742	2640.892527	1.885686	0.000000	0.000000	2400.374686	4.192272	11351.280797	31.759378
W1127	3500.017265	2.122959	490.631885	0.036746	3009.385380	2.123277	0.000000	0.000000	2735.307254	4.767796	12935.164204	36.163031
W1128	3644.847355	2.192225	329.086995	0.027373	3315.760360	2.192396	0.000000	0.000000	3013.779300	5.200525	14252.047942	39.689868
W1129	3360.627176	1.885425	609.471875	0.028109	2751.155301	1.885635	0.000000	0.000000	2500.595339	4.338524	11825.220461	33.000603
W1130	2616.845187	1.723335	475.178811	0.024350	2141.666377	1.723507	0.000000	0.000000	1946.615284	3.475712	9205.469807	25.981354
W1131	2606.774767	1.553970	626.138639	0.030764	1980.636129	1.554275	0.000000	0.000000	1800.250778	3.198298	8513.317610	23.979807
W1132	1990.043407	1.458478	369.512956	0.029187	1620.530451	1.458770	0.000000	0.000000	1472.941528	2.696235	6965.484588	19.859015
W1133	2176.075440	1.639075	384.217503	0.026325	1791.857937	1.639286	0.000000	0.000000	1628.665457	2.993113	7701.897140	21.994512
W1134	2944.378471	1.906380	520.208087	0.026059	2424.170383	1.906559	0.000000	0.000000	2203.390393	3.916208	10419.749552	29.354798
W1135	1933.084228	1.456059	339.912244	0.029542	1593.171985	1.456359	0.000000	0.000000	1448.074718	2.660704	6847.890390	19.554106
W1136	2574.479210	1.831749	452.931635	0.043440	2121.547575	1.832264	0.000000	0.000000	1928.328791	3.495718	9118.993674	25.895535
W1137	2692.276233	1.758110	414.364028	0.053927	2277.912205	1.758937	0.000000	0.000000	2070.452598	3.666917	9791.091765	27.544945
W1138	3291.925736	2.565118	291.785470	0.029714	3000.140266	2.565290	0.000000	0.000000	2726.904134	4.932279	12895.426166	36.586076
W1139	1969.842109	1.750120	319.481702	0.032509	1650.360407	1.750422	0.000000	0.000000	1500.054736	2.871882	7093.701922	20.612246
W1140	2581.508424	1.917158	433.104963	0.027754	2148.403461	1.917359	0.000000	0.000000	1952.738792	3.567116	9234.427644	26.305477
W1141	3079.683583	1.911954	470.907983	0.025915	2608.775600	1.912129	0.000000	0.000000	2371.182791	4.159837	11213.233433	31.427973
W1142	2818.789121	1.931234	277.241399	0.029008	2541.547722	1.931452	0.000000	0.000000	2310.077654	4.079082	10924.269563	30.696505
W1143	3302.765418	2.218531	330.553291	0.024350	2972.212126	2.218665	0.000000	0.000000	2701.519534	4.754720	12775.383358	35.851820
W1144	2927.602738	1.979778	490.174132	0.027206	2437.428606	1.979965	0.000000	0.000000	2215.441130	3.963289	10476.737031	29.592057
W1145	3036.164129	1.994035	338.088228	0.027665	2698.075901	1.994227	0.000000	0.000000	2452.350116	4.308574	11597.070633	32.522558
W1146	3023.414696	1.966355	335.467227	0.023031	2687.947469	1.966490	0.000000	0.000000	2443.144125	4.284689	11553.535853	32.377638
W1147	2092.919683	1.289422	680.345472	0.038475	1412.574211	1.289995	0.000000	0.000000	1283.924789	2.358518	6071.631601	17.335752
W1148	2869.406766	1.752109	419.679163	0.032046	2449.727602	1.752402	0.000000	0.000000	2226.620002	3.890003	10529.601493	29.463958
W1149	2966.596373	1.734394	404.876922	0.024504	2561.719452	1.734567	0.000000	0.000000	2328.412255	4.032204	11010.973194	30.706003
W1150	1149.473894	0.851935	514.606567	0.028851	634.867326	0.852424	0.000000	0.000000	577.047132	1.202591	2728.833990	8.241354
W1151	2888.671120	1.899381	419.667225	0.029710	2469.003895	1.899613	0.000000	0.000000	2244.140717	3.971810	10612.456290	29.847561
W1152	4213.197000	2.368478	302.867391	0.028052	3910.329609	2.368644	0.000000	0.000000	3554.198481	6.060262	16807.669737	46.594363
W1153	3422.733021	2.032683	449.946120	0.031354	2972.786901	2.032924	0.000000	0.000000	2702.041961	4.686378	12777.853895	35.654246
W1154	4620.322823	2.485564	447.625968	0.032964	4172.696855	2.485783	0.000000	0.000000	3792.670774	6.453486	17935.396160	49.681718
W1155	3153.319307	2.102623	275.731526	0.026702	2877.587781	2.102792	0.000000	0.000000	2615.513049	4.586059	12368.661955	34.659214
W1156	3683.269151	2.156272	274.984608	0.028880	3408.284543	2.156465	0.000000	0.000000	3097.876894	5.312447	14649.742272	40.700305
