# Online RefPMT LMS + Module Gain Results (Run: 1059)
# Trigger Condition: 1200 LMS events per fit
# Fit Event Absolute Time Range:
#   Start Time (UTC): 2016-06-05 00:25:45.816143 UTC
#   End Time (UTC):   2016-06-05 00:25:21.930937 UTC
#   Start Time (EDT): 2016-06-04 20:25:45.816143 EDT
#   End Time (EDT):   2016-06-04 20:25:21.930937 EDT
#   Average Time (UTC): 2016-06-05 00:25:33.873539 (UTC)
#   Average Time (seconds since epoch, UTC): 1465086333.873540
#   Average Time (EDT): 2016-06-04 20:25:33.873539 (EDT)
#   Average Time (seconds since epoch, EDT): 1465071933.873540
# Formula: Module Gain = (Module LMS Mean - Module Pedestal Mean) × RefPMT Alpha Signal / RefPMT LMS Signal
# Reference PMT Params:
# RefPMT1: AlphaSignal=4533.444371, AlphaError=4.741204, LMSSignal=2372.596951, LMSError=1.554681, Valid=Yes
# RefPMT2: AlphaSignal=1922.005803, AlphaError=1.869887, LMSSignal=2373.460360, LMSError=1.289192, Valid=Yes
# RefPMT3: AlphaSignal=5380.960135, AlphaError=5.132872, LMSSignal=1338.008817, LMSError=1.387273, Valid=Yes
# Note: -1.0 = Fit failed / Invalid data

# G module
# module name	LMS_Mean	LMS_Err	Pedestal_Mean	Pedestal_Err	module signal(LMS-Pedestal)	signal error	gain1(RefPMT1)	gain1 error	gain2(RefPMT2)	gain2 error	gain3(RefPMT3)	gain3 error
G1	5430.189350	4.538132	501.394929	0.045405	4928.794420	4.538359	9417.703800	14.501350	3991.291213	5.769286	19821.728269	33.361529
G2	4891.375566	4.305301	649.458495	0.044395	4241.917071	4.305530	8105.251530	12.951541	3435.064417	5.177443	17059.369970	29.622097
G3	7152.106340	6.091695	452.298673	0.058655	6699.807667	6.091977	12801.670904	19.624228	5425.441029	7.802679	26944.066988	45.180091
G4	5686.352788	4.958635	512.991662	0.039730	5173.361126	4.958794	9885.010122	15.446887	4189.339024	6.157479	20805.282130	35.452585
G5	5650.411987	5.760259	304.032385	0.034459	5346.379602	5.760362	10215.605520	16.736111	4329.447753	6.710497	21501.096343	38.135028
G6	5379.199786	5.154166	421.285074	0.038421	4957.914712	5.154309	9473.345456	15.286832	4014.872551	6.118340	19938.838959	34.911212
G7	4354.575686	4.062644	539.311268	0.043441	3815.264419	4.062876	7290.024121	11.883281	3089.565125	4.761888	15343.535991	27.097406
G8	7677.870452	5.756263	547.212524	0.043505	7130.657928	5.756427	13624.918902	20.093075	5774.339505	7.945192	28676.782144	46.564314
G9	5787.101302	3.699656	644.107112	0.040330	5142.994190	3.699876	9826.986439	14.038041	4164.748166	5.523707	20683.157916	32.718948
G10	6241.498937	3.925614	597.261670	0.043784	5644.237267	3.925858	10784.737651	15.278291	4570.650080	6.003626	22698.966087	35.664846
G11	6501.303443	4.758751	450.306015	0.049864	6050.997428	4.759012	11561.955442	16.920346	4900.040620	6.682929	24334.800064	39.264834
G12	5010.210770	4.543452	512.256961	0.047904	4497.953809	4.543704	8594.474240	13.706976	3642.400552	5.478128	18089.051921	31.359111
G13	3824.233655	3.960660	610.705887	0.049620	3213.527768	3.960971	6140.254611	10.710150	2602.284463	4.323881	12923.581055	24.192288
G14	3462.734791	2.925492	438.366924	0.046192	3024.367867	2.925857	5778.816953	9.061962	2449.104561	3.613945	12162.852198	20.786829
G15	6470.526701	3.772871	530.538910	0.043694	5939.987791	3.773124	11349.843555	15.753886	4810.146063	6.169419	23888.361711	36.918131
G16	-1.000000	-1.000000	-1.000000	-1.000000	-1.000000	-1.000000	0.000000	0.000000	0.000000	0.000000	0.000000	0.000000
G17	6937.536023	7.408657	315.602392	0.046415	6621.933631	7.408802	12652.872934	21.077213	5362.379370	8.467314	26630.887366	47.911066
G18	5952.052187	8.343280	383.838596	0.038881	5568.213591	8.343370	10639.475259	20.653494	4509.086824	8.419704	22393.227903	46.056561
G19	5221.167024	4.690484	561.960950	0.046451	4659.206074	4.690714	8902.587327	14.179171	3772.981114	5.665889	18737.546927	32.446161
G20	4818.703890	4.572728	446.494707	0.043609	4372.209183	4.572936	8354.207443	13.514869	3540.573740	5.410782	17583.355068	30.852835
G21	5597.210782	3.615151	473.192915	0.040938	5124.017867	3.615383	9790.727391	13.918568	4149.381318	5.472422	20606.842392	32.469654
G22	7200.867151	5.498969	540.175675	0.043608	6660.691475	5.499142	12726.929562	18.897513	5393.765106	7.479984	26786.756607	43.741579
G23	1188.532026	1.577344	393.951713	0.046312	794.580313	1.578024	1518.245923	3.549990	643.443640	1.465254	3195.498475	7.780919
G24	5839.800731	4.581748	524.316943	0.041018	5315.483788	4.581932	10156.571282	15.289498	4304.428614	6.063859	21376.845182	35.307072
G25	5845.790895	5.225888	373.403699	0.088122	5472.387197	5.226630	10456.374785	16.317740	4431.487514	6.503477	22007.850754	37.459335
G26	7036.657351	5.620319	396.456342	0.086392	6640.201008	5.620983	12687.777362	18.988077	5377.172119	7.524411	26704.351778	43.891794
G27	3725.848971	4.440515	416.951925	0.103586	3308.897047	4.441723	6322.481652	11.528874	2679.513605	4.674548	13307.119862	25.895373
G28	3073.506784	3.906241	518.087291	0.082419	2555.419492	3.907110	4882.772908	9.594145	2069.354592	3.914979	10276.920982	21.366605
G29	6827.953844	9.196869	335.255362	0.068332	6492.698482	9.197123	12405.936614	23.307635	5257.725965	9.475730	26111.152964	52.166631
G30	6282.365863	5.408655	435.771454	0.074874	5846.594408	5.409173	11171.391963	17.231105	4734.516983	6.856881	23512.769205	39.630521
G31	3704.746613	4.635182	383.122173	0.038449	3321.624440	4.635342	6346.800545	11.823737	2689.820129	4.803395	13358.304577	26.489697
G32	5416.687910	4.159209	357.874838	0.040244	5058.813072	4.159404	9666.137199	14.334455	4096.579090	5.672783	20344.613617	33.186910
G33	3716.706544	2.803246	466.048166	0.040722	3250.658378	2.803541	6211.201999	9.351842	2632.352481	3.709059	13072.906184	21.594983
G34	1433.697837	1.934280	509.560102	0.043443	924.137735	1.934768	1765.798026	4.291384	748.358018	1.774834	3716.528933	9.378652
G35	5506.008850	3.518402	518.456832	0.047066	4987.552018	3.518717	9529.974997	13.547521	4038.872561	5.326513	20058.028880	31.604220
G36	3812.659105	3.378263	515.846986	0.036444	3296.812119	3.378460	6299.390353	10.105122	2669.727345	4.041512	13258.518902	23.098205
G37	4484.724621	3.849356	494.752661	0.065527	3989.971961	3.849914	7623.846906	11.943327	3231.041644	4.762430	16046.142983	27.400577
G38	4298.520373	4.634461	354.760463	0.037171	3943.759910	4.634610	7535.547138	12.841791	3193.619562	5.171862	15860.295770	29.098119
G39	5040.041327	4.721967	473.662121	0.035245	4566.379206	4.722099	8725.218203	14.048672	3697.810792	5.621281	18364.232725	32.094222
G40	6947.371937	8.612805	469.804542	0.043314	6477.567395	8.612914	12377.024860	22.453662	5245.472954	9.099816	26050.301515	50.465597
G41	5732.340552	5.361838	291.948919	0.058615	5440.391632	5.362158	10395.239196	16.418477	4405.577808	6.553778	21879.176817	37.619182
G42	4755.296700	5.418869	382.154188	0.047841	4373.142513	5.419080	8355.990805	14.613860	3541.329542	5.901479	17587.108566	32.998493
G43	4984.362529	3.974110	384.624704	0.046864	4599.737824	3.974386	8788.958251	13.241042	3724.824287	5.252016	18498.388346	30.572668
G44	1926.901259	2.975782	259.902465	0.032620	1666.998794	2.975961	3185.221282	6.912842	1349.919894	2.840787	6704.032327	15.246218
G45	3823.046304	3.792274	324.026324	0.039066	3499.019980	3.792475	6685.759426	10.981549	2833.473362	4.404483	14071.721668	25.013168
G46	4970.862395	4.194801	324.946391	0.041741	4645.916005	4.195008	8877.193301	13.574967	3762.218942	5.395663	18684.099346	31.265705
G47	4748.158999	4.804062	238.729431	0.028890	4509.429569	4.804149	8616.401570	14.047941	3651.693514	5.629436	18135.203041	32.032607
G48	-1.000000	-1.000000	-1.000000	-1.000000	-1.000000	-1.000000	0.000000	0.000000	0.000000	0.000000	0.000000	0.000000
G49	3903.093292	3.212724	431.597380	0.040361	3471.495913	3.212977	6633.167760	10.232588	2811.184633	4.071991	13961.030386	23.533830
G50	6366.186130	4.420340	347.988648	0.035032	6018.197482	4.420479	11499.282879	16.515178	4873.479533	6.503955	24202.891210	38.454634
G51	4623.656990	3.892691	378.238678	0.039150	4245.418312	3.892887	8111.941533	12.472223	3437.899689	4.961014	17073.450623	28.700307
G52	3804.232856	3.511768	541.988822	0.041359	3262.244034	3.512012	6233.339314	10.208448	2641.734436	4.093003	13119.499267	23.262237
G53	5152.713235	5.601364	327.735250	0.035329	4824.977985	5.601476	9219.336338	15.620981	3907.221643	6.287228	19404.218226	35.423593
G54	2861.471388	2.587010	378.240570	0.038494	2483.230819	2.587297	4744.838255	7.663612	2010.896885	3.067594	9986.605712	17.499316
G55	3105.469380	3.734265	235.793428	0.085257	2869.675952	3.735238	5483.239066	9.835277	2323.836507	3.981675	11540.740409	22.136373
G56	4773.590932	4.750406	393.104806	0.080097	4380.486126	4.751081	8370.022629	13.752050	3547.276330	5.515866	17616.641772	31.322317
G57	1381.598217	1.874794	590.477148	0.074785	791.121069	1.876285	1511.636166	4.041469	640.642377	1.678727	3181.586717	8.776665
G58	2938.008433	3.468588	579.848897	0.086363	2358.159536	3.469662	4505.858051	8.653102	1909.615340	3.524462	9483.616793	19.319040
G59	5990.595734	5.045449	599.821163	0.097152	5390.774571	5.046385	10300.433296	15.955504	4365.398380	6.352886	21679.635949	36.671415
G60	5372.982179	5.485775	508.716350	0.070099	4864.265830	5.486223	9294.405666	15.539188	3939.036569	6.245092	19562.218928	35.304159
G61	4510.529866	4.367760	375.517018	0.039375	4135.012848	4.367938	7900.984072	12.835057	3348.494386	5.141185	16629.442023	29.282660
G62	6977.870277	7.375267	297.152911	0.036935	6680.717366	7.375359	12765.194072	21.137462	5409.981883	8.485743	26867.293088	48.089265
G63	5163.104824	4.054285	434.342368	0.038598	4728.762456	4.054468	9035.492323	13.578137	3829.307216	5.383793	19017.276123	31.364408
G64	6441.321881	5.374581	495.221012	0.034903	5946.100869	5.374694	11361.524132	17.380417	4815.096376	6.908571	23912.946176	40.027935
G65	6941.571818	6.770419	370.149174	0.048238	6571.422645	6.770591	12556.358965	20.186723	5321.476049	8.075802	26427.751473	46.127174
G66	6947.009977	4.802066	462.572004	0.041285	6484.437973	4.802244	12390.152831	17.833162	5251.036683	7.025395	26077.932355	41.507090
G67	4659.032397	3.873067	396.855473	0.032567	4262.176924	3.873204	8143.963085	12.481630	3451.470655	4.962610	17140.847360	28.736951
G68	4400.464483	3.265054	373.303909	0.033890	4027.160573	3.265230	7694.905122	11.362771	3261.156632	4.493933	16195.701377	26.326406
G69	7644.277375	6.363894	525.252578	0.031593	7119.024796	6.363972	13602.690872	20.729074	5764.919104	8.235286	28629.998133	47.770386
G70	6576.413270	4.302728	461.385773	0.036292	6115.027498	4.302881	11684.301025	16.599369	4951.891566	6.525735	24592.304543	38.728331
G71	4568.236252	3.822665	363.205909	0.043471	4205.030343	3.822912	8034.770140	12.316136	3405.193893	4.896911	16911.025640	28.355226
G72	4583.479681	3.755277	445.305550	0.034927	4138.174131	3.755440	7907.024499	12.112742	3351.054363	4.815631	16642.155495	27.889821
G73	6069.244512	5.323894	313.532182	0.033349	5755.712330	5.323998	10997.738849	16.962005	4660.921533	6.749729	23147.276203	39.012075
G74	6490.466544	9.882956	299.860041	0.042639	6190.606503	9.883048	11828.713762	23.868838	5013.094731	9.759731	24896.254431	53.009674
G75	4603.788658	3.983810	390.127925	0.037939	4213.660733	3.983990	8051.260676	12.517285	3412.182701	4.986334	16945.733773	28.752212
G76	6582.361175	7.815396	265.889494	0.074254	6316.471682	7.815748	12069.210903	21.092441	5115.019165	8.517074	25402.436097	47.631897
G77	8125.451727	89.969335	258.115198	0.033116	7867.336530	89.969341	15032.529014	172.907287	6370.894885	73.201336	31639.422056	364.557800
G78	4735.753358	4.863071	369.771707	0.040721	4365.981651	4.863241	8342.308175	13.869046	3535.530743	5.570335	17558.310316	31.534987
G79	4230.026502	4.199148	372.522310	0.035630	3857.504192	4.199299	7370.733853	12.129709	3123.770495	4.866064	15513.408223	27.620711
G80	4223.695854	4.049227	524.082894	0.030037	3699.612961	4.049338	7069.042866	11.660977	2995.911666	4.679314	14878.430008	26.544161
G81	3839.709118	2.502609	601.084035	0.036301	3238.625084	2.502873	6188.209358	9.010976	2622.608033	3.556304	13024.512873	20.929219
G82	7957.716572	5.838243	500.766429	0.036058	7456.950142	5.838354	14248.382403	20.824715	6038.567861	8.223394	29989.004780	48.336346
G83	5405.466743	5.336297	340.386109	0.038228	5065.080634	5.336434	9678.112955	15.704647	4101.654503	6.289792	20369.819356	35.835406
G84	7337.163069	5.876271	559.529903	0.031827	6777.633166	5.876357	12950.376132	19.532571	5488.463384	7.748773	27257.051415	45.090748
G85	4878.157311	4.423462	378.393726	0.071544	4499.763585	4.424041	8597.932273	13.566645	3643.866091	5.414743	18096.330148	31.089560
G86	4166.826813	4.952821	366.462916	0.088626	3800.363897	4.953614	7261.552919	13.034703	3077.498823	5.277293	15283.611784	29.334628
G87	3748.141846	3.901122	501.591318	0.080060	3246.550528	3.901943	6203.352916	10.686398	2629.025983	4.308744	13056.385981	24.178684
G88	4957.579111	4.813140	478.368478	0.060320	4479.210633	4.813518	8558.660679	14.005826	3627.222505	5.615024	18013.674027	31.919044
G89	5462.535877	8.210063	625.466836	0.071866	4837.069040	8.210377	9242.439346	19.396468	3917.012866	7.953231	19452.843831	42.911189
G90	4104.787725	3.804620	543.844062	0.068927	3560.943663	3.805245	6804.080229	11.107643	2883.618577	4.451856	14320.755068	25.323159
G91	5649.244981	4.117398	418.884535	0.054078	5230.360446	4.117753	9993.921687	14.629879	4235.496535	5.778532	21034.511621	33.947888
G92	5020.892360	4.849670	543.994767	0.042579	4476.897592	4.849857	8554.241031	14.047420	3625.349426	5.633996	18004.371860	31.997495
G93	3855.158097	3.856971	328.131616	0.049548	3527.026481	3.857290	6739.272904	11.113004	2856.152763	4.459239	14184.353116	25.298115
G94	3621.327411	3.776170	383.234716	0.039979	3238.092695	3.776382	6187.192096	10.505913	2622.176910	4.229468	13022.371809	23.817121
G95	5255.184136	4.108472	403.406970	0.042878	4851.777166	4.108696	9270.542927	13.875725	3928.923368	5.498638	19511.994295	32.073667
G96	4671.430475	3.005192	499.811458	0.037450	4171.619017	3.005425	7970.929382	11.390823	3378.137716	4.482340	16776.658050	26.547181
G97	6274.235448	5.844488	533.368194	0.036104	5740.867253	5.844599	10969.373590	17.549607	4648.900131	7.016604	23087.574977	40.131054
G98	6277.955835	5.697340	436.519983	0.029721	5841.435852	5.697417	11161.535241	17.557447	4730.339633	7.004790	23492.023462	40.254445
G99	6094.235761	6.966704	645.987672	0.042089	5448.248088	6.966831	10410.250935	18.500620	4411.939892	7.482995	21910.772481	41.688413
G100	4376.130976	4.531716	491.852692	0.051800	3884.278283	4.532012	7421.892501	12.605104	3145.451901	5.074676	15621.083390	28.575199
G101	7005.946467	4.371155	642.866121	0.059426	6363.080345	4.371558	12158.268500	17.173420	5152.762421	6.745062	25589.878335	40.110899
G102	5876.048233	4.051425	441.621982	0.038121	5434.426251	4.051605	10383.840831	14.972064	4400.747098	5.899908	21855.186330	34.836547
G103	6328.263883	5.487409	482.327396	0.046882	5845.936488	5.487609	11170.134840	17.320181	4733.984205	6.897175	23510.123300	39.801441
G104	4020.985294	4.556273	376.240703	0.059863	3644.744591	4.556666	6964.203019	12.234291	2951.479778	4.942772	14657.770386	27.609240
G105	6104.279846	4.346939	530.752268	0.040697	5573.527578	4.347130	10649.628971	15.547976	4513.390041	6.138663	22414.598731	36.095491
G106	4934.446954	4.785303	434.134958	0.043528	4500.311996	4.785501	8598.980150	14.008389	3644.310189	5.613057	18098.535647	31.946183
G107	-1.000000	-1.000000	-1.000000	-1.000000	-1.000000	-1.000000	0.000000	0.000000	0.000000	0.000000	0.000000	0.000000
G108	3906.368647	3.611432	390.622961	0.034174	3515.745686	3.611593	6717.718104	10.786902	2847.017682	4.314714	14138.986071	24.652885
G109	6486.856183	6.141843	515.107909	0.041374	5971.748274	6.141982	11410.529963	18.331418	4835.865403	7.332933	24016.090242	41.892317
G110	6576.764236	7.040339	598.299537	0.038319	5978.464699	7.040444	11423.363385	19.486636	4841.304300	7.848823	24043.101137	44.148604
G111	3925.272748	4.038542	387.473301	0.032182	3537.799447	4.038670	6759.857371	11.364459	2864.876609	4.570113	14227.677871	25.799246
G112	3556.762587	2.891007	569.472289	0.044401	2987.290298	2.891348	5707.970914	8.952470	2419.079495	3.570362	12013.740380	20.535089
G113	5000.458019	4.903159	524.545831	0.033044	4475.912188	4.903270	8552.358169	14.113218	3624.551455	5.663598	18000.408941	32.124476
G114	5946.161513	4.727433	509.338890	0.034685	5436.822623	4.727561	10388.419704	15.683547	4402.687658	6.222670	21864.823624	36.199443
G115	4149.463639	4.014139	529.277503	0.070593	3620.186136	4.014760	6917.277902	11.477251	2931.592572	4.608664	14559.005660	26.103993
G116	4265.425610	3.638949	513.443085	0.079984	3751.982525	3.639828	7169.108116	11.253990	3038.320045	4.488745	15089.040389	25.810723
G117	4301.570423	3.358782	368.280972	0.094620	3933.289451	3.360114	7515.540687	11.280616	3185.140682	4.472058	15818.187582	26.062578
G118	3287.230355	2.867463	448.450672	0.088165	2838.779683	2.868818	5424.203959	8.652251	2298.817000	3.458027	11416.487419	19.794308
G119	2946.544545	3.123455	509.988360	0.076816	2436.556185	3.124399	4655.654605	8.285792	1973.100207	3.351850	9798.898166	18.667367
G120	4622.442913	3.404990	364.379609	0.066553	4258.063304	3.405641	8136.102976	11.965398	3448.139484	4.729397	17124.303949	27.742457
G121	4685.081159	3.085629	519.980369	0.049892	4165.100791	3.086033	7958.474669	11.456062	3372.859318	4.513216	16750.444235	26.663641
G122	2760.156052	2.402368	365.122318	0.046035	2395.033734	2.402809	4576.315499	7.278547	1939.475718	2.907945	9631.910732	16.659065
G123	4256.086153	3.074716	453.483153	0.054850	3802.603000	3.075205	7265.831291	10.720838	3079.312028	4.239562	15292.616603	24.842488
G124	3285.455786	2.795168	438.791985	0.045677	2846.663801	2.795541	5439.268553	8.578771	2305.201485	3.423779	11448.194331	19.660634
G125	3095.168823	2.770910	289.305885	0.043040	2805.862938	2.771244	5361.308222	8.474609	2272.161331	3.383164	11284.108845	19.415180
G126	5527.536950	5.041249	416.306496	0.036609	5111.230453	5.041382	9766.293815	15.429461	4139.026191	6.159213	20555.416300	35.351520
G127	4282.172630	2.797651	412.870917	0.032466	3869.301713	2.797839	7393.275990	10.575185	3133.324016	4.162003	15560.853346	24.642042
G128	4082.980033	3.263108	318.478443	0.031453	3764.501590	3.263259	7193.028944	10.848268	3048.457865	4.303580	15139.387286	25.043397
G129	3218.686400	2.387873	464.186200	0.027532	2754.500199	2.388032	5263.166767	7.938041	2230.568270	3.149092	11077.547533	18.324966
G130	4239.139756	3.300887	257.678195	0.037136	3981.461561	3.301096	7607.585643	11.310932	3224.150003	4.477936	16011.917407	26.175170
G131	5654.411018	3.242050	398.715070	0.049774	5255.695948	3.242432	10042.331548	13.856018	4256.012986	5.420606	21136.401332	32.508310
G132	5322.517184	4.076415	446.287092	0.035094	4876.230092	4.076566	9317.266403	13.888787	3948.725116	5.500566	19610.334620	32.126364
G133	3530.846720	3.100146	473.600354	0.033443	3057.246366	3.100326	5841.639610	9.331112	2475.729259	3.729993	12295.076959	21.342816
G134	2951.890622	2.904282	273.180910	0.038103	2678.709712	2.904532	5118.349941	8.408503	2169.193848	3.372553	10772.747145	19.151937
G135	3773.334940	3.054574	496.243550	0.031121	3277.091391	3.054732	6261.708931	9.684474	2653.757685	3.855202	13179.209665	22.263927
G136	4743.941965	3.865904	264.386548	0.038460	4479.555417	3.866096	8559.319474	12.890207	3627.501707	5.112585	18015.060614	29.764515
G137	4013.368379	3.580879	254.748571	0.035360	3758.619808	3.581054	7181.790318	11.197323	3043.694854	4.462187	15115.733007	25.708554
G138	6127.615755	4.730553	314.134577	0.030452	5813.481178	4.730651	11108.120791	16.420866	4707.702201	6.495442	23379.600441	38.038251
G139	3328.801389	3.326377	326.379491	0.032521	3002.421898	3.326536	5736.883649	9.514730	2431.332922	3.820435	12074.593896	21.641717
G140	3984.100833	2.947525	365.663096	0.038000	3618.437737	2.947770	6913.937145	10.224188	2930.176735	4.044486	14551.974267	23.682498
G141	4719.219879	4.586579	374.545181	0.029099	4344.674699	4.586671	8301.595873	13.482444	3518.276575	5.400338	17472.621894	30.760802
G142	5409.401830	4.778522	295.547525	0.031299	5113.854305	4.778624	9771.307344	15.126035	4141.150961	6.022101	20565.968428	34.768654
G143	5191.792033	4.328961	280.538131	0.043124	4911.253902	4.329176	9384.188219	14.232253	3977.087067	5.650464	19751.187005	32.824534
G144	3616.027436	2.918915	474.962784	0.029204	3141.064653	2.919061	6001.795570	9.272278	2543.604517	3.690571	12632.162089	21.320115
G145	4647.758302	4.161067	465.068920	0.088138	4182.689383	4.162001	7992.082106	12.670063	3387.102394	5.059912	16821.178834	29.013688
G146	7320.848649	8.223313	617.382963	0.082208	6703.465686	8.223724	12808.660472	22.289041	5428.403259	8.996325	26958.778144	50.362545
G147	4355.960321	4.401698	591.176318	0.094068	3764.784003	4.402703	7193.568566	12.230608	3048.686561	4.924486	15140.523043	27.722080
G148	4251.816538	4.438927	363.970428	0.084451	3887.846109	4.439730	7428.709732	12.490800	3148.341093	5.023145	15635.431823	28.355630
G149	6128.887965	5.182754	441.086457	0.084076	5687.801508	5.183436	10867.978111	16.673203	4605.927991	6.630053	22874.164821	38.381068
G150	4950.596436	4.154955	324.099877	0.067741	4626.496559	4.155508	8840.087557	13.493485	3746.493258	5.361929	18606.001755	31.087440
G151	5749.205652	5.715308	399.116910	0.044817	5350.088742	5.715483	10222.692768	16.686453	4332.451380	6.687701	21516.013090	38.042403
G152	2989.134353	2.561689	488.963938	0.042111	2500.170415	2.562035	4777.205623	7.663254	2024.614410	3.064891	10054.730299	17.516627
G153	3400.294040	3.620416	438.129027	0.052348	2962.165014	3.620795	5659.962726	9.831508	2398.733277	3.967470	11912.696083	22.219789
G154	6330.930949	5.552056	323.527499	0.051628	6007.403450	5.552296	11478.658161	17.698563	4864.738627	7.042553	24159.481737	40.708069
G155	5257.665055	4.484621	277.488675	0.051619	4980.176380	4.484918	9515.881983	14.538223	4032.899840	5.777799	20028.366883	33.489365
G156	3231.866279	2.807553	544.248467	0.047715	2687.617812	2.807959	5135.371111	8.303891	2176.407543	3.324345	10808.572120	18.958083
G157	6062.460330	5.164284	410.423877	0.030261	5652.036453	5.164373	10799.639960	16.583732	4576.965787	6.595306	22730.331433	38.169308
G158	5833.377712	4.953653	505.286609	0.033588	5328.091102	4.953767	10180.660733	15.730869	4314.637898	6.261372	21427.546984	36.169646
G159	4185.830989	3.320912	447.116413	0.039099	3738.714576	3.321142	7143.756356	10.862800	3027.575785	4.314302	15035.681767	25.042451
G160	4583.338091	3.703585	698.461711	0.040389	3884.876379	3.703805	7423.035314	11.576326	3145.936234	4.613372	15623.488704	26.577677
G161	4961.880272	4.489711	459.021918	0.078124	4502.858354	4.490391	8603.845609	13.651675	3646.372206	5.452521	18108.776127	31.257340
G162	3176.932989	3.294711	432.988994	0.056538	2743.943994	3.295196	5242.996477	9.028441	2222.019955	3.640107	11035.094509	20.428534
G163	4278.488891	3.393786	387.756156	0.034419	3890.732734	3.393961	7434.225356	11.235450	3150.678655	4.458489	15647.040727	25.928097
G164	3671.169154	3.097293	409.158666	0.052514	3262.010489	3.097738	6232.893067	9.706012	2641.545313	3.867273	13118.560038	22.288920
G165	4239.295235	4.152634	455.284958	0.050918	3784.010277	4.152946	7230.305207	11.941244	3064.255816	4.792439	15217.843772	27.177436
G166	4447.194352	3.561276	271.584975	0.033736	4175.609377	3.561436	7978.553971	11.969406	3381.369072	4.744769	16792.705755	27.656378
G167	5311.883257	4.863964	336.362389	0.042123	4975.520868	4.864146	9506.986453	14.968181	4029.129850	5.972452	20009.644192	34.313136
G168	5082.842884	4.307935	361.499709	0.042600	4721.343175	4.308146	9021.315918	13.846339	3823.299152	5.506294	18987.438612	31.871393
G169	4893.665897	3.450365	339.060406	0.043907	4554.605491	3.450645	8702.721554	12.602769	3688.276549	4.969626	18316.883342	29.300673
G170	2961.465160	2.714378	515.767464	0.048521	2445.697695	2.714812	4673.121765	7.756973	1980.502916	3.114944	9835.661830	17.641485
G171	4720.204111	3.273108	526.467584	0.078106	4193.736527	3.274040	8013.190459	11.702053	3396.048267	4.620402	16865.606228	27.165661
G172	4783.329171	4.179782	344.682809	0.034089	4438.646363	4.179921	8481.152418	13.166149	3594.373941	5.243788	17850.540026	30.249837
G173	4226.843605	3.483140	477.055909	0.042987	3749.787695	3.483405	7164.914341	11.067642	3036.542692	4.405083	15080.213623	25.448849
G174	4455.877356	3.998758	605.508448	0.042746	3850.368909	3.998987	7357.100096	11.867110	3117.992410	4.749411	15484.712840	27.103096
G175	4667.177719	3.572750	353.221246	0.087417	4313.956472	3.573819	8242.900960	12.252370	3493.401245	4.850464	17349.084922	28.355056
G176	4174.908657	3.826478	321.384497	0.077877	3853.524160	3.827271	7363.128998	11.664345	3120.547502	4.657834	15497.402053	26.713720
G177	3326.098434	4.599416	555.759234	0.090318	2770.339200	4.600302	5293.431168	10.951871	2243.394543	4.486217	11141.245941	24.262233
G178	5741.092889	4.823694	443.107535	0.085104	5297.985354	4.824444	10123.136114	15.526251	4290.258547	6.173742	21306.473165	35.742432
G179	3749.708726	4.186207	442.300425	0.091135	3307.408301	4.187199	6319.637027	11.173256	2678.308033	4.516985	13301.132694	25.193908
G180	3709.541024	2.806670	461.450331	0.070720	3248.090693	2.807561	6206.295791	9.351283	2630.273194	3.709221	13062.579939	21.591024
G181	4206.420647	3.608391	564.568569	0.056963	3641.852078	3.608840	6958.676144	11.013812	2949.137448	4.397566	14646.137803	25.227361
G182	3355.562909	2.674193	262.564157	0.058940	3092.998752	2.674843	5909.953554	8.906240	2504.681204	3.532776	12438.859400	20.562899
G183	3200.716062	3.270684	468.714464	0.049925	2732.001598	3.271065	5220.177520	8.976112	2212.349115	3.618457	10987.066755	20.314107
G184	4870.595231	3.489708	404.284315	0.047470	4466.310916	3.490031	8534.012518	12.465897	3616.776435	4.922192	17961.796291	28.937535
G185	3677.106788	3.496856	621.015484	0.045701	3056.091305	3.497154	5839.432575	9.827964	2474.793901	3.952711	12290.431744	22.307671
G186	2925.897034	2.604088	596.927011	0.045020	2328.970024	2.604477	4450.084133	7.411381	1885.977949	2.977290	9366.227727	16.847485
G205	5801.202256	4.198858	478.067103	0.083544	5323.135154	4.199689	10171.191145	14.898528	4310.624618	5.885190	21407.616054	34.567513
G206	5068.694419	3.644664	429.702865	0.084004	4638.991553	3.645632	8863.962391	12.969032	3756.611586	5.122126	18656.251847	30.096744
G207	5970.152873	5.960495	427.956809	0.071968	5542.196063	5.960930	10589.762216	17.336012	4488.018075	6.950418	22288.595346	39.506341
G208	3977.595920	3.304720	480.364594	0.077569	3497.231327	3.305630	6682.341754	10.387889	2832.024928	4.138017	14064.528390	23.861407
G209	4317.477245	4.111395	644.326231	0.070787	3673.151015	4.112004	7018.480650	11.694474	2974.483031	4.698140	14772.010170	26.581968
G210	4081.842148	4.186112	620.047999	0.068134	3461.794149	4.186667	6614.630096	11.429651	2803.328236	4.609889	13922.013598	25.849768
G211	2539.409872	1.657574	656.759259	0.055548	1882.650613	1.658504	3597.278426	5.454578	1524.552702	2.165505	7571.301560	12.580593
G212	4984.278664	4.430554	462.691554	0.042360	4521.587110	4.430756	8639.631616	13.614910	3661.538575	5.433113	18184.096026	31.206454
G213	5297.692109	4.093227	378.718652	0.048471	4918.973457	4.093514	9398.938374	13.990431	3983.338290	5.539666	19782.232105	32.369484
G214	3983.802922	2.569514	329.232832	0.043729	3654.570089	2.569886	6982.977110	9.918820	2959.436374	3.899300	14697.284787	23.142493
G215	5063.620511	4.059928	346.216048	0.042554	4717.404463	4.060151	9013.790016	13.562357	3820.109621	5.378486	18971.598617	31.321360
G216	2894.279507	2.891299	456.685793	0.053400	2437.593714	2.891792	4657.637066	7.973284	1973.940388	3.212684	9803.070713	18.055462
G235	4703.501627	4.450076	597.657150	0.089192	4105.844477	4.450970	7845.250549	12.887026	3324.874115	5.168778	16512.137979	29.353034
G236	2997.888331	3.390892	544.957228	0.073516	2452.931103	3.391688	4686.943012	8.686680	1986.360461	3.527352	9864.751830	19.473310
G237	2352.441804	3.030586	415.937044	0.088293	1936.504760	3.031872	3700.180345	7.376607	1568.163282	3.013473	7787.882365	16.402956
G238	5024.298418	4.874682	397.915145	0.100901	4626.383273	4.875726	8839.871095	14.346286	3746.401520	5.745850	18605.546161	32.735219
G239	4219.730114	3.836398	455.559265	0.076601	3764.170849	3.837163	7192.396981	11.512977	3048.190035	4.603366	15138.057173	26.324851
G240	4511.509822	5.380932	463.173646	0.063130	4048.336176	5.381303	7735.366447	14.030831	3278.304435	5.686204	16280.861560	31.535525
G241	3780.311283	2.748502	530.131720	0.060403	3250.179563	2.749166	6210.287104	9.291786	2631.964742	3.681927	13070.980576	21.479294
G242	3901.252586	3.557985	471.360973	0.057446	3429.891613	3.558449	6553.672262	10.566457	2777.493864	4.228640	13793.713786	24.134179
G243	4999.220646	4.144580	444.294490	0.053286	4554.926156	4.144923	8703.334265	13.345381	3688.536220	5.306380	18318.172934	30.723161
G244	3477.372539	2.713489	564.032132	0.058523	2913.340408	2.714120	5566.671012	8.607739	2359.195572	3.426480	11716.342170	19.789249
G245	4168.258780	3.213174	391.015733	0.053572	3777.243048	3.213621	7217.374711	10.818756	3058.775778	4.288148	15190.628563	25.001136
G246	4780.935321	5.071145	514.251322	0.062159	4266.683999	5.071526	8152.574988	13.969195	3455.120442	5.629181	17158.973093	31.629161
G265	4402.419846	3.494433	556.523503	0.054480	3845.896343	3.494858	7348.554132	11.262504	3114.370568	4.477891	15466.725889	25.930133
G266	1425.121228	1.766780	514.761102	0.061468	910.360126	1.767849	1739.472433	4.002372	737.201040	1.650507	3661.120654	8.783618
G267	3628.382603	3.760604	519.152270	0.079446	3109.230333	3.761443	5940.968080	10.267163	2517.825385	4.141092	12504.136618	23.220168
G268	1645.465658	2.251862	558.708732	0.053163	1086.756926	2.252490	2076.522971	5.009155	880.045504	2.070914	4370.521195	10.953257
G269	4416.227560	4.927560	439.009802	0.045491	3977.217758	4.927770	7599.476789	13.289851	3220.713411	5.366770	15994.850454	30.009122
G270	6043.738605	5.478874	449.344798	0.071098	5594.393806	5.479335	10689.499158	16.842049	4530.287315	6.720760	22498.514729	38.604455
G271	4068.242202	2.767052	401.632366	0.051553	3666.609836	2.767532	7005.982080	10.135316	2969.186047	3.996008	14745.704049	23.568333
G272	3653.719473	2.679603	418.950860	0.065226	3234.768613	2.680397	6180.840599	9.187944	2619.485099	3.637358	13009.003620	21.262945
G273	3338.893065	2.474686	451.269083	0.069964	2887.623981	2.475675	5517.533300	8.291296	2338.370652	3.287525	11612.920528	19.152311
G274	3231.575715	2.652544	510.397815	0.057463	2721.177900	2.653166	5199.496116	8.177879	2203.584186	3.262624	10943.537973	18.750044
G275	3204.405642	2.952426	568.241119	0.094481	2636.164523	2.953938	5037.056637	8.396560	2134.741156	3.373400	10601.646650	19.084518
G276	4073.229014	3.390042	407.801236	0.091328	3665.427778	3.391272	7003.723460	10.802852	2968.228827	4.298851	14740.950262	24.845886
G295	5353.516608	3.593520	466.964549	0.068914	4886.552059	3.594181	9336.989122	13.414516	3957.083747	5.283161	19651.845628	31.232876
G296	5265.214517	3.944199	470.255073	0.078858	4794.959444	3.944987	9161.978350	13.589486	3882.912912	5.378121	19283.495121	31.461094
G297	6568.442700	5.363059	587.030458	0.059890	5981.412242	5.363393	11428.995408	17.434965	4843.691193	6.927603	24054.955028	40.172054
G298	4780.752414	6.166735	630.888556	0.073936	4149.863857	6.167178	7929.360668	15.317567	3360.520593	6.241958	16689.167110	34.175934
G299	4577.668746	3.421862	465.167466	0.065960	4112.501280	3.422497	7857.970048	11.696810	3330.264731	4.631489	16538.909097	27.062711
G300	4130.799956	3.926005	547.600948	0.063926	3583.199007	3.926525	6846.604672	11.299888	2901.640745	4.534686	14410.257561	25.720276
G301	4992.325169	3.110094	616.917406	0.092532	4375.407763	3.111470	8360.319136	11.908191	3543.163920	4.683462	17596.218536	27.769770
G302	2956.602852	3.465127	482.279822	0.079018	2474.323030	3.466028	4727.817681	8.826426	2003.683442	3.586409	9950.781992	19.769641
G303	3227.744322	2.734904	307.506191	0.095327	2920.238131	2.736565	5579.850851	8.646595	2364.781283	3.442928	11744.082179	19.871709
G304	2128.889554	2.315261	432.488650	0.076039	1696.400904	2.316509	3241.401421	5.966150	1373.729445	2.421135	6822.276380	13.385609
G305	3222.010184	2.617735	391.690515	0.082242	2830.319669	2.619026	5408.038969	8.342057	2291.966161	3.319635	11382.464473	19.186039
G306	2791.099744	2.685392	434.373446	0.069900	2356.726298	2.686301	4503.119490	7.565207	1908.454718	3.042043	9477.852859	17.175989
G325	5769.996088	5.144650	522.164383	0.053516	5247.831706	5.144929	10027.304931	15.804689	4249.644596	6.307111	21104.774353	36.224528
G326	4228.923984	4.200955	556.955333	0.081073	3671.968651	4.201737	7016.221446	11.808307	2973.525565	4.749175	14767.255155	26.802759
G327	4462.521420	3.334499	424.178129	0.063379	4038.343291	3.335101	7716.272523	11.458528	3270.212291	4.535559	16240.673996	26.522330
G328	4372.900651	4.231736	369.254265	0.059576	4003.646386	4.232155	7649.975342	12.431004	3242.115065	4.979516	16101.136299	28.359571
G329	5232.840774	4.031510	399.073512	0.074566	4833.767262	4.032199	9236.130466	13.758346	3914.339117	5.448360	19439.565339	31.828419
G330	6373.272752	4.962857	429.128004	0.061691	5944.144748	4.963241	11357.786469	16.923944	4813.512328	6.702245	23905.079404	39.149637
G331	4893.194034	3.803088	449.532881	0.087300	4443.661153	3.804090	8490.734439	12.753036	3598.434871	5.056271	17870.707599	29.461027
G332	2999.023565	3.010373	481.584301	0.075818	2517.439264	3.011328	4810.202110	8.267382	2038.598561	3.332593	10124.179012	18.711314
G333	3812.158871	2.821911	639.936328	0.101394	3172.222543	2.823732	6061.330570	9.223354	2568.835882	3.663532	12757.467220	21.260479
G334	2923.181599	2.409057	526.244339	0.082309	2396.937261	2.410463	4579.952667	7.291261	1941.017176	2.913371	9639.565989	16.685716
G335	3536.100927	2.888434	382.863725	0.085759	3153.237202	2.889707	6025.054292	9.261677	2553.461732	3.683868	12681.115432	21.313123
G336	2468.699122	2.840989	325.531375	0.072818	2143.167747	2.841922	4095.062060	7.418175	1735.517018	3.005959	8619.001949	16.675677
G355	5208.104308	3.855814	584.156464	0.074370	4623.947844	3.856531	8835.217595	13.160450	3744.429333	5.211551	18595.751798	30.445526
G356	7454.998632	5.522780	524.896333	0.084638	6930.102299	5.523429	13241.706832	19.453912	5611.931449	7.688090	27870.224019	45.113190
G357	5668.414499	4.758607	620.878793	0.065728	5047.535706	4.759061	9644.588949	14.978927	4087.446786	5.966129	20299.260360	34.412321
G358	4621.482600	7.494839	530.539567	0.069065	4090.943033	7.495157	7816.777586	17.267553	3312.807066	7.103828	16452.210065	38.024276
G359	3173.849705	4.165358	399.675769	0.056108	2774.173936	4.165736	5300.758398	10.303087	2246.499876	4.200640	11156.667785	22.972312
G360	4322.497999	3.932984	358.710498	0.061272	3963.787501	3.933461	7573.814897	11.994126	3209.837716	4.789322	15940.839089	27.470401
G361	3813.677800	3.390882	429.958270	0.078365	3383.719530	3.391788	6465.448861	10.279666	2740.104146	4.106784	13608.027306	23.529236
G362	3543.737217	3.094037	499.728393	0.074188	3044.008823	3.094927	5816.345949	9.300451	2465.009622	3.718219	12241.840620	21.269273
G363	2181.453235	2.126580	595.097043	0.095106	1586.356191	2.128706	3031.133266	5.526133	1284.616275	2.240611	6379.718584	12.412713
G364	3127.876890	4.835307	571.458659	0.091378	2556.418231	4.836171	4884.681249	11.033268	2070.163361	4.545105	10280.937525	24.250215
G365	3259.836786	3.330035	460.828809	0.102872	2799.007978	3.331624	5348.210093	9.170135	2266.610249	3.695561	11256.540814	20.761204
G366	3388.127778	2.623827	391.109450	0.083387	2997.018328	2.625152	5726.558765	8.666551	2426.957162	3.439755	12052.862798	19.995214
G385	4086.374131	4.464259	416.354018	0.068221	3670.020113	4.464780	7012.498274	12.152348	2971.947657	4.902849	14759.418881	27.473599
G386	749.581208	1.068704	436.371917	0.073374	313.209291	1.071220	598.465279	2.176020	253.633928	0.912339	1259.608115	4.659235
G387	3949.371071	3.765066	548.595332	0.086493	3400.775739	3.766060	6498.039048	10.774781	2753.916104	4.326275	13676.620865	24.508530
G388	5480.078639	3.740188	548.531965	0.087930	4931.546674	3.741222	9422.962674	13.650780	3993.519962	5.383192	19832.796782	31.735138
G389	4587.739062	4.706439	580.775973	0.063339	4006.963089	4.706865	7656.312739	13.044934	3244.800900	5.253560	16114.474811	29.559247
G390	3267.801506	3.622066	594.535886	0.068641	2673.265620	3.622716	5107.947633	9.362468	2164.785274	3.797953	10750.853089	21.016149
G391	3409.497006	3.050683	490.630076	0.090100	2918.866930	3.052013	5577.230827	9.021404	2363.670898	3.611738	11738.567734	20.595154
G392	3428.077779	3.355022	327.657385	0.084121	3100.420394	3.356076	5924.134471	9.725051	2510.691179	3.900269	12468.706407	22.153021
G393	3685.697467	4.441497	484.572589	0.074700	3201.124878	4.442125	6116.555765	11.358982	2592.240720	4.613300	12873.701370	25.457904
G394	3498.740490	2.832362	400.318515	0.068429	3098.421975	2.833188	5920.315988	9.093520	2509.072878	3.616598	12460.669529	20.928850
G395	3372.853610	2.339613	516.846706	0.088960	2856.006904	2.341303	5457.120905	8.085332	2312.767441	3.199300	11485.768720	18.721987
G396	4413.380908	2.887861	500.462593	0.084176	3912.918315	2.889087	7476.616499	10.752519	3168.644329	4.235435	15736.262657	25.030375
G415	6660.726023	6.005507	489.906988	0.100339	6170.819035	6.006345	11790.904817	18.532861	4997.071026	7.393197	24816.676793	42.496071
G416	5355.907777	4.288462	486.321954	0.091702	4869.585823	4.289442	9304.570853	14.108168	3943.344650	5.601015	19583.613908	32.539639
G417	4203.925118	4.810352	478.500709	0.074063	3725.424409	4.810922	7118.362143	12.715356	3016.813533	5.145578	14982.233794	28.633555
G418	4284.683715	3.907179	502.461045	0.080943	3782.222670	3.908018	7226.889533	11.632273	3062.808229	4.654219	15210.654700	26.575302
G419	4771.369505	4.275736	521.093703	0.072541	4250.275801	4.276351	8121.222991	12.931469	3441.833238	5.167156	17092.985590	29.592185
G420	6022.059098	4.274078	515.852228	0.065204	5506.206870	4.274575	10520.995794	15.339747	4458.874367	6.055221	22143.860561	35.620526
G421	6594.733653	5.097258	508.104659	0.080475	6086.628994	5.097893	11630.038528	17.346427	4928.894726	6.870523	24478.096611	40.120262
G422	4811.417080	3.566307	615.067483	0.068069	4196.349597	3.566957	8018.183389	12.015653	3398.164307	4.762353	16876.114998	27.768434
G423	4062.529352	3.292416	355.418675	0.081128	3707.110678	3.293415	7083.369144	10.771364	3001.983246	4.278008	14908.582962	24.831509
G424	3449.915814	2.706358	429.577537	0.074924	3020.338276	2.707395	5771.117404	8.802877	2445.841436	3.497678	12146.646723	20.283158
G425	3662.897499	2.487512	448.469556	0.073830	3214.427944	2.488608	6141.974624	8.948151	2603.013417	3.531781	12927.201219	20.781432
G426	2534.826567	1.915444	473.440990	0.069799	2061.385577	1.916715	3938.796615	6.086291	1669.290589	2.422541	8290.105303	13.994013
G445	5579.200352	3.811573	503.760948	0.073648	5075.439405	3.812285	9697.905997	14.011098	4110.042938	5.522959	20411.478375	32.588744
G446	5489.987592	5.078802	491.188513	0.089355	4998.799079	5.079588	9551.465340	15.269547	4047.980325	6.104428	20103.260262	34.921244
G447	4767.188215	4.082795	390.205751	0.075325	4376.982464	4.083490	8363.328000	12.938905	3544.439098	5.150941	17602.551382	29.744137
G448	3965.164222	4.727948	426.594878	0.083103	3538.569343	4.728678	6761.328453	12.299103	2865.500064	4.985722	14230.774101	27.633634
G449	4826.932839	4.066608	455.149118	0.071022	4371.783721	4.067229	8353.394492	12.910400	3540.229205	5.138896	17581.644026	29.683496
G450	4885.100109	5.482199	448.752280	0.075763	4436.347829	5.482722	8476.760489	14.805213	3592.512610	5.977939	17841.296200	33.436461
G451	3419.040953	2.616103	599.454356	0.050064	2819.586597	2.616582	5387.530732	8.319013	2283.274621	3.310923	11339.300160	19.129831
G452	4828.933223	3.783536	482.575246	0.047520	4346.357977	3.783835	8304.812201	12.542830	3519.639677	4.976822	17479.391396	28.948384
G453	3937.353390	2.844164	646.716439	0.063980	3290.636951	2.844883	6287.591138	9.474373	2664.726753	3.758079	13233.684735	21.874992
G454	4723.688588	3.233709	664.920759	0.044277	4058.767828	3.234012	7755.298748	11.392674	3286.751889	4.502273	16322.813682	26.419743
G455	5591.282116	3.278457	508.903693	0.038568	5082.378423	3.278684	9711.164739	13.523627	4115.662089	5.298984	20439.384455	31.671643
G456	3986.860575	3.044719	386.618525	0.039358	3600.242050	3.044974	6879.169699	10.292247	2915.442040	4.078348	14478.798165	23.792128
G475	6517.121463	5.480894	514.397586	0.078928	6002.723878	5.481463	11469.716659	17.608894	4860.949154	7.002805	24140.662286	40.530262
G476	5932.291391	7.369223	480.892342	0.101174	5451.399049	7.369918	10416.271639	19.067321	4414.491510	7.733873	21923.444441	42.807613
G477	4419.281927	4.900296	499.099161	0.068357	3920.182766	4.900773	7490.497063	13.158518	3174.527013	5.316155	15765.477504	29.695049
G478	4136.977160	5.153370	481.918937	0.078692	3655.058223	5.153971	6983.909812	13.087130	2959.831660	5.319383	14699.247874	29.300107
G479	2211.518157	2.982505	293.908378	0.067054	1917.609780	2.983259	3664.076723	7.276109	1552.862305	2.971527	7711.893972	16.186099
G480	4476.305973	4.599148	440.166338	0.070661	4036.139635	4.599691	7712.061882	12.955065	3268.427791	5.209307	16231.811732	29.413448
G481	3685.565570	3.432015	491.371314	0.043917	3194.194256	3.432296	6103.313066	9.987396	2586.628368	4.003993	12845.829058	22.761235
G482	4149.254685	3.012340	301.181218	0.050158	3848.073467	3.012758	7352.714076	10.746296	3116.133583	4.243561	15475.481450	24.943304
G483	2336.350031	2.079381	501.937405	0.043885	1834.412626	2.079844	3505.107594	5.874184	1485.490035	2.361425	7377.306801	13.341296
G484	3919.533834	2.905807	622.945486	0.038419	3296.588348	2.906061	6298.962781	9.553339	2669.546137	3.792861	13257.618977	22.033250
G485	3344.128978	2.390734	618.097931	0.036415	2726.031048	2.391011	5208.769278	7.886497	2207.514219	3.130349	10963.055480	18.194115
G486	2157.027380	1.777545	395.646780	0.033811	1761.380600	1.777867	3365.561506	5.365867	1426.349389	2.144435	7083.599894	12.276753
G505	5999.038407	4.747788	377.652325	0.033895	5621.386083	4.747909	10741.074704	16.063222	4552.145406	6.364723	22607.067352	37.135400
G506	6898.663271	5.043719	311.029168	0.044439	6587.634104	5.043915	12587.335043	18.281436	5334.603936	7.212132	26492.947768	42.480936
G507	1783.023696	2.212375	595.953198	0.069007	1187.070498	2.213451	2268.197330	5.071837	961.278488	2.088076	4773.944062	11.156910
G508	3883.433515	3.572973	385.914923	0.052053	3497.518592	3.573353	6682.890647	10.707159	2832.257553	4.281648	14065.683660	24.478913
G509	4676.822601	4.185514	419.288496	0.060590	4257.534105	4.185953	8135.091809	12.836408	3447.710944	5.123293	17122.175714	29.416109
G510	4965.106305	4.565842	532.701105	0.058257	4432.405200	4.566214	8469.227103	13.615237	3589.319906	5.446813	17825.440453	31.111386
G511	3512.110405	2.921102	492.299230	0.034137	3019.811175	2.921302	5770.110244	9.048136	2445.414594	3.608422	12144.526922	20.755176
G512	3583.308390	2.648681	293.188877	0.032914	3290.119513	2.648886	6286.602441	9.263562	2664.307735	3.662552	13231.603794	21.470701
G513	2787.729235	2.509707	403.566205	0.035226	2384.163031	2.509954	4555.544281	7.389868	1930.672725	2.959565	9588.192915	16.863273
G514	3485.097397	3.089777	496.385329	0.029188	2988.712068	3.089915	5710.687563	9.194029	2420.230831	3.678755	12019.458195	21.004083
G515	4075.380667	2.713552	469.274409	0.038628	3606.106258	2.713827	6890.374748	9.960066	2920.190821	3.926422	14502.381773	23.164179
G516	2606.429011	2.248485	382.064504	0.035904	2224.364507	2.248772	4250.208931	6.780643	1801.269388	2.710058	8945.544298	15.512140
G535	4642.332191	4.312004	350.727710	0.039619	4291.604481	4.312186	8200.191848	13.050276	3475.300813	5.214282	17259.193751	29.866506
G536	4997.400561	4.594358	441.366000	0.045040	4556.034561	4.594579	8705.452152	13.874539	3689.433796	5.544627	18322.630515	31.745782
G537	6032.692506	4.682585	429.742599	0.085243	5602.949907	4.683361	10705.847745	15.957874	4537.215965	6.319969	22532.924099	36.912720
G538	4878.517566	6.148109	335.745228	0.042881	4542.772338	6.148259	8680.111334	15.898740	3678.694173	6.449023	18269.294922	35.691316
G539	5150.179468	3.596132	473.922194	0.043921	4676.257274	3.596400	8935.167943	12.993248	3786.789015	5.126889	18806.120342	30.185952
G540	3409.400706	3.321640	564.265120	0.044319	2845.135586	3.321936	5436.348513	9.236007	2303.963951	3.718449	11442.048433	20.936643
G541	4252.575413	3.641770	542.526002	0.040670	3710.049411	3.641997	7088.984335	11.178995	3004.363005	4.461439	14920.401425	25.620379
G542	3807.421833	3.279804	601.852531	0.038971	3205.569301	3.280036	6125.047956	9.819447	2595.839772	3.926962	12891.575144	22.447300
G543	3988.263961	3.075849	372.033811	0.037241	3616.230150	3.076075	6909.718993	10.356978	2928.389052	4.105082	14543.096196	23.934248
G544	3824.322799	2.482577	507.932409	0.038396	3316.390390	2.482874	6336.799573	9.147039	2685.581644	3.605125	13337.255227	21.278722
G545	4388.865768	3.470318	390.315682	0.031776	3998.550086	3.470463	7640.237576	11.527477	3237.988129	4.573293	16080.640926	26.609514
G546	4088.502052	3.951156	531.168303	0.035600	3557.333749	3.951317	6797.182578	11.285985	2880.695303	4.532228	14306.237372	25.666363
G565	4065.349805	4.841685	435.913299	0.044738	3629.436506	4.841891	6934.953066	12.603406	2939.083435	5.108643	14596.207118	28.320514
G566	6667.965272	7.462939	540.835955	0.047788	6127.129317	7.463092	11707.424601	20.300662	4961.691505	8.190786	24640.973437	45.891339
G567	4568.159516	4.164463	388.440874	0.044070	4179.718642	4.164696	7986.405758	12.667845	3384.696717	5.059368	16809.231651	29.006199
G568	4017.238361	5.244516	473.909790	0.036340	3543.328571	5.244642	6770.422156	13.047712	2869.354042	5.315950	14249.913896	29.119168
G569	4067.535143	4.921466	360.841269	0.042031	3706.693874	4.921645	7082.572736	12.839024	3001.645723	5.202913	14906.906738	28.858973
G570	4988.629896	4.804742	512.479811	0.045771	4476.150085	4.804960	8552.812731	13.989647	3624.744102	5.608227	18001.365672	31.884388
G571	4087.821419	3.921479	500.578615	0.040319	3587.242804	3.921686	6854.331365	11.300887	2904.915373	4.534543	14426.520166	25.726430
G572	4243.868715	3.523614	462.078791	0.036220	3781.789924	3.523800	7226.062663	11.174366	3062.457795	4.448214	15208.914361	25.689676
G573	2628.784097	2.577637	376.915428	0.051432	2251.868669	2.578150	4302.762564	7.243367	1823.541999	2.913285	9056.155531	16.440579
G574	5682.526095	6.111817	439.617066	0.034593	5242.909029	6.111915	10017.898917	17.007135	4245.658260	6.846583	21084.977229	38.556576
G575	3626.813561	3.176998	335.470876	0.033772	3291.342685	3.177178	6288.939621	9.853707	2665.298249	3.929272	13236.522927	22.605950
G576	2881.181966	2.729983	334.393419	0.030946	2546.788548	2.730159	4866.281313	7.955015	2062.365334	3.188819	10242.210618	18.132169
G595	4232.320061	5.120849	408.967213	0.047110	3823.352848	5.121066	7305.479104	13.305539	3096.115059	5.394330	15376.064566	29.890328
G596	5516.179974	3.524273	493.989746	0.054953	5022.190227	3.524701	9596.160025	13.624144	4066.922256	5.355526	20197.330526	31.790550
G597	7309.224522	10.633986	520.572755	0.045328	6788.651767	10.634082	12971.429945	25.867824	5497.386142	10.567714	27301.364016	57.518956
G598	6343.312639	6.989609	564.056404	0.045405	5779.256235	6.989756	11042.725414	19.081604	4679.987166	7.696151	23241.960797	43.155592
G599	6249.070103	6.670112	296.982385	0.041674	5952.087718	6.670242	11372.963516	18.959106	4819.944470	7.617044	23937.022997	43.091822
G600	2891.716534	4.067904	415.456087	0.047184	2476.260446	4.068178	4731.519602	9.722273	2005.252343	3.980596	9958.573539	21.552746
G601	4015.173921	3.187918	402.987253	0.031308	3612.186668	3.188072	6901.992903	10.472147	2925.114679	4.157879	14526.834857	24.150708
G602	4018.118242	3.596809	341.375322	0.039797	3676.742920	3.597030	7025.343891	11.064055	2977.391723	4.414824	14786.455443	25.362192
G603	3489.283382	2.573880	644.481491	0.034836	2844.801891	2.574116	5435.710904	8.318380	2303.693727	3.306652	11440.706437	19.156475
G604	3631.637197	2.433467	478.557873	0.035475	3153.079324	2.433726	6024.752628	8.769881	2553.333884	3.460966	12680.480509	20.370522
G605	5232.511970	3.654277	457.432614	0.034223	4775.079355	3.654437	9123.992432	13.249708	3866.814204	5.226984	19203.545000	30.789312
G606	7011.501993	5.675522	394.831179	0.032447	6616.670814	5.675615	12642.816995	19.001728	5358.117589	7.534421	26609.722323	43.891424
G625	6625.715335	8.142582	477.967351	0.038877	6147.747984	8.142675	11746.821760	21.266038	4978.388307	8.616823	24723.893838	47.808635
G626	7121.330392	10.906833	310.066267	0.041234	6811.264125	10.906911	13014.636554	26.311808	5515.697417	10.760152	27392.302284	58.423916
G627	5648.299661	4.844107	504.620715	0.048015	5143.678946	4.844345	9828.294838	15.258019	4165.302675	6.076964	20685.911743	35.055797
G628	4541.347955	4.992566	415.716759	0.046467	4125.631196	4.992783	7883.058062	13.625794	3340.897213	5.495837	16591.712605	30.815329
G629	6137.894973	6.585278	451.156749	0.039090	5686.738224	6.585394	10865.946439	18.389327	4605.066953	7.400502	22869.888699	41.708150
G630	5642.068961	5.413318	485.103241	0.038564	5156.965719	5.413456	9853.682566	15.965023	4176.062178	6.392897	20739.346069	36.437894
G631	3975.269881	4.194339	342.764111	0.072027	3632.505770	4.194957	6940.817667	11.731381	2941.568896	4.720449	14608.550522	26.612277
G632	5953.188681	4.475940	466.178592	0.260477	5487.010089	4.483513	10484.315506	15.518221	4443.328994	6.139533	22066.658440	35.939432
G633	3406.111180	2.891808	493.418319	0.038294	2912.692861	2.892062	5565.433712	8.815572	2358.671195	3.520208	11713.737987	20.189786
G634	4462.967263	4.410946	525.207617	0.032956	3937.759646	4.411069	7524.082122	12.540576	3188.760605	5.038219	15836.165001	28.504006
G635	4125.374128	3.291016	579.558082	0.042097	3545.816047	3.291285	6775.175105	10.462580	2871.368376	4.164098	14259.917573	24.058705
G636	3680.848829	2.941235	407.663913	0.040506	3273.184916	2.941514	6254.244627	9.548202	2650.594259	3.794280	13163.499316	21.997297
G655	6613.896995	5.245935	494.736597	0.065004	6119.160398	5.246337	11692.197972	17.570225	4955.238349	6.966657	24608.925488	40.585927
G656	4077.080378	4.731593	446.016248	0.050265	3631.064131	4.731860	6938.063052	12.452532	2940.401470	5.041534	14602.752801	28.024874
G657	4390.675096	4.375138	441.705582	0.041560	3948.969514	4.375335	7545.501400	12.514447	3197.838250	5.024912	15881.246807	28.464691
G658	5999.630004	6.386891	454.606909	0.049571	5545.023095	6.387083	10595.163972	17.886407	4490.307379	7.196147	22299.964587	40.581573
G659	4197.496638	4.143744	579.463957	0.047380	3618.032681	4.144015	6913.163183	11.640051	2929.848725	4.681734	14550.345287	26.419196
G660	4398.941989	4.459734	561.899953	0.051498	3837.042036	4.460032	7331.635748	12.429696	3107.200434	5.003094	15431.117250	28.184481
G661	3803.836170	2.522640	626.693047	0.041507	3177.143124	2.522981	6070.732580	8.909160	2572.820522	3.520287	12777.255917	20.664067
G662	3632.200295	2.755276	468.500836	0.036235	3163.699459	2.755515	6045.045070	9.131287	2561.933969	3.623247	12723.190632	21.074126
G663	4296.524152	3.134226	385.398640	0.036425	3911.125512	3.134437	7473.190896	10.997015	3167.192534	4.347024	15729.052687	25.494541
G664	2992.112662	2.352045	346.303371	0.034927	2645.809291	2.352304	5055.485396	7.689610	2142.551398	3.054152	10640.434220	17.726310
G665	3746.334809	2.946430	471.572668	0.041211	3274.762141	2.946718	6257.258313	9.557064	2651.871481	3.798034	13169.842312	22.016091
G666	3502.810054	2.506261	510.232397	0.026148	2992.577657	2.506397	5718.073746	8.528559	2423.361149	3.377964	12035.004118	19.725585
G685	5171.079176	4.637111	556.036926	0.043647	4615.042250	4.637317	8818.201213	14.033984	3737.217666	5.607335	18559.936900	32.117732
G686	4381.780461	4.664683	518.388779	0.047224	3863.391682	4.664922	7381.983386	12.745650	3128.538129	5.140250	15537.085459	28.829098
G687	4180.224308	6.227487	392.356315	0.042493	3787.867993	6.227632	7237.676346	14.879003	3067.379758	6.092127	15233.358033	32.982852
G688	5549.998568	5.179328	372.640279	0.048082	5177.358289	5.179551	9892.647710	15.716478	4192.575889	6.278208	20821.357195	35.977936
G689	6330.714500	5.712116	421.051079	0.041834	5909.663421	5.712270	11291.901205	17.701443	4785.589674	7.059104	23766.408680	40.606642
G690	6430.399625	6.989809	421.730546	0.043975	6008.669079	6.989947	11481.076465	19.471922	4865.763522	7.837997	24164.571615	44.150469
G691	2749.079957	2.783353	539.566833	0.039052	2209.513125	2.783627	4221.831623	7.445663	1789.242879	3.009294	8885.817713	16.794193
G692	2644.426650	2.674753	579.942854	0.036740	2064.483797	2.675005	3944.716545	7.058767	1671.799498	2.856987	8302.565160	15.892018
G693	4307.900090	2.945135	605.816264	0.037022	3702.083826	2.945368	7073.764078	10.386889	2997.912549	4.104524	14888.366885	24.089196
G694	3788.572659	3.081040	437.361653	0.037872	3351.211006	3.081272	6403.333134	9.854725	2713.779050	3.920376	13477.290442	22.673508
G695	4744.410669	3.957770	327.466526	0.036938	4416.944143	3.957943	8439.684858	12.871812	3576.799688	5.114320	17763.261989	29.659179
G696	5455.972670	4.015239	349.197053	0.031781	5106.775617	4.015365	9757.781727	14.278968	4135.418707	5.639616	20537.500649	33.135770
G715	6908.169748	5.344091	508.052254	0.043774	6400.117494	5.344271	12229.037307	18.222495	5182.754755	7.216518	25738.827601	42.153407
G716	7194.313697	5.542311	475.532525	0.044559	6718.781172	5.542490	12837.924567	19.057426	5440.805595	7.542997	27020.371178	44.113688
G717	6234.842800	6.555761	513.744965	0.040951	5721.097835	6.555888	10931.599134	18.410090	4632.891042	7.404882	23008.069928	41.783753
G718	5342.825468	5.536266	571.346636	0.066425	4771.478832	5.536664	9117.112725	15.444239	3863.898534	6.215937	19189.065071	35.023908
G719	4794.915530	4.728808	422.108198	0.039279	4372.807333	4.728972	8355.350360	13.710576	3541.058116	5.498419	17585.760600	31.233633
G720	5002.575070	5.324874	451.887406	0.062391	4550.687665	5.325240	8695.235560	14.788320	3685.103930	5.954512	18301.127342	33.518006
G721	3225.147462	2.706717	470.197799	0.039524	2754.949663	2.707006	5264.025580	8.304202	2230.932241	3.314291	11079.355102	19.030730
G722	3899.032602	3.595475	437.544544	0.034694	3461.488058	3.595642	6614.045232	10.669224	2803.080367	4.270030	13920.782618	24.367032
G723	4095.700129	3.062508	558.274626	0.035051	3537.425503	3.062709	6759.142857	10.189825	2864.573793	4.042143	14226.174011	23.524957
G724	7472.520348	10.456451	471.653409	0.036315	7000.866939	10.456514	13376.920511	25.918033	5669.235987	10.564243	28154.812371	57.808340
G725	4375.424136	3.670800	514.385299	0.045199	3861.038837	3.671079	7377.487682	11.493623	3126.632817	4.579804	15527.623215	26.392079
G726	4876.184083	3.964642	631.469806	0.044857	4244.714278	3.964895	8110.596299	12.553442	3437.329569	4.997784	17070.619267	28.855970
G727	3027.384940	3.141010	358.892538	0.027127	2668.492402	3.141127	5098.827196	8.696055	2160.919967	3.502516	10731.657028	19.702204
G728	2258.877314	2.696998	376.882260	0.051970	1881.995054	2.697499	3596.025814	6.801655	1524.021836	2.766818	7568.665150	15.211534
G729	3102.918217	2.828717	413.692056	0.046471	2689.226161	2.829099	5138.444267	8.332933	2177.709969	3.337133	10815.040286	19.016148
G730	2422.780312	2.198332	502.936014	0.037556	1919.844299	2.198653	3668.346335	6.176202	1554.671797	2.484108	7720.880353	14.018126
G731	2955.924936	2.353517	537.942535	0.034427	2417.982400	2.353769	4620.164709	7.262220	1958.059332	2.897085	9724.201501	16.652256
G732	1842.540624	1.361039	444.362547	0.038294	1398.178077	1.361577	2671.571558	4.199945	1132.231413	1.675498	5622.938095	9.630239
G733	2838.736423	2.201281	349.058678	0.034112	2489.677745	2.201546	4757.156733	7.222520	2016.117545	2.867899	10012.532788	16.654673
G734	3480.197488	2.967834	308.714144	0.040178	3171.483344	2.968106	6059.918145	9.386005	2568.237286	3.737110	12754.494447	21.572702
G735	3113.608550	2.467335	346.666992	0.037381	2766.941558	2.467618	5286.939118	8.050179	2240.643165	3.197830	11127.581924	18.554238
G736	3191.785363	2.341730	527.483117	0.033026	2664.302245	2.341963	5090.820846	7.713556	2157.526818	3.062018	10714.805819	17.792959
G737	3741.035586	2.802764	446.647703	0.038242	3294.387882	2.803025	6294.758237	9.435993	2667.764221	3.740085	13248.769547	21.805609
G738	3378.932564	2.291702	564.978940	0.046137	2813.953624	2.292166	5376.767517	7.950813	2278.713092	3.145170	11316.646494	18.416730
G739	3026.483971	2.674758	401.680055	0.037262	2624.803916	2.675018	5015.349334	8.027311	2125.541443	3.209611	10555.958627	18.355037
G740	3225.502829	2.204925	571.133040	0.052254	2654.369789	2.205544	5071.842385	7.545876	2149.483608	2.987664	10674.861274	17.460243
G741	4234.448702	2.668233	479.027817	0.035631	3755.420885	2.668471	7175.677969	10.218811	3041.104396	4.018906	15102.868160	23.831025
G742	2852.918670	2.582162	352.969187	0.029295	2499.949483	2.582329	4776.783475	7.687684	2024.435501	3.075893	10053.841793	17.563748
G743	3104.912737	2.154346	292.765516	0.033400	2812.147222	2.154605	5373.315930	7.805484	2277.250285	3.079397	11309.381834	18.137152
G744	7783.271639	5.437969	360.436121	0.031328	7422.835518	5.438059	14183.197817	20.355978	6010.942160	8.015665	29851.808794	47.403600
G745	1359.123665	1.551952	440.582259	0.030780	918.541406	1.552258	1755.104829	3.672720	743.826163	1.505646	3694.022635	8.127458
G746	3497.205674	3.114861	480.195966	0.039559	3017.009709	3.115112	5764.757337	9.276101	2443.145993	3.711351	12133.260495	21.193301
G747	4704.678354	4.359816	555.093496	0.036669	4149.584858	4.359970	7928.827570	12.851308	3360.294663	5.146306	16688.045084	29.329593
G748	3328.990714	2.721456	521.910528	0.038879	2807.080186	2.721733	5363.634082	8.418079	2273.147047	3.357532	11289.004153	19.307252
G749	3036.013442	3.046667	563.798486	0.043023	2472.214956	3.046971	4723.789673	8.239123	2001.976343	3.326268	9942.304121	18.610792
G750	4013.719661	4.919638	566.893342	0.046504	3446.826318	4.919858	6586.030284	12.427340	2791.207428	5.054234	13861.818702	27.800680
G751	3452.289901	2.514385	529.295934	0.049572	2922.993967	2.514874	5585.116571	8.402541	2367.012933	3.332181	11755.165099	19.405483
G752	3590.660156	2.557860	683.330070	0.055318	2907.330085	2.558458	5555.186777	8.420341	2354.328469	3.342765	11692.170950	19.422080
G753	2716.046524	2.761539	408.477514	0.040266	2307.569010	2.761832	4409.192103	7.580219	1868.647610	3.055684	9280.161025	17.155447
G754	4522.887002	4.510709	326.390637	0.034702	4196.496365	4.510842	8018.463825	13.123250	3398.283158	5.261261	16876.705242	29.907188
G755	3934.379756	3.696714	426.675624	0.035967	3507.704132	3.696889	6702.352688	10.877459	2840.505707	4.356554	14106.646012	24.820027
G756	4038.520510	3.268338	389.442547	0.032718	3649.077963	3.268502	6972.483019	10.632566	2954.988902	4.224523	14675.197553	24.500106
G757	4307.910278	3.651083	488.294172	0.037598	3819.616105	3.651276	7298.339115	11.393189	3093.089080	4.540979	15361.036812	26.153071
G758	4453.738598	3.582903	457.214262	0.056971	3996.524335	3.583356	7636.366869	11.649035	3236.347695	4.628609	16072.494131	26.840744
G759	2146.388702	2.186559	452.801381	0.052763	1693.587321	2.187195	3236.025363	5.780624	1371.451032	2.339277	6810.961225	13.017261
G760	1946.830717	1.884397	549.303330	0.039700	1397.527387	1.884815	2670.328251	4.881711	1131.704491	1.979826	5620.321270	10.961563
G761	4115.854693	3.380245	497.579147	0.038993	3618.275546	3.380470	6913.627238	10.701621	2930.045395	4.260580	14551.321998	24.598975
G762	3557.086838	4.284948	253.829023	0.033138	3303.257816	4.285076	6311.706480	11.301177	2674.947009	4.574342	13284.441030	25.441379
G763	3861.414151	3.605754	384.517689	0.046696	3476.896463	3.606056	6643.486872	10.709840	2815.557947	4.285951	13982.749334	24.462162
G764	1994.102926	1.950039	429.898044	0.046102	1564.204882	1.950584	2988.807609	5.243778	1266.678354	2.118262	6290.634482	11.835676
G765	3542.192492	3.328896	391.931049	0.037114	3150.261443	3.329103	6019.368355	9.780118	2551.051991	3.917587	12669.148067	22.312356
G766	5011.034975	3.072062	645.346365	0.045171	4365.688610	3.072394	8341.748246	11.851176	3535.293442	4.659098	17557.131817	27.650040
G767	4501.087965	3.343720	628.597580	0.049547	3872.490385	3.344087	7399.368752	11.145442	3135.906173	4.420685	15573.676968	25.734893
G768	2487.633620	2.330457	423.404073	0.041847	2064.229547	2.330833	3944.230736	6.597742	1671.593609	2.651741	8301.542664	14.988590
G769	3512.128061	2.500003	482.058279	0.035483	3030.069782	2.500254	5789.711899	8.595330	2453.721918	3.402104	12185.783122	19.895984
G770	3003.314845	2.440552	571.726098	0.038401	2431.588747	2.440854	4646.163064	7.391292	1969.077623	2.953072	9778.921030	16.916530
G771	3592.822461	2.753429	452.520270	0.050055	3140.302191	2.753884	6000.338695	9.084458	2542.987082	3.605821	12629.095761	20.958015
G772	2965.206000	2.885160	450.474052	0.033017	2514.731948	2.885349	4805.029100	8.097018	2036.406202	3.256984	10113.291221	18.375565
G773	3734.007240	3.011533	440.006061	0.037434	3294.001178	3.011766	6294.019341	9.667228	2667.451072	3.844752	13247.214370	22.249357
G774	3858.532862	3.536924	432.562212	0.035052	3425.970650	3.537098	6546.180274	10.533158	2774.318705	4.214280	13777.945172	24.065440
G775	650.482468	0.091683	574.948643	0.030925	75.533825	0.096759	144.326406	0.256726	61.166578	0.103848	303.768187	0.578426
G776	3862.021470	2.436161	594.513072	0.044434	3267.508398	2.436566	6243.398208	9.002607	2645.997468	3.547607	13140.670528	20.946787
G777	2173.898060	2.512808	403.616727	0.042395	1770.281333	2.513165	3382.568599	6.362928	1433.557119	2.587131	7119.395242	14.239311
G778	2792.964062	2.009141	430.247918	0.038432	2362.716144	2.009509	4514.564600	6.766568	1913.305239	2.681972	9501.941731	15.637185
G779	2674.497237	2.492620	445.105450	0.034103	2229.391786	2.492854	4259.814816	7.094156	1805.340432	2.849839	8965.762096	16.126483
G780	2414.809385	2.339019	414.986098	0.040695	1999.823287	2.339373	3821.166347	6.497711	1619.438027	2.616253	8042.525292	14.727525
G781	4740.486306	3.388023	567.823825	0.042361	4172.662481	3.388288	7972.923183	11.778647	3378.982703	4.658724	16780.854464	27.287790
G782	3317.991646	3.006021	510.869663	0.038105	2807.121982	3.006263	5363.713944	8.764454	2273.180893	3.513112	11289.172241	19.978405
G783	4182.225766	4.471368	403.590142	0.046394	3778.635624	4.471609	7220.035579	12.345094	3059.903473	4.973593	15196.228972	27.959934
G784	2982.913944	2.344839	464.522975	0.036774	2518.390969	2.345128	4812.020582	7.439615	2039.369243	2.961421	10128.006404	17.104174
G785	3982.469155	3.248210	268.411492	0.056281	3714.057663	3.248698	7096.643110	10.735031	3007.608849	4.260456	14936.521082	24.769485
G786	3793.886086	2.831060	419.442280	0.045710	3374.443806	2.831429	6447.725254	9.622429	2732.592753	3.811541	13570.723890	22.253360
G787	4548.736564	3.358038	377.970042	0.037819	4170.766522	3.358251	7969.300476	11.743454	3377.447374	4.643053	16773.229642	27.218343
G788	2734.838731	2.137713	357.205037	0.035828	2377.633694	2.138014	4543.068338	6.937259	1925.385330	2.756819	9561.934419	15.981607
G789	4043.247260	3.005088	437.164432	0.030979	3606.082828	3.005247	6890.329978	10.260940	2920.171847	4.063198	14502.287543	23.738771
G790	2306.150613	2.681821	338.464477	0.048675	1967.686136	2.682262	3759.760221	6.913588	1593.413665	2.805371	7913.281946	15.513066
G791	2716.384440	2.226842	405.029245	0.035891	2311.355195	2.227132	4416.426563	6.915029	1871.713627	2.757196	9295.387614	15.865893
G792	2813.060511	2.181302	502.329997	0.030854	2310.730514	2.181520	4415.232952	6.860569	1871.207766	2.732749	9292.875385	15.760128
G793	3692.359864	3.271411	312.621341	0.042007	3379.738523	3.271681	6457.842145	10.129157	2736.880365	4.039669	13592.017218	23.233952
G794	2741.616991	2.953984	285.076638	0.043001	2456.540353	2.954297	4693.839394	8.088449	1989.283198	3.261358	9879.266856	18.299902
G795	4240.205795	2.995326	362.116656	0.036327	3878.089140	2.995546	7410.066582	10.788648	3140.439991	4.257793	15596.193019	25.058744
G796	4056.522323	3.131315	371.593199	0.047685	3684.929124	3.131678	7040.985695	10.550662	2984.020833	4.181676	14819.377225	24.383049
G797	3073.839950	2.350883	526.994234	0.054220	2546.845716	2.351508	4866.390547	7.500584	2062.411629	2.984461	10242.440528	17.252953
G798	3319.192262	2.828766	402.158567	0.037445	2917.033695	2.829014	5573.727969	8.748607	2362.186361	3.489403	11731.195162	20.065047
G799	3393.305762	2.643492	234.821879	0.036262	3158.483883	2.643740	6035.079399	8.999649	2557.710445	3.564453	12702.215580	20.815850
G800	3076.971510	2.289541	572.681887	0.037472	2504.289623	2.289847	4785.076408	7.349731	2027.950106	2.923068	10071.296180	16.915526
G801	4415.435862	3.974280	504.370355	0.031281	3911.065508	3.974403	7473.076243	11.947064	3167.143943	4.776181	15728.811373	27.322718
G802	3237.485762	3.644486	300.104216	0.033632	2937.381546	3.644641	5612.607665	9.822323	2378.663858	3.966786	11813.026443	22.177182
G803	4027.684475	2.683707	304.760595	0.038394	3722.923880	2.683981	7113.584253	10.167387	3014.788629	4.001023	14972.177622	23.695120
G804	4293.519398	3.789482	374.327843	0.032769	3919.191556	3.789624	7488.603106	11.740886	3173.724340	4.682193	15761.491234	26.932708
G805	5068.919758	4.593425	568.014010	0.036865	4500.905748	4.593573	8600.114663	13.772891	3644.791004	5.507297	18100.923490	31.489939
G806	2684.984649	2.358373	539.586344	0.039661	2145.398305	2.358706	4099.324104	6.775510	1737.323304	2.719492	8627.972403	15.418857
G807	3676.135581	3.241501	542.590920	0.044524	3133.544660	3.241807	5987.426729	9.642215	2537.514898	3.858214	12601.919553	22.027067
G808	3559.594923	3.063187	555.168042	0.034294	3004.426882	3.063379	5740.714675	9.190090	2432.956539	3.674621	12082.657171	21.013190
G809	2029.135684	3.095423	456.508442	0.056140	1572.627242	3.095933	3004.900649	6.981893	1273.498701	2.880773	6324.505995	15.310585
G810	2970.381280	3.141179	423.093108	0.038174	2547.288173	3.141411	4867.235973	8.491902	2062.769926	3.428426	10244.219921	19.181009
G811	2786.029070	2.920127	410.464603	0.039707	2375.564467	2.920397	4539.114558	7.906960	1923.709689	3.191754	9553.612778	17.863487
G812	5194.411626	3.627752	524.699288	0.034536	4669.712338	3.627916	8922.662192	13.012132	3781.488987	5.136584	18779.799107	30.214407
G813	2854.065822	2.722675	462.798391	0.039795	2391.267431	2.722965	4569.119028	7.672577	1936.425801	3.085061	9616.764099	17.420882
G814	2236.065627	1.756823	416.337002	0.041199	1819.728626	1.757306	3477.050113	5.448772	1473.599070	2.172799	7318.253364	12.500039
G815	3645.704973	2.405025	462.025859	0.036708	3183.679115	2.405305	6083.221238	8.802669	2578.113306	3.470730	12803.541176	20.468480
G816	1934.576399	1.902522	538.206737	0.040096	1396.369662	1.902944	2668.116125	4.905488	1130.766976	1.990504	5615.665342	11.007388
G817	4957.126441	3.628462	403.281117	0.032690	4553.845324	3.628609	8701.269064	12.782447	3687.660973	5.051505	18313.826243	29.642592
G818	3020.982318	3.217504	443.164375	0.033241	2577.817943	3.217676	4925.570791	8.645991	2087.492646	3.492782	10366.998992	19.513532
G819	2795.407276	2.330697	389.284476	0.065359	2406.122799	2.331613	4597.503953	7.214062	1948.455539	2.877230	9676.506716	16.546360
G820	3997.517588	3.893974	520.050545	0.037027	3477.467043	3.894150	6644.577109	11.073014	2816.019998	4.448545	13985.043990	25.168863
G821	2679.878497	3.081836	589.847288	0.034024	2090.031209	3.082024	3993.531314	7.679287	1692.487551	3.128159	8405.307092	17.142386
G822	3202.044085	4.032484	420.661689	0.033680	2781.382396	4.032625	5314.531979	10.118893	2252.337219	4.118538	11185.657459	22.613331
G823	2735.354187	2.882110	304.948413	0.046708	2430.405774	2.882488	4643.902694	7.948745	1968.119662	3.202752	9774.163562	18.000209
G824	2343.397502	3.264468	406.861562	0.040636	1936.535940	3.264721	3700.239921	7.730970	1568.188531	3.169000	7788.007757	17.110628
G825	1283.651149	1.498637	356.800504	0.042182	926.850645	1.499231	1770.981724	3.603245	750.554906	1.474227	3727.439220	7.995675
G826	3386.836425	3.204585	556.742679	0.036798	2830.093746	3.204796	5407.607286	9.057472	2291.783210	3.640880	11381.555897	20.572733
G827	3717.194738	2.703111	393.118205	0.042882	3324.076534	2.703451	6351.485887	9.387695	2691.805811	3.713308	13368.165961	21.746832
G828	2283.921304	2.350425	435.370785	0.031349	1848.550519	2.350634	3532.121602	6.259055	1496.938767	2.530900	7434.164007	14.109057
G829	4875.009760	4.474976	562.606987	0.039702	4312.402773	4.475153	8239.932226	13.286578	3492.143073	5.317284	17342.836536	30.346563
G830	5050.269792	3.640565	504.955134	0.035363	4545.314658	3.640737	8684.969076	12.778153	3680.752920	5.050973	18279.519160	29.624606
G831	2738.733552	2.889713	516.532500	0.035305	2222.201052	2.889929	4246.075106	7.612656	1799.517443	3.081740	8936.843709	17.134888
G832	2260.070015	2.065520	360.589107	0.029278	1899.480908	2.065727	3629.436945	5.970213	1538.181716	2.394944	7638.986575	13.595708
G833	2932.489401	3.103767	433.405534	0.033261	2499.083867	3.103945	4775.129498	8.360945	2023.734534	3.376776	10050.360616	18.876375
G834	4202.584697	3.696467	424.114838	0.032449	3778.469859	3.696610	7219.718843	11.370241	3059.769238	4.537003	15195.562329	26.064039
G835	2580.138332	2.208525	459.278163	0.036480	2120.860169	2.208826	4052.437811	6.544158	1717.452552	2.619444	8529.289392	14.943508
G836	3317.661290	3.055824	482.751503	0.033174	2834.909787	3.056004	5416.809548	8.876285	2295.683195	3.559121	11400.924177	20.224904
G837	4710.977312	3.246521	553.072816	0.036337	4157.904496	3.246724	7944.724334	11.602740	3367.031826	4.581231	16721.503486	26.934835
G838	2711.936426	2.756416	505.307210	0.036299	2206.629216	2.756655	4216.321190	7.404156	1786.907517	2.991236	8874.219735	16.709857
G839	2154.196069	2.408449	554.636135	0.034828	1599.559935	2.408700	3056.362345	5.950667	1295.308542	2.426457	6432.818996	13.265495
G840	2742.798681	2.548114	490.957228	0.042933	2251.841453	2.548476	4302.710562	7.204878	1823.519960	2.896096	9056.046080	16.365459
G841	2713.733523	2.438129	298.154440	0.035938	2415.579083	2.438394	4615.572566	7.359065	1956.113148	2.941017	9714.536277	16.836972
G842	3992.195412	3.214340	469.672447	0.040138	3522.522964	3.214591	6730.667801	10.330940	2852.505858	4.108342	14166.241694	23.779527
G843	3014.742661	2.745825	383.085726	0.035644	2631.656936	2.746056	5028.443755	8.126750	2131.090954	3.253224	10583.518854	18.555116
G844	3171.321443	2.443033	554.968736	0.035732	2616.352707	2.443295	4999.201170	7.737005	2118.697734	3.080225	10521.971094	17.784917
G845	2870.838071	2.489664	479.052149	0.039256	2391.785922	2.489974	4570.109736	7.378879	1936.845671	2.953499	9618.849273	16.850014
G846	3765.616193	2.587713	601.943477	0.039319	3163.672717	2.588012	6044.993973	8.950511	2561.912313	3.541305	12723.083086	20.727693
G847	1658.447546	1.947341	479.532966	0.038148	1178.914580	1.947714	2252.613392	4.645328	954.673903	1.902426	4741.144074	10.294319
G848	1759.400107	1.463766	443.155646	0.032396	1316.244460	1.464124	2515.016736	4.178602	1065.882344	1.678166	5293.432390	9.502016
G849	4776.272616	6.340944	355.183649	0.030776	4421.088967	6.341019	8447.604590	15.984175	3580.156128	6.502350	17779.930890	35.746193
G850	3391.199900	3.512979	401.243108	0.033149	2989.956791	3.513135	5713.065921	9.735212	2421.238796	3.920694	12024.463997	22.059186
G851	3250.102355	3.306995	526.174844	0.028356	2723.927511	3.307116	5204.749941	9.010630	2205.810795	3.634952	10954.595859	20.373618
G852	3169.282494	3.313166	531.304760	0.035910	2637.977734	3.313361	5040.521234	8.875789	2136.209477	3.586752	10608.938692	20.023943
G853	3186.177419	3.413873	334.820316	0.040744	2851.357103	3.414116	5448.236290	9.368453	2309.002077	3.776625	11467.068999	21.201965
G854	3994.035038	3.365092	357.801194	0.040416	3636.233844	3.365335	6947.941092	10.718041	2944.587855	4.265167	14623.543413	24.650367
G855	3659.970337	2.880622	369.166080	0.037289	3290.804257	2.880864	6287.910818	9.514307	2664.862235	3.776129	13234.357574	21.951824
G856	3467.808124	3.070772	304.203001	0.042185	3163.605123	3.071061	6044.864818	9.491555	2561.857577	3.785906	12722.811250	21.767760
G857	4362.548863	3.149472	459.492648	0.041055	3903.056215	3.149740	7457.772471	10.997035	3160.658093	4.348372	15696.601057	25.485342
G858	5390.390824	4.156859	474.359424	0.037423	4916.031400	4.157028	9393.316833	14.052917	3980.955840	5.568481	19770.400277	32.485841
G859	4318.437291	4.108524	423.318397	0.037027	3895.118894	4.108691	7442.606220	12.083175	3154.230526	4.839665	15664.680187	27.569737
G860	3713.905625	3.330796	476.282763	0.033029	3237.622862	3.330959	6186.294361	9.939776	2621.796443	3.976171	13020.482319	22.714671
G861	4142.480353	4.250343	538.645532	0.030718	3603.834822	4.250454	6886.034596	11.755116	2918.351433	4.735090	14493.246922	26.629556
G862	4309.626727	2.941339	402.043150	0.035900	3907.583577	2.941558	7466.423138	10.793593	3164.324309	4.255064	15714.808380	25.102359
G863	4377.171832	3.629762	370.686453	0.032356	4006.485379	3.629906	7655.399954	11.720463	3244.414055	4.659304	16112.553645	26.989173
G864	5476.438606	4.104726	340.325807	0.033685	5136.112799	4.104864	9813.837806	14.429599	4159.175680	5.703201	20655.483589	33.457139
G865	2022.750381	2.783096	404.557144	0.040482	1618.193236	2.783390	3091.965963	6.545727	1310.397613	2.685561	6507.755016	14.469356
G866	2820.407331	3.298351	435.072695	0.038890	2385.334636	3.298580	4557.782928	8.447807	1931.621480	3.430372	9592.904664	18.937683
G867	3626.115140	3.461887	447.830789	0.040909	3178.284351	3.462129	6072.913183	9.996761	2573.744677	4.010523	12781.845498	22.762813
G868	2702.701836	3.080318	480.421311	0.036770	2222.280525	3.080538	4246.226959	7.880951	1799.581800	3.200576	8937.163320	17.664130
G869	4269.334738	3.647793	522.307103	0.038258	3747.027634	3.647994	7159.640549	11.254464	3034.307621	4.489723	15069.113713	25.806262
G870	2088.005855	3.284141	573.945115	0.039033	1514.060740	3.284373	2892.994588	7.220191	1226.072100	2.990000	6088.973897	15.749795
G871	5263.737039	3.934782	514.460211	0.031676	4749.276828	3.934909	9074.690201	13.489241	3845.919561	5.340144	19099.777092	31.217289
G872	4319.506460	4.635729	424.932067	0.037137	3894.574393	4.635878	7441.565814	12.759726	3153.789594	5.142177	15662.490412	28.887956
G873	3484.759810	3.088472	436.391074	0.034606	3048.368736	3.088666	5824.676662	9.300794	2468.540238	3.717714	12259.374526	21.274600
G874	4000.258063	3.412108	369.659699	0.033487	3630.598364	3.412272	6937.173087	10.761512	2940.024296	4.285665	14600.879665	24.727941
G875	3665.477559	3.008135	337.929682	0.032606	3327.547876	3.008312	6358.118762	9.727005	2694.616871	3.866436	13382.126375	22.401531
G876	2068.851942	2.275524	535.704920	0.035618	1533.147022	2.275803	2929.463740	5.655134	1241.527992	2.304357	6165.731633	12.618455
G877	2631.614513	2.637363	289.753822	0.031683	2341.860691	2.637553	4474.715000	7.476390	1896.416689	3.004492	9418.069065	16.987491
G878	3110.763107	2.848227	393.629064	0.032102	2717.134044	2.848408	5191.769310	8.406964	2200.309510	3.366182	10927.275129	19.189335
G879	3890.775629	3.440072	320.172168	0.028916	3570.603461	3.440194	6822.537706	10.682049	2891.440990	4.259184	14359.603083	24.509100
G880	3388.301069	2.784959	526.052864	0.035525	2862.248205	2.785185	5469.046484	8.595293	2317.821588	3.428819	11510.868848	19.709439
G881	3740.030951	2.682380	481.998253	0.035760	3258.032698	2.682618	6225.292496	9.235897	2638.324136	3.655292	13102.562883	21.381174
G882	3729.400729	2.673732	458.618169	0.037682	3270.782560	2.673997	6249.654321	9.251815	2648.648854	3.660416	13153.837958	21.426152
G883	2362.015084	2.421317	279.982998	0.041493	2082.032086	2.421672	3978.246973	6.746618	1686.009937	2.715682	8373.137674	15.297378
G884	3880.823271	3.567906	347.075713	0.033390	3533.747558	3.568062	6752.115216	10.766702	2861.595428	4.302920	14211.382722	24.632982
G885	4576.677731	3.597826	291.715341	0.031691	4284.962391	3.597965	8187.500461	12.221554	3469.922111	4.841237	17232.481801	28.263159
G886	2643.566255	3.209156	451.886057	0.054565	2191.680198	3.209619	4187.757324	8.020142	1774.801944	3.265909	8814.100496	17.911374
G887	3983.064155	3.390133	416.933632	0.035212	3566.130523	3.390316	6813.991032	10.615310	2887.818848	4.229805	14341.614638	24.375419
G888	4424.043911	3.564397	358.015717	0.032143	4066.028194	3.564542	7769.171506	11.761176	3292.631264	4.668197	16352.012099	27.133748
G889	4228.964146	3.534415	461.663167	0.035724	3767.300979	3.534595	7198.377883	11.159588	3050.724785	4.443819	15150.645361	25.645283
G890	3819.414031	3.322923	583.406335	0.038385	3236.007696	3.323145	6183.208179	9.927293	2620.488497	3.970809	13013.986739	22.688756
G891	3332.692328	2.916793	287.665108	0.038417	3045.027220	2.917046	5818.291853	9.090022	2465.834310	3.623386	12245.936223	20.863486
G892	5117.729004	4.397585	274.527173	0.029386	4843.201832	4.397683	9254.157590	14.179153	3921.979143	5.637317	19477.507575	32.646734
G893	4466.238325	3.252254	340.580779	0.030033	4125.657546	3.252393	7883.108410	11.544378	3340.918551	4.560083	16591.818573	26.786301
G894	3740.132408	3.623620	393.138526	0.025718	3346.993882	3.623711	6395.275256	10.499394	2710.364063	4.210865	13460.330780	23.916617
G895	4144.746456	2.981412	502.769257	0.038960	3641.977199	2.981667	6958.915219	10.306223	2949.238770	4.077844	14646.640991	23.866252
G896	1472.948962	1.949055	541.771800	0.043297	931.177162	1.949536	1779.248625	4.324122	754.058479	1.788375	3744.838819	9.450192
G897	3457.138977	3.236975	440.855497	0.028640	3016.283479	3.237102	5763.369693	9.426073	2442.557900	3.778718	12130.339879	21.483672
G898	2717.190984	3.685175	386.076498	0.038885	2331.114486	3.685380	4454.181668	8.933426	1887.714514	3.651127	9374.851934	19.852383
G899	3492.894049	3.084238	459.118334	0.031834	3033.775715	3.084402	5796.793017	9.269040	2456.722947	3.705654	12200.686967	21.197489
G900	481.108553	0.081592	479.156724	0.026213	1.951829	0.085699	3.729461	0.163815	1.580573	0.069421	7.849510	0.344827

# W module
# module name	LMS_Mean	LMS_Err	Pedestal_Mean	Pedestal_Err	module signal(LMS-Pedestal)	signal error	gain1(RefPMT1)	gain1 error	gain2(RefPMT2)	gain2 error	gain3(RefPMT3)	gain3 error
W1	4439.861884	3.062796	395.767481	0.034748	4044.094403	3.062993	7727.261472	11.189285	3274.869487	4.412196	16263.802772	26.014779
W2	2194.890340	1.423634	475.128491	0.033950	1719.761849	1.424039	3286.038393	4.883706	1392.646917	1.933319	6916.225175	11.302404
W3	2179.948694	1.135676	587.865078	0.033455	1592.083615	1.136169	3042.076953	4.336861	1289.254289	1.705919	6402.752096	10.111862
W4	2339.151978	1.112792	564.561048	0.038569	1774.590931	1.113460	3390.803171	4.694540	1437.046990	1.837636	7136.726796	11.006763
W5	2758.692874	1.537062	568.981711	0.035775	2189.711162	1.537479	4183.994984	5.940870	1773.207437	2.335343	8806.181785	13.862135
W6	920.758200	0.879418	525.489490	0.696263	395.268710	1.121677	755.260479	2.337162	320.084872	0.975834	1589.619753	5.036306
W7	3182.401899	1.596310	595.454679	0.029705	2586.947220	1.596587	4943.014576	6.820695	2094.885448	2.668356	10403.713457	16.002144
W8	1612.413066	1.105333	385.120775	0.028719	1227.292291	1.105706	2345.051201	3.583255	993.849717	1.424090	4935.700747	8.253971
W9	1175.453444	0.820924	441.963493	0.027769	733.489951	0.821394	1401.517391	2.335610	593.973241	0.938324	2949.816376	5.308816
W10	1463.775865	1.017962	441.731183	0.041046	1022.044682	1.018789	1952.873921	3.098103	827.642139	1.237366	4110.273271	7.093704
W11	2762.525561	1.524347	550.711359	0.037229	2211.814203	1.524802	4226.228413	5.974380	1791.106270	2.346823	8895.071769	13.951850
W12	1503.402308	0.887266	384.515605	0.040708	1118.886703	0.888199	2137.915006	3.137194	906.063894	1.239584	4499.734884	7.276596
W13	2294.866526	1.289975	580.023992	0.040816	1714.842534	1.290621	3276.638803	4.736487	1388.663303	1.867206	6896.441571	11.015634
W14	2454.752612	1.436161	512.624292	0.033505	1942.128320	1.436552	3710.925573	5.339421	1572.717187	2.103365	7810.498174	12.428353
W15	3599.732527	2.849057	521.620166	0.039698	3078.112361	2.849333	5881.509352	9.073560	2492.626345	3.610791	12378.992020	20.868002
W16	3284.204106	2.216457	545.470606	0.036782	2738.733500	2.216762	5233.040515	7.723436	2217.800546	3.054356	11014.139893	17.896049
W17	3695.690446	2.406695	295.126919	0.035658	3400.563526	2.406959	6497.633561	9.244302	2753.744256	3.635080	13675.767425	21.562254
W18	627.277902	0.497247	377.523646	0.041782	249.754256	0.498999	477.218444	1.120700	202.248640	0.462676	1004.416205	2.455538
W19	2238.666669	1.680038	344.928003	0.041124	1893.738666	1.680541	3618.464945	5.500356	1533.531702	2.184434	7615.893472	12.680916
W20	2135.835654	1.772888	257.055921	0.030575	1878.779733	1.773152	3589.882134	5.577443	1521.418100	2.221610	7555.734358	12.812769
W21	2221.498558	1.566002	499.611501	0.037552	1721.887057	1.566452	3290.099139	5.044418	1394.367891	2.005731	6924.771951	11.613233
W22	3160.248411	2.151344	504.071111	0.037167	2656.177299	2.151665	5075.296089	7.492430	2150.947313	2.963107	10682.130390	17.360050
W23	2291.209283	1.584731	468.231496	0.035582	1822.977787	1.585130	3483.258454	5.258692	1476.230210	2.086459	7331.320250	12.137683
W24	1801.529644	1.108714	361.079982	0.036589	1440.449662	1.109317	2752.342074	4.003889	1166.462544	1.579951	5792.938263	9.301215
W25	2317.463077	1.511910	313.023987	0.032918	2004.439089	1.512269	3829.986000	5.540044	1623.175861	2.184209	8061.088285	12.882918
W26	2987.625772	1.890090	621.703641	0.031093	2365.922130	1.890346	4520.690444	6.646358	1915.901416	2.626895	9514.834983	15.410782
W27	1943.920564	1.176511	643.836715	0.035635	1300.083849	1.177050	2484.137815	3.802285	1052.795633	1.511493	5228.440583	8.756030
W28	2110.886489	1.250062	558.676231	0.042166	1552.210258	1.250773	2965.888856	4.371488	1256.965220	1.728430	6242.396686	10.131595
W29	2485.000547	1.619474	670.573686	0.029954	1814.426861	1.619751	3466.919754	5.280718	1469.305751	2.097796	7296.931689	12.170431
W30	3050.086658	1.762479	510.169108	0.025575	2539.917550	1.762664	4853.152540	6.871530	2056.801265	2.699938	10214.578091	16.042171
W31	2720.582347	1.750100	487.859248	0.025293	2232.723099	1.750283	4266.180129	6.237477	1808.038098	2.463229	8979.159365	14.476913
W32	3857.286296	2.142931	575.284095	0.034966	3282.002201	2.143216	6271.092272	8.756129	2657.734413	3.432463	13198.959069	20.496015
W33	2611.013641	1.640618	466.545551	0.034918	2144.468090	1.640989	4097.546693	5.950184	1736.570024	2.347324	8624.231431	13.826961
W34	3645.995289	2.128949	397.738329	0.035810	3248.256960	2.129250	6206.613486	8.673322	2630.407836	3.400479	13063.248602	20.298947
W35	3069.194519	1.873090	455.294277	0.036759	2613.900242	1.873450	4994.515116	7.128043	2116.711751	2.804328	10512.108214	16.616467
W36	2254.450586	1.609152	536.214385	0.028738	1718.236202	1.609409	3283.123260	5.086688	1391.411463	2.025387	6910.089605	11.690612
W37	2714.739769	1.751362	533.168916	0.035983	2181.570853	1.751732	4168.440872	6.137507	1766.615491	2.426311	8773.444570	14.227236
W38	1578.109002	0.818779	461.297201	0.027055	1116.811802	0.819226	2133.950384	3.063695	904.383659	1.206468	4491.390423	7.134090
W39	2428.394243	1.359971	439.751064	0.024802	1988.643179	1.360197	3799.803933	5.361578	1610.384481	2.105461	7997.563168	12.525168
W40	2693.220454	1.300772	621.124562	0.031231	2072.095892	1.301147	3959.261371	5.482448	1677.963701	2.146115	8333.178098	12.853680
W41	1773.717390	1.051777	459.959770	0.028110	1313.757619	1.052153	2510.265000	3.693185	1063.868524	1.459840	5283.431266	8.562268
W42	1780.617138	1.046329	534.954320	0.029125	1245.662818	1.046735	2380.152722	3.553720	1008.725996	1.407758	5009.579989	8.217878
W43	3531.377735	1.951188	556.416333	0.022814	2974.961402	1.951321	5684.413451	7.944675	2409.095671	3.114877	11964.158269	18.593140
W44	2721.004535	1.648417	286.771278	0.031171	2434.233257	1.648712	4651.216066	6.547928	1971.219122	2.570362	9789.556239	15.303202
W45	2206.487355	1.157398	512.462333	0.040988	1694.025023	1.158123	3236.861701	4.566740	1371.805478	1.793299	6812.721493	10.668577
W46	2760.128299	1.500175	577.757289	0.041576	2182.371010	1.500751	4169.969774	5.891357	1767.263451	2.313985	8776.662497	13.759499
W47	2279.810069	1.157027	513.685480	0.037585	1766.124589	1.157637	3374.626092	4.715751	1430.191027	1.848863	7102.678405	11.036719
W48	1176.728123	0.803311	519.102233	0.035634	657.625890	0.804101	1256.559986	2.183019	532.539241	0.880964	2644.720106	4.933651
W49	1793.438694	1.468520	313.843702	0.040365	1479.594992	1.469075	2827.139092	4.478102	1198.162063	1.788180	5950.365827	10.255951
W50	3946.577620	2.367550	454.756253	0.030064	3491.821367	2.367741	6672.004663	9.395274	2827.643994	3.688238	14042.771599	21.956647
W51	2625.960929	1.548849	512.107245	0.029503	2113.853684	1.549130	4039.050155	5.797400	1711.778767	2.282898	8501.111985	13.500380
W52	3561.749939	3.171690	229.919855	0.064676	3331.830084	3.172350	6366.301000	9.923447	2698.084563	3.954415	13399.347780	22.784680
W53	887.421360	0.651760	303.635946	0.028505	583.785414	0.652383	1115.469148	1.857162	472.743920	0.746030	2347.761918	4.221877
W54	2135.769033	1.636871	268.425805	0.031524	1867.343228	1.637174	3568.029810	5.401533	1512.156926	2.143963	7509.741105	12.461605
W55	1369.580578	0.879562	423.324421	0.033083	946.256157	0.880184	1808.060844	2.794233	766.269307	1.112216	3805.480775	6.424544
W56	2706.622155	1.628639	513.931067	0.036878	2192.691088	1.629056	4189.688883	6.035337	1775.620553	2.377944	8818.165907	14.045215
W57	2343.568039	1.338360	512.878015	0.038087	1830.690024	1.338902	3497.994626	5.018158	1482.475507	1.975884	7362.335920	11.686891
W58	3096.111468	1.771108	474.829845	0.035421	2621.281623	1.771462	5008.619105	7.047459	2122.689124	2.766215	10541.793310	16.472256
W59	1847.861295	1.146150	436.941919	0.032624	1410.919377	1.146615	2695.917022	3.983727	1142.549198	1.575712	5674.178736	9.228778
W60	3977.599800	2.326822	530.853232	0.025974	3446.746567	2.326967	6585.877899	9.264616	2791.142846	3.636337	13861.497974	21.655442
W61	1901.622037	1.201080	527.208584	0.021494	1374.413453	1.201272	2626.163255	3.971545	1112.987045	1.576146	5527.365857	9.164149
W62	3377.634460	2.360819	704.938171	0.031220	2672.696289	2.361025	5106.859782	7.750831	2164.324235	3.077535	10748.563457	17.873934
W63	2597.788039	1.448619	656.321241	0.031525	1941.466799	1.448962	3709.661570	5.350315	1572.181494	2.108443	7807.837789	12.448319
W64	2087.080549	1.092266	609.461796	0.032161	1477.618753	1.092739	2823.362989	4.062141	1196.561724	1.600190	5942.418149	9.455374
W65	3040.379743	1.831044	625.908823	0.023039	2414.470920	1.831189	4613.455141	6.682880	1955.215768	2.635366	9710.079669	15.536474
W66	3019.249712	1.955609	450.360733	0.037719	2568.888980	1.955973	4908.509758	7.117969	2080.262056	2.807411	10331.090114	16.544755
W67	3241.641331	2.191820	409.912910	0.032690	2831.728422	2.192064	5410.730747	7.882550	2293.106955	3.111179	11388.129940	18.306760
W68	2731.991790	1.527073	511.156557	0.032188	2220.835233	1.527412	4243.465365	5.995387	1798.411416	2.354858	8931.350908	14.002381
W69	2524.912471	1.670678	523.069411	0.037324	2001.843060	1.671095	3825.025632	5.699140	1621.073620	2.256957	8050.648047	13.183816
W70	2244.646562	1.482567	577.392986	0.034313	1667.253577	1.482964	3185.708107	4.846338	1350.126214	1.924904	6705.056963	11.171634
W71	2386.895743	1.229414	630.507729	0.031125	1756.388014	1.229808	3356.021912	4.762002	1422.306440	1.871726	7063.521620	11.112824
W72	1448.105738	0.945490	346.050196	0.024035	1102.055542	0.945796	2105.754832	3.165402	892.434179	1.255151	4432.046384	7.311446
W73	2149.414038	1.442595	332.873847	0.025780	1816.540191	1.442826	3470.957804	5.094151	1471.017106	2.012877	7305.430697	11.815337
W74	2405.017702	1.377428	353.041645	0.024106	2051.976056	1.377638	3920.817355	5.508531	1661.670848	2.161625	8252.263807	12.878951
W75	3043.134785	1.587551	453.973315	0.026399	2589.161470	1.587770	4947.245460	6.817853	2096.678527	2.666654	10412.618327	15.999453
W76	2760.107028	1.440656	558.779525	0.035726	2201.327502	1.441099	4206.190929	5.876180	1782.614240	2.303715	8852.898268	13.753302
W77	2024.001827	1.104615	638.826521	0.034571	1385.175306	1.105156	2646.726488	3.889596	1121.701892	1.537220	5570.645919	9.019403
W78	2700.721075	1.628348	303.047474	0.039879	2397.673601	1.628837	4581.359630	6.454082	1941.613457	2.533815	9642.527268	15.081889
W79	2575.636696	1.456479	516.371277	0.037351	2059.265420	1.456958	3934.745521	5.597450	1667.573706	2.201014	8281.578841	13.056257
W80	2553.245806	1.391917	432.062982	0.033618	2121.182824	1.392323	4053.054325	5.665552	1717.713835	2.221358	8530.586988	13.258841
W81	1812.270819	1.058882	543.325355	0.034483	1268.945464	1.059443	2424.640084	3.612786	1027.580063	1.430734	5103.213896	8.357388
W82	640.065047	0.472979	361.547265	0.039869	278.517782	0.474657	532.178409	1.119791	225.541071	0.459236	1120.092119	2.476719
W83	1786.785055	0.978815	540.761680	0.039645	1246.023375	0.979617	2380.841656	3.483874	1009.017971	1.375983	5011.030010	8.084722
W84	1238.580932	0.765030	365.325263	0.038357	873.255669	0.765991	1668.575017	2.526418	707.154201	1.002803	3511.900702	5.828413
W85	1378.351424	0.857771	484.418388	0.035060	893.933036	0.858487	1708.084336	2.671063	723.898537	1.064845	3595.057171	6.129734
W86	772.145262	0.601862	370.879338	0.042414	401.265925	0.603355	766.719668	1.491468	324.941359	0.608121	1613.738258	3.325166
W87	1798.610923	1.484384	357.807290	0.043760	1440.803633	1.485029	2753.018424	4.426681	1166.749186	1.770950	5794.361799	10.114842
W88	1735.600492	1.261995	343.320831	0.034333	1392.279661	1.262462	2660.301148	4.074120	1127.454932	1.619673	5599.216921	9.381189
W89	2236.208827	1.232930	347.349056	0.036403	1888.859770	1.233467	3609.142585	5.039334	1529.580819	1.975454	7596.272418	11.795882
W90	1455.849556	0.960533	261.798604	0.034836	1194.050952	0.961165	2281.535246	3.361757	966.931194	1.329134	4802.016781	7.791814
W91	1172.810263	0.809230	472.205715	0.031219	700.604548	0.809832	1338.681542	2.263617	567.342952	0.910873	2817.563849	5.134639
W92	1493.996537	0.877198	451.043583	0.033198	1042.952955	0.877826	1992.824445	2.976951	844.573461	1.179367	4194.358356	6.883507
W93	1396.383334	0.960231	375.225068	0.042349	1021.158266	0.961165	1951.180200	3.028468	826.924328	1.206144	4106.708445	6.958248
W94	3492.219030	2.019671	483.145829	0.023550	3009.073201	2.019808	5749.592639	8.077496	2436.719084	3.169699	12101.342893	18.885353
W95	2052.121661	1.378538	445.513514	0.022803	1606.608147	1.378727	3069.829732	4.614525	1301.016118	1.829755	6461.164215	10.658666
W96	1991.343377	1.271753	546.846376	0.022702	1444.497001	1.271956	2760.075534	4.184499	1169.740041	1.661240	5809.215113	9.651487
W97	2590.818341	1.305424	596.651176	0.020375	1994.167165	1.305583	3810.358900	5.323281	1614.857753	2.086961	8019.778529	12.459192
W98	2978.969271	1.744889	636.041268	0.031781	2342.928003	1.745179	4476.754369	6.453304	1897.280989	2.542900	9422.361386	15.016011
W99	2734.639225	1.496664	576.172654	0.028728	2158.466571	1.496939	4124.294319	5.838607	1747.905862	2.294025	8680.527975	13.631136
W100	2649.214044	1.602082	463.404376	0.035499	2185.809668	1.602475	4176.540196	5.995342	1770.048044	2.360881	8790.491465	13.961072
W101	2764.596018	1.791342	494.734574	0.071573	2269.861444	1.792771	4337.142295	6.354968	1838.112379	2.510449	9128.515598	14.743944
W102	3160.961701	1.851725	509.939919	0.034407	2651.021782	1.852045	5065.445174	7.183640	2146.772424	2.823310	10661.396869	16.765782
W103	2918.066682	1.574685	349.888354	0.033288	2568.178328	1.575037	4907.151877	6.762714	2079.686576	2.645095	10328.232142	15.870005
W104	2381.335306	1.457839	540.666899	0.033693	1840.668407	1.458228	3517.060842	5.157927	1490.555907	2.037846	7402.465165	11.964852
W105	2770.585178	1.856218	489.696217	0.041164	2280.888961	1.856674	4358.213146	6.443301	1847.042358	2.548753	9172.864060	14.925372
W106	2101.446520	1.276131	601.937387	0.034452	1499.509134	1.276596	2865.190078	4.295792	1214.288347	1.702742	6030.452896	9.926816
W107	3224.446113	1.879672	559.593306	0.027818	2664.852807	1.879878	5091.872832	7.238285	2157.972657	2.845884	10717.019966	16.885843
W108	3214.397083	1.744181	551.873216	0.032796	2662.523867	1.744489	5087.422806	7.108603	2156.086704	2.786965	10707.653861	16.637221
W109	2665.820203	1.645240	593.389913	0.033136	2072.430290	1.645573	3959.900322	5.811232	1678.234493	2.296190	8334.522918	13.478741
W110	2315.423343	1.468766	417.303730	0.034326	1898.119612	1.469167	3626.835847	5.283522	1537.079351	2.085352	7633.511965	12.270746
W111	2253.066795	1.398916	365.626274	0.028775	1887.440522	1.399212	3606.430753	5.192128	1528.431525	2.045531	7590.564742	12.084208
W112	2454.781069	1.515819	342.329405	0.056644	2112.451663	1.516877	4036.371242	5.763320	1710.643424	2.267588	8495.473595	13.433937
W113	1735.686366	1.168265	343.745493	0.034775	1391.940873	1.168782	2659.653807	3.970097	1127.180584	1.572647	5597.854443	9.181110
W114	1946.113334	1.194968	406.146455	0.033143	1539.966879	1.195428	2942.494795	4.290115	1247.050648	1.693478	6193.158493	9.962138
W115	2116.762061	1.451031	353.741108	0.030358	1763.020954	1.451349	3368.695815	4.997510	1427.677732	1.977847	7090.196770	11.569402
W116	1254.755883	0.918507	435.847635	0.031152	818.908248	0.919035	1564.730573	2.610154	663.144172	1.048737	3293.336136	5.932025
W117	1455.420293	0.931631	434.987784	0.028404	1020.432509	0.932064	1949.793459	2.993699	826.336617	1.190566	4103.789728	6.890470
W118	2893.962666	1.884162	317.877630	0.044216	2576.085036	1.884681	4922.259637	7.061990	2086.089354	2.780674	10360.029904	16.446552
W119	1523.083931	0.964849	420.167752	0.032495	1102.916178	0.965396	2107.399294	3.188587	893.131114	1.265509	4435.507535	7.356903
W120	1306.235693	0.986859	317.427671	0.038194	988.808021	0.987597	1889.366905	2.999683	800.727405	1.198175	3976.608118	6.867526
W121	2582.626023	2.132841	273.957043	0.032164	2308.668980	2.133083	4411.293872	6.800842	1869.538355	2.706126	9284.584682	15.642759
W122	2967.412266	1.966724	377.166304	0.044460	2590.245962	1.967226	4949.317653	7.172126	2097.556738	2.828465	10416.979736	16.672738
W123	2967.292495	1.960987	399.557543	0.029343	2567.734952	1.961207	4906.304698	7.120910	2079.327535	2.808946	10326.449057	16.549025
W124	2142.576707	1.525654	298.738885	0.031943	1843.837822	1.525989	3523.116808	5.235210	1493.122470	2.072421	7415.211342	12.116230
W125	2220.784924	1.542616	287.382469	0.027486	1933.402455	1.542861	3694.252609	5.429343	1565.651064	2.145766	7775.406080	12.589720
W126	1636.017058	1.106553	308.488240	0.028387	1327.528819	1.106917	2536.578346	3.778039	1075.020311	1.496090	5338.813768	8.740279
W127	1485.943705	1.104007	369.070615	0.030038	1116.873090	1.104416	2134.067490	3.374895	904.433289	1.347378	4491.636900	7.731262
W128	2130.588028	1.232861	625.668156	0.030408	1504.919872	1.233236	2875.528657	4.259919	1218.669912	1.685586	6052.212819	9.864253
W129	3203.455219	1.831858	621.928709	0.028178	2581.526510	1.832075	4932.656943	7.022387	2090.495808	2.761663	10381.913432	16.377661
W130	1317.763311	0.931455	548.495688	0.031383	769.267623	0.931984	1469.879650	2.542048	622.945662	1.025369	3093.700506	5.748536
W131	2399.613819	1.441322	555.771283	0.030278	1843.842536	1.441640	3523.125815	5.147196	1493.126287	2.032436	7415.230299	11.948018
W132	2172.841144	1.281867	581.371496	0.027909	1591.469648	1.282171	3040.903814	4.481807	1288.757104	1.772034	6400.282954	10.387376
W133	3238.361673	1.851172	581.902097	0.026878	2656.459575	1.851367	5075.835448	7.194165	2151.175897	2.827178	10683.265595	16.792182
W134	2066.404202	1.314154	495.705235	0.038451	1570.698967	1.314717	3001.216193	4.475480	1271.937202	1.772584	6316.751209	10.351617
W135	2776.525566	1.500307	324.070089	0.033738	2452.455477	1.500686	4686.034210	6.455113	1985.975304	2.524588	9862.839047	15.149479
W136	3142.831561	1.988765	261.758045	0.035773	2881.073516	1.989087	5505.016985	7.784839	2333.066147	3.058171	11586.577058	18.178592
W137	2763.164956	1.659499	416.695474	0.028077	2346.469482	1.659736	4483.521257	6.377721	1900.148845	2.507804	9436.603862	14.876440
W138	4038.330476	3.010808	376.227586	0.048253	3662.102890	3.011195	6997.370423	10.376981	2965.536364	4.106645	14727.578832	24.024551
W139	1823.825780	1.201219	553.054650	0.038020	1270.771130	1.201820	2428.128479	3.775373	1029.058470	1.503961	5110.556027	8.671900
W140	2109.819170	1.171051	580.029588	0.034819	1529.789582	1.171568	2923.048505	4.245606	1238.809168	1.674932	6152.229292	9.865488
W141	2374.359428	1.505987	650.367022	0.034218	1723.992405	1.506376	3294.121937	4.981216	1396.072782	1.976817	6933.238857	11.494103
W142	2808.771001	1.523705	475.079951	0.035516	2333.691051	1.524118	4459.104844	6.226259	1889.800992	2.440746	9385.213893	14.574124
W143	3164.629609	1.681919	540.178985	0.034878	2624.450623	1.682280	5014.674279	6.973850	2125.255350	2.731941	10554.537819	16.336686
W144	2280.052815	1.239200	528.412332	0.057199	1751.640483	1.240520	3346.950558	4.762422	1418.461935	1.872740	7044.428865	11.108024
W145	1609.105712	1.082194	412.652489	0.031700	1196.453223	1.082658	2286.125390	3.498560	968.876530	1.390721	4811.677798	8.056844
W146	1635.057995	0.981906	369.283348	0.024493	1265.774647	0.982212	2418.581440	3.525882	1025.012365	1.391782	5090.462082	8.187656
W147	1416.168080	1.091501	550.173544	0.028841	865.994536	1.091882	1654.700792	2.919433	701.274203	1.179987	3482.699197	6.584632
W148	3709.325235	2.016713	612.527401	0.034038	3096.797834	2.017000	5917.212658	8.257310	2507.757665	3.236610	12454.137856	19.330509
W149	1524.071580	0.876457	524.160335	0.032888	999.911245	0.877074	1910.582412	2.892830	809.718691	1.148240	4021.261043	6.673725
W150	1258.396156	0.777108	576.570552	0.026181	681.825604	0.777549	1302.799637	2.189178	552.135940	0.880311	2742.042110	4.970139
W151	1374.978404	0.944296	309.808548	0.029232	1065.169856	0.944749	2035.275433	3.093219	862.564498	1.228423	4283.706245	7.131546
W152	2648.767286	1.531711	358.423611	0.033570	2290.343676	1.532079	4376.278760	6.143330	1854.698697	2.410396	9210.887310	14.365372
W153	1844.682555	1.168646	444.426164	0.027779	1400.256391	1.168976	2675.542701	3.986532	1133.914413	1.578739	5631.296281	9.222011
W154	1617.376051	1.192584	254.109109	0.031717	1363.266942	1.193006	2604.865037	3.940967	1103.960706	1.564102	5482.538849	9.092959
W155	2273.843852	1.573694	273.309863	0.028483	2000.533988	1.573951	3822.524321	5.594653	1620.013547	2.209721	8045.383461	12.982541
W156	1207.121155	1.009512	284.474259	0.022057	922.646896	1.009752	1762.949402	2.907990	747.150750	1.166911	3710.533346	6.619574
W157	1862.230001	1.320965	469.219077	0.026008	1393.010924	1.321221	2661.698411	4.142952	1128.047102	1.650622	5602.157782	9.514591
W158	1953.455703	1.538053	389.987462	0.026832	1563.468241	1.538287	2987.400069	4.715151	1266.081828	1.881988	6287.671991	10.804841
W159	1908.183626	1.314073	422.777650	0.024512	1485.405976	1.314301	2838.242440	4.310035	1202.867743	1.711467	5973.735383	9.938323
W160	1131.754647	0.801076	411.765079	0.022771	719.989568	0.801399	1375.721508	2.286371	583.040759	0.918259	2895.522995	5.198924
W161	1967.309819	1.336790	215.566919	0.022524	1751.742900	1.336980	3347.146251	4.856993	1418.544871	1.915851	7044.840746	11.288084
W162	1293.418750	0.780121	623.561348	0.035208	669.857402	0.780915	1279.931371	2.172946	542.444203	0.874767	2693.910573	4.926235
W163	2014.813355	1.149302	671.210375	0.034889	1343.602980	1.149831	2567.292082	3.855635	1088.037015	1.528643	5403.457904	8.907141
W164	1981.957403	0.871618	601.786098	0.031847	1380.171306	0.872200	2637.165084	3.656533	1117.649700	1.431681	5550.521741	8.570607
W165	2675.504775	1.377500	662.045448	0.028506	2013.459327	1.377795	3847.221438	5.429063	1630.480364	2.131999	8097.364235	12.682566
W166	1507.063927	1.048121	487.558224	0.029931	1019.505703	1.048549	1948.022562	3.129543	825.586098	1.251878	4100.062469	7.151872
W167	1424.951190	1.148714	509.067464	0.030396	915.883726	1.149116	1750.026662	3.079890	741.673999	1.244530	3683.334461	6.948788
W168	1656.089750	1.269018	345.438904	0.032361	1310.650846	1.269431	2504.328726	3.928859	1061.352688	1.566933	5270.937010	9.011605
W169	2291.319250	1.398570	481.333393	0.032098	1809.985857	1.398938	3458.434097	5.036155	1465.709468	1.987596	7279.071668	11.697095
W170	1799.787542	1.063932	493.111240	0.036414	1306.676302	1.064555	2496.734358	3.692191	1058.134139	1.460562	5254.952912	8.552269
W171	4074.348006	3.222973	595.441257	0.036871	3478.906749	3.223184	6647.328032	10.258272	2817.185859	4.082417	13990.833940	23.591465
W172	1594.373334	1.362262	371.048910	0.033232	1223.324425	1.362667	2337.469592	3.886048	990.636576	1.560785	4919.743504	8.835965
W173	2613.150906	1.549721	375.961180	0.040448	2237.189726	1.550248	4274.714745	6.050348	1811.655130	2.377142	8997.122431	14.126002
W174	1916.870335	1.181358	511.370667	0.027539	1405.499669	1.181679	2685.561304	4.010395	1138.160369	1.588703	5652.382741	9.273657
W175	3283.040387	2.093461	442.360378	0.028977	2840.680009	2.093662	5427.835010	7.802388	2300.355866	3.073146	11424.129803	18.164439
W176	3087.506962	2.110279	610.203846	0.038694	2477.303116	2.110633	4733.511886	7.098712	2006.096688	2.813846	9962.766759	16.403185
W177	3364.759083	1.945000	405.957862	0.038404	2958.801221	1.945379	5653.535353	7.905700	2396.009309	3.099872	11899.168195	18.500055
W178	3058.613600	2.167025	417.053688	0.036091	2641.559912	2.167325	5047.365888	7.480161	2139.110291	2.959951	10623.344843	17.319908
W179	2258.889961	1.371567	390.194422	0.034920	1868.695539	1.372012	3570.613739	5.127520	1513.252014	2.019268	7515.179581	11.939374
W180	2406.324708	1.393089	456.575927	0.031312	1949.748781	1.393441	3725.486384	5.313088	1578.888165	2.090044	7841.144758	12.387204
W181	2064.745121	1.465621	439.223369	0.026843	1625.521752	1.465866	3105.968940	4.747502	1316.332176	1.886881	6537.227508	10.935202
W182	2009.793246	1.254239	389.036770	0.024737	1620.756477	1.254483	3096.863680	4.511465	1312.473301	1.780629	6518.063390	10.477678
W183	1413.854459	1.101318	355.763729	0.037949	1058.090730	1.101971	2021.748979	3.264854	856.831889	1.306829	4255.236706	7.455258
W184	2057.585086	1.369358	445.867232	0.033374	1611.717854	1.369764	3079.593114	4.614689	1305.153910	1.828999	6481.713503	10.664739
W185	2812.232374	1.484200	456.102211	0.048791	2356.130163	1.485001	4501.980424	6.238731	1907.971974	2.442485	9475.455432	14.624626
W186	2016.232735	1.220446	547.954385	0.027966	1468.278350	1.220767	2805.515794	4.174850	1188.997953	1.653009	5904.854614	9.659773
W187	1607.840833	1.156420	581.537230	0.035676	1026.303603	1.156971	1961.011663	3.277868	831.090973	1.317320	4127.401024	7.447364
W188	1688.003779	1.368727	273.239368	0.029666	1414.764411	1.369048	2703.263929	4.239513	1145.662870	1.690756	5689.641995	9.724672
W189	2216.965347	1.494900	418.896535	0.060531	1798.068812	1.496125	3435.663580	5.113804	1456.059157	2.024855	7231.145866	11.831832
W190	2170.318960	1.626894	233.641549	0.023359	1936.677411	1.627062	3700.510238	5.524737	1568.303093	2.188530	7788.576702	12.775945
W191	2290.775703	1.539651	293.240997	0.022166	1997.534706	1.539810	3816.793437	5.553858	1617.584756	2.191665	8033.321494	12.901243
W192	1977.390487	1.357352	340.834551	0.022762	1636.555936	1.357543	3127.052530	4.649981	1325.267555	1.840942	6581.602782	10.760468
W193	1498.777305	1.041425	394.895345	0.039189	1103.881960	1.042162	2109.244664	3.277438	893.913195	1.305492	4439.391541	7.528941
W194	2499.235502	2.120313	398.227271	0.037263	2101.008231	2.120641	4014.505681	6.400469	1701.376640	2.557906	8449.452483	14.643868
W195	2696.691209	1.817500	440.169317	0.033324	2256.521892	1.817805	4311.653721	6.354515	1827.310136	2.512462	9074.869019	14.727777
W196	1494.595500	0.904877	547.671007	0.031209	946.924493	0.905415	1809.337870	2.824757	766.810520	1.125876	3808.168570	6.484136
W197	2986.981133	1.802241	527.162413	0.029611	2459.818721	1.802484	4700.103542	6.746054	1991.937989	2.656448	9892.451198	15.709584
W198	3172.212418	1.885078	589.800194	0.032560	2582.412224	1.885359	4934.349324	7.075488	2091.213051	2.785749	10385.475437	16.479631
W199	1413.746659	0.657310	520.691523	0.031290	893.055136	0.658054	1706.406888	2.452771	723.187622	0.966070	3591.526595	5.710265
W200	1346.080768	0.838680	494.229114	0.059632	851.851654	0.840798	1627.677252	2.572217	689.821431	1.026826	3425.821929	5.893135
W201	3088.269234	1.960144	422.115530	0.033368	2666.153705	1.960428	5094.358525	7.318518	2159.026112	2.882283	10722.251681	17.039876
W202	1835.659191	1.107319	538.455181	0.035734	1297.204011	1.107896	2478.635159	3.720064	1050.463567	1.474755	5216.858976	8.594901
W203	2810.408340	1.660819	327.809455	0.033539	2482.598885	1.661158	4743.630786	6.659442	2010.385151	2.612926	9984.064316	15.572041
W204	2521.829619	1.646906	453.940368	0.034274	2067.889251	1.647263	3951.223523	5.803979	1674.557203	2.293650	8316.260596	13.459675
W205	3639.880458	2.710942	422.365016	0.030245	3217.515441	2.711111	6147.874067	9.187157	2605.513644	3.639826	12939.617956	21.241877
W206	2372.012390	1.555470	377.065935	0.045089	1994.946455	1.556123	3811.847929	5.565272	1615.488815	2.197294	8022.912535	12.920029
W207	3044.132006	1.761026	307.209905	0.023505	2736.922101	1.761183	5229.579380	7.278720	2216.333691	2.851772	11006.855135	17.048155
W208	3016.273171	1.748859	520.813512	0.029555	2495.459659	1.749109	4768.204536	6.767515	2020.799684	2.660111	10035.785437	15.792237
W209	2212.596101	1.382239	438.134127	0.031356	1774.461974	1.382595	3390.556767	4.948615	1436.942563	1.953729	7136.208183	11.489082
W210	2120.341211	1.442517	542.745064	0.031202	1577.596147	1.442855	3014.394994	4.630415	1277.522474	1.841588	6344.489033	10.656826
W211	3227.880139	1.974137	303.440806	0.032247	2924.439333	1.974401	5587.878306	7.860739	2368.183377	3.085322	11760.977808	18.373949
W212	2565.160848	1.652157	256.546524	0.032882	2308.614323	1.652484	4411.189437	6.293464	1869.494095	2.475856	9284.364876	14.671840
W213	3365.163055	2.037473	369.489111	0.030145	2995.673944	2.037696	5723.989981	8.066195	2425.868492	3.166873	12047.456199	18.848009
W214	2921.807393	1.761701	563.462859	0.033591	2358.344533	1.762022	4506.211536	6.501064	1909.765150	2.562047	9484.360783	15.124903
W215	3702.540849	2.324839	403.341466	0.031149	3299.199383	2.325048	6303.951822	8.959101	2671.660529	3.522319	13268.119565	20.901206
W216	2785.556931	1.607142	368.666335	0.033513	2416.890595	1.607491	4618.078540	6.474370	1957.175198	2.539733	9719.810678	15.143193
W217	2021.075776	1.446834	450.228863	0.038972	1570.846913	1.447359	3001.498882	4.622780	1272.057008	1.839207	6317.346193	10.634675
W218	1452.983073	1.024178	266.337644	0.033830	1186.645429	1.024737	2267.385127	3.415303	960.934271	1.354633	4772.234594	7.885951
W219	2778.045450	1.856161	509.194017	0.032085	2268.851432	1.856438	4335.212414	6.419375	1837.294481	2.539877	9124.453718	14.865879
W220	3144.469487	1.988973	514.788295	0.028119	2629.681192	1.989172	5024.668600	7.273313	2129.491016	2.867881	10575.573170	16.911320
W221	2878.565573	1.768723	426.658822	0.030517	2451.906751	1.768986	4684.985730	6.697488	1985.530951	2.635645	9860.632279	15.607963
W222	1720.722718	1.135392	527.847436	0.050270	1192.875282	1.136505	2279.288832	3.553681	965.979147	1.416158	4797.288685	8.159101
W223	1743.000975	1.095685	411.135148	0.028711	1331.865827	1.096062	2544.865293	3.774971	1078.532379	1.493985	5356.255557	8.739334
W224	2581.708988	1.771934	370.008416	0.031208	2211.700572	1.772209	4226.011292	6.218403	1791.014253	2.458063	8894.614789	14.416335
W225	2142.963207	1.600344	433.270903	0.028208	1709.692304	1.600593	3266.797991	5.060456	1384.492695	2.014892	6875.729314	11.630672
W226	1834.939457	1.612703	300.634937	0.034747	1534.304520	1.613077	2931.675432	4.752975	1242.465323	1.903387	6170.386648	10.846948
W227	2960.086131	2.050952	400.086930	0.033126	2559.999201	2.051220	4891.523595	7.197597	2073.063197	2.845123	10295.338819	16.686466
W228	1408.097988	1.118187	314.067322	0.028745	1094.030667	1.118556	2090.421285	3.350201	885.935710	1.339748	4399.773401	7.658951
W229	2699.466184	2.189565	301.367226	0.046819	2398.098958	2.190065	4582.172381	7.035024	1941.957907	2.797741	9644.237890	16.192374
W230	4207.562005	2.828113	415.338054	0.040479	3792.223951	2.828403	7245.999501	10.448850	3070.907172	4.117554	15250.876032	24.311594
W231	1692.469460	1.203816	397.177998	0.031538	1295.291463	1.204229	2474.980754	3.824199	1048.914804	1.522146	5209.167438	8.792924
W232	2687.649692	1.534691	467.975755	0.029760	2219.673937	1.534979	4241.246416	6.000050	1797.471009	2.357192	8926.680618	14.009851
W233	2750.757359	1.678700	378.187530	0.030503	2372.569829	1.678977	4533.392547	6.449402	1921.284659	2.536037	9541.569485	15.043321
W234	1862.353522	1.217888	469.793202	0.033380	1392.560320	1.218345	2660.837418	4.025322	1127.682207	1.597563	5600.345624	9.287717
W235	2577.075504	1.514752	449.329089	0.022959	2127.746415	1.514926	4065.595720	5.792659	1723.028970	2.278349	8556.983244	13.507663
W236	4123.988042	2.596337	524.431104	0.028323	3599.556938	2.596491	6877.860621	9.831867	2914.887243	3.869078	14476.042908	22.912588
W237	1891.534558	1.242979	473.466579	0.030296	1418.067979	1.243348	2709.576228	4.102025	1148.338068	1.628170	5702.927683	9.463545
W238	3912.260803	2.194986	596.584107	0.030185	3315.676696	2.195193	6335.435881	8.872912	2685.003702	3.480022	13334.385023	20.757314
W239	2427.919752	1.598947	381.134465	0.025917	2046.785287	1.599157	3910.899082	5.712540	1657.467412	2.255598	8231.388515	13.260821
W240	3374.079970	1.832584	469.394195	0.030121	2904.685774	1.832831	5550.134155	7.693054	2352.187131	3.011980	11681.536542	18.032976
W241	1635.233893	1.276509	259.809154	0.023852	1375.424739	1.276732	2628.095572	4.058489	1113.805975	1.615278	5531.432864	9.332479
W242	2847.208298	1.855660	335.616261	0.023643	2511.592038	1.855811	4799.029511	6.903100	2033.863532	2.719227	10100.663701	16.068883
W243	1675.148418	1.137718	517.897958	0.024113	1157.250459	1.137973	2211.218631	3.489308	937.130502	1.392671	4654.019257	7.996076
W244	1803.942089	1.275741	385.133152	0.023709	1418.808937	1.275961	2710.992014	4.139840	1148.938089	1.645153	5705.907532	9.537034
W245	3066.110177	1.908203	353.658523	0.024036	2712.451655	1.908355	5182.822426	7.362741	2196.517755	2.894509	10908.444349	17.178279
W246	3156.629951	1.989048	480.329326	0.028332	2676.300625	1.989250	5113.746773	7.367346	2167.242992	2.902815	10763.058717	17.144643
W247	1547.981605	1.102524	476.433968	0.025432	1071.547636	1.102817	2047.461790	3.290204	867.729165	1.316191	4309.355242	7.518713
W248	3318.356340	2.120590	429.827505	0.030708	2888.528835	2.120812	5519.262251	7.925874	2339.103394	3.121290	11616.559504	18.455298
W249	3745.092885	2.239221	515.702848	0.037640	3229.390037	2.239537	6170.563474	8.735331	2615.129579	3.432160	12987.373042	20.394032
W250	2905.401396	1.748338	433.518015	0.036993	2471.883381	1.748730	4723.156116	6.718866	2001.707837	2.641964	9940.970655	15.672068
W251	1926.940920	1.502725	527.096689	0.021943	1399.844230	1.502885	2674.755164	4.375302	1133.580649	1.754001	5629.638728	9.971845
W252	2047.842122	1.389102	497.916259	0.026793	1549.925863	1.389360	2961.523943	4.517339	1255.115338	1.794892	6233.209719	10.408621
W253	3228.553326	2.442679	453.049843	0.040273	2775.503483	2.443011	5303.298833	8.039161	2247.576531	3.191475	11162.014717	18.542622
W254	4047.174039	2.908281	448.341552	0.030492	3598.832487	2.908441	6876.476375	10.144274	2914.300589	4.011438	14473.129444	23.507303
W255	2569.631730	1.617089	503.963200	0.024066	2065.668530	1.617268	3946.980276	5.768677	1672.758884	2.277970	8307.329703	13.389716
W256	2454.027138	2.124484	313.431841	0.024293	2140.595297	2.124623	4090.146747	6.477767	1733.433873	2.586633	8608.656539	14.835994
W257	2859.113283	2.047336	267.410551	0.064693	2591.702732	2.048358	4952.101180	7.257466	2098.736417	2.867055	10422.838310	16.837211
W258	3276.937465	2.786018	461.041679	0.034096	2815.895786	2.786226	5380.478507	8.510971	2280.285836	3.397988	11324.457127	19.496320
W259	2421.429963	1.899380	465.016186	0.033753	1956.413777	1.899680	3738.221539	5.870285	1584.285416	2.341517	7867.948825	13.462594
W260	2100.082459	1.656540	408.895068	0.026025	1691.187392	1.656744	3231.439692	5.091761	1369.507592	2.031870	6801.309625	11.670920
W261	1917.042016	1.309846	312.025989	0.027879	1605.016027	1.310142	3066.787584	4.537854	1299.726833	1.795246	6454.761314	10.510013
W262	2220.256903	1.503455	569.907011	0.045685	1650.349892	1.504149	3153.409358	4.837993	1336.437770	1.923824	6637.076803	11.136812
W263	3188.447275	2.665371	482.634715	0.036041	2705.812560	2.665615	5170.136762	8.164296	2191.141479	3.258871	10881.744445	18.707165
W264	2573.381083	1.533553	412.249583	0.023124	2161.131500	1.533728	4129.386337	5.878810	1750.063896	2.311934	8691.245301	13.710603
W265	3123.069509	1.995429	501.912949	0.025659	2621.156559	1.995594	5008.380139	7.262617	2122.587848	2.864452	10541.290351	16.881046
W266	2540.922149	1.501604	551.752342	0.024596	1989.169807	1.501806	3800.810189	5.498895	1610.810940	2.168050	7999.681065	12.786787
W267	2638.765140	1.729480	355.779441	0.024375	2282.985698	1.729652	4362.219491	6.317134	1848.740276	2.491025	9181.296337	14.686942
W268	1907.824175	1.219033	506.383994	0.029998	1401.440181	1.219402	2677.804629	4.043587	1134.873034	1.604399	5636.057030	9.332729
W269	2139.029903	1.389033	321.058264	0.349641	1817.971639	1.432362	3473.692947	5.086204	1472.176279	2.009025	7311.187435	11.801807
W270	2242.015662	1.625077	375.158311	0.024609	1866.857351	1.625263	3567.101419	5.387448	1511.763467	2.137667	7507.787094	12.434021
W271	2985.063280	1.692483	385.863454	0.022571	2599.199826	1.692634	4966.426268	6.930271	2104.807493	2.716436	10452.988759	16.223996
W272	2887.130167	1.806085	497.202002	0.036866	2389.928165	1.806461	4566.560023	6.608840	1935.341277	2.605795	9611.378084	15.366908
W273	4272.286588	2.675693	395.110080	0.034494	3877.176508	2.675915	7408.322770	10.475551	3139.700951	4.115130	15592.522763	24.462107
W274	2667.516398	1.469534	453.769380	0.041943	2213.747018	1.470132	4229.921544	5.928153	1792.671446	2.325333	8902.844815	13.866529
W275	3162.599629	1.808669	569.197029	0.037305	2593.402600	1.809054	4955.349207	7.024930	2100.112954	2.760770	10429.674531	16.396495
W276	2744.050183	1.548087	486.074934	0.032761	2257.975249	1.548433	4314.430724	6.091449	1828.487050	2.392318	9080.713863	14.228580
W277	1812.793499	1.228769	441.514781	0.033885	1371.278718	1.229236	2620.173554	3.996681	1110.448566	1.588018	5514.759151	9.208940
W278	2588.681032	1.590314	315.266305	0.033874	2273.414727	1.590675	4343.931739	6.162704	1840.989794	2.422209	9142.805547	14.382039
W279	1952.962627	1.174836	575.705855	0.026984	1377.256772	1.175146	2631.596132	3.948417	1115.289538	1.565213	5538.800599	9.122972
W280	2111.041161	1.340192	411.092486	0.020735	1699.948674	1.340352	3248.180330	4.757014	1376.602396	1.879056	6836.544156	11.037554
W281	2032.642328	1.499076	282.329063	0.025324	1750.313266	1.499289	3344.414575	5.024269	1417.387167	1.992057	7039.091304	11.606274
W282	2631.089623	1.625471	454.146487	0.032509	2176.943136	1.625796	4159.598452	6.000324	1762.868010	2.364664	8754.833660	13.960207
W283	2132.908287	1.377731	550.126186	0.032552	1582.782101	1.378115	3024.304065	4.567834	1281.722010	1.812465	6365.344957	10.542313
W284	1527.913358	1.099414	312.344260	0.030266	1215.569098	1.099830	2322.651086	3.554315	984.356385	1.412876	4888.554542	8.185297
W285	2017.157937	1.335195	687.235718	0.028288	1329.922220	1.335494	2541.151542	4.043168	1076.958464	1.615413	5348.439113	9.253428
W286	3657.578154	2.308895	459.451426	0.022372	3198.126728	2.309003	6110.827044	8.737401	2589.812847	3.438506	12861.643958	20.361139
W287	1847.317696	1.202249	347.517568	0.026761	1499.800128	1.202546	2865.746094	4.217634	1214.523991	1.667230	6031.623162	9.777557
W288	4131.288462	2.982333	546.272396	0.024065	3585.016066	2.982431	6850.076620	10.195375	2903.112182	4.036911	14417.565075	23.589326
W289	3479.215042	2.517619	462.087167	0.024532	3017.127875	2.517738	5764.983124	8.588644	2443.241684	3.401195	12133.735716	19.868485
W290	2758.495781	1.796532	636.407188	0.030061	2122.088593	1.796783	4054.785025	6.068700	1718.447319	2.404871	8534.229645	14.027893
W291	2825.762421	2.467067	473.528695	0.025995	2352.233726	2.467204	4494.535297	7.279583	1904.816675	2.914854	9459.785448	16.615467
W292	2091.812157	1.419621	364.013531	0.026883	1727.798627	1.419876	3301.394683	4.895043	1399.155024	1.937141	6948.546026	11.333241
W293	2279.213285	1.758264	396.111844	0.022835	1883.101441	1.758413	3598.139846	5.568503	1524.917778	2.216902	7573.114616	12.800277
W294	1587.623608	1.379411	507.858053	0.024650	1079.765555	1.379631	2063.164194	3.665054	874.383957	1.482355	4342.404571	8.259091
W295	3917.348523	3.018846	599.036887	0.032074	3318.311636	3.019017	6340.470598	9.721567	2687.137451	3.865445	13344.981745	22.380831
W296	2789.010813	2.220058	516.837094	0.033547	2272.173719	2.220311	4341.560480	6.834339	1839.984837	2.726908	9137.814687	15.667503
W297	3305.178627	2.276688	327.290894	0.026924	2977.887733	2.276847	5690.004945	8.260741	2411.465387	3.258713	11975.926856	19.197000
W298	2927.201283	1.874558	547.367510	0.024681	2379.833773	1.874720	4547.272143	6.657808	1927.166933	2.629781	9570.782294	15.448629
W299	3352.496634	1.758964	468.753577	0.021498	2883.743057	1.759096	5510.117816	7.585643	2335.227917	2.966420	11597.312934	17.804858
W300	2600.901543	1.691542	359.122380	0.021805	2241.779163	1.691682	4283.484022	6.196375	1815.371613	2.442994	9015.579395	14.409014
W301	1903.027716	1.237443	356.264096	0.032610	1546.763620	1.237872	2955.481682	4.347278	1252.554584	1.718335	6220.492388	10.079092
W302	1846.079950	1.171132	587.598337	0.036519	1258.481613	1.171702	2404.646260	3.717471	1019.106535	1.479768	5061.132284	8.546801
W303	2888.980496	1.691146	397.594187	0.033187	2491.386309	1.691471	4760.421375	6.705392	2017.501124	2.632416	10019.403980	15.669567
W304	2774.915862	1.777589	476.153286	0.032908	2298.762577	1.777893	4392.365192	6.397337	1861.516243	2.524879	9244.744914	14.858113
W305	2950.485514	2.552001	385.078137	0.032121	2565.407377	2.552203	4901.857278	7.770428	2077.442686	3.103164	10317.088437	17.794037
W306	1157.514391	1.035580	267.536392	0.059068	889.977999	1.037263	1700.527242	2.886644	720.695786	1.162067	3579.151525	6.544352
W307	2908.006154	1.731151	450.007588	0.035992	2457.998566	1.731525	4696.625678	6.674122	1990.464045	2.623925	9885.131232	15.570736
W308	3935.933620	2.120230	415.354805	0.041666	3520.578815	2.120640	6726.953013	9.238146	2850.931504	3.611092	14158.423067	21.694019
W309	2547.088155	1.534599	467.481888	0.031196	2079.606267	1.534916	3973.611835	5.714120	1684.045531	2.250768	8363.381957	13.301910
W310	1632.752670	1.025834	429.083294	0.033901	1203.669376	1.026394	2299.913667	3.450072	974.720102	1.367622	4840.698405	7.971797
W311	1948.143808	1.366020	231.356280	0.026015	1716.787529	1.366268	3280.355205	4.817179	1390.238341	1.903600	6904.263596	11.171797
W312	2148.745483	1.588715	305.899581	0.027404	1842.845901	1.588951	3521.221493	5.301239	1492.319222	2.102513	7411.222214	12.241636
W313	1920.577427	1.327898	363.842353	0.023339	1556.735074	1.328103	2974.534657	4.462760	1260.629374	1.769095	6260.593767	10.311459
W314	2243.054985	1.607701	217.459789	0.021630	2025.595197	1.607847	3870.410075	5.679347	1640.307877	2.244045	8146.170067	13.173071
W315	3740.042034	2.203059	509.774895	0.021688	3230.267138	2.203166	6172.239397	8.703308	2615.839848	3.417363	12990.900409	20.334331
W316	2127.776531	1.318031	422.883543	0.031781	1704.892987	1.318414	3257.627686	4.744454	1380.606254	1.872515	6856.428295	11.019288
W317	2104.434246	1.139290	543.312817	0.023550	1561.121428	1.139534	2982.915893	4.277079	1264.181402	1.683952	6278.234008	9.961898
W318	1941.509883	1.087014	338.664166	0.079708	1602.845717	1.089932	3062.640660	4.315528	1297.969337	1.694301	6446.033157	10.084091
W319	2696.053061	1.468100	483.094151	0.037449	2212.958910	1.468577	4228.415665	5.925109	1792.033244	2.324077	8899.675345	13.859824
W320	2501.416406	1.503857	625.346286	0.036420	1876.070121	1.504298	3584.704736	5.275814	1519.223881	2.085532	7544.837332	12.230664
W321	1456.578029	1.057850	415.763811	0.038431	1040.814219	1.058548	1988.737851	3.180424	842.841533	1.271518	4185.757178	7.273199
W322	2118.638331	1.403480	529.144729	0.042649	1589.493602	1.404128	3037.128080	4.609527	1287.156920	1.830252	6392.336052	10.629882
W323	1961.758274	1.206773	481.849067	0.030739	1479.909207	1.207165	2827.739478	4.183238	1198.416511	1.654902	5951.629479	9.689061
W324	1474.236649	0.945547	423.912876	0.036500	1050.323773	0.946251	2006.908251	3.066550	850.542281	1.218735	4224.000973	7.063756
W325	2632.501791	1.712975	496.492974	0.038533	2136.008816	1.713409	4081.383119	6.007515	1729.719784	2.374815	8590.211464	13.926640
W326	2183.045514	1.381037	541.481442	0.043001	1641.564072	1.381706	3136.621835	4.685645	1329.323096	1.856296	6601.743590	10.834444
W327	2579.726461	1.831366	597.520987	0.038577	1982.205474	1.831772	3787.503076	5.839521	1605.171289	2.323626	7971.673179	13.431466
W328	2602.524391	1.798225	482.055531	0.035504	2120.468860	1.798575	4051.690117	6.067489	1717.135674	2.404586	8527.715699	14.023744
W329	1383.445994	1.032485	326.748418	0.025364	1056.697575	1.032797	2019.087006	3.178638	855.703725	1.268293	4249.633970	7.286832
W330	2949.533978	2.093859	448.334437	0.023732	2501.199541	2.093993	4779.172027	7.127260	2025.447787	2.822889	10058.869050	16.484905
W331	3092.904927	2.163419	472.493910	0.024213	2620.411016	2.163555	5006.955592	7.434672	2121.984115	2.942788	10538.292063	17.208793
W332	3260.154502	1.809970	378.511478	0.020407	2881.643024	1.810085	5506.105173	7.624899	2333.527329	2.984816	11588.867402	17.876456
W333	2028.806031	1.568499	385.277915	0.021985	1643.528115	1.568653	3140.374635	4.899477	1330.913559	1.952634	6609.642222	11.247796
W334	2480.684351	1.381088	403.975651	0.021816	2076.708701	1.381261	3968.075305	5.563115	1681.699110	2.182272	8351.729053	13.011807
W335	1674.644268	1.590530	457.147340	0.041007	1217.496927	1.591059	2326.334689	4.181537	985.917523	1.693178	4896.307535	9.408951
W336	3307.479536	1.738767	308.064040	0.034862	2999.415497	1.739116	5731.139162	7.814801	2428.898367	3.050878	12062.503297	18.377408
W337	2401.716403	1.730714	308.595451	0.032120	2093.120953	1.731012	3999.435048	5.941630	1694.989597	2.351986	8417.732861	13.751698
W338	2046.653201	1.331803	373.012773	0.032150	1673.640428	1.332191	3197.911796	4.696382	1355.298226	1.855881	6730.742440	10.891540
W339	1076.010440	0.825802	227.228616	0.026506	848.781824	0.826227	1621.811568	2.549233	687.335512	1.016953	3413.476245	5.845392
W340	2632.881043	1.693751	281.094761	0.026906	2351.786282	1.693965	4493.680343	6.421319	1904.454339	2.526796	9457.986000	14.965526
W341	2491.386576	1.692297	291.277283	0.024366	2200.109293	1.692473	4203.863234	6.113554	1781.627745	2.412318	8847.999095	14.202850
W342	1075.940737	0.780677	272.998129	0.024969	802.942608	0.781077	1534.224195	2.410933	650.215347	0.961750	3229.128431	5.528497
W343	2279.260741	1.374147	492.172502	0.029795	1787.088239	1.374469	3414.682428	4.965589	1447.167193	1.959331	7186.986197	11.536045
W344	2346.119685	1.358264	472.114800	0.030956	1874.004885	1.358617	3580.758583	5.125273	1517.551472	2.017334	7536.531742	11.941316
W345	2322.451108	1.357709	406.045548	0.025359	1916.405560	1.357946	3661.775758	5.211093	1551.887139	2.049216	7707.051061	12.154215
W346	3099.645923	1.775222	479.882094	0.030037	2619.763829	1.775476	5005.718977	7.048008	2121.460028	2.766732	10535.689322	16.471495
W347	2782.610060	1.433479	572.005484	0.043363	2210.604577	1.434135	4223.917117	5.889312	1790.126727	2.308094	8890.207115	13.789251
W348	2476.721615	1.468482	478.858345	0.034895	1997.863270	1.468896	3817.421241	5.483946	1617.850824	2.159757	8034.642852	12.768456
W349	1607.389656	1.144869	378.871825	0.034539	1228.517831	1.145390	2347.392903	3.630786	994.842147	1.445360	4940.629400	8.346823
W350	2380.276032	1.362935	539.103854	0.029955	1841.172178	1.363264	3518.023423	5.063229	1490.963856	1.994648	7404.491138	11.784894
W351	1638.951487	1.169621	541.917414	0.029886	1097.034073	1.170003	2096.160051	3.419108	888.367841	1.370216	4411.851956	7.795835
W352	2659.642315	1.652473	521.111055	0.023906	2138.531260	1.652646	4086.202884	5.950080	1731.762435	2.348276	8600.355771	13.819895
W353	1902.698256	1.318889	289.990137	0.030399	1612.708119	1.319239	3081.485265	4.562574	1305.955817	1.805199	6485.695971	10.566069
W354	2314.279253	1.507674	354.780936	0.035561	1959.498318	1.508093	3744.115331	5.445678	1586.783248	2.148828	7880.353670	12.650958
W355	1837.144638	1.115358	412.883925	0.036116	1424.260712	1.115942	2721.409006	3.978323	1153.352886	1.571036	5727.832492	9.233755
W356	2931.741049	1.546058	406.633909	0.030799	2525.107140	1.546364	4824.853520	6.647377	2044.807935	2.599853	10155.016280	15.600226
W357	2318.440718	1.414038	413.836905	0.035768	1904.603813	1.414491	3639.225547	5.241859	1542.330196	2.065279	7659.588943	12.198883
W358	1924.508442	1.371365	303.453482	0.031124	1621.054960	1.371718	3097.434009	4.634951	1312.715010	1.836661	6519.263778	10.714118
W359	3075.698197	1.941207	614.943186	0.034364	2460.755010	1.941511	4701.892559	6.887326	1992.696187	2.720625	9896.216597	15.979908
W360	2300.626536	1.411288	520.253354	0.035061	1780.373182	1.411723	3401.851620	4.990272	1441.729403	1.971684	7159.980804	11.575406
W361	2352.590162	1.516440	598.983304	0.027428	1753.606858	1.516688	3350.707813	5.049657	1420.054287	2.003022	7052.336874	11.658678
W362	2838.475626	1.981391	518.422712	0.030601	2320.052914	1.981627	4433.045747	6.653510	1878.756958	2.637679	9330.366517	15.372321
W363	1963.853149	1.287296	512.165182	0.030430	1451.687967	1.287656	2773.815688	4.215752	1175.563218	1.674224	5838.134434	9.719554
W364	1909.921192	1.164062	586.992096	0.033840	1322.929096	1.164554	2527.789417	3.831940	1071.295499	1.521253	5320.315441	8.838467
W365	1515.935338	1.119514	549.788759	0.025619	966.146579	1.119807	1846.066509	3.125535	782.376383	1.257880	3885.472456	7.088506
W366	3469.442882	1.912687	499.294855	0.032341	2970.148027	1.912960	5675.216285	7.900475	2405.197846	3.095473	11944.800714	18.503748
W367	2944.781991	2.073184	470.471247	0.030160	2474.310744	2.073404	4727.794205	7.052701	2003.673493	2.793477	9950.732581	16.311636
W368	3356.640619	1.849927	529.169422	0.040835	2827.471197	1.850378	5402.596247	7.547035	2289.659495	2.958725	11371.009010	17.664218
W369	2868.281897	1.604796	274.661486	0.025120	2593.620411	1.604993	4955.765389	6.841957	2100.289335	2.676923	10430.550482	16.050349
W370	3219.065804	1.825967	278.486300	0.026594	2940.579504	1.826161	5618.718171	7.762776	2381.253535	3.037570	11825.887410	18.207936
W371	2250.509512	1.478028	398.638090	0.029980	1851.871422	1.478332	3538.467024	5.200943	1499.628003	2.055532	7447.519409	12.059873
W372	1644.039434	1.009462	383.383306	0.030289	1260.656128	1.009916	2408.801219	3.544211	1020.867437	1.400971	5069.877353	8.216763
W373	2456.164905	1.436325	417.050594	0.027354	2039.114311	1.436585	3896.241749	5.536874	1651.255528	2.176825	8200.538780	12.917476
W374	3945.864191	2.443941	486.243551	0.029907	3459.620640	2.444124	6610.477059	9.400442	2801.568149	3.696198	13913.272575	21.928358
W375	2696.347141	1.747874	365.204259	0.026582	2331.142882	1.748076	4454.235926	6.432399	1887.737509	2.535375	9374.966133	14.962483
W376	1355.766469	1.052757	334.082176	0.025890	1021.684293	1.053076	1952.185307	3.139029	827.350300	1.255810	4108.823925	7.172580
W377	2674.862719	1.520069	372.720382	0.025157	2302.142338	1.520277	4398.823078	6.157134	1864.253142	2.414643	9258.337022	14.405581
W378	2058.147698	1.320283	336.992226	0.026292	1721.155473	1.320544	3288.701263	4.779142	1393.775461	1.885566	6921.829799	11.104244
W379	1700.306200	1.066250	385.476720	0.037840	1314.829480	1.066921	2512.313060	3.710733	1064.736506	1.467634	5287.741881	8.597035
W380	2914.005582	1.797361	453.208864	0.046260	2460.796718	1.797956	4701.972252	6.743626	1992.729962	2.655173	9896.384331	15.706108
W381	2739.349916	1.549863	622.015280	0.033282	2117.334636	1.550220	4045.701393	5.805522	1714.597609	2.286008	8515.111047	13.519901
W382	2056.972897	1.230016	443.682513	0.036012	1613.290384	1.230543	3082.597830	4.472342	1306.427330	1.764077	6488.037620	10.394441
W383	2073.495390	1.401141	377.321984	0.043574	1696.173406	1.401818	3240.966730	4.813861	1373.545219	1.905504	6821.361471	11.141905
W384	2535.239010	1.481652	588.810953	0.027680	1946.428058	1.481911	3719.141305	5.393116	1576.199074	2.127102	7827.790076	12.535618
W385	1954.332196	1.204054	390.509514	0.027848	1563.822682	1.204376	2988.077318	4.346866	1266.368851	1.715294	6289.097417	10.097946
W386	1629.627851	1.097187	428.304709	0.026749	1201.323142	1.097513	2295.430596	3.524642	972.820144	1.401731	4831.262748	8.112424
W387	2170.098502	1.597550	271.955819	0.023676	1898.142683	1.597725	3626.879929	5.418079	1537.098034	2.146466	7633.604746	12.528000
W388	1785.073898	1.158737	220.446866	0.025505	1564.627032	1.159017	2989.614231	4.303237	1267.020206	1.695283	6292.332205	10.015762
W389	2020.295140	1.408540	264.913238	0.026637	1755.381901	1.408792	3354.099480	4.937738	1421.491700	1.951968	7059.475419	11.446381
W390	1728.952714	1.088784	250.170577	0.022755	1478.782137	1.089021	2825.585928	4.060850	1197.503821	1.599403	5947.096835	9.454276
W391	2353.869092	1.420346	390.909296	0.032862	1962.959796	1.420726	3750.729357	5.366255	1589.586320	2.112041	7894.274412	12.503764
W392	965.979577	0.702405	330.576804	0.025110	635.402773	0.702853	1214.097120	2.012146	514.543170	0.807867	2555.347218	4.577201
W393	2205.693156	1.344363	320.553297	0.025350	1885.139859	1.344602	3602.034757	5.134479	1526.568469	2.019622	7581.312355	11.971885
W394	2296.013960	1.227210	544.037637	0.022281	1751.976324	1.227412	3347.592265	4.750695	1418.733895	1.867324	7045.779486	11.086153
W395	1445.243855	0.969693	364.976533	0.025394	1080.267322	0.970026	2064.122946	3.150370	874.790284	1.251852	4344.422487	7.258207
W396	2234.935809	1.383191	657.414006	0.028760	1577.521803	1.383490	3014.252941	4.563646	1277.462271	1.811416	6344.190050	10.528379
W397	1825.184076	1.169842	467.474512	0.028254	1357.709564	1.170183	2594.246265	3.905152	1099.460393	1.548785	5460.189196	9.017989
W398	2555.966078	1.813467	342.463560	0.045969	2213.502518	1.814049	4229.454364	6.265836	1792.473452	2.479307	8901.861527	14.509084
W399	1584.607666	1.389972	304.040718	0.029535	1280.566948	1.390286	2446.845859	4.021941	1036.991031	1.613258	5149.951066	9.159982
W400	2418.507195	1.560584	522.249828	0.030330	1896.257367	1.560878	3623.277558	5.375023	1535.571323	2.127245	7626.022726	12.443424
W401	2583.084358	1.523427	455.365707	0.036917	2127.718651	1.523875	4065.542669	5.801166	1723.006486	2.282238	8556.871585	13.523793
W402	3924.853702	2.190909	479.405207	0.030076	3445.448494	2.191116	6583.397603	9.140155	2790.091679	3.579548	13856.277619	21.418307
W403	3356.278436	1.956064	220.244209	0.028251	3136.034227	1.956269	5992.183673	8.286261	2539.530925	3.242918	12611.931637	19.432364
W404	2128.522790	1.342951	237.031474	0.027751	1891.491316	1.343238	3614.170816	5.146152	1531.711819	2.023857	7606.855489	12.001532
W405	2214.262072	1.466491	331.817407	0.023498	1882.444666	1.466680	3596.884911	5.249705	1524.385927	2.072597	7570.473316	12.188137
W406	2463.242256	1.505831	300.394753	0.027138	2162.847503	1.506076	4132.665194	5.856175	1751.453499	2.301295	8698.146410	13.669651
W407	2378.086366	1.344157	337.363362	0.042267	2040.723004	1.344821	3899.315562	5.455421	1652.558232	2.139285	8207.008327	12.764947
W408	4296.845004	2.448209	443.845441	0.040744	3852.999563	2.448549	7362.126624	10.219786	3120.122689	4.002260	15495.292326	23.948920
W409	3018.300791	1.705327	436.627081	0.032995	2581.673709	1.705646	4932.938205	6.905445	2090.615009	2.708154	10382.505413	16.156061
W410	2699.414626	1.389425	399.888158	0.033284	2299.526468	1.389824	4393.824799	6.037991	1862.134835	2.360456	9247.816993	14.177249
W411	1888.907225	0.970537	377.651139	0.035789	1511.256086	0.971197	2887.635590	4.017986	1223.800918	1.574154	6077.694650	9.411401
W412	2088.407512	1.232696	430.693222	0.033512	1657.714290	1.233152	3167.480896	4.564358	1342.401390	1.798468	6666.693597	10.621357
W413	3374.175566	1.746027	611.693481	0.031786	2762.482085	1.746316	5278.418171	7.319226	2237.031925	2.865807	11109.647627	17.155430
W414	2951.455806	1.512508	605.774136	0.034273	2345.681670	1.512896	4482.015945	6.241305	1899.510883	2.445521	9433.435585	14.616946
W415	2791.838365	1.415566	667.191119	0.025754	2124.647246	1.415800	4059.673976	5.693941	1720.519291	2.233750	8544.519569	13.316732
W416	2301.558846	1.396115	449.626700	0.029222	1851.932147	1.396421	3538.583055	5.117748	1499.677178	2.017667	7447.763623	11.901232
W417	2301.468795	1.494634	485.113887	0.025032	1816.354909	1.494843	3470.603776	5.148256	1470.867066	2.037482	7304.685562	11.918559
W418	2713.285832	1.297804	532.278417	0.029848	2181.007415	1.298148	4167.364282	5.710048	1766.159224	2.231103	8771.178638	13.414970
W419	1983.031864	1.093710	355.432194	0.025682	1627.599670	1.094012	3109.939325	4.370469	1318.014854	1.715110	6545.584099	10.217638
W420	2001.929208	1.019544	605.482078	0.038966	1396.447130	1.020289	2668.264147	3.826846	1130.829709	1.506746	5615.976887	8.912845
W421	2093.564981	1.169667	468.337597	0.032610	1625.227384	1.170121	3105.406475	4.437029	1316.093800	1.745945	6536.043672	10.341153
W422	2117.223815	1.271891	425.615313	0.025020	1691.608501	1.272137	3232.244328	4.671320	1369.848602	1.841456	6803.003166	10.864495
W423	1570.506438	0.853005	470.186185	0.031286	1100.320253	0.853579	2102.439124	3.064751	891.028958	1.209744	4425.067714	7.116941
W424	1491.036055	0.884244	243.575757	0.024362	1247.460298	0.884579	2383.587261	3.392707	1010.181578	1.334191	5016.808767	7.912794
W425	943.275963	0.729629	239.052565	0.023767	704.223398	0.730016	1345.596267	2.168758	570.273463	0.867889	2832.117481	4.953779
W426	2930.880588	1.613008	602.993311	0.028776	2327.887277	1.613264	4448.015272	6.295791	1885.101151	2.473585	9361.873332	14.698980
W427	1680.398999	1.182669	452.337502	0.022769	1228.061497	1.182888	2346.520962	3.673571	994.472612	1.464720	4938.794199	8.428851
W428	2306.001999	1.296719	482.432119	0.026581	1823.569880	1.296992	3484.389797	4.963255	1476.709682	1.952048	7333.701420	11.574172
W429	2063.075485	1.208539	265.364809	0.024461	1797.710676	1.208786	3434.979270	4.827650	1455.769142	1.894548	7229.705579	11.286298
W430	3263.880331	1.802597	446.040824	0.024444	2817.839507	1.802763	5384.192476	7.484671	2281.859844	2.931846	11332.274031	17.534702
W431	3557.163022	2.366287	312.112861	0.021639	3245.050160	2.366386	6200.486086	8.888360	2627.810999	3.499343	13050.352075	20.703160
W432	2361.977999	1.760771	339.876244	0.029980	2022.101755	1.761026	3863.734974	5.836129	1637.478921	2.315735	8132.120779	13.469299
W433	2559.977124	1.548983	426.429824	0.033899	2133.547300	1.549354	4076.679772	5.837596	1727.726471	2.297864	8580.312187	13.599881
W434	2274.183674	1.218085	472.451946	0.030370	1801.731728	1.218463	3442.662504	4.844837	1459.025352	1.901710	7245.876715	11.323651
W435	3062.839047	1.779308	394.874486	0.038477	2667.964561	1.779724	5097.818622	7.151704	2160.492526	2.805747	10729.534252	16.725325
W436	2435.479273	1.621124	455.339724	0.040938	1980.139549	1.621641	3783.555604	5.604023	1603.498322	2.217365	7963.364815	12.977092
W437	2000.343049	1.149634	652.193100	0.030394	1348.149950	1.150036	2575.980214	3.864674	1091.719108	1.531999	5421.744080	8.929597
W438	3165.517278	1.702980	565.419254	0.036516	2600.098024	1.703371	4968.142502	6.941740	2105.534845	2.721533	10456.600968	16.246776
W439	2649.519976	1.592003	253.478773	0.028892	2396.041203	1.592265	4578.240522	6.417287	1940.291557	2.517260	9635.962387	15.010228
W440	2443.561358	1.324262	391.642161	0.030359	2051.919198	1.324610	3920.708712	5.460719	1661.624804	2.139735	8252.035143	12.788366
W441	3481.245775	2.080255	422.907690	0.032838	3058.338085	2.080514	5843.725615	8.235104	2476.613323	3.233200	12299.467437	19.242614
W442	1981.319346	1.526044	378.809702	0.032040	1602.509644	1.526381	3061.998509	4.773551	1297.697189	1.902257	6444.681601	10.960041
W443	2043.745574	1.248743	351.882104	0.031510	1691.863470	1.249140	3232.731510	4.649123	1370.055074	1.831295	6804.028554	10.822532
W444	2515.951969	1.259804	408.687830	0.027901	2107.264138	1.260113	4026.459168	5.521854	1706.442615	2.157905	8474.611350	12.970575
W445	2562.797157	1.372729	388.715937	0.029741	2174.081220	1.373051	4154.130040	5.759115	1760.550457	2.254877	8743.324127	13.499224
W446	3062.685451	2.013058	279.230039	0.026045	2783.455412	2.013226	5318.492997	7.607989	2254.015928	2.994257	11193.994336	17.727725
W447	3009.738694	1.931343	341.883432	0.048387	2667.855262	1.931949	5097.609779	7.294276	2160.404017	2.870932	10729.094694	16.995761
W448	2820.348856	1.623856	394.410997	0.021978	2425.937858	1.624004	4635.365616	6.508144	1964.501586	2.553607	9756.195313	15.217948
W449	2412.715384	1.277545	665.445014	0.028492	1747.270370	1.277863	3338.600355	4.789466	1414.923058	1.885835	7026.853938	11.154297
W450	2062.840636	1.074936	670.864782	0.026529	1391.975854	1.075263	2659.720649	3.872469	1127.208912	1.528293	5597.995126	8.994540
W451	2712.487843	1.542806	434.198726	0.025053	2278.289116	1.543009	4353.245487	6.128374	1844.937028	2.405663	9162.408478	14.322693
W452	3012.203444	1.837873	525.219423	0.035668	2486.984021	1.838219	4752.009694	6.836046	2013.936193	2.692849	10001.699659	15.912549
W453	1963.189813	1.257632	527.850152	0.030613	1435.339661	1.258004	2742.578129	4.151447	1162.324514	1.647756	5772.387792	9.577773
W454	871.485886	0.567477	454.085958	0.035231	417.399928	0.568569	797.547748	1.465977	338.006523	0.594838	1678.623058	3.289593
W455	1112.404316	0.706194	333.678848	0.021466	778.725468	0.706520	1487.951247	2.279181	630.604536	0.906117	3131.736347	5.247935
W456	1890.976758	1.483126	299.474552	0.023957	1591.502206	1.483319	3040.966024	4.702989	1288.783469	1.872157	6400.413888	10.811925
W457	1988.758581	1.159577	341.410383	0.039643	1647.348198	1.160255	3147.673865	4.472790	1334.007026	1.758460	6625.005134	10.435111
W458	2281.132550	1.273528	339.749951	0.043598	1941.382599	1.274274	3709.500685	5.185289	1572.113310	2.033054	7807.499169	12.134916
W459	1176.549591	0.635199	389.988258	0.040008	786.561333	0.636457	1502.923641	2.217959	636.949946	0.877115	3163.249202	5.139337
W460	2095.224616	1.159926	532.773622	0.021695	1562.450994	1.160128	2985.456362	4.299932	1265.258071	1.694147	6283.581011	10.006933
W461	1731.701643	1.204312	336.235311	0.023129	1395.466332	1.204534	2666.390086	4.015732	1130.035468	1.592752	5612.032494	9.272572
W462	1426.187349	0.893642	466.074131	0.033573	960.113219	0.894273	1834.538253	2.836531	777.490625	1.129126	3861.208585	6.521284
W463	1999.033525	1.092653	569.480591	0.039031	1429.552935	1.093350	2731.521130	3.965956	1157.638477	1.564519	5749.115788	9.216279
W464	1650.739245	0.985260	518.581751	0.038330	1132.157495	0.986005	2163.272198	3.267623	916.810456	1.296571	4553.104939	7.541391
W465	2620.791658	1.753116	431.558106	0.038214	2189.233552	1.753532	4183.082390	6.154533	1772.820673	2.432775	8804.261019	14.268549
W466	1758.126277	1.065639	480.515355	0.036101	1277.610923	1.066250	2441.197627	3.636999	1034.597270	1.440297	5138.063061	8.413583
W467	1818.526276	1.525725	408.501294	0.033893	1410.024982	1.526102	2694.208055	4.422567	1141.824925	1.773676	5670.581821	10.074394
W468	2522.713434	1.990016	291.827829	0.029477	2230.885604	1.990234	4262.669131	6.491334	1806.550111	2.578641	8971.769661	14.961084
W469	2757.231294	1.858759	263.420404	0.034000	2493.810890	1.859070	4765.054148	6.870376	2019.464527	2.707337	10029.154719	15.985857
W470	3083.490512	1.697037	299.818030	0.028009	2783.672482	1.697269	5318.907765	7.321746	2254.191709	2.863175	11194.867310	17.185749
W471	2088.137333	1.174085	589.043886	0.032717	1499.093447	1.174541	2864.395803	4.187315	1213.951728	1.653565	6028.781164	9.718842
W472	2870.462796	1.428853	649.126971	0.030281	2221.335825	1.429174	4244.421872	5.907335	1798.816790	2.314455	8933.364097	13.836202
W473	1915.041680	1.185080	349.054848	0.024548	1565.986832	1.185334	2992.212472	4.332063	1268.121359	1.708188	6297.800801	10.072239
W474	2453.691327	1.419487	348.464873	0.033983	2105.226454	1.419894	4022.565658	5.657432	1704.792517	2.220444	8466.416562	13.224444
W475	2667.306648	1.565900	348.894682	0.027451	2318.411966	1.566141	4429.910302	6.232588	1877.428133	2.446330	9323.767250	14.567893
W476	2960.626972	1.935057	349.605516	0.030489	2611.021455	1.935298	4989.014470	7.182296	2114.380537	2.829573	10500.530836	16.716277
W477	3228.872881	2.066928	481.556383	0.036915	2747.316498	2.067258	5249.440494	7.587816	2224.750976	2.991225	11048.657428	17.647138
W478	2372.151223	1.372234	401.487207	0.036484	1970.664016	1.372718	3765.450211	5.336254	1595.825125	2.097010	7925.257842	12.455844
W479	2296.306949	1.314697	407.768006	0.031001	1888.538943	1.315062	3608.529563	5.113449	1529.321015	2.009426	7594.982171	11.935960
W480	2149.605877	1.275093	560.033913	0.028085	1589.571964	1.275403	3037.277811	4.470998	1287.220377	1.767438	6392.651194	10.364545
W481	2339.182391	1.385320	277.461369	0.025645	2061.721022	1.385557	3939.437567	5.535949	1669.562229	2.172466	8291.454335	12.942496
W482	2492.014414	1.535298	271.305316	0.025427	2220.709098	1.535509	4243.224352	6.002674	1798.309273	2.358212	8930.843640	14.016054
W483	3327.018813	1.875862	489.081571	0.021465	2837.937243	1.875985	5422.594265	7.591828	2298.134800	2.977399	11413.099447	17.761515
W484	1829.266128	1.106679	518.500795	0.024858	1310.765333	1.106958	2504.547483	3.745393	1061.445398	1.484027	5271.397433	8.658760
W485	1982.963114	1.189114	474.069223	0.036815	1508.893891	1.189684	2883.122021	4.222351	1221.888035	1.667859	6068.194804	9.797005
W486	2190.195266	1.140847	564.874127	0.032284	1625.321139	1.141304	3105.585618	4.409732	1316.169722	1.733462	6536.420718	10.289409
W487	2061.007990	1.238761	403.047736	0.033323	1657.960254	1.239210	3167.950872	4.570840	1342.600569	1.801381	6667.682770	10.633985
W488	2101.705263	1.233391	535.635218	0.028075	1566.070045	1.233711	2992.371472	4.381264	1268.188745	1.730566	6298.135453	10.166171
W489	1651.540991	1.046750	423.351847	0.033930	1228.189144	1.047300	2346.764864	3.520350	994.575980	1.395480	4939.307546	8.134185
W490	1227.405115	0.891204	314.934660	0.037829	912.470455	0.892006	1743.504748	2.744998	738.909964	1.095279	3669.607590	6.292663
W491	1704.473521	1.135825	246.535331	0.034184	1457.938190	1.136339	2785.758314	4.066269	1180.624589	1.605399	5863.270443	9.440406
W492	1117.853465	0.611150	368.596882	0.029648	749.256583	0.611869	1431.643515	2.118650	606.740911	0.838187	3013.223747	4.906840
W493	1650.644458	0.986786	287.642985	0.037891	1363.001473	0.987513	2604.357791	3.727099	1103.745731	1.466967	5481.471232	8.683988
W494	632.299784	0.322649	417.528155	0.038065	214.771629	0.324886	410.375319	0.801169	173.920038	0.326757	863.729444	1.785475
W495	2122.533838	1.195239	395.108321	0.028919	1727.425518	1.195588	3300.681764	4.670391	1398.852884	1.834881	6947.045524	10.904741
W496	1190.182961	0.677808	287.783018	0.029845	902.399943	0.678465	1724.262497	2.491783	730.754959	0.982262	3629.107838	5.795425
W497	1523.862441	0.970609	355.185063	0.025395	1168.677378	0.970941	2233.052638	3.322197	946.383913	1.315361	4699.973957	7.687215
W498	2418.013397	1.460440	349.426124	0.029406	2068.587273	1.460736	3952.557270	5.620113	1675.122454	2.209755	8319.067773	13.110279
W499	2343.813670	1.552171	363.476008	0.027361	1980.337661	1.552412	3783.934149	5.532377	1603.658752	2.184778	7964.161549	12.840414
W500	1909.648894	1.277102	420.203688	0.030821	1489.445206	1.277473	2845.960407	4.277235	1206.138673	1.695968	5989.979623	9.879892
W501	2950.288293	1.718217	535.197434	0.028856	2415.090859	1.718459	4614.639691	6.573933	1955.717789	2.585573	9712.572826	15.329916
W502	990.157181	0.632248	502.036832	0.028059	488.120350	0.632870	932.676935	1.669508	395.275253	0.675743	1963.033576	3.758551
W503	2942.332284	1.825168	394.472503	0.026925	2547.859781	1.825366	4868.328174	6.947231	2063.232809	2.733147	10246.518709	16.195280
W504	2586.463898	1.472928	333.643143	0.025503	2252.820755	1.473149	4304.581765	6.012149	1824.312990	2.356923	9059.984459	14.072205
W505	2661.295900	1.605391	508.131319	0.025050	2153.164580	1.605586	4114.163530	5.932359	1743.612360	2.337731	8659.205394	13.803105
W506	3360.503277	1.876804	270.390720	0.022327	3090.112557	1.876937	5904.438751	8.121695	2502.343990	3.175582	12427.252225	19.066197
W507	2736.507519	1.695224	536.832208	0.035507	2199.675312	1.695595	4203.034002	6.115844	1781.276311	2.413434	8846.253787	14.206715
W508	2055.790142	1.312307	377.786927	0.037779	1678.003215	1.312851	3206.248000	4.685141	1358.831170	1.850041	6748.287903	10.875095
W509	2994.349380	1.716883	356.717772	0.035589	2637.631608	1.717252	5039.859872	7.032378	2135.929187	2.756434	10607.546705	16.463194
W510	2910.639243	1.698004	395.568350	0.029708	2515.070893	1.698264	4805.676740	6.760602	2036.680677	2.653535	10114.654328	15.802353
W511	2567.126299	1.446478	438.357209	0.033236	2128.769089	1.446860	4067.549797	5.730888	1723.857121	2.249938	8561.096049	13.391646
W512	2371.698375	1.478642	347.517322	0.030587	2024.181053	1.478958	3867.707997	5.547124	1639.162717	2.184074	8140.482922	12.919416
W513	1190.107071	0.813160	364.927208	0.031501	825.179862	0.813770	1576.714073	2.490842	668.222866	0.994299	3318.558172	5.707000
W514	3173.399771	1.950201	391.432174	0.037998	2781.967597	1.950571	5315.650152	7.545112	2252.811109	2.965801	11188.010913	17.606525
W515	2991.440104	1.834024	479.846918	0.032904	2511.593185	1.834319	4799.031704	6.882098	2033.864462	2.709648	10100.668317	16.028928
W516	1617.780101	1.030619	519.630868	0.035349	1098.149233	1.031225	2098.290844	3.254014	889.270887	1.295825	4416.336702	7.477496
W517	3639.993077	2.094005	382.594698	0.034509	3257.398380	2.094289	6224.080471	8.661301	2637.810471	3.393354	13100.011898	20.287146
W518	1820.208187	1.168050	377.081634	0.052208	1443.126553	1.169216	2757.456949	4.070915	1168.630266	1.609978	5803.703697	9.432274
W519	1979.902045	1.159990	356.192672	0.029487	1623.709373	1.160365	3102.505934	4.424567	1314.864529	1.740516	6529.938814	10.315686
W520	2379.414325	1.306985	352.329286	0.029962	2027.085039	1.307329	3873.256793	5.393522	1641.514337	2.113331	8152.161642	12.631496
W521	2505.996460	1.440723	485.378009	0.034897	2020.618451	1.441146	3860.900748	5.503392	1636.277755	2.164727	8126.155497	12.832104
W522	2163.818775	1.205328	587.841755	0.036798	1575.977020	1.205890	3011.301244	4.372731	1276.211320	1.725020	6337.977522	10.161330
W523	1336.922377	0.963915	455.545764	0.045736	881.376613	0.965000	1684.092127	2.778439	713.730465	1.114949	3544.560036	6.324499
W524	2128.795811	1.261825	442.697262	0.040207	1686.098549	1.262466	3221.716176	4.650618	1365.386695	1.832958	6780.844244	10.818657
W525	1518.785634	1.100155	317.433714	0.032077	1201.351919	1.100623	2295.485583	3.528235	972.843448	1.403349	4831.378481	8.119371
W526	2420.880973	1.661669	427.768882	0.037322	1993.112091	1.662088	3808.342915	5.672444	1614.003364	2.246279	8015.535424	13.122793
W527	3382.877818	2.181169	280.551381	0.032862	3102.326437	2.181417	5927.776446	8.419857	2512.234675	3.310017	12476.371784	19.645182
W528	2739.335009	1.532094	392.591595	0.039329	2346.743414	1.532599	4484.044673	6.261043	1900.370673	2.454379	9437.705512	14.655563
W529	1303.229454	0.920781	499.694215	0.039528	803.535238	0.921629	1535.356564	2.586821	650.695254	1.040516	3231.511764	5.870729
W530	1530.284144	0.807096	530.669653	0.029767	999.614490	0.807645	1910.015388	2.817466	809.478382	1.114122	4020.067610	6.528994
W531	2792.907588	1.835116	451.183946	0.031198	2341.723642	1.835382	4474.453133	6.541631	1896.305708	2.583320	9417.517905	15.182987
W532	1969.147608	1.246128	451.472911	0.029515	1517.674698	1.246477	2899.899965	4.298973	1228.998649	1.701211	6103.507855	9.953500
W533	1879.620394	1.267929	429.168395	0.028467	1450.451999	1.268249	2771.454060	4.191840	1174.562342	1.663604	5833.163842	9.672246
W534	2724.381795	1.894619	556.847321	0.040906	2167.534474	1.895060	4141.620833	6.264012	1755.248964	2.485970	8716.995616	14.453656
W535	1758.217309	1.169269	568.544705	0.037363	1189.672604	1.169866	2273.169308	3.587079	963.385649	1.431694	4784.408737	8.220123
W536	2036.663392	1.123613	606.863747	0.041991	1429.799645	1.124397	2731.992532	3.998015	1157.838261	1.579065	5750.107962	9.277720
W537	2449.701385	1.315792	491.885698	0.037776	1957.815687	1.316334	3740.900241	5.257505	1585.420669	2.063233	7873.586772	12.291277
W538	2077.646259	1.232290	429.340100	0.036615	1648.306159	1.232834	3149.504290	4.545056	1334.782774	1.791271	6628.857687	10.573648
W539	3612.241911	1.910847	418.050110	0.045236	3194.191801	1.911383	6103.308375	8.371114	2586.626380	3.271453	12845.819184	19.662849
W540	1381.873773	1.081151	370.758916	0.035403	1011.114858	1.081730	1931.989737	3.155529	818.791271	1.264785	4066.317693	7.193436
W541	3683.181173	2.183472	504.323365	0.030686	3178.857807	2.183687	6074.008916	8.579239	2574.209057	3.369582	12784.151720	20.038102
W542	3630.493632	2.141721	316.963591	0.035117	3313.530041	2.142009	6331.334155	8.820842	2683.265360	3.456545	13325.751995	20.656197
W543	3178.095709	1.910804	334.678908	0.029921	2843.416801	1.911039	5433.064341	7.635027	2302.572095	2.996214	11435.136136	17.849869
W544	2632.402469	1.665440	279.964692	0.030686	2352.437777	1.665723	4494.925189	6.395620	1904.981914	2.514949	9460.606064	14.917464
W545	1789.202364	1.360404	332.315372	0.028178	1456.886992	1.360696	2783.749734	4.308467	1179.773338	1.715280	5859.042923	9.903722
W546	2466.790968	1.552836	329.935608	0.029661	2136.855360	1.553119	4083.000654	5.847968	1730.405307	2.302030	8593.615940	13.623480
W547	3011.040165	1.640403	608.027174	0.047971	2403.012991	1.641105	4591.561880	6.476433	1945.937245	2.543107	9664.000255	15.130601
W548	2658.634231	1.622761	433.251134	0.030665	2225.383096	1.623051	4252.155204	6.095668	1802.094233	2.399876	8949.640677	14.198202
W549	2434.526344	1.418122	410.734688	0.035790	2023.791657	1.418574	3866.963957	5.488445	1638.847387	2.157350	8138.916917	12.807455
W550	2751.690647	1.570695	443.388916	0.036901	2308.301730	1.571128	4410.592149	6.216282	1869.240960	2.440637	9283.107746	14.524975
W551	2367.347763	1.347963	477.026298	0.032446	1890.321466	1.348353	3611.935522	5.148645	1530.764486	2.025197	7602.150797	12.004893
W552	2094.378880	1.317591	473.821010	0.035371	1620.557870	1.318065	3096.484193	4.576780	1312.312472	1.810353	6517.264672	10.602194
W553	3175.516901	1.835972	346.358053	0.031710	2829.158848	1.836246	5405.820929	7.537945	2291.026139	2.954261	11377.796097	17.649035
W554	1803.262201	1.053855	512.072153	0.028645	1291.190047	1.054244	2467.143966	3.650861	1045.593517	1.444354	5192.673112	8.455556
W555	2607.806223	1.480889	633.002053	0.036162	1974.804170	1.481331	3773.361019	5.449604	1599.177783	2.148028	7941.907961	12.676196
W556	1221.779698	0.686638	539.543443	0.030771	682.236255	0.687328	1303.584289	2.076799	552.468482	0.829902	2743.693591	4.752130
W557	919.535670	0.625031	330.717991	0.031332	588.817679	0.625816	1125.084559	1.832454	476.819001	0.734232	2367.999767	4.179051
W558	1520.993693	0.788636	346.397623	0.027932	1174.596070	0.789131	2244.361791	3.153698	951.176814	1.237588	4723.776677	7.373129
W559	1690.325053	1.106155	266.258948	0.035383	1424.066105	1.106721	2721.037160	3.968519	1153.195294	1.566609	5727.049856	9.214822
W560	1835.921306	0.962433	621.299372	0.035138	1214.621934	0.963074	2320.841291	3.404462	983.589381	1.345120	4884.745411	7.896990
W563	476.947457	0.167383	437.024974	0.029114	39.922482	0.169896	76.281963	0.338004	32.328850	0.142218	160.552973	0.719726
W564	2254.868820	1.402715	552.500995	0.028777	1702.367825	1.403010	3252.802727	4.827270	1378.561401	1.910570	6846.273055	11.174612
W565	1832.112225	1.151130	387.237953	0.027070	1444.874272	1.151448	2760.796407	4.055844	1170.045552	1.602841	5810.732355	9.405473
W566	1215.515235	0.870363	428.038737	0.033304	787.476498	0.871000	1504.672294	2.493633	637.691037	1.001178	3166.929644	5.672509
W567	2594.590937	1.640613	369.482996	0.032042	2225.107942	1.640926	4251.629451	6.112559	1801.871415	2.407627	8948.534110	14.230014
W568	1580.188023	0.955423	548.585392	0.035999	1031.602631	0.956101	1971.136790	3.042269	835.382076	1.210732	4148.711689	6.996318
W569	2418.257736	1.649917	427.782548	0.031517	1990.475187	1.650218	3803.304446	5.654614	1611.868024	2.238623	8004.930805	13.085664
W570	1537.612845	1.355192	329.402827	0.031079	1208.210018	1.355548	2308.589709	3.850500	978.397072	1.547075	4858.959135	8.751085
W571	2913.779865	1.740315	447.941237	0.037289	2465.838628	1.740714	4711.606092	6.698886	1996.812853	2.633882	9916.660967	15.627001
W572	2465.935735	1.750544	520.116933	0.037075	1945.818802	1.750937	3717.977169	5.678718	1575.705705	2.256759	7825.339883	13.081740
W573	2390.951590	1.227353	462.200055	0.031209	1928.751535	1.227749	3685.365855	5.117655	1561.884793	2.004290	7756.701857	11.991839
W574	1879.243087	1.038150	580.040225	0.035388	1299.202862	1.038753	2482.454468	3.650457	1052.082218	1.442844	5224.897592	8.463947
W575	1796.839108	1.354867	454.231354	0.389114	1342.607754	1.409636	2565.390453	4.156780	1087.231090	1.664520	5399.455487	9.487152
W576	2675.377732	1.648019	309.249341	0.027575	2366.128391	1.648250	4521.084556	6.407166	1916.068444	2.517855	9515.664483	14.955536
W577	3826.077725	2.676126	250.856360	0.028477	3575.221366	2.676277	6831.361377	9.860558	2895.180526	3.886321	14378.174532	22.938734
W578	1939.850254	1.382088	552.153323	0.033840	1387.696931	1.382502	2651.544688	4.205568	1123.743881	1.679635	5580.786932	9.629787
W579	2064.227124	1.348346	509.892382	0.033258	1554.334742	1.348756	2969.948218	4.480686	1258.685607	1.777603	6250.940548	10.343144
W580	2296.171257	1.282814	701.824924	0.030522	1594.346333	1.283177	3046.400445	4.488539	1291.086616	1.774615	6411.851881	10.403534
W581	1538.967372	0.913026	495.762576	0.035811	1043.204797	0.913728	1993.305652	3.016620	844.777401	1.197294	4195.371169	6.959874
W582	3181.437817	2.045991	361.345870	0.034351	2820.091947	2.046279	5388.496329	7.714467	2283.683848	3.036562	11341.332483	17.973116
W583	3329.824793	1.881288	339.538827	0.035433	2990.285966	1.881621	5713.694892	7.915228	2421.505359	3.098660	12025.787810	18.555827
W584	1547.759850	1.036755	430.620642	0.033616	1117.139208	1.037300	2134.575976	3.296730	904.648789	1.312117	4492.707125	7.580679
W585	2212.690456	1.220211	433.086375	0.022947	1779.604081	1.220427	3400.382059	4.800964	1441.106593	1.885503	7156.887774	11.214210
W586	2625.932874	1.556604	528.826618	0.048952	2097.106255	1.557374	4007.049973	5.771583	1698.216857	2.273984	8433.760226	13.431696
W587	1916.983144	1.207077	431.093162	0.021661	1485.889982	1.207272	2839.167257	4.195124	1203.259687	1.659310	5975.681872	9.718617
W588	1614.706468	1.226029	324.282355	0.033401	1290.424113	1.226484	2465.680455	3.840835	1044.973270	1.530410	5189.592815	8.819659
W589	2424.369534	1.346054	356.273404	0.030895	2068.096130	1.346409	3951.618818	5.513860	1674.724732	2.161229	8317.092585	12.908277
W590	1810.720904	1.017490	364.420930	0.030686	1446.299974	1.017953	2763.520570	3.926251	1171.200072	1.543549	5816.465984	9.160314
W591	2945.589013	1.748835	573.103096	0.040644	2372.485917	1.749308	4533.232213	6.517121	1921.216709	2.566958	9541.232026	15.171959
W592	1488.710423	0.830413	475.712402	0.031373	1012.998021	0.831006	1935.587995	2.868390	820.316238	1.135034	4073.891056	6.641657
W593	1639.320447	1.016247	577.730769	0.034836	1061.589677	1.016844	2028.434600	3.168910	859.665304	1.263156	4269.308136	7.273361
W594	2782.627051	2.018879	319.691565	0.026311	2462.935486	2.019050	4706.058908	6.972529	1994.461917	2.758972	9904.985640	16.145244
W597	2173.035936	1.685674	421.521715	0.036321	1751.514221	1.686065	3346.709302	5.238206	1418.359689	2.088506	7043.921086	12.019274
W598	1506.953637	0.987978	488.613797	0.032139	1018.339839	0.988501	1945.794886	3.055198	824.641993	1.218627	4095.373810	7.006758
W599	2350.212339	1.564873	401.105218	0.034502	1949.107120	1.565254	3724.260329	5.483697	1578.368554	2.167855	7838.564242	12.711575
W600	1660.360999	1.241859	259.860630	0.024578	1400.500369	1.242103	2676.008882	4.066935	1134.111984	1.615114	5632.277467	9.376515
W601	2211.393419	1.393642	427.957418	0.030891	1783.436000	1.393985	3407.703906	4.978133	1444.209645	1.965653	7172.298289	11.555757
W602	1598.645686	1.180408	491.217636	0.038997	1107.428050	1.181052	2116.020362	3.451457	896.784785	1.383178	4453.652558	7.869609
W603	2897.940082	2.005068	352.135672	0.028565	2545.804409	2.005271	4864.400869	7.121929	2061.568388	2.813093	10238.252791	16.525645
W604	1931.149237	1.307913	499.227435	0.429439	1431.921802	1.376609	2736.047448	4.280289	1159.556764	1.706468	5758.642468	9.822066
W605	2407.733856	1.630009	429.654953	0.466938	1978.078903	1.695571	3779.618221	5.679357	1601.829630	2.251863	7955.077685	13.119050
W606	2251.349403	1.461107	271.175048	0.033434	1980.174355	1.461490	3783.622111	5.440875	1603.526508	2.143135	7963.504794	12.665838
W607	2982.873348	1.429447	613.470938	0.022746	2369.402410	1.429628	4527.340396	6.219428	1918.719714	2.431246	9528.831339	14.604206
W608	3490.145466	1.786820	677.276153	0.027565	2812.869313	1.787033	5374.695667	7.460464	2277.835027	2.921627	11312.285809	17.482966
W609	2871.740348	1.591137	557.112519	0.021063	2314.627829	1.591277	4422.679755	6.247993	1874.363775	2.454038	9308.548897	14.592610
W610	2658.936810	1.653169	428.492822	0.034784	2230.443987	1.653535	4261.825311	6.135736	1806.192494	2.417284	8969.993647	14.280349
W611	3627.220722	1.884221	598.469270	0.031784	3028.751452	1.884489	5787.192897	7.998609	2452.654346	3.130059	12180.481302	18.759690
W612	3230.874821	2.147318	616.690175	0.034265	2614.184646	2.147592	4995.058543	7.405528	2116.942059	2.930586	10513.251980	17.145939
W613	2941.558661	1.941359	505.552114	0.025338	2436.006547	1.941524	4654.604384	6.838240	1972.655116	2.702438	9796.687735	15.857737
W614	2401.330624	1.519658	471.119590	0.026425	1930.211033	1.519888	3688.154594	5.399288	1563.066681	2.132636	7762.571400	12.528658
W615	1125.434311	0.839261	391.540579	0.023746	733.893732	0.839597	1402.288917	2.359821	594.300219	0.949085	2951.440230	5.356449
W616	2526.430836	1.538985	443.594461	0.023046	2082.836375	1.539158	3979.783771	5.724818	1686.661243	2.255094	8376.372220	13.326039
W617	2840.875870	1.794967	404.460474	0.021286	2436.415396	1.795093	4655.385592	6.691409	1972.986197	2.635524	9798.331966	15.578266
W618	2692.200007	1.596684	462.625811	0.022506	2229.574196	1.596843	4260.163356	6.078891	1805.488146	2.391499	8966.495679	14.171222
W619	2155.823216	1.242949	364.659028	0.022030	1791.164188	1.243144	3422.470555	4.845939	1450.467858	1.904056	7203.378105	11.313213
W620	2524.699350	1.501257	407.306770	0.022541	2117.392580	1.501426	4045.812108	5.758629	1714.644531	2.264594	8515.344073	13.430836
W621	1976.761287	1.274610	514.135587	0.028551	1462.625700	1.274930	2794.714983	4.222649	1184.420491	1.675587	5882.121816	9.745030
W622	3175.645376	2.043184	491.980707	0.031794	2683.664669	2.043431	5127.817636	7.436061	2173.206326	2.932875	10792.674091	17.284089
W623	2400.839137	1.470199	443.063274	0.026728	1957.775863	1.470442	3740.824148	5.404485	1585.388421	2.130359	7873.426617	12.570457
W624	3009.908161	1.640736	423.511003	0.026494	2586.397159	1.640950	4941.963545	6.857874	2094.440014	2.685515	10401.501321	16.071721
W625	1235.187908	0.989431	234.526451	0.027624	1000.661457	0.989817	1912.015881	3.024113	810.326205	1.207353	4024.278108	6.927549
W626	1345.355151	0.697083	467.352763	0.024502	878.002389	0.697514	1677.644821	2.462342	710.998049	0.972966	3530.990194	5.711078
W627	2365.147180	1.518217	380.826566	0.030468	1984.320614	1.518522	3791.544584	5.505909	1606.884109	2.172064	7980.179464	12.794528
W628	555.047529	0.089285	543.496894	0.036848	11.550635	0.096589	22.070399	0.186558	9.353595	0.078909	46.452242	0.393920
W629	2742.553610	1.898042	398.134588	0.035204	2344.419022	1.898369	4479.603336	6.612246	1898.488402	2.614965	9428.357694	15.320972
W630	1719.018125	1.325342	291.485076	0.024847	1427.533049	1.325575	2727.661630	4.212790	1156.002793	1.676719	5740.992581	9.687091
W631	1498.545358	1.144611	295.507899	0.023023	1203.037459	1.144842	2298.706232	3.582386	974.208383	1.427515	4838.157079	8.225581
W632	1296.041116	0.800176	310.297899	0.023675	985.743217	0.800526	1883.510824	2.782655	798.245556	1.100609	3964.282647	6.446589
W633	1256.512965	0.836058	405.842185	0.037435	850.670780	0.836896	1625.420895	2.565389	688.865171	1.023935	3421.072905	5.878660
W634	1806.764117	1.083778	424.970419	0.034852	1381.793698	1.084338	2640.265073	3.861413	1118.963498	1.524971	5557.046384	8.961698
W635	1562.329155	0.881824	495.001737	0.023608	1067.327418	0.882140	2039.397999	3.029191	864.311672	1.199068	4292.383136	7.011188
W636	1212.065621	0.630267	522.585530	0.025404	689.480090	0.630779	1317.425462	2.023911	558.334471	0.804952	2772.825529	4.657919
W637	2533.004610	1.454502	448.964214	0.025212	2084.040396	1.454721	3982.084355	5.646105	1687.636247	2.218956	8381.214330	13.177855
W638	2176.962230	1.215298	612.012720	0.021295	1564.949510	1.215485	2990.230407	4.360389	1267.281346	1.721258	6293.629089	10.125041
W639	3420.492642	1.910407	561.624483	0.020481	2858.868158	1.910516	5462.588053	7.666571	2315.084458	3.007943	11497.275593	17.928024
W640	3298.627254	2.076144	568.720065	0.021688	2729.907189	2.076257	5216.175622	7.561801	2210.653082	2.982322	10978.643838	17.577355
W641	4523.479487	2.249274	526.167808	0.024224	3997.311679	2.249405	7637.871288	10.359933	3236.985279	4.040659	16075.660527	24.388286
W642	2665.204481	1.853446	569.156973	0.025043	2096.047508	1.853616	4005.026969	6.080766	1697.359493	2.414543	8429.502349	14.021798
W643	4042.516652	2.180117	619.545762	0.037974	3422.970890	2.180448	6540.448477	9.083702	2771.889527	3.557652	13765.881283	21.284582
W644	2567.812290	1.663834	326.288563	0.024349	2241.523727	1.664012	4282.995947	6.168443	1815.164763	2.430308	9014.552128	14.355527
W645	4468.176328	2.713815	300.300841	0.026381	4167.875487	2.713943	7963.776425	11.112638	3375.106241	4.355771	16761.603003	26.015150
W646	4681.660952	3.310303	356.423027	0.023231	4325.237925	3.310385	8264.457019	12.001724	3502.536859	4.734671	17394.454615	27.889190
W647	4341.453127	2.844612	498.280884	0.022832	3843.172244	2.844703	7343.349054	10.567844	3112.164619	4.163124	15455.770603	24.597511
W648	3092.727569	1.855722	622.477422	0.030732	2470.250147	1.855976	4720.035410	6.819803	2000.385259	2.688293	9934.402410	15.862127
W649	3921.489975	2.201453	688.070164	0.031385	3233.419811	2.201677	6178.263372	8.708441	2618.392852	3.419161	13003.579252	20.347804
W650	3216.165695	1.869362	601.884185	0.027858	2614.281510	1.869570	4995.243625	7.125100	2117.020498	2.802919	10513.641529	16.611323
W651	2787.431653	1.489482	507.507897	0.023135	2279.923755	1.489662	4356.368877	6.083398	1846.260744	2.384782	9168.982372	14.239456
W652	1943.734533	1.206261	551.026633	0.026414	1392.707900	1.206550	2661.119406	4.012615	1127.801716	1.591787	5600.939133	9.263493
W653	1919.947676	1.248542	546.379585	0.023313	1373.568091	1.248760	2624.547977	4.023062	1112.302479	1.599575	5523.966132	9.262222
W654	3633.943968	1.991358	433.784026	0.023824	3200.159942	1.991500	6114.712012	8.451591	2591.459324	3.307344	12869.820768	19.821958
W655	3574.589569	2.223799	504.008093	0.021247	3070.581476	2.223901	5867.119699	8.395688	2486.527905	3.304452	12348.705679	19.561935
W656	1855.154684	1.300574	425.005192	0.022729	1430.149492	1.300773	2732.661003	4.189434	1158.121563	1.665760	5751.514912	9.645011
W657	1811.801259	0.962363	459.297031	0.024823	1352.504228	0.962683	2584.300160	3.681841	1095.245162	1.448112	5439.255325	8.585649
W658	1799.621348	1.112235	359.107967	0.021983	1440.513380	1.112453	2752.463824	4.007191	1166.514143	1.581443	5793.194514	9.307587
W659	1850.586898	1.196774	556.973668	0.023617	1293.613231	1.197007	2471.774069	3.812745	1047.555788	1.517240	5202.418230	8.769013
W660	2225.977071	1.237385	550.217480	0.033988	1675.759592	1.237852	3201.960993	4.605461	1357.014305	1.814133	6739.264908	10.720642
W661	1342.329430	0.882594	509.463380	13.889313	832.866051	13.917327	1591.400472	26.664990	674.447069	11.295148	3349.469085	56.168754
W662	2373.337675	1.691739	362.912606	0.025527	2010.425068	1.691932	3841.423722	5.738250	1628.023250	2.273288	8085.161606	13.268449
W663	726.396602	0.537248	407.299273	0.022755	319.097329	0.537729	609.715860	1.273545	258.402006	0.522029	1283.287556	2.818757
W664	1269.888796	0.851389	432.455464	0.025280	837.433332	0.851764	1600.127415	2.559027	678.145610	1.023091	3367.836947	5.852122
W665	3296.966432	2.586894	443.269664	0.033147	2853.696768	2.587106	5452.706809	8.349976	2310.896715	3.319515	11476.478237	19.227118
W666	2211.300319	1.713140	250.472465	0.023723	1960.827854	1.713304	3746.655745	5.665503	1587.859894	2.248379	7885.700556	13.073093
W667	1734.202078	1.293321	268.819007	0.024523	1465.383072	1.293554	2799.983636	4.248565	1186.653384	1.686871	5893.210911	9.797879
W668	1711.462062	1.255085	286.929980	0.021209	1424.532082	1.255264	2721.927525	4.127650	1153.572638	1.638725	5728.923836	9.519984
W669	2803.530815	1.513672	560.410608	0.024249	2243.120207	1.513866	4286.046423	6.028885	1816.457577	2.366291	9020.972559	14.092336
W670	2222.410812	1.306779	446.002380	0.022570	1776.408432	1.306974	3394.275965	4.876953	1438.518786	1.920758	7144.036093	11.354799
W671	2355.769256	1.445803	378.254375	0.023133	1977.514880	1.445988	3778.540514	5.420336	1601.372890	2.134222	7952.809402	12.623654
W672	1654.808475	0.932296	632.239028	0.035898	1022.569447	0.932987	1953.876617	2.998799	828.067089	1.192531	4112.383676	6.902650
W673	2251.796972	1.307003	583.956419	0.026555	1667.840554	1.307273	3186.829675	4.659195	1350.601542	1.839941	6707.417561	10.813868
W674	3015.881914	1.900129	620.366239	0.033376	2395.515676	1.900422	4577.236370	6.715438	1939.865990	2.653365	9633.848917	15.576697
W675	3195.857989	1.760920	446.190056	0.029808	2749.667932	1.761172	5253.933502	7.305376	2226.655145	2.861732	11058.114000	17.113854
W676	2659.304055	1.599791	468.321287	0.030287	2190.982768	1.600077	4186.424707	6.003499	1774.237171	2.363717	8811.295697	13.982639
W677	3273.328050	1.993892	516.234678	0.023336	2757.093372	1.994028	5268.121677	7.535807	2232.668197	2.965841	11087.976283	17.559586
W678	2484.195281	1.742500	347.666170	0.023843	2136.529111	1.742663	4082.377272	6.039183	1730.141113	2.389112	8592.303889	13.987777
W679	3942.857004	2.540384	458.184819	0.031197	3484.672185	2.540576	6658.344349	9.544163	2821.854654	3.757499	14014.020319	22.230915
W680	3484.682654	2.487700	427.524176	0.031020	3057.158478	2.487894	5841.471677	8.635482	2475.658088	3.415864	12294.723506	20.003664
W681	3837.292251	2.402346	485.198612	0.023358	3352.093639	2.402459	6405.019627	9.141007	2714.493798	3.596268	13480.840054	21.309001
W682	2776.557934	1.600314	537.590554	0.027092	2238.967380	1.600543	4278.111400	6.101600	1813.094657	2.400250	9004.271474	14.225413
W683	2969.818715	1.664908	391.953615	0.023478	2577.865100	1.665073	4925.660898	6.861238	2087.530833	2.688572	10367.188641	16.067843
W684	3394.937739	2.079233	441.808656	0.021857	2953.129083	2.079348	5642.697304	8.017616	2391.416066	3.152060	11876.357023	18.705507
W685	1780.535636	1.036621	584.674550	0.026576	1195.861086	1.036962	2284.993963	3.446508	968.397024	1.367273	4809.296449	7.956176
W686	2139.852753	1.385609	477.666623	0.027641	1662.186130	1.385884	3176.025473	4.730365	1346.022643	1.873202	6684.677628	10.943463
W687	2309.470152	1.397906	563.429538	0.029348	1746.040614	1.398214	3336.250597	4.908254	1413.927214	1.940123	7021.908331	11.379339
W688	2575.596166	1.522133	609.847686	0.028315	1965.748480	1.522397	3756.057840	5.472668	1591.844570	2.160061	7905.489434	12.709658
W689	2513.067783	1.607821	352.724625	0.023355	2160.343159	1.607990	4127.880013	5.949225	1749.425505	2.344197	8688.074894	13.843580
W690	1768.387517	1.154608	460.427683	0.024201	1307.959834	1.154861	2499.186870	3.792452	1059.173532	1.505790	5260.114788	8.745892
W691	2598.134727	1.752930	327.562982	0.021900	2270.571745	1.753066	4338.499504	6.315817	1838.687574	2.492520	9131.372157	14.670053
W692	2986.422889	1.765113	515.926959	0.033122	2470.495930	1.765424	4720.505040	6.731955	2000.584292	2.648181	9935.390854	15.695299
W693	1506.041356	1.220375	340.549173	0.021207	1165.492183	1.220559	2226.966521	3.604562	943.804572	1.443207	4687.164321	8.228126
W694	1777.656439	1.087921	555.971940	0.024912	1221.684499	1.088206	2334.336100	3.552911	989.308579	1.411267	4913.148349	8.189396
W695	3003.240191	2.040877	573.710877	0.027975	2429.529313	2.041069	4642.227996	6.930634	1967.409913	2.745448	9770.638774	16.027102
W696	969.503735	0.542930	529.715439	0.033127	439.788296	0.543940	840.326367	1.468255	356.136412	0.592864	1768.660520	3.315773
W697	1321.293368	0.879560	580.174563	0.024889	741.118806	0.879912	1416.094240	2.425101	600.151015	0.977188	2980.496715	5.491344
W698	1454.103424	1.060489	292.166292	0.023231	1161.937133	1.060744	2220.173701	3.408190	940.925726	1.355370	4672.867267	7.844732
W699	1768.377026	1.557208	304.128336	0.029807	1464.248690	1.557493	2797.816113	4.558420	1185.734772	1.826552	5888.648860	10.395303
W700	1134.947524	0.779472	375.303738	0.029703	759.643786	0.780038	1451.490883	2.330330	615.152370	0.932103	3054.997109	5.325977
W701	3785.711167	2.768031	410.713257	0.027629	3374.997910	2.768169	6448.784008	9.556078	2733.041461	3.781349	13572.952282	22.126973
W702	2542.931379	1.830582	385.372218	0.028840	2157.559161	1.830809	4122.560483	6.174457	1747.171049	2.447026	8676.878717	14.270647
W703	2246.367494	1.314953	478.468635	0.024775	1767.898859	1.315186	3378.016282	4.867809	1431.627814	1.918040	7109.813842	11.327465
W704	1280.882269	0.890341	503.397836	0.022050	777.484434	0.890614	1485.579937	2.501479	629.599558	1.006123	3126.745379	5.677516
W705	3576.723112	1.776450	693.228580	0.033304	2883.494532	1.776762	5509.642945	7.600137	2335.026663	2.973120	11596.313458	17.831917
W706	1523.250208	1.093108	457.680388	0.027840	1065.569820	1.093463	2036.039666	3.267934	862.888386	1.307090	4285.314751	7.469179
W707	3214.020858	1.994588	562.702373	0.029596	2651.318485	1.994808	5066.012100	7.322465	2147.012691	2.886607	10662.590096	17.030096
W708	2651.159910	1.552939	628.688517	0.026329	2022.471393	1.553162	3864.441261	5.617256	1637.778250	2.216323	8133.607322	13.050982
W709	3168.520454	1.967541	632.045169	0.027222	2536.475285	1.967729	4846.575226	7.064959	2054.013752	2.788741	10200.734617	16.406173
W710	3855.443956	2.318427	613.207635	0.024708	3242.236321	2.318559	6195.109536	8.836479	2625.532379	3.476148	13039.035888	20.601236
W711	2749.082579	1.623864	533.697204	0.022966	2215.385374	1.624026	4233.052037	6.076335	1793.998172	2.392767	8909.433658	14.149731
W712	3416.997122	2.230358	495.998960	0.023562	2920.998162	2.230482	5581.303082	8.100043	2365.396749	3.195146	11747.138733	18.824762
W713	3250.401345	2.065294	434.444534	0.027981	2815.956811	2.065484	5380.595111	7.724745	2280.335254	3.041959	11324.702549	17.987824
W714	3628.512380	2.241065	408.943287	0.022457	3219.569093	2.241178	6151.798086	8.716688	2607.176672	3.425343	12947.876958	20.347044
W715	2190.645110	1.573218	349.121647	0.023930	1841.523464	1.573400	3518.694643	5.281713	1491.248324	2.093883	7405.903875	12.202699
W716	3322.380116	1.763287	574.419202	0.022713	2747.960913	1.763434	5250.671813	7.303796	2225.272818	2.861310	11051.249022	17.108817
W717	4721.202753	2.886858	400.712237	0.024640	4320.490516	2.886964	8255.385898	11.585882	3498.692452	4.545648	17375.362351	27.093335
W718	2973.559279	1.715060	440.090157	0.022398	2533.469122	1.715206	4840.831193	6.814206	2051.579389	2.674845	10188.644977	15.925814
W719	3207.126923	2.163934	607.678493	0.040023	2599.448429	2.164304	4966.901287	7.394438	2105.008809	2.927975	10453.988545	17.107959
W720	1812.354908	1.112418	544.052300	0.022712	1268.302608	1.112650	2423.411746	3.669481	1027.059484	1.456523	5100.628575	8.465384
W721	2272.696402	1.474815	535.015419	0.031242	1737.680983	1.475145	3320.277415	4.973536	1407.157663	1.971123	6988.289089	11.494765
W722	3129.563284	1.888407	589.946934	0.034492	2539.616350	1.888722	4852.577021	6.992132	2056.557356	2.755042	10213.366779	16.271033
W723	2226.446645	1.428690	437.544010	0.025440	1788.902635	1.428916	3418.149289	5.024980	1448.636474	1.986040	7194.283004	11.651492
W724	2645.582206	1.478975	568.760527	0.030451	2076.821679	1.479289	3968.291178	5.654612	1681.790599	2.224091	8352.183409	13.185501
W725	2225.228593	1.414914	523.323541	0.024338	1701.905052	1.415123	3251.918484	4.839256	1378.186652	1.916084	6844.411961	11.197029
W726	2409.085341	1.667181	468.576371	0.027294	1940.508970	1.667404	3707.831396	5.575892	1571.405853	2.211088	7803.985766	12.878325
W727	2493.498071	2.019901	422.601647	0.026030	2070.896424	2.020069	3956.969485	6.224710	1676.992383	2.483449	8328.354297	14.271467
W728	3090.688313	2.577934	457.508675	0.025778	2633.179638	2.578062	5031.353261	7.926105	2132.324024	3.162826	10589.642581	18.168210
W729	1633.231210	1.181863	384.946898	0.021608	1248.284313	1.182060	2385.161748	3.710318	1010.848857	1.478138	5020.122637	8.521826
W730	2423.789576	1.464000	477.081753	0.024520	1946.707823	1.464205	3719.675868	5.375994	1576.425626	2.119255	7828.915186	12.503320
W731	1553.224928	0.834940	444.577401	0.025396	1108.647527	0.835326	2118.350481	3.063078	897.772306	1.207576	4458.556831	7.123398
W732	1676.690290	1.069708	350.500747	0.022569	1326.189543	1.069946	2534.019323	3.736305	1073.935778	1.477367	5333.427714	8.658909
W733	2771.376129	2.116383	259.194228	0.023094	2512.181901	2.116509	4800.156593	7.172875	2034.341198	2.841777	10103.035905	16.584720
W734	1813.271894	1.067230	489.302468	0.021370	1323.969426	1.067444	2529.777229	3.729308	1072.137948	1.474557	5324.499251	8.642994
W735	1832.931145	1.268909	310.688636	0.023225	1522.242509	1.269122	2908.627920	4.332017	1232.697620	1.715453	6121.877847	10.021939
W736	2490.280016	1.736692	392.297516	0.025452	2097.982500	1.736878	4008.724260	5.957395	1698.926432	2.358340	8437.284148	13.787398
W737	2725.547679	1.911060	455.612993	0.039041	2269.934686	1.911459	4337.282243	6.480170	1838.171690	2.567280	9128.810152	14.983496
W738	2563.348695	1.581728	378.485315	0.025199	2184.863380	1.581929	4174.732075	5.973462	1769.281749	2.351061	8786.685858	13.918353
W739	2167.211246	1.210036	444.680513	0.029408	1722.530733	1.210393	3291.329044	4.674259	1394.889134	1.837497	6927.360570	10.906299
W740	3174.572876	1.727719	513.243549	0.022811	2661.329328	1.727870	5085.140337	7.091275	2155.119377	2.779236	10702.849880	16.603001
W741	2153.563163	1.479544	546.669929	0.030462	1606.893233	1.479857	3070.374460	4.728044	1301.246977	1.881043	6462.310721	10.877138
W742	3286.721740	1.907156	544.217913	0.023092	2742.503827	1.907295	5240.244675	7.423396	2220.853721	2.917018	11029.302707	17.328895
W743	1876.654589	1.166557	563.990303	0.027525	1312.664286	1.166882	2508.175910	3.814858	1062.983152	1.515171	5279.034295	8.794191
W744	2685.966459	1.484892	502.256651	0.032672	2183.709809	1.485252	4172.527886	5.879763	1768.347597	2.308449	8782.046633	13.739103
W745	2696.812838	1.765785	395.225827	0.024128	2301.587011	1.765950	4397.761986	6.390904	1863.803444	2.521476	9256.103710	14.849111
W746	3000.004817	1.734751	297.431452	0.024235	2702.573364	1.734921	5163.947463	7.183701	2188.518409	2.814299	10868.717639	16.827257
W747	3190.735504	1.926361	467.596182	0.022597	2723.139322	1.926493	5203.243908	7.401822	2205.172527	2.910514	10951.426064	17.265087
W748	3172.031610	2.153580	284.673950	0.023397	2887.357660	2.153707	5517.024425	7.955829	2338.154988	3.135147	11611.849485	18.510943
W749	2985.583851	1.718028	344.116837	0.025722	2641.467014	1.718221	5047.188381	7.041241	2139.035063	2.759818	10622.971241	16.484556
W750	2740.848357	1.587923	588.458924	0.025959	2152.389432	1.588136	4112.682414	5.913615	1742.984652	2.329317	8656.088045	13.766524
W751	2640.953411	1.779658	514.917854	0.038450	2126.035557	1.780073	4062.326694	6.058394	1721.643533	2.399554	8550.102826	14.012615
W752	2365.320567	1.656446	607.545525	0.041199	1757.775042	1.656959	3358.672178	5.215911	1423.429643	2.077483	7069.099717	11.983093
W753	2224.942451	1.502879	479.779342	0.022075	1745.163109	1.503041	3334.573902	5.018395	1413.216618	1.990231	7018.379339	11.589212
W754	1821.799847	1.156031	397.856388	0.022208	1423.943459	1.156244	2720.802813	4.019498	1153.095977	1.589802	5726.556620	9.312051
W755	2027.420016	1.443617	549.353397	0.033944	1478.066619	1.444016	2824.218750	4.445419	1196.924401	1.773707	5944.219294	10.191113
W756	3388.367400	2.091233	454.317076	0.023069	2934.050324	2.091360	5606.242527	7.990023	2375.966267	3.142752	11799.629543	18.630633
W757	2058.748698	1.262302	347.097199	0.027771	1711.651499	1.262608	3270.541525	4.702379	1386.079232	1.852203	6883.608445	10.946980
W758	2200.501038	1.396652	375.111541	0.024370	1825.389498	1.396864	3487.866634	5.064887	1478.183191	1.998080	7341.019227	11.769704
W759	1972.731701	1.373169	369.189256	0.026069	1603.542446	1.373416	3063.971936	4.602799	1298.533541	1.824940	6448.835134	10.632725
W760	1564.839509	1.071037	515.286428	0.027449	1049.553081	1.071389	2005.435649	3.211937	849.918181	1.284355	4220.901544	7.343582
W761	1163.380835	0.826699	346.605419	0.028288	816.775416	0.827183	1560.655261	2.491569	661.417025	0.995906	3284.758702	5.699370
W762	2509.057454	1.835623	494.695462	0.024446	2014.361992	1.835786	3848.946206	5.904948	1631.211333	2.348089	8100.994407	13.592941
W763	1763.923785	1.229492	446.172537	0.024374	1317.751248	1.229734	2517.895834	3.895831	1067.102526	1.550940	5299.492115	8.955645
W764	1840.006579	1.199217	318.213837	0.023944	1521.792743	1.199457	2907.768528	4.258037	1232.333403	1.681931	6120.069059	9.879974
W765	1850.580812	1.174346	365.629648	0.025082	1484.951164	1.174614	2837.373407	4.159273	1202.499440	1.643177	5971.906303	9.649035
W766	3603.932492	2.676336	371.561917	0.027759	3232.370574	2.676479	6176.258541	9.179077	2617.543190	3.633729	12999.359624	21.243248
W767	2249.255753	1.407797	362.621062	0.021982	1886.634691	1.407969	3604.891011	5.199138	1527.778971	2.048863	7587.323999	12.096613
W768	2597.807079	1.801196	351.866291	0.024213	2245.940787	1.801358	4291.435853	6.316455	1818.741657	2.496928	9032.315857	14.642927
W769	2459.440010	1.788871	236.336784	0.020436	2223.103226	1.788988	4247.798936	6.258426	1800.248015	2.474354	8940.471907	14.505877
W770	1404.610418	1.113624	233.214923	0.022485	1171.395495	1.113851	2238.246287	3.487136	948.585019	1.389506	4710.905188	8.007254
W771	1899.520148	1.110098	499.818169	0.025965	1399.701979	1.110402	2674.483357	3.923819	1133.465455	1.550355	5629.066649	9.101445
W772	2513.313885	1.629334	290.653225	0.026941	2222.660661	1.629557	4246.953304	6.096482	1799.889630	2.400713	8938.692080	14.196565
W773	2237.941963	1.237494	567.524279	0.033728	1670.417684	1.237954	3191.753931	4.594757	1352.688478	1.810163	6717.781794	10.694036
W774	3860.919667	2.056496	565.535868	0.032994	3295.383799	2.056760	6296.661187	8.708245	2668.570705	3.408129	13252.774742	20.421543
W775	3617.925387	1.956138	444.888899	0.024021	3173.036488	1.956286	6062.885817	8.364243	2569.495007	3.272097	12760.740596	19.624277
W776	3225.553604	1.688309	420.118077	0.025858	2805.435527	1.688507	5360.491547	7.360439	2271.815218	2.877038	11282.389964	17.285111
W777	3395.204958	2.153127	453.926466	0.029499	2941.278493	2.153329	5620.053764	8.064551	2381.819569	3.175524	11828.698475	18.780790
W778	3754.990815	2.264247	571.208763	0.027855	3183.782052	2.264418	6083.417925	8.665370	2578.196663	3.408090	12803.955150	20.207404
W779	3100.069524	1.964421	450.897802	0.027670	2649.171722	1.964616	5061.910168	7.288263	2145.274263	2.871383	10653.956634	16.962473
W780	3337.595753	2.068771	486.257571	0.025397	2851.338183	2.068926	5448.200137	7.799918	2308.986755	3.070195	11466.992907	18.172208
W781	2982.043278	1.998296	438.240942	0.022979	2543.802336	1.998428	4860.575403	7.110920	2059.947128	2.808421	10230.201217	16.502324
W782	4667.312806	3.167704	274.698451	0.024237	4392.614355	3.167796	8393.196667	11.997303	3557.097656	4.721184	17665.416876	27.959323
W783	3600.422470	2.295213	530.052826	0.023459	3070.369644	2.295333	5866.714940	8.465160	2486.356366	3.336171	12347.853771	19.693872
W784	1819.878774	1.505469	521.558163	0.021019	1298.320612	1.505615	2480.768706	4.201187	1051.367780	1.690825	5221.349517	9.527682
W785	3693.919555	1.959849	695.968392	0.025373	2997.951164	1.960014	5728.341184	8.000349	2427.712563	3.136327	12056.614308	18.725997
W786	4013.261018	2.669389	551.334357	0.023834	3461.926660	2.669495	6614.883292	9.626249	2803.435542	3.798765	13922.546508	22.360781
W787	3423.121423	2.052526	460.436090	0.021789	2962.685333	2.052642	5660.956927	8.012094	2399.154627	3.147879	11914.788609	18.706313
W788	4064.503269	2.293769	465.787822	0.021797	3598.715448	2.293873	6876.252741	9.551377	2914.205812	3.740905	14472.658755	22.379835
W789	4147.771279	2.565234	533.318200	0.030977	3614.453079	2.565421	6906.323453	9.832479	2926.949998	3.866793	14535.949498	22.931257
W790	3144.724247	1.965050	545.098692	0.025436	2599.625555	1.965215	4967.239730	7.188964	2105.152244	2.834548	10454.700877	16.715710
W791	2841.896963	1.726778	552.270971	0.022451	2289.625992	1.726924	4374.907445	6.327764	1854.117523	2.494743	9208.001062	14.714907
W792	1994.539856	1.312307	487.797073	0.043788	1506.742782	1.313037	2879.011786	4.349632	1220.146087	1.725954	6059.543867	10.038231
W793	2101.640428	1.329022	416.785555	0.026476	1684.854874	1.329285	3219.339820	4.715635	1364.379578	1.862763	6775.842656	10.941191
W794	3322.041550	2.116517	499.415253	0.025977	2822.626298	2.116676	5393.338845	7.788612	2285.736141	3.069939	11351.524674	18.117167
W795	3306.775721	2.091538	340.752374	0.019930	2966.023347	2.091633	5667.335045	8.055661	2401.857719	3.167210	11928.212827	18.792949
W796	3648.718681	2.520654	375.865285	0.028228	3272.853396	2.520812	6253.611175	9.097589	2650.325797	3.589965	13162.166069	21.133972
W797	2155.158237	1.383522	402.559215	0.023024	1752.599023	1.383713	3348.782089	4.906249	1419.238151	1.938119	7048.283744	11.383038
W798	1725.733871	0.976801	422.373013	0.023701	1303.360859	0.977089	2490.399369	3.596134	1055.449325	1.417425	5241.619467	8.365126
W799	1720.098306	1.167159	310.686656	0.023232	1409.411651	1.167390	2693.036131	4.002743	1141.328255	1.584592	5668.115238	9.263441
W800	1305.875225	0.828182	453.340672	0.035041	852.534553	0.828923	1628.982103	2.559371	690.374437	1.020940	3428.568289	5.869048
W801	1679.409382	1.255354	256.568387	0.022539	1422.840995	1.255556	2718.696278	4.124730	1152.203212	1.637676	5722.122931	9.512486
W802	1375.523016	1.050565	340.320688	0.023540	1035.202328	1.050829	1978.014920	3.160833	838.297077	1.263565	4163.188299	7.229252
W803	2108.074779	1.439051	479.962218	0.022274	1628.112561	1.439223	3110.919334	4.722612	1318.430189	1.875214	6547.646753	10.890244
W804	2261.018228	1.545041	467.183800	0.021855	1793.834428	1.545195	3427.572722	5.158612	1452.630193	2.045854	7214.116792	11.912921
W805	2316.815086	1.260818	490.644847	0.039221	1826.170239	1.261428	3489.358437	4.935026	1478.815427	1.938699	7344.159069	11.523652
W806	3011.472041	1.772683	447.200115	0.027524	2564.271926	1.772897	4899.687712	6.931182	2076.523209	2.722976	10312.522086	16.184160
W807	1966.672228	1.114073	577.878985	0.027124	1388.793243	1.114403	2653.639468	3.906366	1124.631663	1.544239	5585.195879	9.055592
W808	1626.821662	0.984544	556.106329	0.031336	1070.715334	0.985043	2045.871466	3.149249	867.055174	1.252860	4306.008039	7.245469
W809	2514.808292	1.743431	416.785761	0.023672	2098.022531	1.743591	4008.800749	5.964628	1698.958849	2.361615	8437.445138	13.801291
W810	2997.865879	1.667841	505.765080	0.022919	2492.100799	1.667999	4761.786587	6.685371	2018.079711	2.623128	10022.277385	15.632475
W811	2635.367414	1.628520	403.979117	0.020878	2231.388297	1.628653	4263.629653	6.113307	1806.957187	2.406894	8973.791299	14.238778
W812	3709.317911	2.310181	393.490620	0.021246	3315.827291	2.310279	6335.723630	8.979265	2685.125652	3.528653	13334.990658	20.959110
W813	4129.360327	3.159358	424.569667	0.026622	3704.790660	3.159470	7078.936166	10.619369	3000.104518	4.209579	14899.252738	24.537168
W814	3033.261975	1.643817	581.415197	0.029266	2451.846778	1.644078	4684.871136	6.580139	1985.482385	2.582018	9860.391091	15.385188
W815	3309.599130	1.797309	585.688015	0.022124	2723.911116	1.797445	5204.718614	7.283942	2205.797518	2.856463	10954.529923	17.042470
W816	3089.850104	2.011638	405.663302	0.025331	2684.186802	2.011797	5128.815303	7.405554	2173.629144	2.918889	10794.773910	17.226576
W817	3674.795683	2.411771	450.210649	0.021857	3224.585034	2.411870	6161.382305	8.891577	2611.238533	3.504301	12968.049156	20.685392
W818	2207.095716	1.653042	382.845743	0.020299	1824.249973	1.653167	3485.689285	5.337044	1477.260414	2.121690	7336.436494	12.289657
W819	4081.399058	2.488720	462.127768	0.022555	3619.271290	2.488822	6915.529858	9.770260	2930.851739	3.837523	14555.326500	22.818851
W820	4036.364397	2.513077	336.817244	0.022657	3699.547154	2.513179	7068.917125	9.958412	2995.858376	3.909579	14878.165357	23.270831
W821	3512.662763	2.223225	494.593383	0.025487	3018.069380	2.223371	5766.782105	8.288607	2444.004105	3.264591	12137.522087	19.296815
W822	3508.176585	2.122425	600.919268	0.022575	2907.257317	2.122545	5555.047735	7.965547	2354.269542	3.136183	11691.878303	18.552670
W823	1916.968095	1.404086	539.886549	0.031680	1377.081547	1.404443	2631.261321	4.212701	1115.147642	1.684452	5538.095911	9.632217
W824	2405.011836	1.583538	263.121024	0.024301	2141.890813	1.583725	4092.622156	5.888044	1734.482969	2.319448	8613.866607	13.705604
W825	2767.004397	1.860549	468.986389	0.029615	2298.018008	1.860785	4390.942506	6.481364	1860.913298	2.563204	9241.750543	15.017715
W826	2240.256683	1.474778	625.022856	0.026481	1615.233826	1.475016	3086.311265	4.738313	1308.001111	1.884362	6495.853401	10.906122
W827	2063.498648	1.432889	430.404801	0.028247	1633.093847	1.433168	3120.437336	4.725452	1322.463987	1.875699	6567.679582	10.901266
W828	2928.587981	1.922812	483.208996	0.023194	2445.378984	1.922952	4672.512787	6.837683	1980.244827	2.700621	9834.380096	15.867443
W829	2919.636300	1.875343	464.401046	0.023769	2455.235254	1.875493	4691.345674	6.809137	1988.226341	2.685975	9874.018248	15.824373
W830	2467.889263	1.803036	336.584449	0.023878	2131.304814	1.803195	4072.394938	6.093551	1725.910528	2.414634	8571.293766	14.085933
W831	1961.995491	1.463146	406.371168	0.022257	1555.624323	1.463315	2972.412287	4.612484	1259.729898	1.836951	6256.126749	10.598095
W832	2197.078016	1.250228	373.214469	0.022347	1823.863547	1.250427	3484.950921	4.920038	1476.947490	1.932247	7334.882437	11.492491
W833	2960.360685	1.768724	605.588454	0.030094	2354.772231	1.768980	4499.385752	6.500762	1906.872333	2.562516	9469.994348	15.120170
W834	1676.693289	1.171149	515.496945	0.022478	1161.196344	1.171365	2218.758238	3.536620	940.325842	1.413346	4669.888098	8.091853
W835	247.014710	0.057036	241.025769	0.023232	5.988940	0.061586	11.443380	0.118520	4.849787	0.050164	24.085230	0.249988
W836	1925.093356	1.281967	320.904840	0.022891	1604.188516	1.282172	3065.206417	4.506952	1299.056723	1.781347	6451.433384	10.449996
W837	2668.945466	1.809874	392.980632	0.021403	2275.964835	1.810001	4348.804361	6.384868	1843.054847	2.523024	9153.061105	14.808057
W838	3318.736797	2.376544	420.579973	0.023096	2898.156824	2.376656	5537.658949	8.205504	2346.900049	3.246900	11655.279596	18.999909
W839	3027.006624	1.849767	422.848789	0.032084	2604.157835	1.850045	4975.899794	7.085768	2108.822442	2.786704	10472.927977	16.524692
W840	1909.638801	1.294851	414.626278	0.069054	1495.012522	1.296691	2856.598168	4.309031	1210.647034	1.709467	6012.369243	9.947149
W841	1852.641796	1.224656	469.577629	0.026760	1383.064167	1.224949	2642.692625	4.014418	1119.992312	1.594154	5562.155725	9.256159
W842	4139.415274	2.438446	595.879202	0.030192	3543.536072	2.438633	6770.818639	9.567571	2869.522074	3.758025	14250.748386	22.344690
W843	4168.317823	2.591917	388.632787	0.023757	3779.685036	2.592026	7222.040745	10.196697	3060.753277	4.004591	15200.449307	23.817710
W844	4411.686407	2.468543	559.595798	0.027403	3852.090609	2.468695	7360.389838	10.235564	3119.386626	4.009657	15491.636860	23.977660
W845	3341.055093	1.909167	532.784444	0.023328	2808.270649	1.909309	5365.908761	7.560749	2274.111072	2.968375	11293.791739	17.667321
W846	3525.466184	2.295994	385.470258	0.022872	3139.995927	2.296108	5999.753499	8.606771	2542.739072	3.388866	12627.864082	20.044640
W847	3232.128412	2.231160	396.031636	0.021499	2836.096775	2.231264	5419.077588	7.931289	2296.644407	3.132618	11405.697790	18.404801
W848	2580.755346	1.649262	431.801431	0.021893	2148.953915	1.649407	4106.117992	5.967655	1740.202602	2.354521	8642.271705	13.865464
W849	3204.657317	1.879417	477.796989	0.022240	2726.860328	1.879548	5210.353828	7.365283	2208.185763	2.893170	10966.390530	17.200130
W850	3051.135204	2.111797	419.963458	0.022365	2631.171746	2.111915	5027.516677	7.401522	2130.698052	2.925957	10581.567606	17.157678
W851	3394.799791	2.163393	313.429628	0.021894	3081.370162	2.163504	5887.734203	8.359976	2495.264481	3.286286	12392.093653	19.506775
W852	3639.755261	2.530534	362.852352	0.021922	3276.902909	2.530629	6261.348789	9.115627	2653.605055	3.597494	13178.451663	21.173056
W853	1981.966387	1.358378	300.629079	0.028420	1681.337308	1.358675	3212.618625	4.739176	1361.531087	1.874046	6761.696352	10.982132
W854	4356.145134	2.141896	523.537798	0.020883	3832.607336	2.141997	7323.162135	9.921426	3103.609256	3.868808	15413.282579	23.361498
W855	2457.261287	1.678026	286.708401	0.027187	2170.552886	1.678246	4147.388269	6.040041	1757.693246	2.383833	8729.134516	14.028481
W856	3274.374012	2.005303	377.346945	0.038616	2897.027067	2.005675	5535.500265	7.833151	2345.985183	3.077485	11650.736148	18.289128
W857	3490.455259	2.502096	458.193832	0.024307	3032.261428	2.502214	5793.899590	8.601707	2455.496692	3.404637	12194.597083	19.910681
W858	3593.754299	2.319895	310.165590	0.027747	3283.588709	2.320061	6274.123695	8.922413	2659.019152	3.508258	13205.339397	20.813140
W859	3084.909553	1.927117	435.600010	0.025518	2649.309543	1.927286	5062.173509	7.252062	2145.385869	2.854850	10654.510897	16.893762
W860	3087.562236	2.012531	475.161024	0.024209	2612.401212	2.012677	4991.650843	7.262285	2115.497851	2.865777	10506.079691	16.870273
W861	2821.989317	1.851582	639.943371	0.034897	2182.045946	1.851911	4169.348657	6.244882	1767.000217	2.474957	8775.355213	14.433279
W862	2321.751334	1.505655	475.415727	0.022777	1846.335606	1.505827	3527.889454	5.218766	1495.145152	2.064545	7425.256475	12.087610
W863	2270.980928	1.541405	590.793987	0.030463	1680.186941	1.541706	3210.420558	4.937250	1360.599530	1.963929	6757.070013	11.360849
W864	3819.458246	2.755670	476.398147	0.030937	3343.060099	2.755844	6387.758773	9.480344	2707.178523	3.752235	13444.510609	21.945702
W865	2988.507901	2.353860	440.436060	0.023701	2548.071841	2.353980	4868.733368	7.505729	2063.404533	2.986590	10247.371535	17.264213
W866	2564.859800	1.579573	498.238727	0.028651	2066.621074	1.579833	3948.800351	5.732588	1673.530245	2.261386	8311.160471	13.321980
W867	1802.228256	1.313799	392.356010	0.023771	1409.872246	1.314014	2693.916215	4.166236	1141.701241	1.658486	5669.967578	9.577967
W868	2205.524979	1.641799	656.020669	0.035021	1549.504310	1.642173	2960.718460	4.816350	1254.773969	1.929548	6231.514395	10.986032
W869	2584.844875	1.841807	564.730466	0.033320	2020.114409	1.842109	3859.937648	5.923037	1635.869586	2.355349	8124.128432	13.634119
W870	3188.398278	2.280543	464.247926	0.024170	2724.150352	2.280671	5205.175736	7.762593	2205.991250	3.074527	10955.492042	17.954381
W871	1566.937857	1.388287	550.885266	0.029608	1016.052591	1.388603	1941.424522	3.575017	822.789801	1.450844	4086.175372	8.020447
W872	2342.979959	1.671868	355.477987	0.022235	1987.501972	1.672016	3797.623369	5.672150	1609.460342	2.247063	7992.973668	13.115874
W873	3332.146000	2.029914	411.506097	0.024972	2920.639903	2.030067	5580.618538	7.904529	2365.106634	3.106012	11745.697952	18.452489
W874	3560.809086	2.345753	447.263205	0.029478	3113.545881	2.345938	5949.214022	8.602396	2521.320075	3.391377	12521.492102	20.005467
W875	3069.641633	1.642408	564.080628	0.027771	2505.561006	1.642643	4787.505705	6.690425	2028.979660	2.623075	10076.409196	15.658102
W876	4133.053415	1.977663	433.034551	0.021698	3700.018864	1.977782	7069.818447	9.508459	2996.240363	3.702825	14880.062397	22.422210
W877	3746.399497	2.524945	398.620773	0.023735	3347.778724	2.525057	6396.774895	9.252179	2710.999621	3.647705	13463.487115	21.515479
W878	2065.992918	1.358415	484.410890	0.023565	1581.582028	1.358619	3022.011025	4.544138	1280.750203	1.801929	6360.518724	10.495500
W879	4811.369973	3.089740	450.922430	0.022943	4360.447543	3.089825	8331.733867	11.856990	3531.049275	4.662660	17536.054248	27.654905
W880	2774.661311	1.923188	411.318290	0.024794	2363.343021	1.923348	4515.762406	6.675759	1913.812878	2.640678	9504.462791	15.464029
W881	3968.376184	2.411191	357.594015	0.025814	3610.782169	2.411329	6899.309254	9.681441	2923.977329	3.798369	14521.186500	22.640408
W882	4110.269169	2.489612	541.522952	0.023805	3568.746216	2.489726	6818.988973	9.667204	2889.937011	3.799192	14352.133956	22.563550
W883	2892.410089	1.705809	463.369687	0.023427	2429.040402	1.705970	4641.293808	6.590616	1967.013997	2.590783	9768.672559	15.378033
W884	3035.341028	1.962440	438.538629	0.023491	2596.802399	1.962581	4961.845379	7.180658	2102.866079	2.831242	10443.347222	16.696607
W885	2977.348415	2.327194	487.593500	0.031707	2489.754915	2.327410	4757.304186	7.365332	2016.180037	2.932399	10012.843138	16.929557
W886	2989.434937	1.800547	581.388572	0.034589	2408.046365	1.800879	4601.179409	6.639779	1950.013224	2.616819	9684.242561	15.446906
W887	3282.231319	2.075504	445.536191	0.024649	2836.695127	2.075650	5420.220890	7.776714	2297.128947	3.062117	11408.104133	18.110936
W888	3038.787618	1.877176	456.447737	0.058656	2582.339881	1.878092	4934.211094	7.068281	2091.154468	2.782473	10385.184500	16.465840
W889	2863.438305	1.752489	317.445413	0.024543	2545.992892	1.752661	4864.761012	6.874691	2061.721020	2.700326	10239.010795	16.055356
W890	3651.754393	2.621906	247.471683	0.024715	3404.282710	2.622023	6504.739999	9.462905	2756.756015	3.734120	13690.724561	21.982621
W891	2716.967269	1.617881	568.118894	0.025137	2148.848376	1.618076	4105.916333	5.936044	1740.117138	2.340143	8641.847267	13.805100
W892	2187.202716	1.396920	564.039956	0.027235	1623.162760	1.397185	3101.461492	4.666716	1314.421887	1.850712	6527.740544	10.777398
W893	3029.250187	1.743749	586.754883	0.025014	2442.495304	1.743929	4667.002789	6.654233	1977.909650	2.617517	9822.783036	15.514705
W894	2117.414596	1.331596	546.231758	0.033672	1571.182837	1.332021	3002.140750	4.495063	1272.329036	1.781383	6318.697151	10.389684
W895	3808.082985	1.965973	457.051639	0.061603	3351.031346	1.966938	6402.989849	8.750471	2713.633563	3.417522	13476.567918	20.568605
W896	3545.547718	1.983794	345.526417	0.026289	3200.021301	1.983968	6114.447103	8.444829	2591.347054	3.304264	12869.263206	19.809019
W897	3374.683898	2.290090	501.529777	0.022247	2873.154121	2.290198	5489.884985	8.065652	2326.653096	3.187521	11554.728277	18.703968
W898	1993.358763	1.181632	518.102806	0.021443	1475.255958	1.181827	2818.848273	4.147531	1194.648354	1.639454	5932.915888	9.615480
W899	2865.443895	2.107519	469.292137	0.022038	2396.151758	2.107634	4578.451766	6.938750	1940.381083	2.754532	9636.406997	16.005112
W900	3137.993863	2.410596	529.651432	0.030892	2608.342431	2.410794	4983.895518	7.684565	2112.211088	3.057820	10489.756823	17.675073
W901	2566.129549	1.792396	458.164452	0.025652	2107.965097	1.792579	4027.798526	6.036704	1707.010244	2.392670	8477.430338	13.950621
W902	4203.966029	3.280867	423.007582	0.024884	3780.958447	3.280961	7224.473918	10.899468	3061.784473	4.324103	15205.570481	25.160122
W903	3369.099484	2.177651	506.674127	0.021661	2862.425357	2.177759	5469.384978	7.929590	2317.965044	3.127419	11511.581288	18.431979
W904	2031.943225	1.354185	475.693410	0.022401	1556.249815	1.354370	2973.607447	4.490554	1260.236415	1.781762	6258.642238	10.364231
W905	1869.960169	1.310709	407.952825	0.033923	1462.007344	1.311148	2793.533457	4.261767	1183.919751	1.693381	5879.635023	9.819490
W906	1906.754393	1.660988	430.265024	0.026371	1476.489369	1.661197	2821.205016	4.711478	1195.647159	1.893274	5937.876196	10.705906
W907	3589.017572	2.386314	426.903393	0.028967	3162.114178	2.386489	6042.015992	8.740527	2560.650223	3.446075	12716.815239	20.325042
W908	2584.080621	2.257153	311.152817	0.030531	2272.927804	2.257360	4343.001349	6.879893	1840.595488	2.747290	9140.847328	15.756386
W909	2846.430263	2.036493	259.188986	0.024944	2587.241277	2.036646	4943.576447	7.236550	2095.123573	2.858289	10404.896044	16.792145
W910	2498.326258	1.704683	412.855935	0.023237	2085.470323	1.704842	3984.816591	5.898891	1688.794189	2.333848	8386.964949	13.661210
W911	3341.729899	2.369170	500.781646	0.025470	2840.948253	2.369307	5428.347558	8.085614	2300.573088	3.201902	11425.208578	18.705406
W912	2619.350103	1.684163	498.339046	0.023848	2121.011057	1.684332	4052.726120	5.947646	1717.574740	2.350103	8529.896204	13.795066
W913	1996.513156	1.524544	643.045235	0.043147	1353.467922	1.525154	2586.141539	4.321967	1096.025551	1.736889	5443.130931	9.819835
W914	4577.247054	2.676299	595.096865	0.032135	3982.150190	2.676492	7608.901442	10.692816	3224.707648	4.196190	16014.686809	24.998603
W915	3769.739470	2.402786	447.424692	0.024098	3322.314777	2.402907	6348.119607	9.080782	2690.379157	3.573897	13361.080849	21.159577
W916	2747.225222	1.778058	633.915512	0.029502	2113.309710	1.778302	4038.010756	6.031677	1711.338262	2.389520	8498.924330	13.947027
W917	3723.248405	2.557127	425.879505	0.024807	3297.368900	2.557247	6300.454222	9.183535	2670.178221	3.624957	13260.758060	21.326228
W918	5048.457081	3.165143	307.655905	0.026380	4740.801177	3.165253	9058.495333	12.710661	3839.056058	4.986795	19065.691260	29.724642
W919	4228.299981	2.663486	352.243617	0.022325	3876.056364	2.663580	7406.182453	10.461759	3138.793869	4.109018	15588.017972	24.434619
W920	2416.077998	1.485155	459.504780	0.025393	1956.573217	1.485372	3738.526190	5.416954	1584.414529	2.136243	7868.590034	12.592814
W921	2503.582211	1.587554	461.382464	0.028399	2042.199747	1.587808	3902.137253	5.691819	1653.754085	2.246940	8212.947227	13.215993
W922	3077.626117	2.016888	439.768095	0.027144	2637.858022	2.017070	5040.292492	7.317696	2136.112535	2.886712	10608.457253	17.005386
W923	3090.271557	1.853696	478.113092	0.034972	2612.158465	1.854026	4991.187014	7.105915	2115.301277	2.794524	10505.103455	16.572379
W924	3003.849534	1.726459	414.237657	0.053161	2589.611876	1.727277	4948.106073	6.941510	2097.043262	2.723273	10414.429687	16.233827
W925	1505.753336	1.309900	357.715093	0.022011	1148.038244	1.310085	2193.616371	3.687204	929.670537	1.482747	4616.971244	8.370780
W926	3758.350593	2.418546	458.783162	0.024224	3299.567431	2.418667	6304.655070	9.049884	2671.958571	3.563697	13269.599712	21.074179
W927	3505.478034	2.965206	432.376460	0.022522	3073.101574	2.965291	5871.934981	9.198900	2488.568657	3.668087	12358.840550	21.104241
W928	2653.658557	1.632691	478.356743	0.035319	2175.301814	1.633073	4156.462293	6.004227	1761.538883	2.366722	8748.232891	13.965728
W929	3242.691015	2.052423	424.224631	0.024526	2818.466384	2.052569	5385.390282	7.717263	2282.367483	3.038116	11334.795091	17.976529
W930	1898.141965	1.365753	420.657760	0.027875	1477.484205	1.366038	2823.105901	4.353408	1196.452768	1.732323	5941.877046	10.012969
W931	3008.937962	1.693685	396.575725	0.024202	2612.362238	1.693858	4991.576372	6.958825	2115.466290	2.727195	10505.922950	16.293779
W932	1693.428697	1.163036	482.698388	0.025444	1210.730309	1.163314	2313.405360	3.618344	980.437980	1.442525	4869.094781	8.303366
W933	3103.815025	1.956831	424.061962	0.026053	2679.753063	1.957004	5120.343527	7.342753	2170.038744	2.891011	10776.943106	17.101881
W934	2999.225142	1.989840	308.866365	0.024563	2690.358777	1.989992	5140.608415	7.396492	2178.627151	2.913708	10819.595233	17.216519
W935	1662.367031	1.195450	461.180405	0.020593	1201.186625	1.195627	2295.169748	3.639052	972.709595	1.453314	4830.713732	8.333050
W936	2487.523683	1.580238	471.930925	0.027164	2015.592758	1.580471	3851.297895	5.631300	1632.207996	2.223869	8105.944080	13.069832
W937	3491.894931	2.497124	467.391319	0.025666	3024.503612	2.497256	5779.076328	8.581234	2449.214486	3.396623	12163.398112	19.862677
W938	2632.460876	1.999967	480.489224	0.022413	2151.971652	2.000093	4111.884140	6.352771	1742.646338	2.528557	8654.407892	14.607085
W939	2042.394442	1.585615	362.137309	0.023219	1680.257133	1.585785	3210.554678	4.988092	1360.656371	1.986860	6757.352299	11.458887
W940	3397.845354	2.135530	512.413305	0.020939	2885.432049	2.135633	5513.345060	7.934126	2336.595646	3.125581	11604.105412	18.467383
W941	2856.264785	1.922140	404.460005	0.030403	2451.804780	1.922380	4684.790889	6.849881	1985.448376	2.705093	9860.222192	15.898125
W942	1043.424789	0.961779	291.086351	0.023259	752.338438	0.962060	1437.532176	2.554749	609.236568	1.033327	3025.617791	5.756739
W943	2961.771791	1.997858	304.028238	0.027102	2657.743553	1.998042	5078.288812	7.338619	2152.215651	2.892877	10688.429265	17.068336
W944	930.702212	0.530276	436.560639	0.022292	494.141573	0.530745	944.182000	1.544759	400.151183	0.619287	1987.248637	3.520597
W945	1276.145179	0.915365	535.295110	0.024301	740.850069	0.915687	1415.580752	2.472536	599.933395	0.998348	2979.415959	5.583997
W946	3415.531766	1.803977	480.599553	0.021592	2934.932213	1.804106	5607.927598	7.732002	2376.680412	3.024453	11803.176164	18.143009
W947	4176.127557	2.429126	547.688510	0.023161	3628.439047	2.429237	6933.047169	9.734350	2938.275702	3.819491	14592.195718	22.761667
W948	3902.196816	2.227642	444.989163	0.024842	3457.207654	2.227780	6605.866441	9.197028	2799.614136	3.603539	13903.568467	21.539963
W949	3219.302678	2.162821	422.799760	0.028864	2796.502919	2.163013	5343.423547	7.782686	2264.581676	3.071654	11246.466424	18.075582
W950	3131.615723	2.043336	372.026800	0.028173	2759.588924	2.043530	5272.890057	7.589114	2234.689071	2.989730	11098.012437	17.663905
W951	4140.632559	2.235994	510.280292	0.027495	3630.352267	2.236163	6936.702857	9.567975	2939.825009	3.742878	14599.889957	22.449295
W952	3726.200251	2.063019	581.375744	0.026850	3144.824507	2.063193	6008.979718	8.398706	2546.649211	3.292916	12647.282785	19.655538
W953	3676.226600	2.378939	501.532131	0.027728	3174.694468	2.379100	6066.053807	8.758513	2570.837624	3.452136	12767.408360	20.373929
W954	2542.964790	1.656616	392.974129	0.025608	2149.990661	1.656814	4108.098957	5.977215	1741.042150	2.358698	8646.441103	13.884892
W955	2313.747427	1.661187	306.621516	0.024081	2007.125911	1.661362	3835.119851	5.699083	1625.351624	2.256064	8071.893656	13.189704
W956	2663.154754	1.784736	407.139434	0.023571	2256.015320	1.784892	4310.685786	6.319353	1826.899918	2.496567	9072.831777	14.660022
W957	3503.660335	2.306031	447.702737	0.024965	3055.957598	2.306166	5839.177094	8.446890	2474.685627	3.330292	12289.894027	19.642311
W958	4845.888244	2.942166	533.846669	0.022333	4312.041575	2.942251	8239.242066	11.619110	3491.850579	4.562332	17341.383935	27.146267
W959	2895.545602	1.813357	586.365973	0.021534	2309.179629	1.813485	4412.269596	6.454420	1869.951874	2.549101	9286.638319	14.979046
W960	3025.100836	1.943331	459.688260	0.025643	2565.412576	1.943500	4901.867212	7.098497	2077.446896	2.799131	10317.109345	16.503615
W961	3538.299256	2.248649	497.234303	0.022548	3041.064954	2.248762	5810.720944	8.360048	2462.625704	3.293244	12230.001501	19.459614
W962	2857.470560	1.769184	460.225419	0.035190	2397.245141	1.769534	4580.540948	6.587066	1941.266494	2.594628	9640.804164	15.333970
W963	2703.247071	1.649062	338.129151	0.030258	2365.117920	1.649339	4519.153798	6.406115	1915.250174	2.517549	9511.600757	14.952347
W964	1845.791814	1.163094	426.533087	0.027375	1419.258727	1.163416	2711.851451	4.017839	1149.302325	1.589822	5707.716416	9.303534
W965	2943.048330	1.749583	366.634432	0.035280	2576.413898	1.749939	4922.888010	6.934920	2086.355663	2.722568	10361.352461	16.205641
W966	3432.272524	1.938498	433.847942	0.028275	2998.424582	1.938705	5729.245769	7.982359	2428.095933	3.127999	12058.518216	18.692523
W967	3927.975387	1.946273	583.798884	0.030342	3344.176503	1.946509	6389.891945	8.719154	2708.082577	3.404360	13449.000360	20.501247
W968	1922.424614	1.300912	480.743580	0.023281	1441.681034	1.301121	2754.694920	4.211748	1167.459697	1.674011	5797.890369	9.700721
W969	4632.546373	3.553748	445.733326	0.037705	4186.813047	3.553948	7999.961406	11.983036	3390.441698	4.749124	16837.762635	27.695148
W970	2345.647461	1.550629	341.948448	0.040255	2003.699013	1.551151	3828.571898	5.577677	1622.576554	2.201468	8058.111980	12.953796
W971	2525.685900	1.612982	429.972864	0.036558	2095.713036	1.613396	4004.387876	5.824708	1697.088641	2.298420	8428.157228	13.531293
W972	2655.794343	1.819449	372.836062	0.029253	2282.958281	1.819684	4362.167103	6.408756	1848.718074	2.532716	9181.186075	14.861713
W973	2555.324903	1.839310	305.734054	0.026532	2249.590849	1.839501	4298.410215	6.363637	1821.697442	2.517752	9046.995008	14.737304
W974	1534.331352	1.202832	375.647051	0.022603	1158.684301	1.203045	2213.958347	3.570701	938.291614	1.429031	4659.785622	8.155218
W975	1729.082168	1.250331	480.850480	0.028068	1248.231688	1.250646	2385.061195	3.791424	1010.806243	1.514661	5019.911002	8.678469
W976	2506.978926	1.724792	266.400347	0.031903	2240.578580	1.725087	4281.190004	6.227507	1814.399391	2.457373	9010.751105	14.466958
W977	3234.280130	1.949008	422.871946	0.026159	2811.408184	1.949183	5371.903813	7.604255	2276.651819	2.987724	11306.409707	17.753552
W978	1667.491136	1.223948	399.991800	0.022591	1267.499336	1.224156	2421.876892	3.795404	1026.409002	1.513496	5097.398121	8.706987
W979	832.924159	0.602318	560.563531	0.023908	272.360628	0.602792	520.413614	1.318758	220.555066	0.546507	1095.330398	2.873698
W980	2067.698740	1.459028	473.728195	0.021231	1593.970545	1.459182	3045.682408	4.680014	1290.782307	1.861397	6410.340606	10.770398
W981	2960.605677	1.721761	485.310911	0.021649	2475.294767	1.721897	4729.674428	6.700523	2004.470345	2.632992	9954.689944	15.641269
W982	3424.259925	2.153500	502.046768	0.025174	2922.213157	2.153647	5583.624635	8.026228	2366.380640	3.161304	11752.024977	18.685596
W983	2674.779133	1.800768	470.541113	0.022353	2204.238020	1.800907	4211.752207	6.233752	1784.971149	2.466270	8864.603258	14.437148
W984	4602.409189	3.027131	479.800913	0.023386	4122.608276	3.027221	7877.282011	11.312399	3338.449280	4.454957	16579.555573	26.340643
W985	3153.446164	2.026674	343.870524	0.025931	2809.575639	2.026840	5368.402274	7.674288	2275.167841	3.020030	11299.039912	17.884398
W986	4411.674051	2.905997	511.589094	0.024284	3900.084957	2.906098	7452.095135	10.743324	3158.251997	4.233429	15684.651794	24.997905
W987	2037.646722	1.341205	468.060290	0.025984	1569.586432	1.341457	2999.090415	4.502200	1271.036282	1.784877	6312.277019	10.401566
W988	1097.281306	0.727843	435.993844	0.037242	661.287462	0.728795	1263.556340	2.090688	535.504346	0.839244	2659.445547	4.756990
W989	2562.422049	1.806648	370.233245	0.038585	2192.188804	1.807060	4188.729143	6.216601	1775.213808	2.460471	8816.145912	14.390611
W990	2172.590089	1.510514	535.801270	0.023838	1636.788819	1.510702	3127.497510	4.819796	1325.456141	1.917749	6582.539346	11.086798
W991	2771.609041	1.672080	575.963050	0.022242	2195.645991	1.672228	4195.334970	6.084221	1778.013405	2.399716	8830.049399	14.141761
W992	3119.808371	1.942636	430.879831	0.021530	2688.928540	1.942755	5137.875588	7.347590	2177.468959	2.891645	10813.843368	17.121829
W993	2260.871973	1.486400	370.069372	0.023351	1890.802601	1.486584	3612.854853	5.286718	1531.154104	2.088033	7604.085740	12.268407
W994	2539.480819	1.555170	485.304918	0.023872	2054.175901	1.555353	3925.020713	5.683060	1663.452261	2.240934	8261.110741	13.213157
W995	2642.211545	1.527275	516.752063	0.024343	2125.459482	1.527469	4061.225957	5.800012	1721.177032	2.282100	8547.786072	13.518946
W996	4000.941255	1.950870	399.018313	0.024361	3601.922942	1.951022	6882.381469	9.275976	2916.803211	3.613696	14485.558074	21.864588
W997	2352.362363	1.365349	402.024046	0.028351	1950.338317	1.365643	3726.612841	5.287881	1579.365566	2.078427	7843.515646	12.340025
W998	2808.396532	1.623129	361.708459	0.030829	2446.688073	1.623422	4675.014130	6.550670	1981.304914	2.569433	9839.644748	15.323223
W999	2866.042464	1.739394	358.517989	0.025374	2507.524475	1.739579	4791.257407	6.783327	2030.569659	2.665245	10084.305518	15.836501
W1000	3665.481691	2.094300	434.893382	0.031235	3230.588310	2.094533	6172.853076	8.605497	2616.099929	3.372522	12992.192038	20.149460
W1001	4279.441946	2.201203	429.449419	0.027639	3849.992528	2.201376	7356.380925	10.005950	3117.687620	3.904554	15483.199178	23.541847
W1002	3422.622352	2.303075	393.214173	0.038364	3029.408179	2.303395	5788.447738	8.390761	2453.186157	3.309219	12183.122405	19.504542
W1003	2340.417845	1.754204	457.648854	0.035566	1882.768990	1.754564	3597.504615	5.563444	1524.648562	2.214671	7571.777627	12.790162
W1004	4056.119342	2.878906	419.761604	0.041127	3636.357738	2.879199	6948.177823	10.188140	2944.688183	4.025133	14624.041668	23.634129
W1005	3859.802981	2.519343	595.869967	0.032715	3263.933014	2.519555	6236.566536	9.078476	2643.102156	3.582767	13126.291698	21.087209
W1006	2728.174868	1.693454	324.449113	0.021075	2403.725754	1.693585	4592.923794	6.527034	1946.514434	2.566115	9666.866717	15.227459
W1007	3744.905823	2.647959	294.560612	0.022904	3450.345211	2.648058	6592.754015	9.581405	2794.056994	3.780303	13875.970343	22.261871
W1008	1987.284083	1.308012	353.672209	0.029118	1633.611874	1.308336	3121.427157	4.592368	1322.883481	1.815270	6569.762888	10.646922
W1009	2527.946931	1.900718	257.455044	0.021783	2270.491887	1.900843	4338.346916	6.469847	1838.622906	2.562508	9131.051000	14.964352
W1010	2592.119776	1.594526	363.708551	0.025732	2228.411225	1.594734	4257.941207	6.074496	1804.546383	2.389693	8961.818654	14.161505
W1011	4363.956065	2.831429	381.372148	0.024651	3982.583917	2.831536	7609.730187	10.838515	3225.058876	4.262726	16016.431093	25.275540
W1012	4001.647601	2.222077	473.858983	0.021274	3527.788618	2.222179	6740.729160	9.340016	2856.769935	3.656574	14187.418142	21.895064
W1013	2942.358247	1.827521	448.399819	0.020548	2493.958428	1.827637	4765.336055	6.839815	2019.584001	2.693377	10029.748058	15.927868
W1014	2352.065092	1.486598	438.713391	0.022656	1913.351701	1.486771	3655.940590	5.331832	1549.414153	2.104776	7694.769606	12.380492
W1015	2933.430756	1.865549	308.698360	0.023511	2624.732396	1.865697	5015.212678	7.142738	2125.483527	2.809172	10555.671002	16.657125
W1016	2446.017783	1.410816	461.073345	0.022420	1984.944439	1.410994	3792.736558	5.401734	1607.389277	2.124455	7982.688248	12.597013
W1017	2226.683470	1.400781	429.729598	0.021927	1796.953872	1.400952	3433.533205	5.012190	1455.156289	1.978880	7226.662002	11.636332
W1018	2576.896711	1.640814	449.972979	0.024510	2126.923732	1.640997	4064.023776	5.915070	1722.362768	2.334295	8553.674726	13.739706
W1019	3450.729062	1.950581	415.048761	0.043967	3035.680300	1.951077	5800.432207	8.071176	2458.265262	3.162114	12208.346482	18.905175
W1020	3556.997112	2.030314	346.242269	0.036629	3210.754843	2.030644	6134.956240	8.507757	2600.038975	3.331226	12912.429412	19.940836
W1021	3313.177604	1.764898	526.441849	0.033539	2786.735755	1.765216	5324.760919	7.386596	2256.672318	2.892394	11207.186622	17.311928
W1022	2773.603999	1.632874	438.522719	0.034597	2335.081280	1.633240	4461.761228	6.329320	1890.926787	2.487662	9390.804865	14.771113
W1023	3208.022756	1.832054	329.641940	0.025983	2878.380816	1.832238	5499.871903	7.637355	2330.885624	2.991111	11575.748048	17.896074
W1024	1570.023304	0.905219	492.001194	0.023484	1078.022110	0.905524	2059.832903	3.075094	872.972132	1.218136	4335.393100	7.111216
W1025	3879.432307	2.278162	380.095675	0.041159	3499.336632	2.278534	6686.364471	9.330064	2833.729785	3.657058	14072.995124	21.842103
W1026	3579.619075	2.148960	497.854950	0.022517	3081.764125	2.149078	5888.486968	8.347189	2495.583509	3.280374	12393.678022	19.482967
W1027	3400.374971	2.096555	371.151131	0.025030	3029.223839	2.096705	5788.095512	8.190132	2453.036881	3.217706	12182.381063	19.122821
W1028	3456.625817	2.123351	346.832707	0.022577	3109.793110	2.123471	5942.043406	8.381002	2518.281116	3.290957	12506.399889	19.580291
W1029	3127.757933	1.886135	487.086481	0.029316	2640.671452	1.886363	5045.668259	7.195033	2138.390824	2.830304	10619.771793	16.775224
W1030	1587.889056	1.378160	282.174692	0.025698	1305.714365	1.378399	2494.896335	4.051854	1057.355172	1.622951	5251.084368	9.244506
W1031	2598.331664	1.464405	409.793505	0.026818	2188.538159	1.464650	4181.753666	5.870872	1772.257550	2.303534	8801.464414	13.727992
W1032	2925.403448	1.682109	375.245359	0.023170	2550.158089	1.682269	4872.719671	6.818844	2065.093957	2.674039	10255.761628	15.954475
W1033	2220.208483	1.479095	275.278640	0.025336	1944.929843	1.479312	3716.278589	5.387503	1574.985835	2.124799	7821.764831	12.523182
W1034	3474.922229	1.847494	595.440624	0.028223	2879.481605	1.847710	5501.975238	7.653255	2331.777033	2.998206	11580.175002	17.927459
W1035	3227.369709	1.639764	481.727867	0.023882	2745.641842	1.639938	5246.240643	7.193057	2223.394856	2.810891	11041.922604	16.896891
W1036	3171.318800	1.914974	409.881142	0.039323	2761.437658	1.915378	5276.422530	7.469881	2236.186159	2.934979	11105.447342	17.439487
W1037	2430.846820	1.799612	325.549012	0.027627	2105.297808	1.799824	4022.701998	6.039398	1704.850299	2.394324	8466.703520	13.952777
W1038	3088.874791	1.985687	564.167569	0.037174	2524.707222	1.986035	4824.089375	7.060219	2044.484085	2.788557	10153.407962	16.383560
W1039	2612.032633	1.707452	403.758050	0.029960	2208.274583	1.707715	4219.465077	6.145317	1788.239920	2.425401	8880.836771	14.272866
W1040	2427.622611	1.647396	292.014843	0.024818	2135.607768	1.647583	4080.616816	5.939105	1729.395019	2.343773	8588.598602	13.795584
W1041	3393.622654	2.081644	324.983185	0.024469	3068.639469	2.081787	5863.409004	8.257558	2484.955286	3.241673	12340.895666	19.297412
W1042	2748.901597	1.698696	334.260669	0.021544	2414.640928	1.698833	4613.779984	6.554360	1955.353439	2.576711	9710.763375	15.292214
W1043	3701.696591	2.374197	282.786576	0.023363	3418.910014	2.374312	6532.689150	9.251106	2768.601069	3.635012	13749.549992	21.596821
W1044	1710.284447	1.334744	402.900562	0.027261	1307.383885	1.335023	2498.086374	4.001508	1058.707134	1.600106	5257.798541	9.148626
W1045	3908.383548	2.378223	301.835285	0.040101	3606.548263	2.378561	6891.219309	9.642994	2920.548752	3.781508	14504.159346	22.562549
W1046	3160.636791	1.754091	444.487503	0.022100	2716.149288	1.754231	5189.887686	7.229151	2199.512064	2.832729	10923.314817	16.929497
W1047	3098.437345	2.174347	468.491886	0.027868	2629.945459	2.174525	5025.173547	7.465017	2129.705016	2.954989	10576.635949	17.277711
W1048	4305.309026	2.472961	449.265849	0.022162	3856.043178	2.473060	7367.942216	10.247680	3122.587379	4.014511	15507.532581	24.005315
W1049	2971.047411	1.891579	350.929500	0.023501	2620.117910	1.891725	5006.395539	7.158294	2121.746760	2.817068	10537.113303	16.681263
W1050	2990.804633	1.936109	293.897049	0.022389	2696.907584	1.936239	5153.121561	7.357565	2183.930313	2.894827	10845.932033	17.150154
W1051	4629.128516	2.499268	444.168687	0.030993	4184.959829	2.499460	7996.420367	10.963659	3388.940980	4.284351	16830.309703	25.754306
W1052	2785.758334	1.788976	429.253033	0.032221	2356.505301	1.789267	4502.697219	6.524482	1908.275757	2.573027	9476.964094	15.167371
W1053	5102.878650	2.853963	408.148898	0.035079	4694.729752	2.854179	8970.464267	12.341277	3801.747853	4.825588	18880.409591	28.970924
W1054	3904.026930	2.404741	282.907007	0.027323	3621.119923	2.404896	6919.062137	9.697057	2932.348744	3.803703	14562.760995	22.682307
W1055	2969.610601	1.789006	311.113987	0.026971	2658.496614	1.789209	5079.727725	7.140730	2152.825472	2.802384	10691.457788	16.693263
W1056	2854.053561	1.733192	378.115665	0.025039	2475.937896	1.733373	4730.903289	6.712636	2004.991145	2.638417	9957.276365	15.665020
W1057	2882.516347	1.753743	362.435391	0.025625	2520.080956	1.753930	4815.249729	6.822582	2040.737779	2.681008	10134.802888	15.925836
W1058	3795.650708	2.013718	374.114058	0.027418	3421.536650	2.013904	6537.707999	8.939166	2770.728093	3.491536	13760.113317	21.010009
W1059	2264.280838	1.446506	474.230199	0.026300	1790.050639	1.446745	3420.342840	5.045835	1449.566117	1.995324	7198.899839	11.692663
W1060	2192.001496	1.600256	414.142130	0.056513	1777.859366	1.601254	3397.048340	5.190180	1439.693738	2.062700	7149.871194	11.955699
W1061	1244.917340	1.148936	315.315944	0.024265	929.601397	1.149192	1776.237729	3.102762	752.782439	1.252829	3738.501694	7.007223
W1062	3018.141495	1.841935	563.064805	0.027704	2455.076689	1.842143	4691.042696	6.775497	1988.097937	2.670679	9873.380560	15.760093
W1063	2913.811238	1.892086	544.805261	0.022840	2369.005977	1.892224	4526.582910	6.654412	1918.398686	2.630042	9527.237035	15.429706
W1064	2121.575391	1.535169	371.876607	0.024267	1749.698785	1.535361	3343.240453	5.062704	1416.889565	2.009558	7036.620094	11.679340
W1065	3001.031142	1.747163	474.368249	0.028688	2526.662893	1.747398	4827.826178	6.829996	2046.067769	2.683254	10161.272925	15.947687
W1066	3389.454775	2.037513	450.063956	0.024690	2939.390818	2.037663	5616.446887	7.950184	2380.290949	3.123625	11821.106971	18.561292
W1067	2551.687384	1.636906	329.223158	0.025320	2222.464226	1.637102	4246.577967	6.103460	1799.730559	2.403929	8937.902096	14.209612
W1068	2532.990654	1.793049	315.172308	0.022989	2217.818346	1.793196	4237.700842	6.252393	1795.968369	2.472490	8919.218140	14.488301
W1069	3443.359424	2.019179	270.548572	0.030716	3172.810852	2.019413	6062.454682	8.418367	2569.312289	3.296974	12759.833173	19.726261
W1070	2385.574889	1.650837	356.004403	0.024584	2029.570487	1.651020	3878.005868	5.732217	1643.527029	2.267405	8162.157165	13.278661
W1071	1818.004892	1.444308	290.046840	0.028769	1527.958052	1.444594	2919.548904	4.538925	1237.326012	1.808103	6144.863576	10.425949
W1072	3716.258794	2.610042	368.861641	0.030780	3347.397153	2.610223	6396.045807	9.337311	2710.690628	3.686526	13461.952582	21.677345
W1073	3592.010112	2.361024	495.570826	0.025132	3096.439286	2.361158	5916.527561	8.583241	2507.467316	3.385546	12452.695913	19.949111
W1074	2822.404180	1.759065	390.676962	0.028054	2431.727217	1.759289	4646.427645	6.647060	1969.189755	2.616095	9779.477903	15.488429
W1075	1613.052959	1.155827	337.779935	0.024049	1275.273024	1.156077	2436.730482	3.731407	1032.704061	1.483409	5128.660925	8.592171
W1076	2961.916056	1.700125	427.836114	0.027468	2534.079942	1.700347	4841.998319	6.801861	2052.074025	2.669089	10191.101461	15.903147
W1077	3190.080280	1.967245	356.879631	0.022555	2833.200649	1.967374	5413.543808	7.666084	2294.299151	3.012202	11394.050675	17.896643
W1078	2948.989360	2.080484	395.532054	0.023102	2553.457306	2.080612	4879.023657	7.215454	2067.765632	2.854317	10269.029819	16.713121
W1079	4259.374345	2.395322	354.175951	0.021182	3905.198395	2.395416	7461.865646	10.283790	3162.392810	4.022315	15705.216087	24.132732
W1080	3926.376658	2.165364	521.072913	0.024116	3405.303745	2.165498	6506.690943	9.033581	2757.582840	3.537806	13694.830773	21.168606
W1081	3464.224768	1.983176	694.033109	0.027716	2770.191659	1.983369	5293.149254	7.552232	2243.275066	2.971087	11140.652588	17.606180
W1082	3382.525260	2.213231	534.415303	0.031935	2848.109957	2.213462	5442.031798	7.937014	2306.372568	3.133210	11454.010216	18.429572
W1083	2560.598260	1.861000	242.366051	0.023133	2318.232209	1.861144	4429.566831	6.521646	1877.282567	2.578151	9323.044336	15.117838
W1084	3988.562495	2.252953	461.876988	0.029214	3526.685507	2.253142	6738.621388	9.364750	2855.876645	3.668114	14182.981851	21.940491
W1085	2987.533344	1.815667	299.029891	0.022488	2688.503453	1.815806	5137.063352	7.227193	2177.124727	2.836698	10812.133831	16.892796
W1086	3913.645012	2.222132	362.427884	0.029049	3551.217128	2.222322	6785.495231	9.389382	2875.742120	3.675047	14281.638658	22.016547
W1087	3634.225844	2.240767	299.779824	0.025267	3334.446020	2.240909	6371.299404	8.953385	2700.202923	3.513569	13409.868074	20.932107
W1088	5269.682968	3.023971	330.078028	0.025890	4939.604941	3.024082	9438.360023	13.002801	4000.045471	5.085468	19865.204053	30.515645
W1089	2931.166758	1.772271	531.539143	0.040853	2399.627615	1.772741	4585.093267	6.595034	1943.195800	2.597855	9650.385568	15.351914
W1090	3794.392461	2.187319	482.934204	0.037083	3311.458256	2.187634	6327.375489	8.857322	2681.587649	3.473625	13317.420070	20.722759
W1091	2308.740199	1.530843	465.739419	0.026788	1843.000780	1.531077	3521.517428	5.238994	1492.444641	2.074275	7411.845078	12.122523
W1092	2515.172354	1.861974	311.549236	0.025630	2203.623118	1.862150	4210.577281	6.297907	1784.473207	2.495474	8862.130355	14.559276
W1093	1863.517207	1.388637	401.311857	0.032988	1462.205351	1.389029	2793.911799	4.351282	1184.080095	1.733757	5880.431331	9.992102
W1094	2926.126632	1.997418	402.201232	0.024974	2523.925400	1.997574	4822.595508	7.070542	2043.850973	2.793381	10150.263773	16.402370
W1095	2962.320140	1.737783	621.512245	0.032680	2340.807895	1.738090	4472.703369	6.442030	1895.564146	2.538122	9413.835124	14.992079
W1096	2743.115031	1.648299	581.114941	0.030606	2162.000090	1.648583	4131.045998	5.992974	1750.767272	2.363848	8694.738440	13.928842
W1097	2382.472134	1.433630	413.372439	0.024806	1969.099695	1.433844	3762.461181	5.391444	1594.558352	2.122482	7918.966740	12.558854
W1098	1575.669993	1.116995	304.250027	0.028950	1271.419966	1.117370	2429.368244	3.680700	1029.583891	1.461098	5113.165397	8.490416
W1099	2413.896717	1.538509	416.384843	0.023935	1997.511874	1.538695	3816.749809	5.552683	1617.566267	2.191134	8033.229669	12.898976
W1100	2721.769118	1.610884	383.778921	0.022383	2337.990197	1.611039	4467.319447	6.314501	1893.282400	2.480382	9402.503419	14.746432
W1101	3368.590664	2.665340	363.297886	0.026199	3005.292778	2.665469	5742.369189	8.727202	2433.657734	3.465865	12086.139478	20.120954
W1102	2876.422008	1.645410	548.900803	0.025249	2327.521205	1.645604	4447.315799	6.325526	1884.804709	2.487236	9360.401130	14.754993
W1103	1948.750924	1.436775	420.132158	0.039370	1528.618766	1.437314	2920.811366	4.531718	1237.861053	1.804750	6147.520718	10.412776
W1104	1950.535046	1.391127	456.287426	0.056385	1494.247620	1.392269	2855.136629	4.415127	1210.027623	1.757541	6009.293097	10.150321
W1105	2793.622154	1.621405	372.193601	0.028944	2421.428553	1.621663	4626.749452	6.496664	1960.849993	2.549143	9738.060610	15.190830
W1106	2541.385284	1.745861	518.802442	0.035298	2022.582843	1.746218	3864.654213	5.820791	1637.868501	2.308713	8134.055530	13.440406
W1107	3279.662114	1.910876	574.598298	0.036816	2705.063817	1.911231	5168.706100	7.350339	2190.535154	2.890121	10878.733287	17.146021
W1108	1502.811559	1.069023	548.935542	0.027195	953.876017	1.069369	1822.620508	3.038885	772.439798	1.220931	3836.124943	6.906862
W1109	1834.976552	1.311414	331.469383	0.022934	1503.507168	1.311614	2872.829330	4.341831	1217.525918	1.722945	6046.531464	10.019631
W1110	2352.290359	1.683007	467.230354	0.023643	1885.060006	1.683174	3601.882177	5.486700	1526.503805	2.179647	7580.991215	12.645000
W1111	3096.196504	1.842152	327.878131	0.022155	2768.318373	1.842285	5289.569870	7.416733	2241.758096	2.909462	11133.118948	17.346903
W1112	1413.804190	0.972885	500.513202	0.024550	913.290988	0.973195	1745.072583	2.845385	739.574424	1.140245	3672.907461	6.488057
W1113	3953.860564	2.639241	612.086220	0.023930	3341.774344	2.639349	6385.302013	9.355985	2706.137330	3.695960	13439.339791	21.706515
W1114	2002.609690	1.464858	345.392002	0.024499	1657.217688	1.465063	3166.532013	4.807160	1341.999246	1.908792	6664.696454	11.085162
W1115	2025.969739	1.405398	514.914314	0.026513	1511.055425	1.405648	2887.252177	4.462164	1223.638425	1.776125	6076.887670	10.259436
W1116	4710.919699	2.548281	464.316472	0.024828	4246.603227	2.548402	8114.205613	11.135262	3438.859222	4.352106	17078.215900	26.152732
W1117	4006.234483	2.043491	429.587878	0.030869	3576.646604	2.043725	6834.084655	9.294448	2896.334671	3.626833	14383.906297	21.868347
W1118	3404.520359	1.837935	573.609419	0.027200	2830.910940	1.838137	5409.168743	7.543283	2292.444967	2.956398	11384.842342	17.661234
W1119	3749.656981	2.591952	482.925309	0.024154	3266.731672	2.592065	6241.914078	9.158251	2645.368483	3.618584	13137.546834	21.242684
W1120	3973.042902	2.733273	377.436297	0.040377	3595.606604	2.733571	6870.312513	9.958670	2911.688300	3.927564	14460.156175	23.149326
W1121	2706.014441	1.611077	377.031487	0.045080	2328.982954	1.611708	4450.108839	6.296588	1885.988420	2.473759	9366.279727	14.701790
W1122	2485.429319	1.514954	377.671197	0.030369	2107.758122	1.515258	4027.403048	5.752199	1706.842638	2.263318	8476.597964	13.407290
W1123	3687.843303	1.927452	496.302482	0.031606	3191.540821	1.927711	6098.243009	8.379158	2584.479641	3.275626	12835.157954	19.674808
W1124	1640.555111	1.136645	323.662848	0.028944	1316.892263	1.137013	2516.254526	3.789950	1066.406928	1.503220	5296.037605	8.751099
W1125	1970.302648	1.327769	317.923511	0.027059	1652.379137	1.328045	3157.286743	4.649999	1338.081033	1.838338	6645.237651	10.778547
W1126	3055.534826	2.037877	477.456794	0.033019	2578.078032	2.038145	4926.067757	7.219886	2087.703263	2.852243	10368.044971	16.749790
W1127	3510.107622	2.144833	488.135710	0.023847	3021.971912	2.144966	5774.238877	8.220804	2447.164339	3.232978	12153.216581	19.172490
W1128	3582.608248	2.042087	328.660841	0.025374	3253.947407	2.042245	6217.486519	8.608553	2635.015906	3.369775	13086.133405	20.183286
W1129	3238.869554	1.956859	610.086859	0.026456	2628.782695	1.957038	5022.951794	7.239603	2128.763421	2.852673	10571.959756	16.846073
W1130	2574.445405	1.697754	470.721979	0.024613	2103.723427	1.697932	4019.693746	5.927588	1703.575380	2.343861	8460.371961	13.736927
W1131	2546.588824	1.484079	625.883961	0.028352	1920.704862	1.484349	3669.990659	5.344057	1555.368674	2.109104	7724.341212	12.412304
W1132	1956.680407	1.499011	369.919888	0.027623	1586.760519	1.499266	3031.905837	4.712531	1284.943696	1.877203	6381.344638	10.825117
W1133	2130.435206	1.668250	383.037244	0.025777	1747.397962	1.668450	3338.844152	5.209891	1415.026381	2.076387	7027.367065	11.960136
W1134	2873.606315	1.898342	516.296454	0.027278	2357.309862	1.898538	4504.234535	6.637860	1908.927282	2.624464	9480.199729	15.384678
W1135	1856.573543	1.406142	338.279726	0.029943	1518.293817	1.406460	2901.082948	4.476739	1229.500006	1.781564	6105.997714	10.295481
W1136	2495.296189	1.972579	449.771322	0.033800	2045.524866	1.972868	3908.490731	6.121939	1656.446735	2.441086	8226.319585	14.045417
W1137	2581.361421	1.812940	412.463561	0.035366	2168.897860	1.813285	4144.225924	6.177666	1756.353021	2.446630	8722.478632	14.289624
W1138	3229.633754	2.697447	292.349834	0.027764	2937.283921	2.697590	5612.421128	8.633978	2378.584803	3.434553	11812.633833	19.866170
W1139	1908.871182	1.725179	322.928186	0.029647	1585.942996	1.725434	3030.343753	4.985606	1284.281673	2.000011	6378.056873	11.353219
W1140	2455.306918	2.015752	431.441998	0.030251	2023.864920	2.015979	3867.103945	6.133173	1638.906715	2.449470	8139.211554	14.043694
W1141	2964.275621	1.905289	470.423568	0.026683	2493.852053	1.905476	4765.132799	6.916720	2019.497860	2.728443	10029.320258	16.074192
W1142	2789.203723	2.047039	281.669710	0.028540	2507.534014	2.047238	4791.275634	7.089947	2030.577383	2.804918	10084.343880	16.420691
W1143	3217.838956	2.224560	336.762561	0.026101	2881.076396	2.224713	5505.022487	8.014287	2333.068479	3.162834	11586.588639	18.615049
W1144	2790.645505	2.126853	489.254830	0.022853	2301.390675	2.126976	4397.386837	6.780109	1863.644453	2.697914	9255.314122	15.594805
W1145	2908.395698	2.303535	334.423244	0.023558	2573.972454	2.303656	4918.223016	7.497863	2084.378605	2.978930	10351.533905	17.277762
W1146	2888.479498	1.982951	334.296417	0.021361	2554.183081	1.983066	4880.410432	7.115908	2068.353358	2.808950	10271.948607	16.523811
W1147	2025.830857	1.273704	678.526987	0.033902	1347.303870	1.274155	2574.363565	4.002694	1091.033961	1.594514	5418.341470	9.194068
W1148	2808.506595	1.741557	417.374244	0.031959	2391.132351	1.741850	4568.860924	6.547653	1936.316415	2.577696	9616.220860	15.251845
W1149	2950.400998	1.817895	402.653305	0.023655	2547.747694	1.818049	4868.114003	6.939993	2063.142042	2.729862	10246.067938	16.181396
W1150	1144.343056	0.875183	516.688793	0.027074	627.654263	0.875602	1199.291639	2.233795	508.268500	0.907465	2524.185671	5.004667
W1151	2861.098966	1.813274	419.991948	0.027759	2441.107018	1.813487	4664.350118	6.718968	1976.785429	2.647290	9817.199878	15.636191
W1152	4225.923806	2.133244	302.985124	0.024923	3922.938682	2.133389	7495.762935	10.109210	3176.758727	3.938770	15776.560744	23.825503
W1153	3460.054481	2.059820	449.448777	0.028164	3010.605704	2.060013	5752.520873	8.117641	2437.960091	3.187800	12107.506036	18.963269
W1154	4618.879750	2.558260	445.429946	0.031520	4173.449805	2.558455	7974.427564	10.988914	3379.620271	4.298024	16784.020780	25.788016
W1155	3141.973791	1.965032	278.923445	0.025377	2863.050346	1.965196	5470.579177	7.725484	2318.471155	3.034168	11514.094756	18.044661
W1156	3673.781241	2.215812	281.384559	0.026793	3392.396683	2.215974	6482.028749	9.051250	2747.130823	3.548192	13642.923501	21.186556
