# Online RefPMT LMS + Module Gain Results (Run: 1059)
# Trigger Condition: 1200 LMS events per fit
# Fit Event Absolute Time Range:
#   Start Time (UTC): 2016-06-05 00:24:45.000000 UTC
#   End Time (UTC):   2016-06-05 00:25:52.691561 UTC
#   Start Time (EDT): 2016-06-04 20:24:45.000000 EDT
#   End Time (EDT):   2016-06-04 20:25:52.691561 EDT
#   Average Time (UTC): 2016-06-05 00:25:18.845780 (UTC)
#   Average Time (seconds since epoch, UTC): 1465086318.845780
#   Average Time (EDT): 2016-06-04 20:25:18.845780 (EDT)
#   Average Time (seconds since epoch, EDT): 1465071918.845780
# Formula: Module Gain = (Module LMS Mean - Module Pedestal Mean) × RefPMT Alpha Signal / RefPMT LMS Signal
# Reference PMT Params:
# RefPMT1: AlphaSignal=4528.157065, AlphaError=15.045291, LMSSignal=2373.238314, LMSError=3.013946, Valid=Yes
# RefPMT2: AlphaSignal=1914.374845, AlphaError=3.725524, LMSSignal=2362.321505, LMSError=2.370777, Valid=Yes
# RefPMT3: AlphaSignal=5365.119610, AlphaError=16.621538, LMSSignal=1338.282555, LMSError=2.528815, Valid=Yes
# Note: -1.0 = Fit failed / Invalid data

# G module
# module name	LMS_Mean	LMS_Err	Pedestal_Mean	Pedestal_Err	module signal(LMS-Pedestal)	signal error	gain1(RefPMT1)	gain1 error	gain2(RefPMT2)	gain2 error	gain3(RefPMT3)	gain3 error
G1	5420.776461	4.558462	501.365252	0.045347	4919.411209	4.558687	9386.274648	34.501775	3986.585673	9.478620	19721.716797	73.863988
G2	4887.435486	4.570865	649.412136	0.043173	4238.023350	4.571069	8086.181342	30.056129	3434.403520	8.382858	16990.060954	64.320310
G3	7153.812162	5.911166	452.345845	0.064448	6701.466317	5.911518	12786.449582	46.859666	5430.725035	12.819888	26865.902283	100.331760
G4	5690.772827	4.598051	512.956086	0.039268	5177.816742	4.598219	9879.314404	36.219789	4195.991992	9.914488	20757.653928	77.549476
G5	5653.436494	6.085643	304.047513	0.033657	5349.388981	6.085736	10206.675564	38.117255	4335.030467	10.696764	21445.479964	81.557388
G6	5358.633372	4.911842	421.261485	0.037723	4937.371887	4.911987	9420.543761	34.795229	4001.140622	9.622837	19793.720414	74.479075
G7	4372.071287	4.063244	539.313611	0.042667	3832.757676	4.063468	7312.931301	27.143257	3105.984881	7.556170	15365.367568	58.089732
G8	7677.230406	5.724819	547.225444	0.042321	7130.004962	5.724976	13604.104633	49.607936	5778.003591	13.475400	28583.896050	106.235830
G9	5794.729817	3.759168	644.143682	0.038130	5150.586135	3.759361	9827.358196	35.684668	4173.924891	9.633662	20648.487549	76.431151
G10	6234.733210	4.161629	597.234513	0.043168	5637.498696	4.161853	10756.391130	39.076294	4568.508421	10.556516	22600.499941	83.694035
G11	6507.341246	4.884403	450.232166	0.048083	6057.109080	4.884640	11557.010988	42.152022	4908.551705	11.453582	24282.700673	90.268213
G12	5011.953625	4.277841	512.232099	0.048665	4499.721526	4.278118	8585.503485	31.611074	3646.478126	8.704566	18039.198153	67.671207
G13	3821.211178	3.678101	610.564267	0.053839	3210.646910	3.678495	6125.939146	22.892678	2601.839617	6.429789	12871.351145	48.981046
G14	3463.947234	2.921135	438.246970	0.047437	3025.700264	2.921520	5773.059514	21.278149	2451.962809	5.867684	12129.907663	45.549317
G15	6467.844607	3.967020	530.417285	0.043279	5937.427323	3.967256	11328.657270	41.001310	4811.564168	11.015073	23802.901442	87.829487
G16	-1.000000	-1.000000	-1.000000	-1.000000	-1.000000	-1.000000	0.000000	0.000000	0.000000	0.000000	0.000000	0.000000
G17	6947.939152	7.409105	315.626186	0.047280	6632.312965	7.409256	12654.504452	47.180374	5374.684637	13.211678	26588.669346	100.955233
G18	5941.352168	7.858329	383.843649	0.039144	5557.508519	7.858426	10603.769253	40.589040	4503.686091	11.738861	22279.822616	86.771520
G19	5238.096390	5.084639	561.953891	0.044582	4676.142499	5.084834	8922.116068	33.186182	3789.445912	9.264270	18746.462566	71.016880
G20	4826.781507	4.592397	446.444160	0.041884	4380.337346	4.592588	8357.717548	30.993287	3549.731740	8.617629	17560.591898	66.331399
G21	5599.356505	3.863652	473.170265	0.040990	5126.186240	3.863869	9780.803007	35.563265	4154.151738	9.619831	20550.669375	76.167283
G22	7202.652069	5.279533	540.114237	0.042465	6662.537832	5.279704	12712.173732	46.326279	5399.178223	12.572512	26709.839591	99.210468
G23	1189.254450	1.716540	393.970806	0.044211	795.283644	1.717109	1517.407346	6.314007	644.480863	1.981836	3188.259354	13.462770
G24	5841.738232	4.981980	524.329212	0.038636	5317.409020	4.982130	10145.657551	37.319504	4309.114590	10.262809	21317.273619	79.894315
G25	5863.007497	4.644223	373.198566	0.082117	5489.808931	4.644949	10474.597916	38.298150	4448.823793	10.443168	22008.417758	82.007666
G26	7033.510983	5.327537	396.385966	0.084963	6637.125017	5.328214	12663.685884	46.178236	5378.584220	12.543597	26607.960662	98.891132
G27	3733.985275	4.564824	416.757464	0.106199	3317.227812	4.566060	6329.296330	24.140452	2688.210500	6.952577	13298.629587	51.613943
G28	3077.056817	3.895161	517.976860	0.084397	2559.079956	3.896075	4882.744356	18.892127	2073.823687	5.530640	10259.246079	40.373097
G29	6807.819715	8.352908	335.141099	0.062298	6472.678616	8.353141	12349.920878	46.731033	5245.320372	13.331623	25948.701816	99.941552
G30	6281.743620	4.910448	435.671192	0.075789	5846.072427	4.911033	11154.351422	40.767968	4737.532113	11.110588	23436.663431	87.297516
G31	3702.119622	5.076108	383.105689	0.037802	3319.013933	5.076248	6332.704264	24.519715	2689.657935	7.183751	13305.790074	52.398197
G32	5412.111994	4.047779	357.865550	0.038930	5054.246444	4.047966	9643.541320	35.161256	4095.853265	9.549437	20262.265697	75.298483
G33	3701.810551	2.697426	465.948818	0.041813	3235.861733	2.697750	6174.049223	22.556510	2622.273170	6.143878	12972.436331	48.301560
G34	1439.067769	2.082916	509.490153	0.041928	929.577616	2.083338	1773.641284	7.456760	753.309827	2.360304	3726.638354	15.894656
G35	5506.685561	3.611315	518.388072	0.047877	4988.297489	3.611632	9517.710203	34.549103	4042.409641	9.322642	19997.879053	73.999845
G36	3823.225391	3.230143	515.805005	0.035815	3307.420386	3.230341	6310.583686	23.277831	2680.262772	6.426109	13259.312021	49.828512
G37	4485.163700	4.109652	494.755320	0.071690	3990.408379	4.110277	7613.730062	28.195003	3233.741641	7.824970	15997.382739	60.345599
G38	4305.358282	4.581607	354.779242	0.036805	3950.579040	4.581754	7537.735374	28.201219	3201.464796	7.932565	15837.708560	60.336685
G39	5039.079668	4.724302	473.666064	0.035206	4565.413605	4.724433	8710.844481	32.269450	3699.713583	8.960084	18302.554991	69.065210
G40	6961.268306	8.154756	469.856795	0.043405	6491.411511	8.154871	12385.663388	46.723231	5260.501111	13.279584	26023.801224	99.935524
G41	5717.571832	5.251253	292.079767	0.062447	5425.492066	5.251624	10351.880839	38.161091	4396.702780	10.525791	21750.574095	81.689476
G42	4767.012525	4.613328	382.114205	0.053934	4384.898320	4.613643	8366.419920	31.034351	3553.427855	8.632306	17578.876652	66.418605
G43	4990.134391	4.291153	384.508475	0.046379	4605.625916	4.291404	8787.569881	32.312404	3732.300780	8.881462	18463.764489	69.175927
G44	1923.394861	2.985235	259.863828	0.031073	1663.531033	2.985397	3174.030082	12.645709	1348.089985	3.816556	6669.027355	26.998675
G45	3820.868574	3.955845	323.961731	0.039745	3496.906843	3.956045	6672.125313	24.904451	2833.818546	6.984216	14018.955420	53.287664
G46	4969.061534	3.869211	324.949994	0.040708	4644.111540	3.869425	8861.000751	32.372084	3763.488707	8.817010	18618.051772	69.320298
G47	4748.298125	4.410834	238.779564	0.029360	4509.518561	4.410931	8604.196304	31.741563	3654.417434	8.763860	18078.474063	67.945713
G48	-1.000000	-1.000000	-1.000000	-1.000000	-1.000000	-1.000000	0.000000	0.000000	0.000000	0.000000	0.000000	0.000000
G49	3904.990219	3.515062	431.584061	0.039324	3473.406158	3.515282	6627.285824	24.509142	2814.774094	6.789765	13924.742142	52.459325
G50	6371.236387	4.504970	347.976122	0.035540	6023.260264	4.505110	11492.427187	41.773012	4881.121349	11.294103	24147.002168	89.468057
G51	4610.650937	4.085273	378.168823	0.038767	4232.482114	4.085457	8075.608620	29.764161	3429.913020	8.207550	16967.846365	63.715048
G52	3797.370396	3.753751	541.965336	0.040334	3255.405060	3.753968	6211.338042	23.226007	2638.110664	6.528536	13050.784724	49.693154
G53	5156.288287	5.508365	327.672274	0.034215	4828.616013	5.508472	9213.036712	34.415311	3913.007188	9.661097	19357.722599	73.635867
G54	2860.388101	2.512369	378.256412	0.035543	2482.131689	2.512620	4735.926467	17.514779	2011.466456	4.852227	9950.763648	37.488579
G55	3116.896835	3.447519	235.718622	0.083269	2881.178212	3.448524	5497.310320	20.631514	2334.845227	5.826362	11550.524712	44.136374
G56	4768.937739	5.264350	393.032963	0.079684	4375.904775	5.264954	8349.260168	31.351631	3546.139679	8.859681	17542.821903	67.068336
G57	1384.815765	1.923783	590.310013	0.070708	794.505752	1.925082	1515.923122	6.524363	643.850476	2.102671	3185.140817	13.898145
G58	2935.617784	3.740437	579.621353	0.083721	2355.996431	3.741374	4495.259419	17.510963	1909.249140	5.164230	9445.092597	37.413124
G59	5982.436339	4.648809	599.715354	0.098209	5382.720985	4.649847	10270.273287	37.593667	4362.042011	10.267607	21579.106597	80.495771
G60	5372.724363	5.855144	508.549668	0.070230	4864.174695	5.855565	9280.882953	34.851813	3941.823183	9.849483	19500.275890	74.555883
G61	4511.895414	4.752296	375.452118	0.040986	4136.443296	4.752473	7892.365812	29.501603	3352.085215	8.288825	16582.830701	63.120873
G62	6986.341388	7.508689	297.114587	0.036282	6689.226801	7.508776	12763.096492	47.605834	5420.806393	13.338313	26816.834569	101.864044
G63	5150.334410	4.819303	434.342086	0.037970	4715.992325	4.819452	8998.149843	33.301555	3821.739358	9.234663	18906.218873	71.276691
G64	6440.532351	5.607001	495.215523	0.033548	5945.316828	5.607102	11343.710507	41.744258	4817.957654	11.486414	23834.530144	89.365508
G65	6929.457029	6.754837	370.127861	0.046748	6559.329168	6.754999	12515.250802	46.345486	5315.540128	12.862009	26296.080309	99.193025
G66	6947.628790	4.772004	462.634287	0.041155	6484.994503	4.772181	12373.419686	44.944771	5255.300904	12.139534	25998.075701	96.263683
G67	4655.216868	3.634176	396.866437	0.033634	4258.350431	3.634332	8124.965569	29.721104	3450.876151	8.109770	17071.551380	63.640569
G68	4400.056555	3.158030	373.246927	0.033857	4026.809629	3.158211	7683.183927	27.985857	3263.240435	7.589763	16143.313847	59.934454
G69	7635.063796	5.743740	525.271300	0.032981	7109.792496	5.743834	13565.539091	49.482090	5761.623840	13.447016	28502.865106	105.965146
G70	6574.592795	4.394341	461.374392	0.035768	6113.218402	4.394487	11664.068010	42.328351	4954.021501	11.416993	24507.640636	90.662987
G71	4575.869993	3.966914	363.192040	0.044482	4212.677953	3.967164	8037.822128	29.575897	3413.864151	8.137059	16888.452300	63.315880
G72	4576.704225	3.933026	445.304787	0.035402	4131.399438	3.933185	7882.742093	29.026156	3347.997781	7.993754	16562.610084	62.137358
G73	6083.405338	5.063252	313.438757	0.030987	5769.966581	5.063346	11009.140879	40.334072	4675.857563	11.029932	23131.558231	86.360698
G74	6528.193692	9.135116	299.766056	0.037404	6228.427636	9.135192	11883.888119	45.724008	5047.384600	13.302116	24969.509706	97.732043
G75	4594.895273	3.835564	389.968530	0.038968	4204.926743	3.835762	8023.032759	29.461766	3407.582736	8.082880	16857.378018	63.076248
G76	6581.826981	7.786511	265.935088	0.073421	6315.891893	7.786857	12050.770598	45.366938	5118.263764	12.861448	25320.150307	97.041538
G77	8056.317654	58.565483	258.141014	0.033383	7798.176639	58.565493	14878.981363	123.643294	6319.475634	49.436228	31262.568768	260.758732
G78	4730.919002	4.911442	369.742330	0.037985	4361.176672	4.911589	8321.158834	31.046839	3534.204339	8.702139	17483.777546	66.431414
G79	4226.441044	3.971171	372.537625	0.037156	3853.903419	3.971345	7353.277541	27.231390	3123.120939	7.557868	15450.139979	58.283113
G80	4237.743140	3.742822	524.037906	0.031272	3713.705234	3.742953	7085.778320	26.196656	3009.507327	7.254228	14888.091234	56.071907
G81	3840.996783	2.631602	601.120575	0.037705	3239.876207	2.631872	6181.708871	22.554720	2625.526414	6.131763	12988.530193	48.300103
G82	7965.534480	6.689786	500.813088	0.033438	7464.721391	6.689869	14242.746169	52.245304	6049.250629	14.312027	29925.760420	111.859160
G83	5402.497423	5.940135	340.426867	0.037502	5062.070556	5.940253	9658.469787	36.176887	4102.193758	10.190840	20293.632241	77.397536
G84	7348.446443	5.552133	559.479294	0.033007	6788.967149	5.552231	12953.401847	47.277966	5501.633838	12.859288	27216.689512	101.242752
G85	4875.079785	4.132500	378.398548	0.070336	4496.681238	4.133098	8579.702592	31.520779	3644.014342	8.653456	18027.009763	67.483326
G86	4173.219183	5.526605	366.515081	0.087154	3806.704102	5.527293	7263.220879	27.905163	3084.871622	8.104860	15260.919862	59.648360
G87	3742.450412	3.664766	501.503492	0.075007	3240.946920	3.665534	6183.751799	23.080997	2626.394097	6.472647	12992.822637	49.386089
G88	4954.690382	4.686151	478.233696	0.062138	4476.456686	4.686563	8541.113991	31.669717	3627.624797	8.804350	17945.930369	67.779371
G89	5461.405081	4.994586	625.451047	0.072865	4835.954034	4.995118	9227.037712	34.176754	3918.953762	9.487837	19387.140421	73.147731
G90	4105.612382	4.019704	543.633055	0.066835	3561.979327	4.020260	6796.284114	25.362457	2886.551896	7.110688	14279.828323	54.268066
G91	5663.083626	4.359216	418.788213	0.053849	5244.295413	4.359548	10006.156223	36.551382	4249.864886	9.953618	21024.164181	78.270027
G92	5008.533307	4.947761	543.957943	0.042150	4464.575363	4.947941	8518.444336	31.737131	3617.996428	8.878956	17898.298637	67.911947
G93	3857.049508	4.082162	328.157805	0.049897	3528.891703	4.082467	6733.152672	25.184960	2859.738393	7.081962	14147.181403	53.883840
G94	3613.856407	3.652861	383.249293	0.039662	3230.607114	3.653076	6164.023369	23.006919	2618.014939	6.451713	12951.370781	49.227618
G95	5243.225223	4.390828	403.409484	0.043119	4839.815739	4.391040	9234.405875	33.898822	3922.083206	9.295867	19402.621837	72.576665
G96	4663.823037	3.344944	499.825218	0.038935	4163.997819	3.345171	7944.940055	28.972281	3374.414811	7.870257	16693.295648	62.044335
G97	6288.705268	5.575239	533.353851	0.038153	5755.351418	5.575369	10981.255035	40.483445	4664.013747	11.167199	23072.966644	86.660644
G98	6264.435986	5.929319	436.572842	0.031256	5827.863144	5.929401	11119.607969	41.139095	4722.775699	11.402881	23363.663164	88.052776
G99	6097.385730	6.856165	645.983559	0.042844	5451.402171	6.856299	10401.317521	39.242607	4417.699776	11.155226	21854.446641	83.934967
G100	4383.061666	4.080599	491.846005	0.052952	3891.215661	4.080943	7424.469587	27.533118	3153.357982	7.655771	15599.723218	58.925946
G101	7002.222580	4.447512	642.870694	0.057016	6359.351886	4.447878	12133.692601	43.986510	5153.482814	11.845823	25494.379629	94.218319
G102	5878.774668	4.222767	441.615286	0.037892	5437.159382	4.222937	10374.142169	37.770690	4406.157724	10.236735	21797.347887	80.890993
G103	6319.227287	6.368448	482.146771	0.047285	5837.080516	6.368624	11137.194787	41.437207	4730.245261	11.572014	23400.615230	88.672769
G104	4023.329270	4.488046	375.862942	0.064134	3647.466328	4.488504	6959.393974	26.194407	2955.828734	7.424207	14622.542187	56.031191
G105	6116.815361	6.199693	530.609401	0.041364	5586.205960	6.199831	10658.524192	39.715428	4526.941884	11.112838	22394.869473	84.983734
G106	4940.663055	4.959111	434.166675	0.043926	4506.496380	4.959305	8598.429960	32.015277	3651.968323	8.949519	18066.358265	68.508656
G107	-1.000000	-1.000000	-1.000000	-1.000000	-1.000000	-1.000000	0.000000	0.000000	0.000000	0.000000	0.000000	0.000000
G108	3893.523791	3.867753	390.618188	0.034435	3502.905603	3.867906	6683.570993	24.892878	2838.679813	6.961222	14043.004202	53.267054
G109	6483.733021	6.558800	515.090148	0.040134	5968.642874	6.558923	11388.216783	42.397410	4836.860583	11.849784	23928.043300	90.725519
G110	6579.013345	6.183460	598.254615	0.037335	5980.758730	6.183573	11411.333929	42.270521	4846.679013	11.735937	23976.615267	90.470390
G111	3932.850764	4.231269	387.454846	0.031155	3545.395919	4.231384	6764.642844	25.380453	2873.113057	7.164835	14213.346125	54.296195
G112	3554.859849	2.992005	569.425708	0.043084	2985.434140	2.992315	5696.231438	21.050768	2419.332003	5.826025	11968.482433	45.058206
G113	4984.067317	4.798341	524.531769	0.032483	4459.535548	4.798451	8508.828329	31.620715	3613.912269	8.816883	17878.094225	67.669028
G114	5960.044795	4.913692	509.279400	0.034872	5450.765395	4.913816	10400.102546	38.163188	4417.183746	10.459570	21851.893830	81.707754
G115	4153.286544	3.818976	529.252015	0.067487	3624.034530	3.819572	6914.685922	25.652809	2936.840106	7.136713	14528.605075	54.900950
G116	4270.176584	3.803161	513.260085	0.076278	3756.916499	3.803925	7168.225747	26.510551	3044.524813	7.344550	15061.323413	56.743068
G117	4299.034082	3.473129	368.200667	0.094002	3930.833415	3.474400	7500.060568	27.489337	3185.463363	7.521772	15758.549161	58.857477
G118	3285.048872	2.942730	448.273194	0.078472	2836.775678	2.943776	5412.589941	20.055390	2298.862363	5.570298	11372.516782	42.923532
G119	2944.297274	2.911749	509.881617	0.075422	2434.415658	2.912725	4644.883910	17.431694	1972.798404	4.922499	9759.472044	37.291146
G120	4621.946550	3.336259	364.351072	0.063040	4257.595478	3.336855	8123.525113	29.588822	3450.264354	8.024105	17068.524807	63.367439
G121	4682.288286	3.166783	519.983217	0.049564	4162.305068	3.167171	7941.710274	28.888126	3373.043043	7.818907	16686.509482	61.869914
G122	2761.569637	2.422043	365.081384	0.045999	2396.488253	2.422480	4572.518129	16.908651	1942.062846	4.683635	9607.422642	36.191365
G123	4261.707945	3.270598	453.483100	0.055070	3808.224845	3.271061	7266.122468	26.588788	3086.103999	7.258700	15267.016457	56.932728
G124	3289.878577	2.849366	438.713789	0.047053	2851.164788	2.849754	5440.044475	20.099888	2310.522990	5.561312	11430.202132	43.023213
G125	3103.028552	2.433089	289.314871	0.042347	2813.713681	2.433457	5368.587473	19.652644	2280.173413	5.368039	11280.062187	42.080251
G126	5527.987870	5.573138	416.308793	0.036448	5111.679077	5.573257	9753.123228	36.285425	4142.395443	10.132493	20492.510757	77.648478
G127	4278.454014	2.904699	412.880591	0.032308	3865.573423	2.904878	7375.543998	26.814201	3132.578061	7.251839	15496.924542	57.429340
G128	4084.844396	3.263715	318.472205	0.031867	3766.372191	3.263871	7186.267280	26.309509	3052.187503	7.187470	15099.230892	56.333701
G129	3222.032016	2.331398	464.162935	0.029163	2757.869082	2.331581	5262.035545	19.238697	2234.918144	5.245702	11056.183490	41.195805
G130	4225.613355	3.496740	257.705142	0.037024	3967.908214	3.496936	7570.799572	27.743908	3215.507988	7.589615	15907.180502	59.402912
G131	5661.567313	3.531852	398.760718	0.047751	5262.806596	3.532175	10041.475703	36.348208	4264.865953	9.767239	21098.374750	77.861561
G132	5328.146404	4.145520	446.257112	0.034156	4881.889292	4.145661	9314.682540	34.063833	3956.178713	9.291143	19571.292976	72.940209
G133	3540.595654	3.175340	473.539681	0.034545	3067.055973	3.175528	5851.966526	21.679571	2485.476591	6.019975	12295.700995	46.399982
G134	2947.826187	2.842350	273.104421	0.039365	2674.721766	2.842622	5103.389824	18.945910	2167.537337	5.275574	10722.849329	40.546165
G135	3776.792903	3.007072	496.127690	0.030697	3280.665213	3.007229	6259.534609	22.992868	2658.580952	6.310782	13152.051636	49.226096
G136	4746.176757	3.761940	264.454950	0.037391	4481.721808	3.762126	8551.159884	31.252363	3631.891539	8.516804	17967.038025	66.921599
G137	4015.019205	3.568483	254.731985	0.037197	3760.287220	3.568676	7174.657109	26.413299	3047.256373	7.272083	15074.836496	56.544352
G138	6124.605899	4.800558	314.132337	0.030269	5810.473562	4.800653	11086.428513	40.484701	4708.683554	11.019740	23293.949049	86.693739
G139	3331.818636	3.155489	326.375731	0.031542	3005.442904	3.155647	5734.408315	21.267624	2435.546677	5.914341	12048.696743	45.516482
G140	3991.417085	3.105925	365.581995	0.037770	3625.835090	3.106154	6918.121406	25.311666	2938.299242	6.908617	14535.823449	54.198409
G141	4726.801658	4.411121	374.612620	0.028987	4352.189039	4.411216	8304.010359	30.713459	3526.920953	8.509828	17447.746494	65.738769
G142	5426.091005	5.086263	295.502795	0.032098	5130.588210	5.086365	9789.202000	36.147730	4157.719000	9.993438	20568.316690	77.374813
G143	5196.840131	4.173404	280.541489	0.043497	4916.298641	4.173631	9380.335846	34.303373	3984.063315	9.356265	19709.238642	73.453176
G144	3609.969869	2.801432	474.876602	0.029386	3135.093267	2.801586	5981.782209	21.938639	2540.612559	6.008403	12568.459702	46.971748
G145	4643.693737	4.311029	465.053410	0.085707	4178.640327	4.311881	7972.878074	29.529092	3386.280787	8.196746	16751.996860	63.200623
G146	7314.194670	8.153059	617.334947	0.080946	6696.859723	8.153461	12777.660166	48.039365	5426.991949	13.596443	26847.434639	102.762775
G147	4341.864905	4.533685	591.063719	0.095807	3750.801186	4.534697	7156.557683	26.886397	3039.569094	7.602606	15036.807376	57.515164
G148	4264.155935	4.444647	363.849201	0.088251	3900.306735	4.445523	7441.815427	27.796619	3160.725194	7.802262	15636.168959	59.474522
G149	6127.890563	5.079721	441.040918	0.078970	5686.849645	5.080335	10850.553122	39.794502	4608.501375	10.898364	22798.345860	85.202121
G150	4966.914101	4.364655	323.946339	0.064774	4642.967762	4.365136	8858.818413	32.593295	3762.561814	8.965875	18613.466411	69.775782
G151	5740.616589	5.373038	399.151161	0.046321	5341.465428	5.373237	10191.557363	37.673604	4328.609389	10.430355	21413.714766	80.637841
G152	2984.920976	2.589192	489.058916	0.041987	2495.862060	2.589532	4762.124120	17.644953	2022.593255	4.900716	10005.808137	37.764615
G153	3396.062069	3.852183	438.120480	0.050871	2957.941589	3.852519	5643.775437	21.378576	2397.052627	6.106947	11858.265927	45.719683
G154	6330.166098	5.590122	323.542509	0.050985	6006.623588	5.590354	11460.684280	42.138478	4867.639342	11.581088	24080.306420	90.212296
G155	5260.567198	4.666599	277.492181	0.051569	4983.075016	4.666884	9507.745686	34.972059	4038.177462	9.616896	19976.942378	74.868934
G156	3236.469239	2.632026	544.247428	0.047014	2692.221812	2.632446	5136.780047	18.949524	2181.719000	5.231797	10793.006292	40.563224
G157	6070.324958	5.038976	410.403701	0.030719	5659.921257	5.039070	10799.173550	39.598082	4586.679185	10.841498	22690.391062	84.782207
G158	5844.992885	4.991917	505.287347	0.034935	5339.705537	4.992039	10188.199479	37.470658	4327.183211	10.302344	21406.659438	80.218326
G159	4191.480744	3.321587	447.100109	0.039786	3744.380635	3.321825	7144.307222	26.191060	3034.366017	7.168704	15011.067653	56.077288
G160	4582.638494	3.558406	698.451535	0.040883	3884.186959	3.558641	7411.058769	27.221849	3147.662072	7.471168	15571.545441	58.280113
G161	4968.894707	4.233648	458.865488	0.082526	4510.029219	4.234452	8605.170644	31.657299	3654.831260	8.707340	18080.521270	67.772219
G162	3169.064962	3.235099	432.848841	0.056673	2736.216122	3.235595	5220.721530	19.569612	2217.371048	5.517966	10969.377666	41.866486
G163	4275.383670	3.310233	387.703452	0.034511	3887.680218	3.310413	7417.723935	27.130652	3150.492935	7.401627	15585.549774	58.094008
G164	3674.696246	2.950205	409.089468	0.050506	3265.606778	2.950638	6230.802999	22.867093	2646.377919	6.268507	13091.682992	48.958418
G165	4244.713306	4.147088	455.182155	0.046157	3789.531152	4.147345	7230.454757	26.908865	3070.955030	7.517352	15192.074212	57.582569
G166	4460.442976	3.728676	271.594035	0.032432	4188.848941	3.728817	7992.356188	29.305876	3394.553629	8.023514	16792.922772	62.745910
G167	5319.144040	4.448047	336.338141	0.043800	4982.805899	4.448262	9507.232208	34.866412	4037.959375	9.548171	19975.863497	74.650937
G168	5080.716657	4.218828	361.486546	0.044118	4719.230112	4.219058	9004.327566	33.024915	3824.363191	9.044967	18919.199028	70.707964
G169	4903.666919	3.607764	338.993283	0.043741	4564.673636	3.608029	8709.432614	31.735484	3699.113928	8.611204	18299.588486	67.963723
G170	2961.808606	2.641346	515.677529	0.047688	2446.131078	2.641776	4667.237022	17.349892	1982.292330	4.839698	9806.438681	37.128737
G171	4712.030250	3.660316	526.248419	0.064849	4185.781831	3.660891	7986.504119	29.254468	3392.068109	7.997891	16780.626855	62.638212
G172	4788.125402	3.829262	344.620174	0.032639	4443.505228	3.829401	8478.242354	31.029958	3600.921640	8.473336	17813.829331	66.441846
G173	4219.664238	3.738792	477.109059	0.040600	3742.555179	3.739012	7140.824238	26.383060	3032.886706	7.299435	15003.749474	56.472223
G174	4459.774676	4.025699	605.553919	0.040178	3854.220757	4.025899	7353.883025	27.262603	3123.378104	7.577308	15451.412176	58.347672
G175	4663.383665	4.053263	353.150363	0.087254	4310.233302	4.054202	8223.958489	30.258445	3492.920921	8.323947	17279.547675	64.777259
G176	4173.483820	3.771716	321.240595	0.072981	3852.243225	3.772422	7350.109878	27.117364	3121.775553	7.487956	15443.484329	58.047019
G177	3335.881314	4.875238	555.667419	0.084480	2780.213895	4.875970	5304.669622	21.037818	2253.025903	6.320630	11145.762926	44.922393
G178	5750.058362	4.326889	442.954608	0.081689	5307.103754	4.327660	10125.995025	36.952953	4300.763423	10.048840	21275.960234	79.132826
G179	3746.745714	4.022054	442.223532	0.087565	3304.522182	4.023007	6305.053891	23.704550	2677.914130	6.708972	13247.693242	50.707289
G180	3698.124916	2.829424	461.278808	0.064949	3236.846108	2.830169	6175.927417	22.621991	2623.070886	6.184498	12976.382649	48.437111
G181	4209.341005	3.458625	564.527164	0.057878	3644.813841	3.459109	6954.333009	25.602193	2953.679215	7.048774	14611.908479	54.807972
G182	3350.192038	2.518677	262.589682	0.060280	3087.602356	2.519398	5891.169185	21.499429	2502.126941	5.846740	12378.070600	46.039852
G183	3202.047798	3.184336	468.835166	0.049139	2733.212633	3.184715	5214.990850	19.519832	2214.937085	5.493787	10957.336802	41.762133
G184	4873.220183	3.407417	404.332713	0.048388	4468.887470	3.407761	8526.671869	31.018854	3621.490867	8.396769	17915.585694	66.433076
G185	3677.939624	3.016561	620.959200	0.047264	3056.980423	3.016931	5832.742299	21.531054	2477.311581	5.949863	12255.308532	46.088124
G186	2919.869844	2.820523	596.868269	0.044434	2323.001575	2.820873	4432.304978	16.659295	1882.510813	4.713415	9312.817577	35.636856
G205	5803.930230	4.462586	477.966904	0.078969	5325.963326	4.463285	10161.979234	37.136211	4316.046817	10.118970	21351.567480	79.521116
G206	5066.863556	4.000008	429.601087	0.086692	4637.262469	4.000947	8847.932669	32.385060	3757.938366	8.844168	18590.594126	69.343249
G207	5969.965539	5.841208	427.966385	0.070092	5541.999154	5.841629	10574.177264	39.229493	4491.117633	10.913922	22217.646210	83.957113
G208	3974.864319	3.384145	480.160401	0.071315	3494.703918	3.384896	6667.922114	24.581670	2832.033343	6.780658	14010.123983	52.620626
G209	4325.819993	4.299481	644.277377	0.065781	3681.542616	4.299984	7024.411796	26.298651	2983.443430	7.403859	14759.152624	56.264762
G210	4081.273701	4.067107	619.906507	0.063918	3461.367193	4.067609	6604.315386	24.740649	2805.017974	6.970546	13876.478428	52.930366
G211	2538.880831	1.735229	656.707555	0.055908	1882.173276	1.736130	3591.201173	13.196571	1525.272984	3.624001	7545.555095	28.252512
G212	4995.694211	4.783251	462.648093	0.044758	4533.046118	4.783460	8649.087065	32.090430	3673.483663	8.928855	18172.795070	68.678202
G213	5289.372147	3.688466	378.724705	0.049882	4910.647442	3.688803	9369.553313	34.062973	3979.483704	9.212030	19686.583217	72.954448
G214	3981.837505	3.181406	329.287593	0.044229	3652.549911	3.181713	6969.093490	25.521879	2959.948361	6.975185	14642.922064	54.646641
G215	5077.289542	4.493261	346.186666	0.043394	4731.102876	4.493470	9026.980892	33.234274	3833.984626	9.150671	18966.796451	71.146240
G216	2900.544665	3.082505	456.664237	0.054778	2443.880428	3.082992	4662.942764	17.598500	1980.468451	5.004677	9797.415916	37.640520
G235	4699.449741	4.499689	597.578122	0.085529	4101.871619	4.500502	7826.402785	29.133107	3324.069067	8.141054	16444.234273	62.341760
G236	2985.927332	3.218419	544.851941	0.073324	2441.075390	3.219254	4657.590731	17.669249	1978.195309	5.056442	9786.170637	37.785057
G237	2361.204434	2.977622	415.781624	0.078350	1945.422810	2.978653	3711.881774	14.374544	1576.529055	4.212221	7799.119871	30.717973
G238	5022.592511	4.800714	397.819958	0.086537	4624.772553	4.801494	8824.101814	32.697359	3747.816805	9.082003	18540.522569	69.980402
G239	4211.025137	3.778655	455.447054	0.072394	3755.578083	3.779349	7165.672040	26.489010	3043.440189	7.334055	15055.957761	56.697905
G240	4529.372196	5.493203	463.112742	0.058059	4066.259455	5.493509	7758.454500	29.520638	3295.209731	8.478102	16301.466574	63.122337
G241	3790.509890	2.777792	530.192478	0.057747	3260.317411	2.778392	6220.710846	22.753495	2642.091529	6.207854	13070.478138	48.721264
G242	3904.855714	3.608272	471.387634	0.054555	3433.468080	3.608685	6551.083662	24.298446	2782.409129	6.757911	13764.632033	52.002825
G243	5000.592646	3.620445	444.412971	0.056110	4556.179675	3.620880	8693.226071	31.684549	3692.230603	8.600576	18265.536547	67.853992
G244	3476.342044	2.580518	564.044427	0.058975	2912.297617	2.581192	5556.686385	20.369704	2360.063727	5.574916	11675.281124	43.613359
G245	4163.737681	3.204090	391.049084	0.054250	3772.688597	3.204549	7198.319032	26.324643	3057.306183	7.180366	15124.553103	56.368406
G246	4776.812437	5.658059	514.289361	0.060847	4262.523076	5.658386	8132.927009	30.878077	3454.257574	8.844909	17088.279345	66.029841
G265	4394.570869	3.641229	556.558757	0.055021	3838.012111	3.641644	7322.956803	26.958869	3110.242963	7.422140	15386.432381	57.712312
G266	1421.538882	1.791470	514.732772	0.062646	906.806110	1.792565	1730.193074	7.040898	734.856285	2.167775	3635.348323	15.022542
G267	3628.298074	3.627301	519.320717	0.073580	3108.977357	3.628047	5931.952852	22.206703	2519.448785	6.251171	12463.762098	47.510371
G268	1645.294915	2.249106	558.697428	0.053953	1086.597487	2.249753	2073.236413	8.532909	880.555374	2.653554	4356.124546	18.199757
G269	4417.748322	4.929462	439.015812	0.046757	3978.732509	4.929684	7591.452411	28.594387	3224.279765	8.111827	15950.574658	61.163295
G270	6033.626676	5.575399	449.318625	0.067461	5584.308052	5.575807	10654.902969	39.364798	4525.403860	10.890487	22387.260837	84.259411
G271	4071.652363	2.819447	401.729513	0.052442	3669.922849	2.819935	7002.241191	25.481787	2974.027019	6.901293	14712.569458	54.573648
G272	3647.072113	2.873732	419.017681	0.062577	3228.054432	2.874413	6159.152832	22.584404	2615.946300	6.183430	12941.137183	48.354741
G273	3343.112601	2.469440	451.491613	0.069250	2891.620988	2.470411	5517.235217	20.183159	2343.307829	5.507661	11592.389370	43.217272
G274	3235.615553	2.620648	510.443383	0.055987	2725.172170	2.621246	5199.649585	19.159658	2208.421266	5.281580	10925.102919	41.014739
G275	3203.729369	3.206731	568.040478	0.093712	2635.688891	3.208100	5028.914797	18.906360	2135.905930	5.350823	10566.368143	40.443332
G276	4082.598093	3.390763	407.609093	0.090865	3674.989001	3.391980	7011.907447	25.767652	2978.132520	7.076625	14732.879450	55.165834
G295	5348.929510	3.985699	466.988056	0.065676	4881.941455	3.986240	9314.782067	33.994832	3956.220985	9.245301	19571.502096	72.797984
G296	5264.328591	3.940922	470.289395	0.074704	4794.039195	3.941630	9147.063876	33.394370	3884.986873	9.086549	19219.105561	71.511199
G297	6569.154675	5.561474	587.112034	0.058419	5982.042641	5.561781	11413.783643	41.963284	4847.719468	11.531890	23981.762415	89.837450
G298	4771.442514	5.678334	630.943459	0.073585	4140.499055	5.678811	7900.104232	30.117578	3355.371916	8.669260	16599.090072	64.394479
G299	4590.143979	3.630182	465.335737	0.063820	4124.808242	3.630743	7870.166040	28.838914	3342.656416	7.888374	16536.186251	61.747610
G300	4141.098640	3.637273	547.702115	0.062059	3593.396525	3.637803	6856.228373	25.356387	2912.011722	7.024689	14405.778579	54.272724
G301	4994.138549	3.190377	616.731925	0.094119	4377.406624	3.191765	8352.125706	30.326619	3547.356744	8.186671	17548.842751	64.955123
G302	2965.176701	3.875907	482.202875	0.079476	2482.973827	3.876722	4737.533272	18.403520	2012.148906	5.411192	9954.139742	39.323724
G303	3229.503600	2.880974	307.419900	0.093425	2922.083700	2.882488	5575.358307	20.580274	2367.994160	5.686873	11714.513126	44.052992
G304	2124.440399	2.312291	432.399383	0.078468	1692.041017	2.313622	3228.427351	12.302899	1371.193866	3.539714	6783.322703	26.305217
G305	3219.175866	2.653091	391.665536	0.081604	2827.510330	2.654346	5394.911587	19.846983	2291.353923	5.458840	11335.372386	42.488607
G306	2785.521841	2.597076	434.364886	0.070195	2351.156956	2.598024	4486.025662	16.709210	1905.327332	4.673071	9425.691338	35.755142
G325	5762.880143	5.444218	522.167049	0.053298	5240.713094	5.444478	9999.321131	37.053964	4246.961852	10.292789	21009.802812	79.304463
G326	4233.425475	4.285027	557.292744	0.077834	3676.132731	4.285734	7014.089693	26.255289	2979.059374	7.389956	14737.464618	56.172349
G327	4459.356487	3.350957	424.264881	0.062841	4035.091605	3.351546	7698.986002	28.122330	3269.951972	7.657757	16176.515950	60.220405
G328	4384.685758	4.143934	369.280926	0.060242	4015.404832	4.144372	7661.423488	28.376055	3253.998232	7.876868	16097.592489	60.732758
G329	5229.829534	4.363461	399.262353	0.069969	4830.567182	4.364022	9216.759557	33.825277	3914.588373	9.272336	19365.544753	72.419900
G330	6377.838641	4.455602	429.225995	0.059492	5948.612646	4.455999	11349.998953	41.257951	4820.628515	11.155894	23847.742943	88.364703
G331	4888.292938	3.651482	449.372377	0.095883	4438.920561	3.652741	8469.494774	30.922007	3597.206324	8.414342	17795.449591	66.216740
G332	2996.386192	2.901601	481.479661	0.078098	2514.906532	2.902652	4798.461120	17.944372	2038.026488	5.044485	10082.156640	38.392727
G333	3808.976204	2.588873	640.070082	0.093190	3168.906122	2.590550	6046.297399	22.067613	2568.013774	6.002061	12704.014046	47.256423
G334	2924.729161	2.317021	526.099212	0.079024	2398.629949	2.318368	4576.604500	16.869459	1943.798431	4.652379	9616.008612	36.111713
G335	3537.314661	2.890643	382.834555	0.087605	3154.480105	2.891970	6018.772448	22.108682	2556.323239	6.068177	12646.180740	47.333101
G336	2475.719155	2.829676	325.379786	0.075674	2150.339370	2.830687	4102.864154	15.561400	1742.589054	4.452061	8620.621913	33.277751
G355	5201.129555	3.942383	584.210035	0.075141	4616.919520	3.943099	8809.118166	32.224954	3741.452875	8.793451	18509.040083	69.001862
G356	7456.190118	5.671544	525.021049	0.081122	6931.169069	5.672124	13224.724210	48.269790	5616.871234	13.129659	27786.771147	103.366556
G357	5662.623246	5.049027	621.090368	0.062876	5041.532878	5.049418	9619.283737	35.546713	4085.550462	9.837209	20211.297534	76.086264
G358	4639.220900	6.767460	530.533778	0.067698	4108.687122	6.767799	7839.406817	30.729870	3329.592205	9.123105	16471.557343	65.642584
G359	3183.263215	4.494146	399.731131	0.056162	2783.532084	4.494497	5311.000752	20.746732	2255.714892	6.136857	11159.065408	44.322443
G360	4319.044095	3.820737	358.736321	0.062128	3960.307774	3.821242	7556.297874	27.849398	3209.348754	7.679266	15876.710654	59.616243
G361	3830.552758	3.201464	429.945181	0.072945	3400.607577	3.202295	6488.385568	23.874543	2755.779680	6.568452	13632.895630	51.110465
G362	3551.011679	3.156443	499.476958	0.077065	3051.534721	3.157384	5822.351858	21.568753	2472.898500	5.988792	12233.476937	46.162888
G363	2184.129430	2.148139	595.227254	0.097843	1588.902176	2.150366	3031.637644	11.537822	1287.612354	3.314444	6369.843339	24.670495
G364	3129.369652	4.897491	571.583586	0.090448	2557.786067	4.898327	4880.275605	19.715363	2072.775146	6.029556	10254.058929	42.074285
G365	3255.499247	3.157252	460.820899	0.108288	2794.678348	3.159108	5332.267910	19.901835	2264.747586	5.580754	11203.750322	42.583755
G366	3390.245525	2.394318	391.068869	0.086751	2999.176656	2.395890	5722.452265	20.862017	2430.468644	5.664897	12023.575613	44.676605
G385	4101.135227	4.336325	416.572983	0.065181	3684.562245	4.336815	7030.173271	26.340114	2985.890472	7.422672	14771.258191	56.351961
G386	749.244771	1.124045	436.565248	0.070767	312.679523	1.126271	596.594948	3.020146	253.388800	1.068111	1253.519320	6.409276
G387	3952.282187	3.837874	548.818180	0.083870	3403.464007	3.838790	6493.835658	24.232299	2758.094470	6.793298	13644.346940	51.849980
G388	5491.396731	3.609625	548.696374	0.097536	4942.700357	3.610943	9430.710523	34.245650	4005.458701	9.245682	19815.082032	73.348891
G389	4596.414067	4.562896	580.938152	0.061419	4015.475915	4.563309	7661.559113	28.609565	3254.055835	8.027610	16097.877455	61.214525
G390	3267.254563	3.529428	594.449093	0.069558	2672.805469	3.530113	5099.733515	19.350071	2165.984411	5.538647	10715.166975	41.379176
G391	3409.445045	3.184116	490.780862	0.091970	2918.664182	3.185444	5568.833842	20.720041	2365.223056	5.786613	11700.804423	44.339419
G392	3441.722261	3.476512	327.750978	0.083684	3113.971283	3.477519	5941.481301	22.151191	2523.495755	6.202627	12483.782540	47.398548
G393	3678.229324	4.666655	484.440346	0.077625	3193.788978	4.667301	6093.774081	23.433829	2588.178309	6.813347	12803.768390	50.089148
G394	3493.399938	2.816769	400.322873	0.068911	3093.077065	2.817612	5901.614971	21.669752	2506.563527	5.944419	12400.018479	46.394060
G395	3373.180020	2.244273	516.884257	0.091570	2856.295763	2.246140	5449.834415	19.853373	2314.681022	5.385199	11450.771999	42.517747
G396	4411.168488	2.997872	500.450030	0.083244	3910.718458	2.999028	7461.681075	27.151342	3169.162632	7.352518	15677.909129	58.149481
G415	6665.537765	6.311459	489.768396	0.095853	6175.769369	6.312187	11783.415739	43.610131	5004.711467	12.093458	24758.404885	93.340521
G416	5359.086300	4.265822	486.402559	0.091021	4872.683741	4.266793	9297.118279	34.057573	3948.718732	9.311918	19534.388305	72.922197
G417	4197.283268	4.768352	478.623554	0.071839	3718.659714	4.768893	7095.231506	26.828195	3013.522332	7.646870	14907.953539	57.377706
G418	4278.645511	3.877914	502.563429	0.079765	3776.082082	3.878735	7204.793828	26.674927	3060.056191	7.400974	15138.157446	57.092632
G419	4770.793620	4.718700	521.096361	0.071127	4249.697259	4.719236	8108.455251	30.214997	3443.863806	8.455073	17036.861173	64.654435
G420	6032.272318	3.936840	515.820097	0.066286	5516.452220	3.937398	10525.433518	38.185714	4470.414945	10.295396	22115.229607	81.790740
G421	6595.128184	4.965811	508.237546	0.078301	6086.890637	4.966428	11613.834430	42.383783	4932.686042	11.526161	24402.093710	90.762567
G422	4812.654403	3.597221	615.211426	0.069904	4197.442977	3.597900	8008.753676	29.302938	3401.518053	7.998361	16827.375909	62.744616
G423	4053.603117	3.300542	355.414081	0.076121	3698.189036	3.301420	7056.173295	25.877488	2996.933333	7.086546	14825.887437	55.405149
G424	3450.520720	2.795200	429.698758	0.076520	3020.821962	2.796247	5763.751677	21.184743	2448.009537	5.819489	12110.350753	45.354003
G425	3666.522047	2.528104	448.430684	0.074286	3218.091363	2.529195	6140.143219	22.367522	2607.872442	6.066923	12901.195650	47.902066
G426	2535.493416	1.948915	473.524679	0.069550	2061.968737	1.950156	3934.252303	14.480529	1670.975382	3.985506	8266.347687	30.999496
G445	5581.516491	3.823471	503.830423	0.073628	5077.686068	3.824180	9688.264304	35.225553	4114.848235	9.527989	20356.234184	75.444092
G446	5480.892023	5.705858	491.424049	0.088476	4989.467974	5.706544	9519.943498	35.570263	4043.358178	9.988392	20002.571481	76.106384
G447	4776.736336	3.835411	390.385601	0.076072	4386.350735	3.836165	8369.191139	30.656180	3554.604861	8.381080	17584.699324	65.639494
G448	3960.536113	3.916681	426.646536	0.079800	3533.889577	3.917494	6742.688655	25.121774	2863.788563	7.028415	14167.217676	53.756189
G449	4832.279768	4.005722	455.181439	0.069602	4377.098328	4.006327	8351.537476	30.674497	3547.106909	8.418051	17547.606809	65.672141
G450	4877.074793	5.352831	448.720755	0.076657	4428.354038	5.353380	8449.333767	31.742923	3588.643440	8.975772	17753.088836	67.904227
G451	3410.781332	2.592431	599.434718	0.049738	2811.346614	2.592908	5364.071090	19.711185	2278.255193	5.412970	11270.572712	42.199649
G452	4831.666534	3.650767	482.564434	0.045228	4349.102100	3.651047	8298.120456	30.327676	3524.419364	8.264854	17435.371083	64.941530
G453	3928.233520	3.038097	646.698899	0.057821	3281.534620	3.038647	6261.193445	23.013611	2659.285501	6.322078	13155.537053	49.269350
G454	4724.147760	3.324428	664.913560	0.041748	4059.234200	3.324690	7745.050260	28.270372	3289.516614	7.690174	16273.302618	60.539033
G455	5585.552952	3.093462	508.966811	0.037357	5076.586141	3.093688	9686.165635	34.956088	4113.956878	9.350334	20351.824622	74.888113
G456	3982.579628	3.039086	386.615186	0.038595	3595.964442	3.039332	6861.127977	25.084837	2914.092706	6.839598	14416.073249	53.714169
G475	6515.812976	5.111895	514.574436	0.077264	6001.238540	5.112479	11450.409567	41.881417	4863.275414	11.426249	24058.717984	89.679273
G476	5916.542525	7.663753	481.191051	0.123238	5435.351475	7.664744	10370.692667	39.682122	4404.692634	11.471633	21790.100059	84.833779
G477	4412.060451	5.204939	499.236397	0.068810	3912.824055	5.205393	7465.698570	28.352323	3170.868963	8.123989	15686.350379	60.628200
G478	4140.070859	5.469563	482.080527	0.079062	3657.990332	5.470134	6979.473855	26.930961	2964.357162	7.860073	14664.732487	57.557611
G479	2203.815502	3.339345	294.020841	0.066683	1909.794661	3.340011	3643.902990	14.443445	1547.656765	4.337028	7656.288090	30.841861
G480	4485.085117	4.879264	440.230756	0.071100	4044.854361	4.879782	7717.613417	28.987827	3277.863501	8.194552	16215.654438	62.011010
G481	3685.111196	3.366999	491.319031	0.045259	3193.792165	3.367304	6093.780162	22.607973	2588.180892	6.289866	12803.781168	48.384483
G482	4151.999278	3.113406	301.132281	0.057472	3850.866997	3.113937	7347.484025	26.802146	3120.660288	7.284105	15437.967090	57.396292
G483	2331.254205	2.074416	501.876163	0.044331	1829.378041	2.074890	3490.467457	13.031637	1482.488855	3.655715	7333.901175	27.883355
G484	3910.585104	3.077368	622.924142	0.038094	3287.660962	3.077604	6272.882552	23.072656	2664.250158	6.344436	13180.097305	49.394492
G485	3344.547702	2.447583	618.071322	0.036211	2726.476380	2.447851	5202.138027	19.084553	2209.478169	5.228791	10930.331442	40.860583
G486	2156.074391	1.887089	395.606231	0.033978	1760.468160	1.887395	3358.986869	12.478963	1426.645760	3.478146	7057.644299	26.705547
G505	5985.497344	4.503549	377.642744	0.034221	5607.854600	4.503679	10699.829965	39.017756	4544.485479	10.598853	22481.657981	83.556835
G506	6889.542353	4.901507	310.976539	0.045807	6578.565814	4.901721	12551.954472	45.616872	5331.129094	12.330448	26373.199232	97.701301
G507	1788.484585	2.050842	595.931394	0.064855	1192.553191	2.051867	2275.400716	8.990828	966.419611	2.691222	4780.896597	19.200518
G508	3881.912162	3.374184	385.870711	0.052826	3496.041450	3.374598	6670.474136	24.585275	2833.117250	6.779458	14015.486095	52.628798
G509	4681.181627	4.393340	419.272132	0.060110	4261.909495	4.393751	8131.756291	30.115374	3453.760340	8.358686	17085.819522	64.455599
G510	4959.020857	4.442012	532.716751	0.055768	4426.304106	4.442362	8445.422481	31.213602	3586.982219	8.639835	17744.870743	66.811051
G511	3514.911781	2.931935	492.240962	0.036184	3022.670819	2.932158	5767.279309	21.263639	2449.507811	5.866252	12117.762742	45.517724
G512	3586.059373	2.546946	293.160934	0.033751	3292.898439	2.547170	6282.875699	22.870796	2668.494497	6.196856	13201.094135	48.981211
G513	2785.836318	2.413136	403.513141	0.036230	2382.323177	2.413408	4545.491054	16.811447	1930.583772	4.657735	9550.635436	35.983097
G514	3486.868667	2.946760	496.338391	0.029075	2990.530276	2.946904	5705.954905	21.060763	2423.461802	5.819049	11988.912631	45.081622
G515	4076.500935	3.797363	469.230651	0.038770	3607.270284	3.797561	6882.699611	25.531790	2923.254719	7.102174	14461.397903	54.642133
G516	2602.024042	1.916721	382.000743	0.038874	2220.023299	1.917116	4235.821631	15.504659	1799.059420	4.234530	8899.981913	33.198687
G535	4637.865897	4.979765	350.676332	0.039209	4287.189564	4.979920	8179.990859	30.608717	3474.246768	8.611413	17187.166279	65.487190
G536	5008.110010	4.438973	441.335153	0.044304	4566.774857	4.439194	8713.441760	32.130584	3700.816712	8.865987	18308.012193	68.779543
G537	6031.125447	4.481444	429.697917	0.097786	5601.427530	4.482510	10687.567066	38.966323	4539.277119	10.582246	22455.892121	83.447229
G538	4879.376244	5.814937	335.718023	0.042083	4543.658222	5.815090	8669.335041	32.772501	3682.083485	9.338527	18215.338556	70.091415
G539	5154.081095	3.830242	473.878711	0.044109	4680.202384	3.830496	8929.862360	32.593884	3792.735955	8.865798	18762.738476	69.797627
G540	3413.882249	3.405284	564.216239	0.043197	2849.666010	3.405558	5437.184795	20.402670	2309.308412	5.760599	11424.193593	43.647057
G541	4254.168462	3.343656	542.455177	0.040895	3711.713285	3.343906	7081.977666	25.986308	3007.893095	7.121803	14880.105593	55.637017
G542	3797.923379	3.284521	601.859165	0.038156	3196.064214	3.284742	6098.115249	22.578525	2590.022111	6.264779	12812.889718	48.324986
G543	3992.776024	3.140853	372.000222	0.035365	3620.775801	3.141052	6908.468243	25.293979	2934.199302	6.910624	14515.540968	54.159136
G544	3825.881286	2.422435	507.924438	0.038334	3317.956849	2.422738	6330.687338	22.988093	2688.801296	6.206165	13301.552266	49.236981
G545	4385.185805	3.394206	390.372922	0.030932	3994.812883	3.394347	7622.133888	27.875054	3237.310956	7.603453	16015.040211	59.688231
G546	4088.109759	4.156571	531.166953	0.035187	3556.942806	4.156720	6786.674394	25.409937	2882.470407	7.154144	14259.637120	54.363297
G565	4069.052201	4.767272	435.904119	0.040403	3633.148081	4.767443	6932.074648	26.282017	2944.225533	7.515727	14565.140927	56.204326
G566	6664.442830	7.341048	540.745592	0.044367	6123.697238	7.341182	11684.061709	43.857601	4962.513325	12.387960	24549.649856	93.822706
G567	4563.877692	4.093960	388.434426	0.041430	4175.443266	4.094170	7966.778057	29.395146	3383.689957	8.117925	16739.179973	62.922597
G568	4009.656164	4.848626	473.886582	0.037383	3535.769581	4.848771	6746.275718	25.718399	2865.312079	7.402820	14174.754535	54.988614
G569	4042.454135	5.088594	360.874791	0.039819	3681.579344	5.088750	7024.481872	26.806552	2983.473193	7.725366	14759.299863	57.313177
G570	4983.792443	4.445029	512.448903	0.043781	4471.343540	4.445245	8531.358069	31.509382	3623.481213	8.713515	17925.431978	67.445854
G571	4081.502874	3.956406	500.489768	0.040942	3581.013106	3.956618	6832.600712	25.449332	2901.976463	7.117343	14356.133959	54.457676
G572	4241.463489	3.534534	462.006848	0.038465	3779.456641	3.534744	7211.232512	26.522486	3062.790862	7.292459	15151.685913	56.780094
G573	2629.924304	2.435240	376.856026	0.054092	2253.068279	2.435841	4298.871708	15.981963	1825.838365	4.458643	9032.457875	34.201261
G574	5689.261486	5.619020	439.580837	0.032335	5249.680649	5.619113	10016.431296	37.207030	4254.228967	10.368535	21045.753373	79.625120
G575	3634.785209	2.900592	335.412518	0.033664	3299.372691	2.900788	6295.228622	23.066266	2673.741093	6.308769	13227.049145	49.387793
G576	2884.121174	2.617000	334.358523	0.030772	2549.762651	2.617181	4864.966865	18.010981	2066.273142	4.996783	10221.893386	38.549173
G595	4235.782187	5.581412	408.916343	0.043712	3826.865845	5.581583	7301.689640	28.071032	3101.210267	8.159008	15341.747457	60.001608
G596	5515.408964	4.669607	493.932019	0.052706	5021.476946	4.669905	9581.016864	35.225618	4069.297564	9.680540	20130.894129	75.413014
G597	7307.287202	10.251829	520.560693	0.043223	6786.726509	10.251920	12949.126689	50.041994	5499.818072	14.630196	27207.706880	106.945686
G598	6350.887065	7.326170	563.988707	0.043532	5786.898358	7.326300	11041.446841	41.688366	4689.578713	11.861193	23199.437027	89.163843
G599	6236.659481	7.469983	296.945450	0.038076	5939.714030	7.470080	11333.020326	42.757543	4813.417267	12.154309	23812.068759	91.452988
G600	2899.059816	3.969324	415.419610	0.045864	2483.640206	3.969589	4738.804729	18.479575	2012.688926	5.456184	9956.811230	39.481218
G601	4021.444328	2.795116	402.940523	0.030447	3618.503805	2.795281	6904.133256	25.130763	2932.358124	6.808595	14506.432626	53.821389
G602	4018.618977	3.238540	341.313542	0.040145	3677.305435	3.238789	7016.327221	25.711057	2980.009708	7.033148	14742.165937	55.050418
G603	3489.054295	2.690055	644.480459	0.034518	2844.573836	2.690276	5427.468888	19.976484	2305.181823	5.498161	11403.779277	42.765080
G604	3629.449576	2.435729	478.544654	0.036491	3150.904923	2.436002	6011.950971	21.884042	2553.425987	5.929282	12631.847979	46.867973
G605	5229.416020	3.425747	457.432510	0.037605	4771.983510	3.425954	9104.981458	33.039890	3867.113417	8.911006	19130.685227	70.768190
G606	7025.132949	5.610046	394.828067	0.033063	6630.304881	5.610144	12650.673012	46.254603	5373.057328	12.612777	26580.619020	99.044778
G625	6628.170860	7.436001	477.953392	0.037111	6150.217468	7.436094	11734.662514	44.086148	4984.004752	12.466254	24655.968366	94.308710
G626	7100.027407	10.594787	310.060837	0.041885	6789.966570	10.594870	12955.308750	50.321514	5502.443748	14.794467	27220.696151	107.524849
G627	5656.093047	4.822853	504.628952	0.044658	5151.464095	4.823060	9829.033350	36.153099	4174.636371	9.941385	20652.007253	77.397389
G628	4542.995487	5.367969	415.756967	0.044371	4127.238520	5.368152	7874.803029	29.824906	3344.625862	8.518048	16545.929135	63.783148
G629	6144.574540	6.399371	451.136085	0.036376	5693.438455	6.399474	10863.124623	40.523893	4613.840806	11.355851	22824.760129	86.710167
G630	5647.059863	4.986909	485.136120	0.039492	5161.923743	4.987065	9848.990440	36.302516	4183.112646	10.011362	20693.939553	77.711291
G631	3970.357602	4.050689	342.724290	0.058708	3627.633312	4.051115	6921.552426	25.805099	2939.756482	7.225762	14543.032444	55.217087
G632	5955.848269	4.581754	466.118250	0.239216	5489.730019	4.587994	10474.447350	38.272627	4448.759844	10.426490	22008.101402	81.955002
G633	3400.444571	2.841280	493.392301	0.037534	2907.052269	2.841528	5546.678222	20.461139	2355.813010	5.648954	11654.252742	43.799015
G634	4462.412712	4.493008	525.216698	0.032953	3937.196014	4.493129	7512.200457	28.062760	3190.619478	7.878137	15784.056560	60.043717
G635	4124.117164	3.184007	579.560579	0.041955	3544.556585	3.184283	6763.041388	24.811792	2872.432878	6.798292	14209.981270	53.122697
G636	3688.858653	3.050270	407.591859	0.039524	3281.266794	3.050526	6260.682431	23.017573	2659.068461	6.325397	13154.463350	49.277372
G655	6633.674886	5.286022	494.716210	0.063505	6138.958677	5.286404	11713.180652	42.867819	4974.880868	11.705175	24610.832335	91.789413
G656	4088.380071	4.531009	445.966327	0.047279	3642.413743	4.531255	6949.753603	26.188818	2951.734227	7.433445	14602.286584	56.016929
G657	4398.869488	4.559292	441.696456	0.039363	3957.173032	4.559462	7550.316762	28.230635	3206.808426	7.934478	15864.143602	60.400962
G658	6023.016421	5.943728	454.584961	0.046890	5568.431460	5.943913	10624.610309	39.457176	4512.537809	10.992269	22323.612235	84.441252
G659	4193.564946	3.872714	579.379834	0.048599	3614.185112	3.873019	6895.893156	25.617954	2928.858348	7.139903	14489.119164	54.823660
G660	4395.325579	4.052501	561.852545	0.051252	3833.473034	4.052825	7314.296208	27.142117	3106.564592	7.553558	15368.235406	58.087773
G661	3797.566469	2.480946	626.639674	0.039471	3170.926796	2.481260	6050.152860	22.035237	2569.651285	5.975036	12712.114843	47.190807
G662	3632.686595	2.516284	468.456511	0.037199	3164.230084	2.516559	6037.375482	22.005449	2564.224413	5.973553	12685.268002	47.125670
G663	4295.120404	3.032264	385.342130	0.036475	3909.778274	3.032483	7459.887197	27.158632	3168.400727	7.359952	15674.139970	58.163984
G664	2993.626793	2.450480	346.276436	0.034852	2647.350357	2.450728	5051.164964	18.565712	2145.356133	5.100070	10613.118479	39.746963
G665	3745.719053	3.254851	471.527671	0.042550	3274.191381	3.255129	6247.182488	23.073123	2653.334698	6.380585	13126.098312	49.388033
G666	3508.112456	2.656644	510.287248	0.025916	2997.825208	2.656771	5719.873691	20.967812	2429.373459	5.738570	12018.157712	44.893971
G685	5158.056799	4.638960	556.021186	0.043190	4602.035613	4.639162	8780.719556	32.463440	3729.391275	8.989762	18449.371112	69.485436
G686	4367.422048	4.950822	518.359826	0.045886	3849.062222	4.951034	7344.040500	27.778643	3119.197737	7.921136	15430.731820	59.409717
G687	4164.103327	5.662179	392.297332	0.042276	3771.805995	5.662337	7196.635021	27.785196	3056.590942	8.114703	15121.014790	59.382139
G688	5551.899290	5.400147	372.615376	0.047217	5179.283914	5.400353	9882.113780	36.630186	4197.180957	10.178993	20763.535761	78.396658
G689	6333.072315	5.610020	421.007014	0.040620	5912.065300	5.610168	11280.266335	41.527670	4791.011327	11.433236	23701.226141	88.900512
G690	6428.053576	7.178253	421.669357	0.043734	6006.384219	7.178387	11460.227561	43.003927	4867.445362	12.142028	24079.346797	91.997497
G691	2750.072916	2.915021	539.534095	0.039355	2210.538821	2.915287	4217.725173	16.000595	1791.373402	4.578934	8861.959031	34.216697
G692	2637.645571	2.770388	579.908259	0.036755	2057.737312	2.770632	3926.178712	14.932631	1667.546326	4.286376	8249.384080	31.930079
G693	4304.472371	3.124118	605.811016	0.037303	3698.661355	3.124341	7057.074483	25.800444	2997.316090	7.034407	14827.780944	55.246560
G694	3789.272896	3.228834	437.368570	0.038558	3351.904326	3.229064	6395.459389	23.568461	2716.311607	6.497859	13437.646305	50.452390
G695	4741.365017	4.229483	327.438069	0.036592	4413.926948	4.229641	8421.806768	31.024722	3576.952035	8.549316	17695.251227	66.414692
G696	5447.130709	4.270571	349.220337	0.031525	5097.910372	4.270688	9726.852433	35.545423	4131.237579	9.685255	20437.312585	76.114756
G715	6904.120192	5.305256	508.086324	0.040928	6396.033868	5.305414	12203.682107	44.573684	5183.209108	12.136281	25641.436183	95.449142
G716	7200.965507	5.540466	475.582272	0.044787	6725.383235	5.540647	12832.083247	46.852511	5450.106794	12.750348	26961.784222	100.330283
G717	6250.154300	6.423222	513.713314	0.039561	5736.440986	6.423344	10945.173784	40.815928	4648.689137	11.432581	22997.155500	87.336119
G718	5361.749185	5.425886	571.428702	0.063283	4790.320484	5.426255	9139.968545	34.119986	3881.973309	9.570088	19204.197399	73.005691
G719	4796.290681	4.566610	422.124770	0.037694	4374.165911	4.566765	8345.942401	30.939201	3544.730540	8.598726	17535.850869	66.216453
G720	5024.596076	5.482842	451.870909	0.064051	4572.725167	5.483216	8724.794998	32.750451	3705.638716	9.250945	18331.866743	70.061587
G721	3219.472564	2.685228	470.236029	0.039348	2749.236534	2.685516	5245.564578	19.349476	2227.922512	5.341709	11021.575964	41.419462
G722	3886.510112	3.665033	437.529499	0.034983	3448.980614	3.665200	6580.681696	24.430079	2794.980155	6.802608	13826.821141	52.282852
G723	4095.971500	3.086122	558.312370	0.033732	3537.659130	3.086306	6749.880991	24.721212	2866.843328	6.757182	14182.329658	52.932110
G724	7472.974458	10.245123	471.654555	0.036619	7001.319903	10.245189	13358.572545	51.380802	5673.719970	14.942156	28068.002953	109.824300
G725	4372.253793	3.981178	514.455366	0.044840	3857.798427	3.981431	7360.709247	27.262138	3126.277370	7.567604	15465.754906	58.348672
G726	4885.775736	3.769730	631.516061	0.042144	4254.259675	3.769965	8117.160374	29.755606	3447.561090	8.143602	17055.151708	63.709437
G727	3030.795699	3.155583	358.941812	0.026904	2671.853887	3.155698	5097.917888	19.107010	2165.213269	5.386712	10711.352118	40.876984
G728	2262.480267	2.829544	376.854948	0.045248	1885.625319	2.829906	3597.787698	13.889925	1528.070446	4.056367	7559.394193	29.685402
G729	3102.442230	2.651615	413.642841	0.042515	2688.799388	2.651956	5130.250037	18.937041	2178.945541	5.232726	10779.285937	40.535594
G730	2419.793210	2.209898	502.934690	0.034803	1916.858520	2.210172	3657.380887	13.675868	1553.381165	3.844060	7684.606809	29.260185
G731	2950.807181	2.297915	537.982115	0.034882	2412.825066	2.298179	4603.688894	16.952443	1955.301851	4.668883	9672.916253	36.290673
G732	1842.929397	1.414837	444.344254	0.034913	1398.585144	1.415268	2668.511275	9.868641	1133.383500	2.733873	5606.870202	21.122829
G733	2837.880450	2.476011	349.064878	0.034877	2488.815572	2.476257	4748.679367	17.539597	2016.882932	4.850730	9977.559058	37.543440
G734	3481.177887	2.979596	308.709560	0.040146	3172.468328	2.979867	6053.094114	22.269149	2570.900509	6.125361	12718.294781	47.673940
G735	3116.367640	2.666579	346.658080	0.039140	2769.709560	2.666866	5284.627269	19.474169	2244.513414	5.368804	11103.651479	41.687899
G736	3188.712524	2.468520	527.456700	0.035357	2661.255824	2.468774	5077.696702	18.665718	2156.624825	5.128493	10668.864921	39.960869
G737	3741.914314	2.654452	446.686777	0.037893	3295.227537	2.654723	6287.319636	22.930697	2670.381948	6.230310	13210.431393	49.105991
G738	3378.573205	2.546589	565.015919	0.046452	2813.557286	2.547013	5368.289070	19.703929	2280.046674	5.402266	11279.435207	42.185908
G739	3023.740034	2.428738	401.673151	0.038319	2622.066883	2.429041	5002.923900	18.389226	2124.866946	5.051905	10511.758073	39.369064
G740	3225.996087	2.257723	571.215972	0.055075	2654.780115	2.258395	5065.341000	18.525737	2151.377049	5.053707	10642.904072	39.668652
G741	4238.607989	2.620698	479.047908	0.037106	3759.560081	2.620961	7173.269722	26.001064	3046.667115	7.000977	15071.921425	55.694069
G742	2855.783528	2.590564	352.941246	0.030115	2502.842283	2.590739	4775.442440	17.691079	2028.249878	4.912329	10033.791563	37.863588
G743	3107.998281	2.121899	292.679115	0.033015	2815.319166	2.122156	5371.650752	19.531510	2281.474465	5.283272	11286.498513	41.831421
G744	7799.938388	5.678517	360.413456	0.032071	7439.524932	5.678608	14194.671130	51.640485	6028.831957	13.979904	29824.748853	110.598240
G745	1357.251923	1.427515	440.581769	0.029607	916.670153	1.427822	1749.013745	6.791654	742.849895	1.996120	3674.892867	14.512251
G746	3496.135819	3.335414	480.177215	0.037436	3015.958603	3.335624	5754.472349	21.435521	2444.068375	5.995500	12090.853746	45.868590
G747	4705.133427	4.058878	555.143176	0.033574	4149.990251	4.059017	7918.213508	29.210793	3363.063378	8.065066	16637.139886	62.528380
G748	3332.583719	2.698783	521.948504	0.038610	2810.635215	2.699059	5362.713736	19.758331	2277.678690	5.445784	11267.720745	42.296479
G749	3033.716794	3.068731	563.796617	0.042586	2469.920177	3.069027	4712.626808	17.756356	2001.570508	5.039171	9901.808199	37.980371
G750	4002.331906	4.510758	566.961624	0.046283	3435.370282	4.510995	6554.713077	24.853335	2783.950633	7.107876	13772.257881	53.148926
G751	3455.762192	2.445753	529.326555	0.048338	2926.435637	2.446230	5583.661838	20.402378	2371.520877	5.558238	11731.959865	43.688568
G752	3604.015104	2.305837	683.373702	0.054813	2920.641402	2.306488	5572.606392	20.304646	2366.825353	5.509190	11708.731014	43.483865
G753	2712.805992	2.641044	408.583896	0.039506	2304.222096	2.641340	4396.473587	16.430444	1867.292325	4.615049	9237.531420	35.154426
G754	4516.316709	4.401693	326.473384	0.034461	4189.843325	4.401828	7994.253481	29.650278	3395.359457	8.246002	16796.909218	63.456736
G755	3922.831040	3.779874	426.745486	0.033629	3496.085555	3.780024	6670.558288	24.799392	2833.152992	6.918593	14015.662907	53.070467
G756	4034.728786	3.032711	389.474683	0.030878	3645.254102	3.032868	6955.173031	25.407604	2954.035994	6.919400	14613.673468	54.406987
G757	4306.464325	3.652807	488.310558	0.037981	3818.153768	3.653004	7285.066930	26.834290	3094.150186	7.393502	15306.821101	57.444449
G758	4452.806643	3.888034	457.220449	0.063301	3995.586194	3.888549	7623.609373	28.114164	3237.937631	7.758584	16018.140387	60.181712
G759	2139.778229	2.142492	452.843892	0.047819	1686.934337	2.143026	3218.683767	12.157248	1367.055522	3.460629	6762.850235	26.001794
G760	1942.073259	1.832107	549.346166	0.036400	1392.727093	1.832469	2657.334069	10.078175	1128.636262	2.883123	5583.385519	21.552024
G761	4126.973546	3.423831	497.628848	0.036977	3629.344698	3.424030	6924.817764	25.483528	2941.143352	7.012301	14549.893320	54.554726
G762	3548.522092	4.282503	253.843927	0.031921	3294.678165	4.282622	6286.271430	23.806791	2669.936749	6.798663	13208.228983	50.913017
G763	3856.010702	3.644265	384.482950	0.044894	3471.527752	3.644541	6623.701811	24.565552	2813.251874	6.831369	13917.211690	52.574650
G764	1994.607846	2.014003	429.944498	0.045634	1564.663348	2.014520	2985.389774	11.293392	1267.969727	3.220762	6272.670880	24.152896
G765	3549.458027	3.472617	391.943010	0.037627	3157.515017	3.472821	6024.563083	22.430672	2558.782666	6.269844	12658.347576	47.998895
G766	5008.702571	3.296780	645.359644	0.045002	4363.342926	3.297087	8325.292063	30.274240	3535.959825	8.190443	17492.461969	64.839302
G767	4509.371697	3.599394	628.664837	0.047693	3880.706860	3.599710	7404.418715	27.218645	3144.841875	7.478391	15557.593870	58.271582
G768	2489.563911	2.241717	423.451435	0.039495	2066.112476	2.242065	3942.158590	14.660446	1674.333380	4.091671	8282.959767	31.372868
G769	3514.705280	2.505496	482.046626	0.036165	3032.658654	2.505757	5786.336176	21.130234	2457.601739	5.751573	12157.803563	45.248173
G770	3003.732160	2.415444	571.783952	0.038211	2431.948208	2.415746	4640.175997	17.136813	1970.798836	4.738578	9749.580141	36.681440
G771	3596.853883	2.511476	452.488825	0.059267	3144.365058	2.512175	5999.472858	21.872062	2548.126220	5.939215	12605.629930	46.839633
G772	2951.391376	2.848854	450.402653	0.033254	2500.988722	2.849048	4771.905832	17.823089	2026.747793	5.002455	10026.360716	38.134912
G773	3730.925848	2.847803	439.955435	0.037432	3290.970412	2.848049	6279.197009	22.986915	2666.932066	6.279101	13193.364755	49.219527
G774	3863.256568	3.636997	432.541142	0.035812	3430.715426	3.637173	6545.831576	24.296000	2780.178437	6.763537	13753.596755	51.996273
G775	650.666318	0.092938	574.926102	0.032323	75.740216	0.098398	144.512918	0.547251	61.378252	0.156270	303.639405	1.170349
G776	3862.717090	2.353277	594.557967	0.046753	3268.159123	2.353742	6235.672893	22.630636	2648.446284	6.104705	13101.915237	48.472367
G777	2175.165588	2.460777	403.674682	0.040448	1771.490906	2.461109	3380.018354	12.907365	1435.578358	3.722694	7101.834034	27.595683
G778	2793.327434	2.044767	430.267919	0.037834	2363.059516	2.045117	4508.735839	16.505644	1914.972912	4.508695	9473.408212	35.341843
G779	2681.844822	2.738848	445.093965	0.034976	2236.750856	2.739071	4267.737940	16.054943	1812.615075	4.547453	8967.042002	34.342982
G780	2410.969477	2.176815	415.032263	0.040921	1995.937215	2.177200	3808.263648	14.168804	1617.464848	3.956768	8001.630036	30.320286
G781	4743.116334	3.385675	567.907487	0.042246	4175.208847	3.385939	7966.330784	29.063695	3383.499989	7.900349	16738.240198	62.239027
G782	3321.510163	3.027769	510.943467	0.037889	2810.566696	3.028006	5362.583001	19.930686	2277.623164	5.558105	11267.446055	42.651943
G783	4191.015217	4.134135	403.582158	0.043618	3787.433059	4.134366	7226.451580	26.887979	3069.254781	7.509323	15183.663045	57.538336
G784	2983.547479	2.374000	464.599181	0.037110	2518.948298	2.374290	4806.172842	17.685798	2041.301849	4.866198	10098.359915	37.861554
G785	3980.762793	3.199782	268.473059	0.056568	3712.289734	3.200282	7083.077535	25.924190	3008.360236	7.079287	14882.416552	55.509256
G786	3800.964727	2.992378	419.390129	0.054415	3381.574598	2.992873	6452.070496	23.650048	2740.355760	6.471948	13556.593200	50.637023
G787	4540.082871	3.191666	378.009802	0.035642	4162.073069	3.191865	7941.267618	28.896479	3372.855035	7.825110	16685.579405	61.887004
G788	2732.330220	2.131269	357.149458	0.035172	2375.180762	2.131559	4531.863270	16.625166	1924.795711	4.554807	9522.001786	35.594997
G789	4042.395605	3.144684	437.208164	0.030656	3605.187441	3.144834	6878.725532	25.192926	2921.566828	6.886050	14453.047875	53.942139
G790	2307.731554	2.717653	338.426165	0.061974	1969.305389	2.718359	3757.449919	14.336510	1595.882986	4.130779	7894.864146	30.652055
G791	2724.939193	2.239613	405.131108	0.035446	2319.808085	2.239893	4426.211774	16.313963	1879.922877	4.498747	9300.015007	34.922676
G792	2815.060593	2.209306	502.404834	0.029014	2312.655759	2.209497	4412.565082	16.251981	1874.126786	4.477230	9271.341629	34.790909
G793	3706.566606	3.234581	312.640192	0.043348	3393.926414	3.234871	6475.637857	23.846724	2750.365408	6.568055	13606.111122	51.049410
G794	2741.287742	2.590100	285.081423	0.045214	2456.206318	2.590494	4686.460659	17.387266	1990.457090	4.837560	9846.829904	37.211345
G795	4242.292753	3.312189	362.161274	0.036020	3880.131479	3.312385	7403.320883	27.081707	3144.375598	7.389725	15555.287191	57.988908
G796	4067.282319	3.196380	371.706634	0.049297	3695.575686	3.196760	7051.187001	25.812370	2994.815529	7.050650	14815.410621	55.269437
G797	3078.458635	2.522363	526.981109	0.050906	2551.477526	2.522877	4868.238860	17.973139	2067.662840	4.967601	10228.768249	38.472065
G798	3319.030717	2.899466	402.204872	0.036489	2916.825845	2.899695	5565.326280	20.554703	2363.733307	5.684119	11693.434604	43.997360
G799	3383.013957	2.602757	234.787701	0.036388	3148.226256	2.603012	6006.840054	21.936221	2551.255253	5.971258	12621.109314	46.974048
G800	3082.993308	2.540073	572.709644	0.037605	2510.283664	2.540351	4789.640654	17.713028	2034.280215	4.907000	10063.623756	37.912944
G801	4410.000877	3.987725	504.368856	0.031752	3905.632021	3.987851	7451.976114	27.577445	3165.040692	7.646662	15657.517811	59.025284
G802	3240.672156	3.377506	300.045129	0.033143	2940.627027	3.377669	5610.739119	20.972373	2383.021276	5.892247	11788.852561	44.871992
G803	4032.593967	3.530743	304.681698	0.038187	3727.912270	3.530949	7112.885453	26.182448	3021.020405	7.207218	14945.046653	56.050426
G804	4285.531464	3.807591	374.261117	0.032922	3911.270347	3.807733	7462.734084	27.521517	3169.609872	7.595269	15680.121630	58.913032
G805	5073.373432	3.963593	567.962235	0.037526	4505.411198	3.963770	8596.359424	31.499019	3651.088915	8.615647	18062.007814	67.443288
G806	2691.296592	2.360913	539.576336	0.039540	2151.720256	2.361244	4105.498897	15.282597	1743.708095	4.270706	8626.157830	32.703120
G807	3675.595379	3.100185	542.654265	0.044617	3132.941114	3.100506	5977.675885	22.070461	2538.868500	6.100577	12559.831810	47.242404
G808	3559.205565	3.067760	555.189392	0.034529	3004.016173	3.067955	5731.686100	21.211555	2434.390484	5.881669	12042.977035	45.400046
G809	2023.991013	3.247429	456.516509	0.063652	1567.474504	3.248052	2990.753481	12.311732	1270.247827	3.829376	6283.940686	26.259409
G810	2968.953376	3.240027	423.152685	0.038594	2545.800690	3.240257	4857.407414	18.350803	2063.062454	5.225039	10206.010050	39.248209
G811	2783.296704	3.042096	410.530413	0.037015	2372.766292	3.042321	4527.256443	17.117907	1922.839076	4.879008	9512.322276	36.610251
G812	5206.073576	3.844875	524.779290	0.032840	4681.294286	3.845015	8931.945716	32.607328	3793.620809	8.871739	18767.115864	69.825950
G813	2858.504340	2.733236	462.784910	0.036911	2395.719430	2.733485	4571.051209	17.075433	1941.439809	4.793527	9604.340463	36.535007
G814	2237.037962	1.853456	416.351800	0.037608	1820.686162	1.853837	3473.883283	12.853039	1475.445142	3.562869	7299.055788	27.510167
G815	3642.341656	2.644993	462.043594	0.035475	3180.298062	2.645231	6068.033308	22.166493	2577.245558	6.036595	12749.683862	47.466608
G816	1935.421865	2.004919	538.163453	0.037820	1397.258412	2.005276	2665.979860	10.225765	1132.308345	2.964411	5601.551388	21.859187
G817	4949.565666	3.712951	403.291945	0.032444	4546.273721	3.713093	8674.325435	31.657848	3684.203030	8.609886	18225.823987	67.793435
G818	3019.909398	3.262049	443.131343	0.033173	2576.778056	3.262217	4916.512467	18.562895	2088.165848	5.281518	10330.197030	39.702661
G819	2795.531198	2.352392	389.311130	0.064909	2406.220069	2.353288	4591.086508	16.936717	1949.949302	4.676173	9646.437090	36.254601
G820	4002.624936	3.531261	520.054623	0.035089	3482.570313	3.531435	6644.771101	24.577401	2822.200528	6.810019	13961.480859	52.605147
G821	2677.171967	2.862648	589.872538	0.032234	2087.299429	2.862829	3982.583460	15.182835	1691.502833	4.370345	8367.897388	32.462461
G822	3196.423286	4.007066	420.704329	0.033837	2775.718957	4.007209	5296.093245	20.330875	2249.383301	5.899461	11127.742904	43.459228
G823	2737.193350	2.885201	304.966110	0.048060	2432.227241	2.885601	4640.708394	17.401174	1971.024958	4.908583	9750.698771	37.226978
G824	2347.996922	3.221678	406.874169	0.041745	1941.122753	3.221949	3703.677231	14.537871	1573.044380	4.322139	7781.881118	31.053217
G825	1284.263173	1.526298	356.838045	0.041971	927.425128	1.526875	1769.534320	6.935818	751.565497	2.058918	3718.009118	14.815759
G826	3392.532389	3.383092	556.795114	0.037250	2835.737275	3.383297	5410.608660	20.299535	2298.020863	5.730263	11368.353867	43.426681
G827	3734.576071	2.721013	393.139241	0.041084	3341.436830	2.721323	6375.487324	23.264700	2707.828971	6.325936	13395.682543	49.820262
G828	2283.163289	2.356165	435.376215	0.030693	1847.787074	2.356364	3525.592034	13.322250	1497.407142	3.794272	7407.702230	28.493057
G829	4876.956382	4.931599	562.661230	0.039028	4314.295152	4.931754	8231.708530	30.755401	3496.212557	8.635797	17295.831464	65.804586
G830	5039.165819	3.864309	504.953972	0.035502	4534.211846	3.864472	8651.311284	31.644120	3674.428345	8.633574	18177.468428	67.758430
G831	2735.593065	2.751635	516.536156	0.036953	2219.056909	2.751883	4233.977751	15.949476	1798.276278	4.525185	8896.107694	34.115759
G832	2260.602559	2.237917	360.547971	0.030907	1900.054587	2.238130	3625.318853	13.584099	1539.763617	3.828384	7617.240535	29.061703
G833	2930.543769	3.276955	433.374526	0.032724	2497.169244	3.277118	4764.618238	18.064609	2023.652569	5.165911	10011.048584	38.631310
G834	4201.047306	3.724617	424.101785	0.032916	3776.945521	3.724762	7206.441276	26.600565	3060.755904	7.350246	15141.618937	56.939733
G835	2576.479888	2.186404	459.275831	0.035978	2117.204057	2.186700	4039.641721	14.962649	1715.736904	4.153756	8487.783808	32.024226
G836	3312.738994	2.845780	482.773272	0.032369	2829.965722	2.845965	5399.596494	19.959447	2293.343720	5.525832	11345.215951	42.721900
G837	4699.810247	2.878273	553.045705	0.035886	4146.764543	2.878496	7912.058831	28.674422	3360.449333	7.718978	16624.208154	61.420749
G838	2707.969084	2.789343	505.248254	0.035679	2202.720830	2.789571	4202.808386	15.868801	1785.037869	4.515199	8830.617028	33.940441
G839	2156.066598	2.511361	554.602151	0.033684	1601.464448	2.511587	3055.606557	11.878467	1297.792551	3.495372	6420.204971	25.380708
G840	2743.008683	2.530087	490.897539	0.049618	2252.111144	2.530574	4297.045488	16.029264	1825.062724	4.491647	9028.620762	34.298325
G841	2711.646831	2.419998	298.194033	0.035337	2413.452798	2.420256	4604.886612	17.018279	1955.810551	4.710232	9675.432804	36.426798
G842	4000.032826	3.550775	469.673502	0.039884	3530.359323	3.550999	6735.952904	24.899602	2860.927721	6.893661	14153.065034	53.295954
G843	3022.113517	2.552278	383.153412	0.035350	2638.960106	2.552522	5035.156300	18.560624	2138.556852	5.119134	10579.482307	39.731843
G844	3169.653912	2.472227	555.006626	0.035100	2614.647285	2.472476	4988.767250	18.361618	2118.854262	5.053634	10482.013212	39.308035
G845	2872.850389	2.538390	479.104299	0.040119	2393.746090	2.538707	4567.286060	16.952777	1939.840656	4.719508	9596.429422	36.280880
G846	3767.666224	2.745481	601.923301	0.039024	3165.742923	2.745758	6040.261991	22.114967	2565.450385	6.041983	12691.332911	47.352296
G847	1656.688838	1.993386	479.593963	0.034435	1177.094875	1.993684	2245.906129	8.848210	953.892522	2.640598	4718.924844	18.897730
G848	1757.251724	1.532055	443.170738	0.031708	1314.080986	1.532383	2507.276689	9.385524	1064.903138	2.641785	5268.096518	20.080011
G849	4792.569917	5.958916	355.191628	0.029731	4437.378290	5.958990	8466.552109	32.190666	3595.956500	9.236636	17789.266689	68.833295
G850	3394.854958	3.725001	401.253348	0.032190	2993.601610	3.725140	5711.815034	21.524528	2425.950746	6.109758	12001.225483	46.040134
G851	3258.608627	3.197305	526.197689	0.027112	2732.410938	3.197420	5213.461210	19.522223	2214.287409	5.497377	10954.122841	41.766633
G852	3174.862795	3.244319	531.376640	0.035400	2643.486155	3.244512	5043.792037	18.978984	2142.224666	5.377287	10597.627053	40.597428
G853	3185.753226	3.465914	334.867151	0.040631	2850.886075	3.466152	5439.512689	20.447619	2310.297127	5.786177	11429.084784	43.740480
G854	3995.633466	3.292054	357.808245	0.040200	3637.825221	3.292299	6940.998668	25.476028	2948.015787	6.984653	14583.891388	54.543947
G855	3656.641551	2.819843	369.197296	0.037204	3287.444255	2.820089	6272.469074	22.951097	2664.074543	6.264982	13179.228537	49.143722
G856	3463.937686	3.003260	304.235271	0.040989	3159.702414	3.003540	6028.736653	22.197010	2560.555286	6.112164	12667.116761	47.518130
G857	4364.324968	3.215195	459.511714	0.038902	3904.813254	3.215430	7450.413901	27.202304	3164.377181	7.402525	15654.235411	58.251249
G858	5393.495625	4.143674	474.359470	0.036069	4919.136155	4.143831	9385.749843	34.308957	3986.362775	9.352261	19720.614116	73.466265
G859	4325.029470	4.452780	423.314538	0.038620	3901.714932	4.452947	7444.502278	27.810045	3161.866367	7.807258	15641.814364	59.502990
G860	3712.909035	3.420094	476.282225	0.034936	3236.626810	3.420272	6175.508995	22.915425	2622.893172	6.376972	12975.503491	49.042150
G861	4145.096061	3.762112	538.666748	0.032597	3606.429313	3.762253	6881.095032	25.507277	2922.573214	7.088475	14458.026486	54.591107
G862	4321.181869	3.085008	402.051978	0.035969	3919.129891	3.085218	7477.730154	27.242211	3175.979077	7.389944	15711.630216	58.341487
G863	4378.352386	4.020639	370.602823	0.032213	4007.749562	4.020768	7646.817173	28.261233	3247.794565	7.822332	16066.902827	60.491724
G864	5483.838253	4.551609	340.259659	0.033596	5143.578593	4.551733	9813.987752	35.972867	4168.246129	9.844038	20620.394603	77.021384
G865	2019.714646	2.682520	404.537617	0.040521	1615.177029	2.682826	3081.770268	12.098258	1308.904934	3.597310	6475.178144	25.842043
G866	2817.870799	3.343788	435.166120	0.039246	2382.704680	3.344018	4546.218964	17.384302	1930.892933	5.021836	9552.164864	37.165564
G867	3622.311870	3.174441	447.893451	0.042093	3174.418418	3.174720	6056.814903	22.379699	2572.480821	6.192461	12726.112614	47.903006
G868	2705.800450	2.922963	480.434934	0.037287	2225.365515	2.923201	4246.014621	16.100208	1803.388638	4.604787	8921.398639	34.430287
G869	4272.681308	3.558821	522.345499	0.036964	3750.335809	3.559013	7155.669741	26.343290	3039.191963	7.252767	15034.941700	56.394487
G870	2089.602794	3.306199	573.932603	0.039268	1515.670190	3.306433	2891.910450	12.067097	1228.266719	3.796384	6076.259329	25.727471
G871	5262.621865	3.984389	514.522728	0.030019	4748.099137	3.984502	9059.409890	33.109352	3847.758032	9.022656	19034.933761	70.898065
G872	4327.351447	4.806075	424.920402	0.034936	3902.431044	4.806202	7445.868626	28.027905	3162.446689	7.944738	15644.685228	59.952954
G873	3489.873369	3.493106	436.404805	0.034566	3053.468564	3.493277	5826.041646	21.768956	2474.465645	6.113088	12241.229634	46.576967
G874	4003.805315	3.362749	369.661344	0.032050	3634.143971	3.362901	6933.974814	25.485398	2945.032581	7.000690	14569.133408	54.561233
G875	3675.632823	3.280714	337.923438	0.035098	3337.709385	3.280902	6368.375331	23.501637	2704.808330	6.491903	13380.739371	50.306758
G876	2066.793643	2.236522	535.716431	0.034039	1531.077212	2.236781	2921.307166	11.233495	1240.752240	3.265956	6138.025444	24.011315
G877	2635.795959	2.566229	289.778831	0.030942	2346.017127	2.566415	4476.218830	16.658072	1901.162125	4.653426	9405.085979	35.646836
G878	3101.976424	2.879855	393.648034	0.031955	2708.328390	2.880032	5167.511522	19.184882	2194.771426	5.342459	10857.576899	41.057517
G879	3886.592923	3.109226	320.166188	0.027461	3566.426735	3.109347	6804.769805	24.921306	2890.155981	6.811513	14297.657802	53.360618
G880	3390.025467	2.809051	526.094749	0.034638	2863.930717	2.809264	5464.401967	20.162637	2320.868226	5.568431	11481.380217	43.159650
G881	3737.604057	2.804815	481.988599	0.035061	3255.615458	2.805034	6211.739484	22.734376	2638.281167	6.207953	13051.628202	48.679236
G882	3731.411771	2.835928	458.590046	0.036965	3272.821725	2.836169	6244.569172	22.861876	2652.224757	6.245614	13120.607414	48.951657
G883	2368.338824	2.321539	280.007508	0.042837	2088.331316	2.321934	3984.552308	14.849495	1692.339053	4.155934	8372.034181	31.775014
G884	3874.971118	3.594057	347.115996	0.031404	3527.855122	3.594194	6731.174867	24.905815	2858.898370	6.904317	14143.025792	53.307394
G885	4580.940095	3.628873	291.753466	0.030539	4289.186630	3.629002	8183.801275	29.922294	3475.865148	8.159217	17195.172433	64.072485
G886	2645.969872	2.904021	451.920710	0.060608	2194.049162	2.904653	4186.262776	15.888621	1778.010535	4.549430	8795.852669	33.976698
G887	3978.044022	3.345369	416.998223	0.036437	3561.045799	3.345567	6794.502937	24.997117	2885.795385	6.875849	14276.085852	53.513965
G888	4421.488338	3.689034	358.053332	0.030854	4063.435006	3.689163	7753.065431	28.462116	3292.920858	7.805447	16290.143477	60.936699
G889	4219.845524	3.479530	461.618999	0.037635	3758.226525	3.479733	7170.725287	26.356526	3045.586430	7.240353	15066.575254	56.426139
G890	3824.356572	3.471704	583.397267	0.040448	3240.959304	3.471940	6183.775428	22.971848	2626.404133	6.402186	12992.872284	49.160912
G891	3332.391337	3.229356	287.639976	0.039464	3044.751361	3.229597	5809.409154	21.563520	2467.401410	6.003193	12206.282725	46.148378
G892	5130.430094	4.417198	274.431109	0.030681	4855.998985	4.417304	9265.283634	34.017640	3935.197762	9.330547	19467.499804	72.830621
G893	4465.525681	3.280376	340.501564	0.030264	4125.024118	3.280516	7870.577932	28.687160	3342.831357	7.787327	16537.051687	61.434864
G894	3738.710561	3.469992	393.088045	0.024878	3345.622517	3.470081	6383.473647	23.651900	2711.220963	6.568869	13412.462790	50.621032
G895	4138.506215	3.040750	502.880082	0.037630	3635.626133	3.040983	6936.802791	25.347522	2946.233693	6.905777	14575.075336	54.277769
G896	1474.031459	1.891179	541.844820	0.043124	932.186639	1.891671	1778.619320	7.283776	755.424124	2.255214	3737.097820	15.537804
G897	3460.325666	3.441234	440.865445	0.029061	3019.460221	3.441357	5761.153464	21.518913	2446.906011	6.040126	12104.891588	46.042552
G898	2719.504572	3.556340	386.091809	0.038447	2333.412763	3.556548	4452.169605	17.229198	1890.947818	5.044802	9354.555602	36.819148
G899	3493.129504	2.984165	459.146473	0.031021	3033.983032	2.984326	5788.863098	21.364031	2458.674986	5.901807	12163.112937	45.730999
G900	481.085258	0.087100	479.138862	0.026584	1.946397	0.091066	3.713740	0.174257	1.577318	0.073879	7.803024	0.366177

# W module
# module name	LMS_Mean	LMS_Err	Pedestal_Mean	Pedestal_Err	module signal(LMS-Pedestal)	signal error	gain1(RefPMT1)	gain1 error	gain2(RefPMT2)	gain2 error	gain3(RefPMT3)	gain3 error
W1	4425.190195	3.262923	395.791862	0.032906	4029.398333	3.263089	7688.123195	28.046755	3265.338266	7.623151	16153.691857	60.061437
W2	2199.271166	1.392737	475.113706	0.033535	1724.157460	1.393141	3289.705773	11.999734	1397.220345	3.261029	6912.076200	25.697241
W3	2178.077016	1.096230	587.837960	0.035225	1590.239055	1.096795	3034.188421	10.993751	1288.695733	2.958416	6375.202835	23.548875
W4	2339.230869	1.124716	564.532219	0.036921	1774.698650	1.125322	3386.138754	12.234520	1438.177845	3.278436	7114.693747	26.209428
W5	2756.388169	1.587177	568.960845	0.034412	2187.427324	1.587550	4173.628258	15.151640	1772.644339	4.089058	8769.305992	32.452795
W6	919.429444	0.874312	525.262769	0.674806	394.166675	1.104438	752.073066	3.405448	319.424247	1.135883	1580.197956	7.244756
W7	3177.772481	1.646614	595.486931	0.029030	2582.285550	1.646870	4927.020809	17.805087	2092.629004	4.772446	10352.276349	38.142728
W8	1608.620518	1.086900	385.135261	0.029242	1223.485256	1.087293	2334.419336	8.558859	991.486295	2.342963	4904.901971	18.325177
W9	1176.410438	0.850739	441.985593	0.027439	734.424845	0.851181	1401.288286	5.242350	595.162193	1.474468	2944.278936	11.216067
W10	1463.512016	1.013432	441.688211	0.041043	1021.823805	1.014263	1949.647725	7.199933	828.064166	1.990741	4096.449521	15.411525
W11	2761.755074	1.497562	550.663874	0.036521	2211.091200	1.498007	4218.779117	15.276148	1791.821038	4.106905	8864.173497	32.722661
W12	1506.561684	0.929347	384.463753	0.040352	1122.097931	0.930222	2140.971534	7.819618	909.324174	2.128992	4498.444362	16.744782
W13	2292.979626	1.296053	579.931346	0.040257	1713.048280	1.296678	3268.509373	11.886555	1388.217704	3.216161	6867.539957	25.457741
W14	2456.158304	1.408216	512.554913	0.034812	1943.603391	1.408647	3708.410308	13.462004	1575.054636	3.632771	7791.825894	28.833881
W15	3601.085048	2.781495	521.607102	0.039583	3079.477946	2.781777	5875.667746	21.563423	2495.543092	5.911011	12345.500172	46.167286
W16	3286.076650	2.190269	545.476780	0.035496	2740.599870	2.190556	5229.085756	19.063894	2220.923544	5.176835	10986.951934	40.825831
W17	3695.110649	2.225568	295.134676	0.032925	3399.975972	2.225811	6487.180461	23.462730	2755.267841	6.296837	13630.363553	50.261147
W18	628.017836	0.499724	377.469534	0.042108	250.548302	0.501495	478.048099	1.951169	203.038988	0.602337	1004.437817	4.162665
W19	2238.138950	1.717580	344.963736	0.042728	1893.175214	1.718112	3612.192956	13.260321	1534.188720	3.636384	7589.661412	28.390051
W20	2136.990949	1.701317	257.042977	0.033181	1879.947971	1.701641	3586.955274	13.165570	1523.469645	3.609593	7536.633940	28.187356
W21	2216.968490	1.631437	499.524761	0.036544	1717.443729	1.631847	3276.895923	12.064744	1391.779681	3.322012	6885.161130	25.827564
W22	3159.334124	2.177333	504.036410	0.037790	2655.297713	2.177661	5066.328581	18.493937	2151.796500	5.031243	10644.979103	39.603380
W23	2285.681225	1.478015	468.213756	0.036532	1817.467468	1.478466	3467.741991	12.653360	1472.836781	3.440307	7286.152179	27.096634
W24	1800.513896	1.161351	361.048498	0.037916	1439.465398	1.161970	2746.511117	10.017864	1166.511985	2.722251	5770.757457	21.453135
W25	2320.244166	1.348927	312.978343	0.032621	2007.265823	1.349321	3829.878720	13.864177	1626.645310	3.725789	8047.045960	29.698416
W26	2982.653720	1.931132	621.684058	0.031152	2360.969662	1.931383	4504.748382	16.441870	1913.279339	4.472163	9465.030073	35.209200
W27	1940.790806	1.111010	643.691683	0.037360	1297.099124	1.111638	2474.875164	9.055146	1051.141399	2.471608	5200.016930	19.389246
W28	2109.917029	1.297915	558.653568	0.040612	1551.263461	1.298550	2959.822685	10.815823	1257.110745	2.946877	6218.951283	23.160366
W29	2488.188621	1.819408	670.586918	0.029782	1817.601703	1.819652	3467.998112	12.815090	1472.945562	3.546298	7286.690319	27.430201
W30	3050.250068	1.700806	510.184204	0.025188	2540.065864	1.700993	4846.465321	17.541931	2058.415073	4.713206	10183.019367	37.576709
W31	2724.230315	1.788835	487.835992	0.025037	2236.394323	1.789010	4267.057671	15.557201	1812.326148	4.224827	8965.612673	33.316107
W32	3849.926231	2.162447	575.296931	0.032424	3274.629300	2.162690	6248.018041	22.604299	2653.689577	6.069106	13127.853910	48.421709
W33	2612.134370	1.633530	466.575050	0.033210	2145.559320	1.633868	4093.743783	14.891581	1738.715404	4.030781	8601.458892	31.893370
W34	3645.689324	2.110788	397.749889	0.034522	3247.939435	2.111070	6197.093571	22.408313	2632.060681	6.011743	13020.855340	48.002835
W35	3065.926704	1.924363	455.238048	0.036072	2610.688657	1.924701	4981.214156	18.094958	2115.646274	4.887974	10466.143232	38.756061
W36	2252.883702	1.614628	536.175892	0.029245	1716.707810	1.614893	3275.491784	12.051608	1391.183308	3.315367	6882.210862	25.800069
W37	2713.999707	1.723195	533.091822	0.037929	2180.907885	1.723612	4161.189118	15.162471	1767.361125	4.114194	8743.169829	32.471483
W38	1578.745415	0.820970	461.315312	0.027027	1117.430104	0.821415	2132.065284	7.744098	905.541467	2.091537	4479.731234	16.586505
W39	2425.349334	1.330756	439.765072	0.024127	1985.584261	1.330975	3788.510133	13.713088	1609.075036	3.684649	7960.125473	29.374878
W40	2695.354815	1.420191	621.115635	0.031640	2074.239180	1.420543	3957.664403	14.336129	1680.919087	3.856387	8315.539387	30.708624
W41	1774.558677	1.095624	459.959974	0.028332	1314.598703	1.095990	2508.264496	9.163792	1065.322684	2.496008	5270.172021	19.622959
W42	1778.980329	0.989790	534.938360	0.027517	1244.041969	0.990173	2373.641702	8.651935	1008.145016	2.348762	4987.312985	18.528487
W43	3530.013058	1.841965	556.397987	0.023018	2973.615070	1.842109	5673.680561	20.485298	2409.754081	5.483530	11921.100268	43.885846
W44	2714.015868	1.695793	286.676576	0.031496	2427.339292	1.696086	4631.382149	16.788868	1967.063869	4.521097	9731.103186	35.961505
W45	2206.264764	1.159292	512.397632	0.040333	1693.867132	1.159993	3231.911593	11.707164	1372.673711	3.149193	6790.643523	25.077266
W46	2758.740877	1.492894	577.699314	0.041837	2181.041563	1.493480	4161.444177	15.074220	1767.469455	4.054902	8743.705740	32.289654
W47	2278.779871	1.266040	513.627602	0.037756	1765.152269	1.266603	3367.924187	12.221178	1430.441662	3.296008	7076.422701	26.176579
W48	1176.985827	0.774169	519.064966	0.036673	657.920860	0.775037	1255.318092	4.703719	533.165000	1.325652	2637.577614	10.063092
W49	1792.557543	1.329211	313.847618	0.036653	1478.709925	1.329716	2821.389977	10.351536	1198.314910	2.836497	5928.087147	22.162861
W50	3942.731822	2.388527	454.751078	0.029849	3487.980744	2.388713	6655.094246	24.107210	2826.585026	6.484781	13983.171055	51.638713
W51	2627.321959	1.625484	512.091441	0.029314	2115.230518	1.625749	4035.876195	14.687088	1714.137591	3.977807	8479.871975	31.454923
W52	3556.008852	3.151552	229.785671	0.058146	3326.223181	3.152088	6346.459564	23.362031	2695.500155	6.431144	13334.691650	50.012519
W53	886.022245	0.682709	303.648111	0.030824	582.374134	0.683405	1111.174353	4.162028	471.943548	1.172421	2334.713902	8.904323
W54	2133.097243	1.695099	268.462681	0.032678	1864.634562	1.695414	3557.737171	13.061927	1511.059986	3.582559	7475.243114	27.965174
W55	1369.304701	0.817757	423.280956	0.032701	946.023745	0.818411	1805.020625	6.607697	766.637418	1.804907	3792.570207	14.148396
W56	2702.080473	1.665107	513.905789	0.035861	2188.174685	1.665493	4175.054228	15.187029	1773.249984	4.110621	8772.302131	32.526159
W57	2345.829106	1.282634	512.854133	0.037269	1832.974973	1.283176	3497.330431	12.678787	1485.403732	3.414641	7348.321127	27.157701
W58	3096.040276	1.827446	474.812334	0.034534	2621.227941	1.827772	5001.323193	18.128520	2124.187085	4.881295	10508.394790	38.831131
W59	1848.104049	1.146438	436.913410	0.031241	1411.190639	1.146863	2692.562657	9.824357	1143.598724	2.670949	5657.405113	21.038480
W60	3980.422286	2.330881	530.884461	0.026224	3449.537825	2.331029	6581.744859	23.830272	2795.431706	6.405769	13829.054976	51.046412
W61	1901.584793	1.196043	527.196407	0.020985	1374.388387	1.196227	2622.343676	9.602970	1113.774966	2.624338	5509.866401	20.561612
W62	3377.021357	2.309284	704.922037	0.030763	2672.099319	2.309489	5098.386176	18.662853	2165.412162	5.097421	10712.336049	39.960964
W63	2596.593059	1.462615	656.318621	0.029943	1940.274437	1.462921	3702.058638	13.460958	1572.356923	3.641245	7778.480256	28.829865
W64	2085.958102	1.130820	609.439435	0.031062	1476.518667	1.131247	2817.209041	10.250751	1196.539162	2.775711	5919.302486	21.953861
W65	3035.875233	1.692923	625.926759	0.022083	2409.948474	1.693067	4598.200334	16.671951	1952.970722	4.490960	9661.384113	35.710797
W66	3013.570519	1.956466	450.378076	0.034888	2563.192443	1.956777	4890.591013	17.792178	2077.156358	4.816672	10275.732870	38.105434
W67	3242.421632	2.100013	409.939708	0.030506	2832.481924	2.100235	5404.397426	19.636897	2295.382796	5.306352	11355.303300	42.058235
W68	2731.446291	1.462648	511.172383	0.032802	2220.273908	1.463016	4236.299795	15.325073	1799.262509	4.114213	8900.986596	32.828638
W69	2524.545914	1.705337	523.127317	0.035424	2001.418597	1.705705	3818.722168	13.967797	1621.906843	3.810867	8023.604672	29.908752
W70	2242.392787	1.515569	577.415293	0.033941	1664.977494	1.515949	3176.789941	11.664292	1349.262166	3.199598	6674.826157	24.972805
W71	2383.898250	1.277637	630.505243	0.031621	1753.393007	1.278028	3345.487423	12.147313	1420.912208	3.279099	7029.280304	26.017757
W72	1450.239253	0.925650	346.031136	0.024740	1104.208118	0.925980	2106.837632	7.699559	894.826652	2.098102	4426.724837	16.487323
W73	2153.327214	1.353647	332.820560	0.025535	1820.506654	1.353887	3473.540781	12.622688	1475.299672	3.411569	7298.336148	27.035101
W74	2404.045725	1.411101	353.028400	0.023035	2051.017324	1.411289	3913.356923	14.178035	1662.100591	3.814825	8222.443926	30.369785
W75	3037.610082	1.626711	453.925172	0.025802	2583.684910	1.626915	4929.690798	17.807760	2093.763015	4.770335	10357.886323	38.149021
W76	2758.716096	1.565594	558.711188	0.036212	2200.004907	1.566012	4197.626385	15.227171	1782.836944	4.104819	8819.729007	32.615510
W77	2024.961067	1.107841	638.818433	0.036495	1386.142633	1.108442	2644.770869	9.642360	1123.300356	2.618483	5556.988690	20.649351
W78	2700.478656	1.590398	302.991936	0.040127	2397.486720	1.590904	4574.423211	16.552132	1942.871983	4.445197	9611.425455	35.456870
W79	2577.474234	1.428978	516.326171	0.036885	2061.148063	1.429454	3932.686452	14.252137	1670.310326	3.836397	8263.057641	30.528184
W80	2551.203194	1.418892	432.056180	0.031885	2119.147014	1.419250	4043.348898	14.635072	1717.311435	3.932204	8495.573044	31.349902
W81	1815.352475	1.084565	543.285846	0.033999	1272.066628	1.085097	2427.112969	8.878124	1030.855600	2.422409	5099.662688	19.010379
W82	639.431583	0.456398	361.531317	0.040582	277.900266	0.458199	530.235857	2.078840	225.204434	0.617278	1114.090712	4.440619
W83	1785.012367	1.028153	540.702824	0.038500	1244.309543	1.028874	2374.152235	8.670128	1008.361852	2.360105	4988.385676	18.566141
W84	1239.346080	0.732960	365.279016	0.039873	874.067064	0.734044	1667.726721	6.095266	708.325262	1.661119	3504.098838	13.051961
W85	1378.153656	0.833407	484.443115	0.032920	893.710541	0.834057	1705.206627	6.270783	724.243916	1.723845	3582.848727	13.424738
W86	772.346235	0.573511	370.881796	0.041924	401.464439	0.575041	765.997256	2.937298	325.338199	0.851246	1609.454392	6.278995
W87	1796.431885	1.417301	357.830205	0.042050	1438.601680	1.417925	2744.863135	10.131488	1165.812046	2.799371	5767.294846	21.686947
W88	1731.264844	1.272410	343.314430	0.033211	1387.950414	1.272843	2648.220128	9.727862	1124.765343	2.670081	5564.236008	20.826640
W89	2238.567230	1.244102	347.282555	0.036310	1891.284675	1.244631	3608.585793	13.053723	1532.656667	3.504215	7582.082318	27.963106
W90	1456.733915	1.037167	261.757798	0.034651	1194.976117	1.037746	2280.023677	8.348347	968.383098	2.281062	4790.610006	17.875332
W91	1171.609900	0.771653	472.213292	0.031948	699.396608	0.772314	1334.454139	4.970181	566.776059	1.389905	2803.852177	10.635446
W92	1494.685195	0.903934	450.993740	0.030767	1043.691455	0.904458	1991.371371	7.290579	845.785242	1.991709	4184.116030	15.610526
W93	1396.361301	0.937526	375.265928	0.045368	1021.095373	0.938623	1948.257871	7.157704	827.473860	1.965034	4093.529268	15.324037
W94	3487.419948	1.955773	483.124190	0.021994	3004.295758	1.955897	5732.219551	20.728451	2434.617055	5.561509	12044.097882	44.404165
W95	2051.027357	1.321368	445.558030	0.022817	1605.469327	1.321565	3063.247898	11.184065	1301.038020	3.043426	6436.260368	23.949670
W96	1988.190548	1.304213	546.796693	0.022025	1441.393855	1.304399	2750.190627	10.094173	1168.074765	2.767460	5778.488560	21.611537
W97	2589.059179	1.322585	596.688909	0.021570	1992.370270	1.322761	3801.457891	13.755466	1614.574273	3.694227	7987.330303	29.466020
W98	2985.150780	1.551152	636.079793	0.033386	2349.070987	1.551511	4482.045618	16.215335	1903.636908	4.353725	9417.328776	34.735613
W99	2735.120679	1.590704	576.198541	0.030140	2158.922138	1.590990	4119.240142	14.963464	1749.544345	4.041966	8655.029876	32.049000
W100	2650.122607	1.506981	463.405522	0.035859	2186.717085	1.507408	4172.273116	15.117080	1772.068776	4.067889	8766.458673	32.381167
W101	2760.152881	1.785198	494.614764	0.062567	2265.538117	1.786294	4322.664256	15.749114	1835.943656	4.272690	9082.448944	33.727959
W102	3161.469411	1.866819	509.956285	0.032648	2651.513126	1.867104	5059.107559	18.344691	2148.729551	4.942192	10629.806847	39.293624
W103	2916.330054	1.638680	349.897396	0.031488	2566.432658	1.638982	4896.773368	17.696529	2079.782159	4.743651	10288.722757	37.910110
W104	2379.136201	1.438411	540.708646	0.032213	1838.427555	1.438772	3507.733999	12.775585	1489.822388	3.464237	7370.180304	27.360268
W105	2771.846146	1.812717	489.683571	0.041789	2282.162575	1.813199	4354.383851	15.870398	1849.415761	4.307844	9149.095711	33.987240
W106	2099.540757	1.275067	601.906603	0.035374	1497.634154	1.275557	2857.497553	10.451557	1213.650701	2.851385	6003.953602	22.379578
W107	3225.508830	1.923057	559.565482	0.027940	2665.943347	1.923260	5086.640533	18.461770	2160.423494	4.980626	10687.657010	39.543009
W108	3218.436749	1.769375	551.829014	0.032738	2666.607735	1.769678	5087.908190	18.410197	2160.961900	4.944221	10690.320513	39.437089
W109	2664.859995	1.619258	593.369094	0.031665	2071.490901	1.619567	3952.420667	14.394530	1678.691941	3.902972	8304.521653	30.827464
W110	2315.478779	1.396504	417.270022	0.033896	1898.208757	1.396915	3621.796994	13.155710	1538.267795	3.553352	7609.840677	28.177183
W111	2258.118806	1.519608	365.629006	0.029985	1892.489800	1.519904	3610.885181	13.167389	1533.633275	3.576820	7586.913616	28.198067
W112	2457.353823	1.452378	342.338397	0.052562	2115.015426	1.453329	4035.465797	14.619711	1713.963285	3.933375	8479.009679	31.315926
W113	1735.542371	1.184653	343.706798	0.036658	1391.835573	1.185220	2655.633041	9.713118	1127.913792	2.649886	5579.811450	20.798391
W114	1949.007023	1.248055	406.155275	0.033119	1542.851748	1.248495	2943.773073	10.738672	1250.294073	2.918632	6185.229075	22.996633
W115	2116.128264	1.461035	353.749238	0.031381	1762.379026	1.461372	3362.632816	12.281729	1428.194285	3.343919	7065.304882	26.299852
W116	1254.006285	0.900028	435.813727	0.030112	818.192558	0.900531	1561.117732	5.812716	663.045757	1.624907	3280.100247	12.438475
W117	1455.013326	0.951562	435.004839	0.027508	1020.008487	0.951959	1946.184084	7.156978	826.593071	1.967468	4089.171986	15.321938
W118	2887.119678	1.861804	317.831849	0.040754	2569.287829	1.862250	4902.221056	17.795740	2082.095929	4.802266	10300.169021	38.116182
W119	1523.855788	0.922470	420.169696	0.031966	1103.686091	0.923023	2105.841602	7.694817	894.403613	2.096381	4424.632055	16.477257
W120	1305.004219	1.001734	317.408230	0.040193	987.595989	1.002540	1884.340789	6.970290	800.326676	1.931573	3959.231621	14.919073
W121	2581.081202	2.184676	273.963790	0.032801	2307.117412	2.184922	4401.997872	16.203555	1869.638627	4.460282	9249.138622	34.687990
W122	2963.364335	1.973920	377.176911	0.044139	2586.187424	1.974413	4934.465614	17.951828	2095.790999	4.859905	10367.918799	38.447354
W123	2964.884056	2.097167	399.526606	0.030119	2565.357450	2.097383	4894.721863	17.864721	2078.910833	4.858975	10284.412293	38.256184
W124	2136.693249	1.591600	298.725980	0.031869	1837.967269	1.591919	3506.855769	12.838509	1489.449381	3.507195	7368.335033	27.489739
W125	2216.052102	1.597492	287.363603	0.028715	1928.688499	1.597750	3679.952579	13.440051	1562.967927	3.659035	7732.032708	28.780312
W126	1635.209030	1.091616	308.474622	0.028159	1326.734408	1.091979	2531.419516	9.242274	1075.157201	2.514999	5318.823566	19.791502
W127	1484.680722	1.111312	368.999946	0.028984	1115.680776	1.111690	2128.727552	7.863455	904.123849	2.175024	4472.718250	16.831629
W128	2131.476438	1.252748	625.619244	0.029203	1505.857193	1.253088	2873.187176	10.495991	1220.314476	2.858469	6036.919429	22.475753
W129	3202.496659	1.809700	621.900905	0.027653	2580.595754	1.809911	4923.796665	17.851360	2091.259629	4.808211	10345.502027	38.237146
W130	1321.174118	0.930959	548.513815	0.031581	772.660303	0.931494	1474.241837	5.536940	626.147391	1.565091	3097.563313	11.844700
W131	2402.158701	1.309653	555.737559	0.030317	1846.421142	1.310004	3522.985824	12.778253	1496.300219	3.444014	7402.226262	27.370232
W132	2177.160462	1.240210	581.404058	0.029718	1595.756404	1.240566	3044.715565	11.085829	1293.166874	3.004706	6397.321659	23.741749
W133	3239.120355	1.998316	581.905084	0.026841	2657.215271	1.998496	5069.987296	18.432879	2153.350448	4.985390	10652.666512	39.478583
W134	2066.506877	1.308143	495.725105	0.035977	1570.781772	1.308637	2997.063774	10.949184	1272.927967	2.982150	6297.199388	23.446154
W135	2776.766070	1.509072	324.044755	0.033562	2452.721315	1.509445	4679.811246	16.893593	1987.632918	4.520775	9832.858671	36.191570
W136	3139.647825	2.063495	261.821860	0.034964	2877.825965	2.063791	5490.914208	19.924405	2332.128638	5.373356	11537.085693	42.676183
W137	2758.276707	1.709552	416.643853	0.027725	2341.632854	1.709777	4467.853603	16.223719	1897.609204	4.379958	9387.509609	34.748727
W138	4032.794069	2.966791	376.186375	0.041622	3656.607694	2.967082	6976.835772	25.454430	2963.236702	6.919531	14659.189549	54.509836
W139	1822.574447	1.200661	552.950558	0.036030	1269.623889	1.201201	2422.452204	8.916359	1028.876057	2.454147	5089.869848	19.087867
W140	2108.505432	1.143244	580.047933	0.035681	1528.457499	1.143801	2916.308733	10.600515	1238.629281	2.866136	6127.523122	22.703815
W141	2373.807107	1.610801	650.322831	0.035455	1723.484276	1.611192	3288.421334	12.094279	1396.674812	3.325239	6909.377435	25.891804
W142	2804.294112	1.682928	475.027611	0.036265	2329.266501	1.683319	4444.258506	16.131386	1887.587776	4.352379	9337.933409	34.551502
W143	3164.393082	1.531030	540.220804	0.034316	2624.172278	1.531415	5006.941009	18.048004	2126.573112	4.818910	10520.198513	38.666855
W144	2279.895736	1.286934	528.347179	0.062685	1751.548557	1.288460	3341.968198	12.139065	1419.417505	3.278676	7021.885979	25.999727
W145	1611.626648	1.085151	412.685632	0.032109	1198.941016	1.085626	2287.588734	8.396560	971.596167	2.302150	4806.505121	17.976938
W146	1632.400581	0.950425	369.282919	0.024243	1263.117661	0.950734	2410.038270	8.762434	1023.603549	2.370020	5063.786648	18.766902
W147	1413.455880	1.034418	550.136592	0.028461	863.319288	1.034810	1647.219881	6.182956	699.615494	1.746397	3461.011447	13.226942
W148	3706.430447	1.980346	612.494506	0.033093	3093.935941	1.980623	5903.253714	21.335473	2507.259542	5.719741	12403.461680	45.705450
W149	1522.758686	0.873982	524.131306	0.030066	998.627380	0.874499	1905.388767	6.979916	809.266279	1.908436	4003.456010	14.945010
W150	1256.298099	0.761748	576.538823	0.023710	679.759276	0.762116	1296.985958	4.837174	550.862385	1.355097	2725.126922	10.350329
W151	1375.102821	0.952962	309.766005	0.027814	1065.336815	0.953368	2032.670886	7.455607	863.326179	2.042134	4270.891387	15.962786
W152	2643.978477	1.639224	358.443484	0.032407	2285.534993	1.639544	4360.818451	15.823915	1852.148697	4.267583	9162.615597	33.893308
W153	1846.185257	1.117398	444.414822	0.028364	1401.770434	1.117757	2674.588834	9.749741	1135.964792	2.647121	5619.639902	20.879417
W154	1614.922804	1.121839	254.139607	0.032563	1360.783197	1.122311	2596.384868	9.480457	1102.749611	2.580202	5455.323756	20.301472
W155	2269.152189	1.679979	273.291743	0.029345	1995.860446	1.680235	3808.117173	13.919843	1617.402636	3.794222	8001.322274	29.806798
W156	1208.901934	0.932797	284.457423	0.022050	924.444511	0.933058	1763.847280	6.521770	749.150069	1.806231	3706.059948	13.959288
W157	1860.220638	1.300817	469.207590	0.025551	1391.013048	1.301068	2654.063658	9.761547	1127.247236	2.683997	5576.513983	20.897794
W158	1950.147054	1.566259	390.000865	0.025690	1560.146190	1.566470	2976.771001	11.002250	1264.309118	3.045520	6254.561777	23.549703
W159	1904.302990	1.362131	422.793383	0.023524	1481.509607	1.362334	2826.731792	10.385360	1200.583712	2.851223	5939.310956	22.234155
W160	1131.955082	0.809805	411.802266	0.022073	720.152815	0.810106	1374.057143	5.126167	583.596445	1.436621	2887.062956	10.968582
W161	1964.583653	1.340931	215.508736	0.022394	1749.074917	1.341118	3337.248474	12.143399	1417.412919	3.288371	7011.969257	26.007279
W162	1293.037645	0.718055	623.487021	0.036256	669.550624	0.718970	1277.507770	4.746697	542.589511	1.323236	2684.200857	10.158099
W163	2011.744878	1.100196	671.164474	0.034562	1340.580404	1.100739	2557.837784	9.337595	1086.377700	2.540495	5374.331593	19.995714
W164	1979.934639	0.921597	601.735057	0.033171	1378.199582	0.922194	2629.615465	9.517714	1116.863477	2.557136	5525.145325	20.387992
W165	2677.100734	1.324566	662.027269	0.028162	2015.073465	1.324865	3844.775762	13.907691	1632.972456	3.733287	8078.346476	29.792474
W166	1507.306545	1.052233	487.504238	0.029955	1019.802307	1.052659	1945.790691	7.206791	826.425987	2.000543	4088.345419	15.424561
W167	1422.863350	1.174990	509.039084	0.030363	913.824266	1.175383	1743.583769	6.595018	740.543649	1.880568	3663.483821	14.104656
W168	1658.290057	1.315865	345.435660	0.032116	1312.854397	1.316257	2504.936347	9.257339	1063.909136	2.562141	5263.179171	19.814895
W169	2293.022120	1.432262	481.321912	0.031187	1811.700208	1.432601	3456.738013	12.595927	1468.163116	3.417914	7263.031469	26.975025
W170	1797.191650	1.064946	493.056748	0.035322	1304.134902	1.065531	2488.299482	9.081478	1056.843044	2.469928	5228.223074	19.447441
W171	4078.635692	3.112002	595.404999	0.036866	3483.230692	3.112220	6646.031111	24.374604	2822.735686	6.675464	13964.128294	52.187291
W172	1591.553839	1.277595	371.006680	0.032015	1220.547159	1.277996	2328.813423	8.635127	989.105324	2.400644	4893.123259	18.480850
W173	2615.234702	1.558776	375.894174	0.035627	2239.340528	1.559183	4272.679053	15.486527	1814.713689	4.169572	8977.423888	33.172074
W174	1915.211128	1.136636	511.389057	0.028113	1403.822071	1.136984	2678.503373	9.771407	1137.627395	2.655907	5627.864829	20.925224
W175	3281.562295	2.181546	442.310625	0.028251	2839.251670	2.181728	5417.314154	19.714124	2300.868854	5.339235	11382.442933	42.221200
W176	3085.807075	2.169910	610.190260	0.038348	2475.616816	2.170249	4723.496038	17.304421	2006.186942	4.731756	9924.645788	37.051184
W177	3363.103262	2.049341	405.962166	0.036332	2957.141096	2.049663	5642.248091	20.447192	2396.403925	5.503812	11855.056785	43.798074
W178	3056.611117	2.060656	417.005210	0.033150	2639.605907	2.060923	5036.388493	18.341136	2139.080196	4.972611	10582.071297	39.279647
W179	2260.681108	1.366688	390.176228	0.033880	1870.504880	1.367108	3568.937783	12.960077	1515.817166	3.499068	7498.776975	27.758464
W180	2410.672152	1.382710	456.581565	0.029891	1954.090586	1.383033	3728.419957	13.522132	1583.553235	3.644004	7833.868627	28.963677
W181	2066.306998	1.382280	439.222615	0.027185	1627.084383	1.382548	3104.489592	11.353504	1318.554399	3.096891	6522.914236	24.311003
W182	2009.791251	1.322523	389.009538	0.025332	1620.781713	1.322766	3092.464049	11.285849	1313.446850	3.069213	6497.647093	24.168021
W183	1413.285927	1.203369	355.681085	0.036922	1057.604843	1.203935	2017.918222	7.536436	857.060354	2.115092	4239.894228	16.125262
W184	2055.312782	1.420507	445.838213	0.033895	1609.474569	1.420911	3070.889931	11.254701	1304.283783	3.079271	6452.317219	24.097526
W185	2815.849188	1.557467	456.060547	0.050937	2359.788640	1.558300	4502.494984	16.289217	1912.322265	4.373521	9460.295407	34.893887
W186	2018.786302	1.252899	547.945948	0.028393	1470.840354	1.253220	2806.374775	10.264786	1191.937578	2.800514	5896.538361	21.979634
W187	1609.147511	1.253528	581.563315	0.036151	1027.584196	1.254049	1960.638596	7.373121	832.732264	2.087442	4119.542692	15.771976
W188	1685.871382	1.427799	273.270231	0.028940	1412.601151	1.428092	2695.253926	9.966831	1144.741774	2.760809	5663.059800	21.333050
W189	2212.847413	1.568376	418.801852	0.068720	1794.045561	1.569880	3423.052811	12.538968	1453.856168	3.428175	7192.254718	26.847786
W190	2166.433821	1.643951	233.624846	0.024041	1932.808975	1.644127	3687.814478	13.487595	1566.307072	3.679317	7748.551525	28.880621
W191	2291.656511	1.529034	293.210799	0.022408	1998.445712	1.529198	3813.049880	13.873463	1619.497680	3.756367	8011.686497	29.712624
W192	1979.481527	1.243878	340.842415	0.023155	1638.639112	1.244093	3126.536104	11.371729	1327.918104	3.077452	6569.236669	24.355006
W193	1497.042177	1.062155	394.857772	0.039176	1102.184405	1.062877	2102.976372	7.750402	893.186678	2.137002	4418.611856	16.591041
W194	2495.555204	2.018420	398.237329	0.036737	2097.317875	2.018754	4001.698733	14.746158	1699.621568	4.065216	8408.060926	31.566783
W195	2689.290857	1.876955	440.167304	0.033726	2249.123553	1.877258	4291.345141	15.679105	1822.641644	4.270996	9016.643633	33.574501
W196	1494.372711	0.934964	547.634606	0.030757	946.738106	0.935470	1806.383631	6.668685	767.216321	1.843034	3795.434049	14.274555
W197	2983.437861	1.754366	527.126677	0.028292	2456.311184	1.754594	4686.660743	17.003478	1990.542071	4.584581	9847.250306	36.420045
W198	3165.753377	1.966769	589.730134	0.035121	2576.023243	1.967083	4915.072279	17.881446	2087.554164	4.840920	10327.171019	38.296604
W199	1412.612556	0.653216	520.683743	0.030813	891.928813	0.653942	1701.807076	6.180653	722.800042	1.669018	3575.705854	13.237932
W200	1346.409674	0.804355	494.222525	0.045128	852.187149	0.805620	1625.979674	5.984456	690.594247	1.647048	3416.383161	12.811363
W201	3085.274086	1.906827	422.067789	0.033057	2663.206297	1.907114	5081.418221	18.437460	2158.205447	4.971931	10676.684290	39.491373
W202	1834.500234	1.093295	538.412984	0.035861	1296.087251	1.093883	2472.944502	9.040589	1050.321399	2.464724	5195.960374	19.358671
W203	2810.077211	1.711680	327.765378	0.032808	2482.311833	1.711994	4736.270182	17.160865	2011.612441	4.617976	9951.485836	36.758983
W204	2518.630806	1.578472	453.991872	0.031632	2064.638933	1.578789	3939.347059	14.332560	1673.139252	3.880504	8277.052395	30.695900
W205	3636.128676	2.729254	422.344463	0.030891	3213.784213	2.729429	6131.925144	22.424613	2604.382020	6.116520	12883.928463	48.017367
W206	2368.690639	1.608208	376.917299	0.044748	1991.773340	1.608830	3800.318944	13.862047	1614.090533	3.767038	7984.937236	29.685373
W207	3041.022305	1.859200	307.186731	0.022349	2733.835574	1.859334	5216.179426	18.890287	2215.441903	5.079577	10959.834147	40.464210
W208	3015.632366	1.790344	520.764801	0.028947	2494.867565	1.790578	4760.226616	17.273558	2021.787337	4.658671	10001.821247	36.998277
W209	2208.146611	1.429952	438.118179	0.030061	1770.028431	1.430268	3377.227942	12.319012	1434.393200	3.347806	7095.971035	26.380967
W210	2117.504223	1.408172	542.745411	0.028916	1574.758812	1.408468	3004.651996	11.020361	1276.150875	3.018400	6313.143176	23.595111
W211	3225.545515	2.024489	303.391012	0.032290	2922.154503	2.024746	5575.493401	20.205034	2368.051537	5.438532	11714.796975	43.279388
W212	2561.771705	1.617847	256.498562	0.030864	2305.273143	1.618141	4398.478993	15.947297	1868.144071	4.295553	9241.745025	34.158653
W213	3362.344935	2.033703	369.468928	0.028354	2992.876007	2.033901	5710.430578	20.679631	2425.362732	5.560497	11998.316570	44.297145
W214	2916.947315	1.700209	563.369061	0.034491	2353.578254	1.700559	4490.645518	16.299632	1907.289500	4.397723	9435.398224	34.911875
W215	3696.330946	2.444898	403.277583	0.031695	3293.053363	2.445103	6283.171296	22.831236	2668.620044	6.170058	13201.715219	48.899752
W216	2790.768509	1.620428	368.636546	0.034099	2422.131963	1.620787	4621.446525	16.727034	1962.843960	4.494083	9710.227217	35.831149
W217	2018.961464	1.364712	450.283130	0.039134	1568.678334	1.365273	2993.050398	10.960464	1271.223385	2.995309	6288.766791	23.468242
W218	1450.739055	1.039368	266.382469	0.034058	1184.356586	1.039926	2259.761530	8.279344	959.777258	2.264214	4748.036745	17.727172
W219	2777.087686	1.804593	509.247024	0.033024	2267.840662	1.804895	4327.057530	15.772082	1837.809589	4.281661	9091.679753	33.776589
W220	3145.310676	1.931816	514.876223	0.027244	2630.434454	1.932008	5018.889289	18.229016	2131.647846	4.923072	10545.303318	39.043414
W221	2872.378117	1.740239	426.693628	0.030205	2445.684490	1.740501	4666.384929	16.927478	1981.930425	4.563115	9804.648327	36.257456
W222	1721.784815	1.128337	527.781202	0.050134	1194.003614	1.129450	2278.168133	8.385189	967.595002	2.307909	4786.711280	17.950763
W223	1744.075834	1.129518	411.060245	0.029843	1333.015589	1.129912	2543.404057	9.300321	1080.247335	2.536369	5344.004558	19.914666
W224	2581.283185	1.811029	369.951421	0.031271	2211.331764	1.811299	4219.238114	15.400783	1792.015986	4.189378	8865.137907	32.979699
W225	2141.160343	1.677774	433.199797	0.029032	1707.960546	1.678025	3258.801936	12.025732	1384.094712	3.321726	6847.143440	25.741884
W226	1834.493728	1.482921	300.603296	0.036486	1533.890432	1.483370	2926.674812	10.788187	1243.032013	2.975396	6149.303526	23.093769
W227	2955.738629	2.042665	400.069610	0.032221	2555.669019	2.042919	4876.236261	17.777570	2071.059536	4.827561	10245.571771	38.071129
W228	1408.686521	1.089250	314.074483	0.029824	1094.612039	1.089658	2088.528239	7.714425	887.050195	2.133602	4388.254551	16.512675
W229	2702.786543	2.216259	301.482074	0.050233	2401.304469	2.216828	4581.707505	16.837266	1945.965805	4.624136	9626.730652	36.046799
W230	4202.791391	2.964580	415.318117	0.036792	3787.473275	2.964809	7226.528312	26.320161	3069.287371	7.137106	15183.824269	56.367390
W231	1691.891757	1.184218	397.178661	0.031934	1294.713096	1.184648	2470.322604	9.073101	1049.207813	2.489874	5190.451442	19.424945
W232	2681.970406	1.578087	468.000408	0.029326	2213.969999	1.578359	4224.271887	15.324731	1794.153955	4.131479	8875.714482	32.824403
W233	2750.358351	1.639672	378.225742	0.028503	2372.132609	1.639920	4526.047371	16.400591	1922.325553	4.413957	9509.781869	35.130341
W234	1859.803372	1.224747	469.772934	0.033186	1390.030438	1.225197	2652.188830	9.719268	1126.450950	2.658828	5572.574739	20.810069
W235	2576.565040	1.491524	449.283717	0.023547	2127.281323	1.491710	4058.869223	14.715443	1723.903306	3.963521	8528.183153	31.520102
W236	4118.876103	2.704112	524.448041	0.029771	3594.428062	2.704275	6858.196552	24.934601	2912.847657	6.743999	14409.913966	53.403604
W237	1888.965269	1.174920	473.450375	0.030080	1415.514893	1.175305	2700.813369	9.865164	1147.103008	2.686229	5674.740871	21.125012
W238	3905.841015	2.401044	596.581395	0.028946	3309.259620	2.401219	6314.092960	22.922033	2681.753249	6.186020	13266.685436	49.095959
W239	2429.814154	1.597025	381.176412	0.025417	2048.637742	1.597227	3908.816662	14.233896	1660.172229	3.858696	8212.904279	30.483597
W240	3368.879121	1.690603	469.456421	0.029224	2899.422700	1.690856	5532.120945	19.940698	2349.630170	5.324119	11623.666113	42.721879
W241	1634.031857	1.198207	259.841219	0.022837	1374.190637	1.198425	2621.966368	9.602664	1113.614714	2.624671	5509.073631	20.560871
W242	2843.868929	1.857610	335.612506	0.023392	2508.256423	1.857757	4785.772661	17.388316	2032.637382	4.698412	10055.496628	37.242298
W243	1675.347402	1.176147	517.922048	0.022491	1157.425354	1.176362	2208.376530	8.169663	937.952762	2.264216	4640.070543	17.486129
W244	1803.303578	1.232886	385.147939	0.023153	1418.155638	1.233104	2705.851930	9.908224	1149.243011	2.707546	5685.327509	21.215257
W245	3070.526930	1.921057	353.663382	0.022883	2716.863548	1.921194	5183.796670	18.799819	2201.688136	5.066005	10891.793996	40.268249
W246	3154.360667	1.993557	480.282653	0.028624	2674.078014	1.993763	5102.161541	18.543009	2167.015655	5.012461	10720.268556	39.715004
W247	1547.196867	1.035406	476.441761	0.025273	1070.755106	1.035715	2043.009026	7.530968	867.717046	2.077093	4292.613091	16.121184
W248	3310.972070	2.060998	429.744048	0.030729	2881.228022	2.061227	5497.405358	19.946075	2334.885592	5.378448	11550.724398	42.722749
W249	3743.447586	2.206980	515.582530	0.039125	3227.865057	2.207327	6158.791502	22.308247	2615.792834	6.000394	12940.377984	47.785349
W250	2900.510457	1.692413	433.521516	0.039277	2466.988940	1.692869	4707.033985	17.051834	1999.195096	4.587391	9890.056992	36.525686
W251	1927.699902	1.525316	527.071195	0.022356	1400.628707	1.525480	2672.410410	9.941502	1135.039561	2.775774	5615.062765	21.274246
W252	2050.636600	1.381720	497.953184	0.027498	1552.683416	1.381994	2962.531970	10.862750	1258.261446	2.974029	6224.643823	23.257906
W253	3223.697695	2.645922	453.086702	0.039507	2770.610993	2.646217	5286.347211	19.469820	2245.243917	5.363556	11107.265288	41.679428
W254	4039.720399	3.100301	448.328830	0.031169	3591.391569	3.100458	6852.402901	25.081895	2910.386948	6.850043	14397.740791	53.705564
W255	2570.689593	1.681011	503.957557	0.024557	2066.732036	1.681190	3943.340715	14.388741	1674.835458	3.912130	8285.443557	30.812881
W256	2446.596155	2.179005	313.466536	0.025086	2133.129619	2.179150	4070.027818	15.062494	1728.642640	4.176741	8551.628733	32.238907
W257	2850.806058	2.174414	267.334057	0.058310	2583.472000	2.175196	4929.284565	18.018176	2093.590478	4.911378	10357.032779	38.582619
W258	3274.264056	2.541148	460.975536	0.035304	2813.288519	2.541393	5367.776261	19.699519	2279.828872	5.400087	11278.357732	42.176666
W259	2417.353305	2.181011	464.965580	0.031967	1952.387726	2.181245	3725.170887	13.888810	1582.173273	3.889242	7827.041931	29.718877
W260	2093.182399	1.633542	408.856659	0.024788	1684.325739	1.633730	3213.706543	11.848678	1364.941571	3.268805	6752.392475	25.363720
W261	1915.671192	1.284416	312.062795	0.028299	1603.608397	1.284727	3059.697229	11.156107	1299.529962	3.029949	6428.799975	23.890997
W262	2213.706901	1.475577	569.972203	0.046414	1643.734699	1.476307	3136.258523	11.505928	1332.047459	3.152496	6589.664665	24.634507
W263	3179.344430	2.693074	482.613941	0.035298	2696.730488	2.693305	5145.382637	19.010092	2185.372735	5.259378	10811.081390	40.690621
W264	2572.745506	1.591939	412.190809	0.022724	2160.554697	1.592101	4122.355077	14.974744	1750.867336	4.044999	8661.574737	32.073162
W265	3121.763249	2.062714	501.951220	0.024876	2619.812029	2.062864	4998.621621	18.210745	2123.039660	4.940075	10502.718455	38.999825
W266	2541.521603	1.424228	551.732919	0.023953	1989.788684	1.424429	3796.532205	13.775199	1612.482211	3.714616	7976.980832	29.505244
W267	2636.825664	1.760442	355.768737	0.023856	2281.056927	1.760604	4352.274265	15.841492	1848.519767	4.291643	9144.663213	33.927036
W268	1905.144007	1.297363	506.375351	0.030443	1398.768656	1.297720	2668.861417	9.810848	1133.532215	2.695598	5607.605895	21.003742
W269	2135.714969	1.452180	321.980073	0.350483	1813.734896	1.493876	3460.620214	12.635267	1469.811984	3.438477	7271.188449	27.057258
W270	2242.631607	1.651983	375.169901	0.024778	1867.461706	1.652169	3563.131384	13.060357	1513.351043	3.573916	7486.577018	27.963501
W271	2984.544953	1.675253	385.903361	0.021532	2598.641592	1.675391	4958.228263	17.923987	2105.883591	4.806794	10417.847047	38.396942
W272	2882.929388	1.819262	497.251878	0.035066	2385.677510	1.819600	4551.891147	16.559309	1933.302051	4.482649	9564.082818	35.465058
W273	4271.537742	2.428255	395.090642	0.035041	3876.447101	2.428508	7396.291060	26.713850	3141.389857	7.154420	15540.516669	57.228604
W274	2663.664115	1.478575	453.680198	0.040945	2209.983917	1.479142	4216.666412	15.262069	1790.923720	4.100533	8859.734445	32.693024
W275	3163.808663	1.658755	569.263777	0.036162	2594.544887	1.659150	4950.411718	17.891121	2102.563708	4.796115	10401.423525	38.326910
W276	2740.766777	1.530557	486.124327	0.033769	2254.642450	1.530929	4301.875239	15.578259	1827.114040	4.188617	9038.768664	33.369706
W277	1812.425011	1.142678	441.476757	0.033594	1370.948254	1.143171	2615.779875	9.556681	1110.987156	2.603057	5496.075049	20.464267
W278	2587.620927	1.576772	315.193600	0.033749	2272.427326	1.577133	4335.808921	15.713482	1841.526524	4.229931	9110.067500	33.658363
W279	1953.473377	1.235092	575.697191	0.025190	1377.776186	1.235349	2628.807623	9.643278	1116.520366	2.641776	5523.447950	20.646599
W280	2114.238302	1.384241	411.119226	0.020858	1703.119076	1.384398	3249.564374	11.856811	1380.171289	3.223560	6827.734186	25.390895
W281	2032.102518	1.420851	282.362780	0.024745	1749.739738	1.421067	3338.516958	12.180855	1417.951676	3.311455	7014.634499	26.084862
W282	2630.766946	1.586909	454.123588	0.032717	2176.643358	1.587246	4153.052368	15.079819	1763.905243	4.070821	8726.073518	32.298731
W283	2133.494799	1.352271	550.123483	0.034196	1583.371316	1.352704	3021.084722	11.051726	1283.130264	3.015835	6347.670352	23.664555
W284	1526.291454	1.164957	312.322758	0.030653	1213.968696	1.165360	2316.261664	8.533805	983.774278	2.352006	4866.750472	18.268255
W285	2016.390716	1.291818	687.225755	0.029224	1329.164961	1.292148	2536.057029	9.351701	1077.126869	2.580494	5328.567551	20.018484
W286	3655.911662	2.325280	459.483171	0.022960	3196.428490	2.325393	6098.810290	22.142801	2590.317313	5.976646	12814.350086	47.426761
W287	1843.382071	1.169927	347.516663	0.026072	1495.865408	1.170218	2854.122771	10.394866	1212.217347	2.818605	5996.862772	22.261721
W288	4128.343240	3.202650	546.243529	0.023533	3582.099712	3.202737	6834.673965	25.067473	2902.857026	6.865609	14360.490118	53.670679
W289	3473.402917	2.572061	462.036402	0.023451	3011.366515	2.572168	5745.710609	21.018725	2440.347044	5.735580	12072.444252	45.006451
W290	2755.657644	1.866079	636.334570	0.030597	2119.323075	1.866330	4043.684824	14.817803	1717.454111	4.053299	8496.278864	31.726681
W291	2825.286277	2.597851	473.456385	0.026140	2351.829892	2.597983	4487.309631	16.713548	1905.872666	4.674122	9428.389114	35.764459
W292	2090.248065	1.504822	363.980300	0.024827	1726.267765	1.505027	3293.732252	12.062732	1398.930492	3.296997	6920.536328	25.828294
W293	2275.041692	1.722242	396.121769	0.022467	1878.919923	1.722389	3584.993750	13.168631	1522.636536	3.614367	7532.512535	28.193101
W294	1585.024411	1.379449	507.825565	0.023892	1077.198846	1.379656	2055.303733	7.770286	872.938916	2.214375	4318.445782	16.618466
W295	3915.345061	3.088623	599.004666	0.031979	3316.340394	3.088788	6327.603131	23.266339	2687.491356	6.394801	13295.071967	49.809730
W296	2783.406305	2.137249	516.848826	0.034419	2266.557479	2.137526	4324.609205	15.914289	1836.769725	4.378983	9086.535522	34.069085
W297	3305.781724	2.502549	327.302465	0.026940	2978.479260	2.502694	5682.961472	20.770884	2413.695916	5.660840	11940.600603	44.477216
W298	2925.349490	1.797347	547.363524	0.024236	2377.985966	1.797510	4537.215622	16.499459	1927.068989	4.463889	9533.247736	35.337397
W299	3344.654113	1.795624	468.754776	0.021519	2875.899336	1.795753	5487.238185	19.816791	2330.567339	5.306476	11529.361918	42.453318
W300	2599.137107	1.748452	359.149707	0.021705	2239.987400	1.748587	4273.913291	15.564279	1815.237901	4.219703	8980.017173	33.332698
W301	1903.425240	1.326784	356.237485	0.033032	1547.187755	1.327195	2952.046207	10.801582	1253.807880	2.948511	6202.611947	23.128741
W302	1846.984168	1.168641	587.562009	0.033889	1259.422159	1.169132	2402.987223	8.833817	1020.608793	2.427279	5048.971532	18.912019
W303	2892.459081	1.764189	397.564787	0.031634	2494.894294	1.764472	4760.277615	17.263953	2021.808998	4.652170	10001.928403	36.978496
W304	2775.031316	1.623439	476.118584	0.031524	2298.912732	1.623745	4386.343279	15.907028	1862.989730	4.286200	9216.246398	34.072095
W305	2942.487048	2.369155	385.048023	0.030861	2557.439025	2.369356	4879.613447	17.936064	2072.493911	4.927445	10252.667654	38.398892
W306	1158.583062	1.098532	267.514265	0.049798	891.068797	1.099660	1700.166158	6.401195	722.103103	1.814962	3572.258083	13.692341
W307	2910.946134	1.546076	449.908991	0.034237	2461.037142	1.546455	4695.677908	16.961350	1994.371886	4.543164	9866.196478	36.335871
W308	3932.849793	2.059358	415.278653	0.041762	3517.571140	2.059781	6711.552951	24.194607	2850.564451	6.460970	14101.797733	51.835438
W309	2549.367193	1.503456	467.429855	0.031309	2081.937339	1.503782	3972.352551	14.418200	1687.157510	3.890027	8346.400991	30.882086
W310	1633.981095	0.955208	428.978198	0.033761	1205.002897	0.955805	2299.154850	8.379060	976.508586	2.274145	4830.806953	17.944222
W311	1946.246648	1.350415	231.308459	0.024971	1714.938189	1.350646	3272.115333	11.920936	1389.749245	3.233870	6875.116523	25.529668
W312	2150.950718	1.502496	305.867612	0.028088	1845.083106	1.502759	3520.432842	12.846401	1495.215904	3.493098	7396.862134	27.509960
W313	1917.897949	1.262831	363.849795	0.024046	1554.048154	1.263060	2965.135902	10.818937	1259.367401	2.941362	6230.115005	23.168332
W314	2243.523711	1.650331	217.461420	0.022012	2026.062290	1.650478	3865.742526	14.106604	1641.877566	3.835816	8122.400224	30.208616
W315	3734.776347	2.442874	509.777841	0.022124	3224.998506	2.442974	6153.322101	22.378454	2613.469843	6.055257	12928.886100	47.928454
W316	2125.552487	1.334287	422.861632	0.030949	1702.690855	1.334646	3248.747325	11.833187	1379.824268	3.209035	6826.017466	25.341955
W317	2105.952169	1.125697	543.330542	0.024177	1562.621627	1.125956	2981.494154	10.820710	1266.315159	2.919013	6264.485702	23.176770
W318	1944.520970	1.159772	338.712367	0.057108	1605.808603	1.161177	3063.895238	11.121324	1301.312961	3.000728	6437.620509	23.820526
W319	2693.029874	1.531183	483.149512	0.033450	2209.880362	1.531548	4216.468828	15.280186	1790.839801	4.112973	8859.319296	32.730302
W320	2500.541541	1.520260	625.389872	0.036694	1875.151668	1.520703	3577.803891	13.052971	1519.582824	3.548177	7517.405759	27.952544
W321	1454.686298	1.049083	415.811857	0.039110	1038.874441	1.049811	1982.180472	7.329705	841.881638	2.030237	4164.804821	15.688553
W322	2120.376950	1.395874	529.297158	0.043316	1591.079792	1.396546	3035.792553	11.122346	1289.377048	3.041622	6378.573314	23.814435
W323	1961.332648	1.231347	481.920265	0.030993	1479.412383	1.231737	2822.730273	10.311952	1198.884167	2.808459	5930.903273	22.081637
W324	1474.082574	0.986904	423.811523	0.038941	1050.271050	0.987672	2003.925290	7.372947	851.117206	2.028222	4210.493357	15.784009
W325	2633.343054	1.774067	496.405531	0.038685	2136.937523	1.774489	4077.293328	14.893063	1731.728484	4.055329	8566.894464	31.891622
W326	2182.456320	1.260412	541.326100	0.042648	1641.130220	1.261134	3131.289158	11.395085	1329.936845	3.086175	6579.223418	24.404540
W327	2578.828959	1.738326	597.492972	0.035789	1981.335987	1.738694	3780.404393	13.850229	1605.632326	3.787545	7943.094318	29.655211
W328	2596.835463	1.883647	482.047140	0.035140	2114.788323	1.883975	4035.032482	14.796073	1713.779245	4.051202	8478.099231	31.679365
W329	1379.849547	0.983364	326.777395	0.025159	1053.072152	0.983686	2009.269815	7.389392	853.387159	2.031520	4221.722860	15.819468
W330	2950.844675	2.042374	448.378570	0.023328	2502.466105	2.042507	4774.724691	17.425280	2027.945032	4.738875	10032.283485	37.315266
W331	3092.325475	2.147770	472.541900	0.024055	2619.783575	2.147904	4998.567330	18.246313	2123.016601	4.963772	10502.604385	39.073134
W332	3258.832393	1.823085	378.508939	0.018519	2880.323454	1.823179	5495.679435	19.855466	2334.152549	5.320155	11547.098021	42.535504
W333	2032.503178	1.552598	385.250218	0.021691	1647.252960	1.552749	3142.971393	11.565581	1334.898583	3.182255	6603.769230	24.759460
W334	2481.704408	1.442178	403.982111	0.022418	2077.722297	1.442352	3964.310219	14.367255	1683.741731	3.867590	8329.503062	30.774727
W335	1675.289233	1.681217	457.175798	0.047070	1218.113435	1.681875	2324.169858	8.868145	987.133086	2.555280	4883.366559	18.960442
W336	3306.277404	1.822981	308.019022	0.036506	2998.258382	1.823346	5720.700191	20.644025	2429.724494	5.521531	12019.894290	44.226790
W337	2398.581588	1.802241	308.585336	0.034212	2089.996251	1.802566	3987.729018	14.595531	1693.688280	3.985841	8378.708837	31.252135
W338	2046.657560	1.329014	373.000869	0.033422	1673.656691	1.329434	3193.349915	11.638659	1356.295601	3.159136	6709.620698	24.924773
W339	1075.337641	0.951636	227.190885	0.029055	848.146757	0.952080	1618.270574	6.036095	687.319999	1.691211	3400.185393	12.915665
W340	2630.316835	1.730021	281.089978	0.027697	2349.226857	1.730243	4482.343019	16.282081	1903.763221	4.398002	9417.953653	34.873267
W341	2491.279373	1.635840	291.231551	0.024251	2200.047822	1.636019	4197.708267	15.254230	1782.871721	4.122784	8819.901050	32.671305
W342	1077.348482	0.790330	272.941903	0.025153	804.406579	0.790730	1534.813977	5.664033	651.873895	1.564590	3224.832824	12.124224
W343	2277.691594	1.307995	492.059823	0.028941	1785.631771	1.308315	3406.999235	12.373266	1447.037813	3.341131	7158.524181	26.501506
W344	2343.141672	1.420364	472.076039	0.030747	1871.065632	1.420696	3570.007703	12.984764	1516.271588	3.513999	7501.025010	27.809663
W345	2320.661988	1.381685	405.962743	0.024973	1914.699245	1.381911	3653.260974	13.259605	1551.631334	3.577276	7675.950365	28.400545
W346	3096.837668	1.732216	479.876493	0.028951	2616.961175	1.732458	4993.182170	18.065945	2120.729389	4.851167	10491.289500	38.699777
W347	2783.486239	1.382200	571.989747	0.042152	2211.496492	1.382843	4219.552417	15.239274	1792.149478	4.080985	8865.798295	32.646895
W348	2473.477500	1.437692	478.904186	0.032823	1994.573314	1.438067	3805.661315	13.812180	1616.359572	3.726128	7996.162216	29.584143
W349	1605.247387	1.206029	378.906662	0.034810	1226.340725	1.206531	2339.867591	8.635508	993.800306	2.385607	4916.349425	18.484816
W350	2378.915840	1.315400	539.128238	0.031231	1839.787602	1.315771	3510.328979	12.736269	1490.924540	3.434266	7375.632674	27.279988
W351	1640.179800	1.170971	541.941229	0.031073	1098.238572	1.171383	2095.447692	7.781476	889.989060	2.167637	4402.793173	16.652968
W352	2660.039122	1.544080	521.088271	0.023852	2138.950851	1.544264	4081.134773	14.812775	1733.360042	3.996378	8574.965811	31.727241
W353	1905.694720	1.346326	290.121897	0.029639	1615.572823	1.346652	3082.525446	11.261706	1309.225677	3.067388	6476.764865	24.115351
W354	2315.472757	1.456177	354.840991	0.035273	1960.631765	1.456604	3740.900578	13.593679	1588.854067	3.673770	7860.091945	29.114802
W355	1839.576306	1.050756	412.996357	0.035313	1426.579949	1.051349	2721.925581	9.887628	1156.069893	2.670877	5719.100225	21.177487
W356	2929.702184	1.606612	406.691479	0.031092	2523.010705	1.606913	4813.923946	17.395657	2044.593937	4.662409	10114.645938	37.265691
W357	2315.734882	1.324429	413.891604	0.037712	1901.843278	1.324966	3628.731689	13.152792	1541.213134	3.541354	7624.411323	28.173202
W358	1918.980464	1.331762	303.391775	0.031738	1615.588689	1.332140	3082.555719	11.255526	1309.238535	3.063250	6476.828473	24.102618
W359	3076.995309	1.928912	614.955888	0.036494	2462.039421	1.929257	4697.590263	17.110184	1995.184111	4.640004	9870.214571	36.643191
W360	2298.437000	1.457547	520.304077	0.034935	1778.132923	1.457965	3392.691374	12.384419	1440.960906	3.369107	7128.461607	26.520315
W361	2350.734788	1.426223	598.906257	0.029517	1751.828531	1.426528	3342.502392	12.196997	1419.644390	3.316470	7023.008385	26.119302
W362	2835.987866	1.966188	518.429046	0.030570	2317.558820	1.966425	4421.920160	16.170260	1878.100121	4.410269	9290.997798	34.625114
W363	1963.359648	1.200416	512.283602	0.031040	1451.076046	1.200817	2768.664323	10.111262	1175.921006	2.752562	5817.304067	21.652140
W364	1909.731940	1.200618	587.042153	0.032708	1322.689787	1.201064	2523.702347	9.264807	1071.879526	2.540816	5302.608844	19.835719
W365	1514.363956	1.152356	549.847885	0.025352	964.516071	1.152635	1840.304127	6.905598	781.623204	1.949757	3866.705180	14.773021
W366	3469.176287	1.847185	499.286256	0.032957	2969.890031	1.847479	5666.573158	20.462154	2406.735389	5.478358	11906.166740	43.836060
W367	2941.351975	2.068480	470.484886	0.030596	2470.867090	2.068707	4714.433524	17.227705	2002.337866	4.693919	9905.604333	36.890377
W368	3357.219896	1.821408	529.159378	0.040972	2828.060518	1.821869	5395.961349	19.505904	2291.799783	5.230830	11337.578065	41.785780
W369	2866.809969	1.616535	274.662827	0.025376	2592.147142	1.616734	4945.836802	17.860950	2100.620627	4.782501	10391.811063	38.263387
W370	3216.710690	1.801445	278.486527	0.026255	2938.224163	1.801637	5606.154436	20.235447	2381.074046	5.414195	11779.219579	43.351081
W371	2251.711076	1.332586	398.636719	0.030354	1853.074357	1.332931	3535.680210	12.831137	1501.691842	3.461000	7428.898727	27.482954
W372	1645.683405	1.025217	383.432458	0.031249	1262.250947	1.025693	2408.384573	8.787421	1022.901182	2.389016	5060.312026	18.817928
W373	2456.721080	1.393738	417.082801	0.026638	2039.638279	1.393993	3891.645617	14.095956	1652.879256	3.791367	8176.825802	30.194246
W374	3940.620933	2.437082	486.194595	0.028784	3454.426338	2.437252	6591.072180	23.901472	2799.393253	6.439935	13848.652824	51.195893
W375	2694.661909	1.699668	365.140094	0.025177	2329.521815	1.699854	4444.745647	16.139395	1887.794677	4.357027	9338.956952	34.568151
W376	1353.824570	0.977455	334.015723	0.025505	1019.808847	0.977788	1945.803170	7.168335	826.431287	1.975444	4088.371638	15.345249
W377	2679.207664	1.619749	372.686747	0.024218	2306.520917	1.619930	4400.859755	15.956266	1869.155241	4.298105	9246.747300	34.177838
W378	2054.968083	1.274959	336.895239	0.024977	1718.072844	1.275204	3278.096279	11.911474	1392.289503	3.218959	6887.683226	25.511912
W379	1699.684721	1.096431	385.424281	0.037325	1314.260440	1.097066	2507.619088	9.162026	1065.048563	2.495758	5268.815940	19.619129
W380	2912.896085	1.724419	453.114466	0.048488	2459.781619	1.725101	4693.282360	17.015596	1993.354437	4.583089	9861.163137	36.446963
W381	2737.265206	1.528807	622.038797	0.032059	2115.226409	1.529143	4035.868354	14.649239	1714.134261	3.952561	8479.855502	31.376905
W382	2057.165931	1.293428	443.646243	0.034905	1613.519687	1.293899	3078.608048	11.225575	1307.561860	3.049019	6468.533930	24.039723
W383	2070.188531	1.416279	377.277449	0.043240	1692.911082	1.416939	3230.087443	11.803348	1371.898949	3.215906	6786.810761	25.275000
W384	2531.742000	1.521919	588.797595	0.027346	1942.944405	1.522165	3707.152958	13.502547	1574.520608	3.661619	7789.184047	28.917084
W385	1953.490241	1.144994	390.496324	0.027575	1562.993917	1.145326	2982.204487	10.830583	1266.616856	2.924584	6265.978201	23.197327
W386	1628.786514	1.105707	428.320848	0.027269	1200.465667	1.106043	2290.497780	8.416272	972.831712	2.311017	4812.617385	18.018427
W387	2170.323580	1.565525	271.964084	0.023970	1898.359496	1.565709	3622.084605	13.225717	1538.389951	3.599516	7610.444983	28.321579
W388	1784.056393	1.168110	220.506489	0.026143	1563.549904	1.168402	2983.265315	10.843245	1267.067416	2.931506	6268.207130	23.223738
W389	2018.317816	1.353416	264.962099	0.025960	1753.355717	1.353665	3345.416274	12.176856	1420.881989	3.298908	7029.130811	26.078634
W390	1734.510926	1.125384	250.259632	0.023443	1484.251294	1.125628	2831.962953	10.299820	1202.805517	2.787172	5950.302268	22.059322
W391	2355.089386	1.345005	390.985724	0.033836	1964.103661	1.345431	3747.524982	13.575039	1591.667617	3.651701	7874.010634	29.078327
W392	965.049042	0.731908	330.615096	0.025245	634.433946	0.732343	1210.504877	4.526871	514.131706	1.272604	2543.419541	9.685423
W393	2206.694749	1.369205	320.523472	0.025748	1886.171276	1.369447	3598.829388	13.065136	1528.512878	3.526043	7561.582913	27.983766
W394	2292.759196	1.203575	544.029745	0.022560	1748.729451	1.203786	3336.589322	12.088595	1417.132961	3.252701	7010.584299	25.894127
W395	1446.902768	1.031799	364.995979	0.025362	1081.906790	1.032110	2064.286525	7.602243	876.754132	2.094040	4337.319731	16.274318
W396	2233.086855	1.338051	657.423210	0.028389	1575.663645	1.338352	3006.378426	10.994476	1276.884132	2.998872	6316.770617	23.542243
W397	1823.262980	1.224292	467.546726	0.028061	1355.716255	1.224613	2586.717103	9.493109	1098.643469	2.602264	5435.010593	20.324748
W398	2550.731472	1.713748	342.534584	0.035877	2208.196888	1.714123	4213.256747	15.339451	1789.475550	4.157197	8852.570319	32.851520
W399	1582.996030	1.443779	304.068413	0.030019	1278.927617	1.444091	2440.203788	9.106739	1036.415599	2.553320	5127.168109	19.485669
W400	2419.041121	1.434455	522.247407	0.029859	1896.793714	1.434765	3619.097082	13.161138	1537.121075	3.560869	7604.167829	28.187580
W401	2582.706573	1.415733	455.435833	0.036938	2127.270740	1.416215	4058.849030	14.688192	1723.894729	3.945274	8528.140726	31.463932
W402	3929.383212	2.295145	479.385557	0.031077	3449.997655	2.295355	6582.622218	23.820730	2795.804343	6.398084	13830.898416	51.027004
W403	3351.191623	2.126885	220.228603	0.027152	3130.963021	2.127059	5973.901668	21.633514	2537.265496	5.816886	12551.901716	46.340448
W404	2125.441301	1.454107	236.994727	0.027434	1888.446574	1.454366	3603.170675	13.113594	1530.356731	3.552112	7570.704490	28.084920
W405	2213.098953	1.508115	331.795853	0.023690	1881.303100	1.508301	3589.540870	13.088456	1524.567812	3.554947	7542.066595	28.029119
W406	2461.836805	1.535890	300.363018	0.025774	2161.473787	1.536106	4124.108708	14.959554	1751.612147	4.032306	8665.259332	32.042367
W407	2379.548183	1.334035	337.375841	0.045441	2042.172342	1.334809	3896.480628	14.092000	1654.932807	3.781663	8186.984755	30.187514
W408	4299.953600	2.721623	443.885766	0.040979	3856.067835	2.721932	7357.407263	26.680948	3124.874935	7.189022	15458.817032	57.149369
W409	3013.617474	1.727891	436.516217	0.031492	2577.101257	1.728178	4917.129138	17.798543	2088.427764	4.782493	10331.492732	38.126332
W410	2698.640025	1.453177	399.801777	0.033668	2298.838249	1.453567	4386.201165	15.846491	1862.929370	4.245764	9215.947799	33.947292
W411	1889.350420	1.069370	377.574344	0.036298	1511.776076	1.069985	2884.480449	10.461358	1225.111012	2.819174	6060.647983	22.407663
W412	2089.778487	1.280988	430.673153	0.032311	1659.105334	1.281396	3165.585814	11.522499	1344.503493	3.121712	6651.284908	24.677210
W413	3373.549359	1.912736	611.675068	0.031414	2761.874291	1.912994	5269.677515	19.096534	2238.163880	5.140059	11072.240209	40.904991
W414	2953.492225	1.705514	605.660701	0.034974	2347.831524	1.705873	4479.680714	16.263439	1902.632474	4.389396	9412.359822	34.834061
W415	2790.464334	1.436312	667.217472	0.025633	2123.246862	1.436540	4051.171441	14.668547	1720.633865	3.943275	8512.009167	31.421188
W416	2297.615031	1.418847	449.558052	0.030152	1848.056979	1.419168	3526.107015	12.831474	1497.625867	3.475041	7408.784267	27.480846
W417	2301.670814	1.555346	485.057456	0.024469	1816.613358	1.555538	3466.112342	12.681319	1472.144628	3.461142	7282.728084	27.153800
W418	2711.090925	1.360711	532.199264	0.049127	2178.891661	1.361597	4157.342148	15.014313	1765.727220	4.020627	8735.086873	32.164987
W419	1980.852537	1.116140	355.371429	0.024693	1625.481108	1.116413	3101.430531	11.235689	1317.255140	3.022840	6516.486774	24.067250
W420	2003.233463	1.059883	605.474439	0.038471	1397.759024	1.060581	2666.935032	9.699833	1132.714031	2.624899	5603.558322	20.774301
W421	2094.883249	1.170875	468.439255	0.035021	1626.443993	1.171399	3103.267723	11.262455	1318.035441	3.038097	6520.346940	24.122956
W422	2116.984940	1.313806	425.670412	0.025270	1691.314528	1.314048	3227.041205	11.749349	1370.605135	3.184417	6780.410240	25.162791
W423	1572.262366	0.881135	470.265019	0.032056	1101.997346	0.881718	2102.619463	7.665981	893.035090	2.081858	4417.861946	16.416869
W424	1491.858566	0.853034	243.641632	0.024974	1248.216934	0.853399	2381.607568	8.626546	1011.528318	2.320313	5004.050248	18.478487
W425	944.126718	0.776922	239.101124	0.024724	705.025594	0.777316	1345.194289	5.009496	571.337669	1.400649	2826.418552	10.719628
W426	2929.270847	1.808777	602.974525	0.028628	2326.296322	1.809003	4438.591380	16.161145	1885.180806	4.380402	9326.026082	34.611184
W427	1678.116908	1.127644	452.343255	0.023534	1225.773653	1.127890	2338.785613	8.592999	993.340763	2.359276	4914.076057	18.396838
W428	2304.166425	1.301337	482.428369	0.026921	1821.738056	1.301615	3475.890305	12.610849	1476.297574	3.400260	7303.272787	27.011387
W429	2062.091138	1.238520	265.323759	0.024250	1796.767379	1.238758	3428.246060	12.421362	1456.061871	3.342516	7203.166372	26.606866
W430	3258.814865	1.891348	445.991197	0.025183	2812.823668	1.891516	5366.889321	19.428404	2279.452166	5.221189	11276.494161	41.617513
W431	3551.230286	2.489258	312.115977	0.023172	3239.114309	2.489366	6180.255162	22.490691	2624.908988	6.091280	12985.475773	48.167685
W432	2359.376994	1.788175	339.952495	0.026760	2019.424499	1.788375	3853.077569	14.123942	1636.498441	3.865275	8095.789592	30.240677
W433	2555.404541	1.623554	426.402982	0.035958	2129.001559	1.623953	4062.151447	14.777736	1725.297348	4.000392	8535.079510	31.649461
W434	2270.533684	1.214981	472.457329	0.030088	1798.076354	1.215354	3430.743596	12.421670	1457.122637	3.339088	7208.414002	26.608234
W435	3063.295867	1.883063	394.885421	0.036212	2668.410445	1.883411	5091.347775	18.463231	2162.422778	4.974782	10697.547504	39.547401
W436	2433.168258	1.531845	455.306867	0.042239	1977.861391	1.532428	3773.774836	13.738226	1602.816587	3.722779	7929.164804	29.422373
W437	2001.545930	1.081144	652.204219	0.030463	1349.341711	1.081573	2574.554424	9.387435	1093.477675	2.549676	5409.455310	20.103338
W438	3166.765784	1.763610	565.322306	0.034624	2601.443479	1.763950	4963.574285	17.973572	2108.154179	4.832305	10429.079694	38.500701
W439	2649.918385	1.598984	253.517414	0.029000	2396.400970	1.599247	4572.351592	16.547815	1941.992114	4.445319	9607.072729	35.447366
W440	2442.732090	1.359176	391.709749	0.029783	2051.022341	1.359502	3913.366496	14.159634	1662.104657	3.802463	8222.464039	30.331865
W441	3482.078001	1.999731	422.938451	0.031831	3059.139550	1.999985	5836.861929	21.109737	2479.061291	5.664974	12263.964381	45.220715
W442	1980.697300	1.452659	378.878896	0.038418	1601.818404	1.453167	3056.281909	11.219328	1298.079390	3.076586	6421.623969	24.020349
W443	2042.084136	1.192099	351.826266	0.028798	1690.257870	1.192447	3225.025093	11.695000	1369.748842	3.151047	6776.174140	25.050174
W444	2514.291152	1.328345	408.650845	0.027817	2105.640306	1.328636	4017.577996	14.513803	1706.365888	3.888321	8441.425211	31.092403
W445	2563.372658	1.360050	388.626708	0.030343	2174.745949	1.360388	4149.432098	14.986202	1762.367624	4.013284	8718.466885	32.104728
W446	3060.700043	2.029403	279.241194	0.025470	2781.458849	2.029563	5307.045005	19.270478	2254.034788	5.202291	11150.753897	41.274462
W447	3010.712331	1.861507	341.818194	0.039917	2668.894137	1.861935	5092.270663	18.458521	2162.814751	4.970287	10699.486606	39.537964
W448	2818.071023	1.585175	394.401313	0.022509	2423.669710	1.585335	4624.380559	16.724925	1964.090118	4.488385	9716.391983	35.827664
W449	2411.987581	1.242827	665.437172	0.028946	1746.550409	1.243164	3332.431693	12.088594	1415.367112	3.258736	7001.848610	25.892903
W450	2062.603486	1.014112	670.838824	0.025813	1391.764662	1.014441	2655.497742	9.641991	1127.856328	2.602801	5579.527171	20.651728
W451	2715.191301	1.548981	434.199742	0.025372	2280.991559	1.549189	4352.149542	15.760448	1848.466795	4.237656	9144.401155	33.759956
W452	3012.800240	1.899147	525.243009	0.033994	2487.557231	1.899451	4746.278444	17.267329	2015.863199	4.674652	9972.514423	36.981354
W453	1964.350367	1.309934	527.927636	0.036061	1436.422731	1.310430	2740.705684	10.064333	1164.046272	2.761186	5758.559530	21.547256
W454	871.579963	0.588879	454.101280	0.034103	417.478683	0.589865	796.552558	3.048716	338.315800	0.881619	1673.654836	6.517589
W455	1113.061604	0.696932	333.680017	0.021776	779.381587	0.697272	1487.066097	5.454299	631.594176	1.493929	3124.508660	11.677905
W456	1893.259794	1.451245	299.513798	0.024225	1593.745996	1.451447	3040.879691	11.165435	1291.537683	3.062822	6389.262015	23.904757
W457	1988.310679	1.140234	341.480421	0.041247	1646.830258	1.140980	3142.164873	11.386857	1334.556034	3.064953	6602.074634	24.390765
W458	2280.963026	1.332557	339.835509	0.038652	1941.127517	1.333118	3703.686321	13.417476	1573.048241	3.609813	7781.900217	28.740718
W459	1176.084952	0.669233	390.117504	0.037070	785.967448	0.670259	1499.631972	5.485413	636.931217	1.496671	3150.911108	11.745707
W460	2097.126388	1.180798	532.752328	0.021356	1564.374060	1.180991	2984.837810	10.853681	1267.735294	2.936200	6271.511135	23.245708
W461	1727.447276	1.287360	336.211276	0.023768	1391.236000	1.287579	2654.489052	9.756498	1127.427912	2.680086	5577.407788	20.887506
W462	1427.617007	0.861451	466.088942	0.032432	961.528065	0.862061	1834.602988	6.729858	779.201788	1.843632	3854.726386	14.408866
W463	1999.823612	1.134566	569.551360	0.039504	1430.272252	1.135253	2728.970523	9.945802	1159.062056	2.699496	5733.902514	21.299462
W464	1648.651205	0.989927	518.633122	0.037251	1130.018083	0.990628	2156.083245	7.898761	915.742496	2.159853	4530.195923	16.912351
W465	2621.152584	1.850849	431.589853	0.041997	2189.562731	1.851326	4177.702631	15.274324	1774.374827	4.164796	8777.866750	32.706889
W466	1757.336692	1.046131	480.576501	0.037929	1276.760192	1.046818	2436.068324	8.892414	1034.659164	2.419119	5118.478990	19.042448
W467	1818.151074	1.506707	408.489922	0.034482	1409.661152	1.507102	2689.644384	9.989984	1142.359261	2.783566	5651.273462	21.379198
W468	2519.873074	1.789316	291.802073	0.029770	2228.071002	1.789563	4251.176710	15.502326	1805.581106	4.211112	8932.244821	33.198348
W469	2752.773631	1.753974	263.387427	0.032021	2489.386204	1.754266	4749.768137	17.223495	2017.345360	4.640330	9979.846697	36.892026
W470	3086.908665	1.820562	299.770867	0.027304	2787.137798	1.820767	5317.880483	19.232297	2258.636886	5.160954	11173.520568	41.198951
W471	2087.702867	1.165389	588.987027	0.032328	1498.715840	1.165838	2859.561419	10.411972	1214.527276	2.822178	6008.290039	22.298573
W472	2870.650070	1.525030	649.099361	0.031744	2221.550709	1.525360	4238.735941	15.355694	1800.297201	4.131217	8906.105238	32.892463
W473	1916.324774	1.245104	349.035050	0.023300	1567.289724	1.245322	2990.400919	10.899137	1270.098085	2.958466	6283.199911	23.341037
W474	2455.137616	1.413583	348.457831	0.034162	2106.679785	1.413996	4019.561329	14.550066	1707.208259	3.909805	8445.592436	31.167721
W475	2667.725088	1.587445	348.871691	0.026529	2318.853397	1.587667	4424.390222	16.026639	1879.149219	4.311072	9296.187702	34.329783
W476	2952.414883	1.933169	349.614528	0.029692	2602.800355	1.933397	4966.163215	18.045923	2109.253763	4.876970	10434.519354	38.650583
W477	3228.840597	1.927657	481.505764	0.038017	2747.334834	1.928031	5241.936119	19.005218	2226.381415	5.119173	11013.952125	40.708644
W478	2374.633763	1.382970	401.370098	0.036822	1973.263665	1.383460	3765.002340	13.649937	1599.090688	3.676497	7910.732710	29.237821
W479	2298.794167	1.340660	407.714957	0.030659	1891.079210	1.341011	3608.193765	13.087059	1532.490163	3.527142	7581.258619	28.031695
W480	2149.223928	1.273061	560.013960	0.027405	1589.209969	1.273356	3032.224916	11.056007	1287.861784	3.002789	6371.077270	23.676627
W481	2338.355102	1.292321	277.417208	0.024432	2060.937894	1.292552	3932.285448	14.203059	1670.140009	3.804010	8262.215082	30.426922
W482	2490.502143	1.391151	271.335261	0.023552	2219.166882	1.391350	4234.187581	15.293358	1798.365398	4.095966	8896.548574	32.762658
W483	3319.830436	1.880562	489.083633	0.022841	2830.746803	1.880701	5401.086801	19.544142	2293.976691	5.249047	11348.347271	41.866091
W484	1830.464989	1.043197	518.474083	0.023736	1311.990906	1.043467	2503.288799	9.124171	1063.209381	2.476832	5259.717472	19.539827
W485	1981.003407	1.210659	474.084023	0.035983	1506.919384	1.211194	2875.213844	10.485103	1221.175253	2.848355	6041.177708	22.453898
W486	2192.354986	1.174072	564.857211	0.032091	1627.497775	1.174511	3105.278346	11.270644	1318.889403	3.040661	6524.571506	24.140423
W487	2059.743581	1.172457	403.032351	0.032999	1656.711230	1.172922	3161.017844	11.464429	1342.563362	3.089539	6641.687043	24.556176
W488	2095.676509	1.213243	535.619429	0.028454	1560.057080	1.213576	2976.600979	10.838134	1264.236906	2.937693	6254.204541	23.211254
W489	1652.668878	1.063612	423.450958	0.034607	1229.217920	1.064175	2345.357302	8.586073	996.131923	2.345439	4927.883982	18.384465
W490	1227.586383	0.923890	314.931245	0.036945	912.655139	0.924628	1741.353066	6.440408	739.596213	1.784375	3658.796838	13.785000
W491	1706.590959	1.200372	246.600555	0.032032	1459.990404	1.200799	2785.672987	10.170190	1183.145011	2.767359	5853.041360	21.778583
W492	1117.794806	0.602421	368.668696	0.028060	749.126111	0.603074	1429.338415	5.212802	607.075785	1.416254	3003.215705	11.163209
W493	1651.510315	0.985434	287.706962	0.035763	1363.803353	0.986082	2602.147349	9.445235	1105.197081	2.548475	5467.431437	20.230549
W494	633.023052	0.335650	417.500407	0.035511	215.522646	0.337523	411.218875	1.598215	174.654944	0.470174	864.021404	3.414930
W495	2124.272651	1.216069	395.079753	0.027992	1729.192898	1.216391	3299.313428	11.963088	1401.300957	3.222757	6932.263065	25.624513
W496	1190.988237	0.735601	287.759606	0.029891	903.228631	0.736208	1723.367216	6.288972	731.957173	1.710144	3621.006358	13.467517
W497	1520.970231	0.976137	355.203775	0.025578	1165.766456	0.976472	2224.291417	8.128306	944.712213	2.214742	4673.509678	17.405452
W498	2414.549534	1.383589	349.411552	0.029270	2065.137981	1.383898	3940.299246	14.262369	1673.543670	3.832181	8279.053058	30.551508
W499	2341.457491	1.528097	363.491514	0.030415	1977.965977	1.528400	3773.974387	13.737286	1602.901341	3.721866	7929.584084	29.420494
W500	1906.141722	1.343585	420.258498	0.031826	1485.883224	1.343962	2835.076688	10.405407	1204.127999	2.852663	5956.844609	22.277911
W501	2948.246164	1.708436	535.199059	0.029463	2413.047105	1.708690	4604.112546	16.698377	1955.481786	4.500076	9673.806397	35.766998
W502	991.008055	0.642882	502.050061	0.029446	488.957994	0.643556	932.935636	3.538382	396.241105	1.012295	1960.212448	7.566766
W503	2940.401463	1.733745	394.484052	0.026001	2545.917412	1.733940	4857.630119	17.592673	2063.157042	4.730998	10206.477980	37.684567
W504	2585.482080	1.467207	333.582944	0.026268	2251.899136	1.467442	4296.640975	15.537687	1824.890917	4.169002	9027.770831	33.284552
W505	2659.599227	1.684812	508.134782	0.024743	2151.464446	1.684993	4105.010808	14.951445	1743.500791	4.054444	8625.132296	32.020062
W506	3357.195445	1.782848	270.400699	0.022750	3086.794746	1.782993	5889.628259	21.224080	2501.472471	5.664627	12374.832924	45.471887
W507	2738.473933	1.723992	536.911828	0.033304	2201.562105	1.724314	4200.597531	15.299629	1784.098864	4.148877	8825.971750	32.765733
W508	2056.165010	1.412480	377.810190	0.038451	1678.354820	1.413004	3202.313981	11.705474	1360.102865	3.190648	6728.455303	25.065129
W509	2992.323271	1.844287	356.757946	0.036667	2635.565325	1.844651	5028.679032	18.230208	2135.805794	4.909689	10565.872770	39.048742
W510	2904.819235	1.720564	395.568383	0.030298	2509.250853	1.720831	4787.670041	17.343573	2033.443246	4.665726	10059.483256	37.150633
W511	2565.673184	1.462689	438.251292	0.032678	2127.421892	1.463054	4059.137430	14.705903	1724.017220	3.956739	8528.746689	31.500518
W512	2370.459103	1.597667	347.533789	0.031129	2022.925314	1.597971	3859.757151	14.063793	1639.335427	3.815950	8109.824215	30.118615
W513	1191.671169	0.803954	364.865863	0.031496	826.805305	0.804571	1577.550920	5.817612	670.025343	1.605453	3314.628395	12.453293
W514	3175.969633	1.930582	391.473565	0.037427	2784.496069	1.930945	5312.840043	19.253781	2256.496085	5.182717	11162.929985	41.241748
W515	2990.697663	1.824100	479.785530	0.031942	2510.912133	1.824380	4790.839777	17.393105	2034.789513	4.694288	10066.143262	37.253652
W516	1617.242739	1.068217	519.590101	0.032732	1097.652638	1.068719	2094.329726	7.723656	889.514232	2.131564	4400.444190	16.533386
W517	3642.334939	2.032114	382.549186	0.032652	3259.785753	2.032377	6219.696438	22.460999	2641.660684	6.014121	13068.346741	48.118062
W518	1818.340223	1.144853	377.024220	0.044855	1441.316002	1.145731	2750.042084	10.023309	1168.011675	2.720813	5778.176453	21.465391
W519	1982.550654	1.241328	356.151516	0.029862	1626.399138	1.241687	3103.182139	11.289537	1317.999091	3.056298	6520.167116	24.178753
W520	2381.774604	1.233876	352.292924	0.029751	2029.481680	1.234234	3872.266748	13.973681	1644.648566	3.737459	8136.108416	29.936556
W521	2505.161617	1.531047	485.388248	0.034845	2019.773370	1.531444	3853.743217	14.015899	1636.781159	3.792708	8097.188201	30.018130
W522	2164.630885	1.219970	587.834613	0.036103	1576.796272	1.220504	3008.539486	10.951948	1277.801989	2.967565	6321.311271	23.455199
W523	1339.626728	0.919605	455.809377	0.047626	883.817351	0.920837	1686.330344	6.250369	716.226687	1.736746	3543.187337	13.377195
W524	2130.174684	1.195210	442.899172	0.038636	1687.275512	1.195835	3219.334731	11.676408	1367.332003	3.146855	6764.217990	25.010186
W525	1518.669902	1.084877	317.540692	0.030439	1201.129210	1.085304	2291.763826	8.410802	973.369433	2.305639	4815.277502	18.007515
W526	2417.705852	1.822314	427.902902	0.035287	1989.802951	1.822656	3796.559426	13.945112	1612.493772	3.827235	7977.038026	29.855543
W527	3380.684099	2.255047	280.563012	0.031621	3100.121087	2.255269	5915.055019	21.475622	2512.271852	5.796556	12428.257674	45.997759
W528	2738.251958	1.712219	392.590808	0.040820	2345.661149	1.712705	4475.539621	16.251623	1900.873648	4.387489	9403.658877	34.808494
W529	1300.778785	0.920441	499.622392	0.042837	801.156393	0.921437	1528.612597	5.714509	649.240014	1.605764	3211.802964	12.226575
W530	1530.106999	0.834552	530.638990	0.030170	999.468009	0.835097	1906.992694	6.967882	809.947507	1.898204	4006.826057	14.920664
W531	2788.960383	1.788499	451.179758	0.031575	2337.780625	1.788777	4460.503521	16.229138	1894.487440	4.394176	9372.066182	34.757746
W532	1969.803102	1.296418	451.443993	0.028144	1518.359109	1.296724	2897.040927	10.597754	1230.445761	2.891878	6087.039092	22.692501
W533	1876.612888	1.195380	429.205253	0.029873	1447.407635	1.195753	2761.664967	10.084824	1172.948204	2.745023	5802.597559	21.595596
W534	2720.365057	2.014779	556.898492	0.042931	2163.466565	2.015237	4127.910945	15.178265	1753.227052	4.171818	8673.248298	32.494374
W535	1755.303242	1.152864	568.586925	0.039792	1186.716317	1.153550	2264.263915	8.349406	961.689533	2.303900	4757.496810	17.872951
W536	2040.857909	1.134896	606.923538	0.038460	1433.934371	1.135547	2735.957875	9.970183	1162.029759	2.705687	5748.583798	21.351762
W537	2449.281496	1.244168	491.857068	0.036040	1957.424428	1.244689	3734.780952	13.495380	1586.254909	3.616779	7847.233860	28.910412
W538	2075.173974	1.205473	429.407288	0.033393	1645.766685	1.205936	3140.135569	11.404130	1333.694137	3.079452	6597.810815	24.425772
W539	3608.397960	1.977376	418.245608	0.041787	3190.152352	1.977817	6086.835371	21.977541	2585.231265	5.883184	12789.189307	47.082650
W540	1381.022807	1.096489	370.799746	0.033919	1010.223061	1.097014	1927.513417	7.168629	818.663172	2.000890	4049.942620	15.340596
W541	3680.174727	2.138997	504.384114	0.030207	3175.790613	2.139210	6059.433061	21.936728	2573.592818	5.895792	12731.613686	46.990481
W542	3627.903967	2.190693	317.005893	0.032935	3310.898074	2.190940	6317.219141	22.856155	2683.081016	6.137332	13273.253928	48.961101
W543	3178.092684	2.091285	334.699248	0.028955	2843.393436	2.091485	5425.216675	19.706012	2304.225252	5.322432	11399.047103	42.206791
W544	2634.486569	1.731852	279.951510	0.030671	2354.535059	1.732123	4492.471111	16.318087	1908.064875	4.407415	9439.234018	34.950448
W545	1789.421607	1.330262	332.293716	0.028586	1457.127891	1.330569	2780.211289	10.209997	1180.825291	2.801376	5841.565662	21.859069
W546	2467.869173	1.444838	329.909749	0.029683	2137.959425	1.445143	4079.243124	14.769707	1732.556611	3.970276	8570.991225	31.637922
W547	3008.209146	1.646132	608.137272	0.052968	2400.071874	1.646984	4579.355705	16.589315	1944.966936	4.462966	9621.789230	35.534952
W548	2654.711438	1.588975	433.215722	0.031877	2221.495716	1.589295	4238.631014	15.378915	1800.252635	4.146922	8905.884773	32.940292
W549	2434.059082	1.526368	410.696822	0.035773	2023.362260	1.526787	3860.590847	14.037876	1639.689519	3.797495	8111.575914	30.065434
W550	2751.737146	1.619609	443.385769	0.037890	2308.351377	1.620053	4404.352287	15.968500	1870.638606	4.301228	9254.085538	34.204075
W551	2367.085225	1.424062	477.030104	0.032738	1890.055121	1.424439	3606.239794	13.112309	1531.660263	3.546837	7577.153087	28.083170
W552	2093.973589	1.202272	473.869398	0.034991	1620.104190	1.202781	3091.171330	11.232368	1312.897800	3.035483	6494.930931	24.057397
W553	3172.507528	1.799955	346.429509	0.032215	2826.078019	1.800243	5392.178725	19.485349	2290.193209	5.222533	11329.630309	41.742306
W554	1804.254786	1.095581	512.052933	0.028221	1292.201852	1.095945	2465.531132	9.015845	1047.172755	2.458896	5180.383971	19.305499
W555	2608.236381	1.418999	632.990164	0.034816	1975.246217	1.419426	3768.785064	13.676561	1600.697306	3.688831	7918.680678	29.293807
W556	1221.517815	0.678319	539.561905	0.029806	681.955910	0.678973	1301.177152	4.806229	552.642490	1.329294	2733.933137	10.287697
W557	918.011365	0.616317	330.813283	0.030254	587.198082	0.617059	1120.378484	4.155509	475.852772	1.155714	2354.052911	8.893503
W558	1520.411372	0.825342	346.455068	0.026949	1173.956304	0.825781	2239.917711	8.121779	951.349091	2.187935	4706.342441	17.396565
W559	1689.963159	1.108757	266.299916	0.035535	1423.663243	1.109326	2716.360482	9.891325	1153.706256	2.681357	5707.407267	21.183480
W560	1835.507259	0.987192	621.266066	0.035584	1214.241193	0.987833	2316.781591	8.453681	983.995104	2.298475	4867.842901	18.103198
W563	477.276082	0.170185	436.997590	0.028759	40.278492	0.172598	76.851674	0.427994	32.640829	0.157072	161.474815	0.906718
W564	2256.689023	1.421527	552.497102	0.027564	1704.191921	1.421794	3251.611370	11.880000	1381.040699	3.236011	6832.035176	25.439296
W565	1832.756300	1.163923	387.239171	0.026265	1445.517129	1.164219	2758.057867	10.058869	1171.416178	2.732958	5795.018599	21.541035
W566	1216.846673	0.879878	428.020581	0.034382	788.826092	0.880549	1505.086287	5.611092	639.247801	1.571103	3162.371294	12.006486
W567	2591.383009	1.647315	369.432676	0.032579	2221.950334	1.647637	4239.498428	15.404272	1800.621048	4.162612	8907.707317	32.992810
W568	1579.875675	0.981282	548.674821	0.035842	1031.200854	0.981936	1967.539207	7.245057	835.663126	1.995316	4134.041725	15.509752
W569	2418.713391	1.716495	427.733311	0.032083	1990.980080	1.716795	3798.805398	13.903882	1613.447693	3.796896	7981.757089	29.771182
W570	1536.920962	1.265932	329.429513	0.031369	1207.491449	1.266321	2303.903027	8.543836	978.525256	2.375663	4840.783456	18.285386
W571	2911.912749	1.771611	447.996837	0.035120	2463.915913	1.771959	4701.170625	17.060618	1996.704780	4.601783	9877.737351	36.542071
W572	2466.009029	1.736397	520.142596	0.036761	1945.866433	1.736786	3712.728209	13.615744	1576.888557	3.728614	7800.898336	29.152082
W573	2391.184167	1.199664	462.234394	0.030517	1928.949773	1.200052	3680.451091	13.290248	1563.179657	3.558230	7733.080143	28.471688
W574	1877.618933	0.977283	580.049299	0.034659	1297.569634	0.977898	2475.772902	9.001919	1051.522691	2.434988	5201.903189	19.279779
W575	1793.845790	1.340696	455.180081	0.381557	1338.665710	1.393934	2554.184531	9.466632	1084.826072	2.630266	5366.655660	20.260754
W576	2677.810822	1.576147	309.237741	0.028650	2368.573081	1.576407	4519.255764	16.354156	1919.440988	4.392691	9495.511867	35.032647
W577	3824.384252	2.673775	250.860258	0.027811	3573.523993	2.673920	6818.311428	24.783829	2895.907447	6.700935	14326.110417	53.081151
W578	1935.635681	1.387671	552.064119	0.034069	1383.571562	1.388089	2639.865246	9.756469	1121.216815	2.700465	5546.681374	20.883223
W579	2061.278469	1.331713	510.002738	0.032700	1551.275731	1.332114	2959.846096	10.830754	1257.120688	2.956719	6219.000473	23.191155
W580	2292.339984	1.264120	701.823924	0.030197	1590.516060	1.264480	3034.716948	11.060949	1288.920212	3.002503	6376.313335	23.687541
W581	1537.809646	0.883314	495.848444	0.035453	1041.961202	0.884025	1988.070036	7.270026	844.383083	1.982812	4177.179519	15.567191
W582	3182.589494	2.130652	361.371357	0.034825	2821.218137	2.130937	5382.906033	19.574150	2286.254864	5.295486	11310.147243	41.922608
W583	3333.403399	1.834559	339.528262	0.038516	2993.875137	1.834963	5712.336924	20.618455	2426.172405	5.516567	12002.322038	44.171633
W584	1547.172751	1.037066	430.636894	0.033116	1116.535857	1.037594	2130.359055	7.832119	904.816789	2.152245	4476.146237	16.767476
W585	2213.604413	1.286819	433.061895	0.021860	1780.542519	1.287005	3397.288901	12.331277	1442.913591	3.327115	7138.121577	26.412114
W586	2627.459762	1.644057	528.606874	0.043313	2098.852889	1.644627	4004.627550	14.586169	1700.865510	3.955526	8414.214732	31.237759
W587	1916.542169	1.239016	431.097813	0.022278	1485.444357	1.239216	2834.239326	10.355066	1203.772350	2.820618	5955.085208	22.173874
W588	1616.408013	1.189388	324.285477	0.032952	1292.122536	1.189844	2465.379796	9.058554	1047.108479	2.487263	5180.065996	19.393516
W589	2425.760324	1.389518	356.246707	0.030062	2069.513617	1.389843	3948.647993	14.293654	1677.089591	3.841016	8296.594800	30.618436
W590	1810.240513	1.040067	364.409330	0.030491	1445.831183	1.040514	2758.657083	10.011482	1171.670681	2.700520	5796.277626	21.443531
W591	2943.490695	1.793786	573.078984	0.039597	2370.411711	1.794223	4522.763885	16.447873	1920.930974	4.450316	9502.882860	35.226836
W592	1488.798535	0.851294	475.629474	0.031109	1013.169060	0.851862	1933.134406	7.065727	821.050546	1.925766	4061.753008	15.129999
W593	1638.665163	1.061280	577.639830	0.037038	1061.025334	1.061926	2024.444546	7.480658	859.832247	2.070053	4253.606835	16.012070
W594	2783.561617	1.932541	319.636631	0.026436	2463.924986	1.932722	4701.187937	17.124104	1996.712133	4.644101	9877.773727	36.672937
W597	2174.299740	1.635332	421.512212	0.035023	1752.787528	1.635707	3344.332164	12.298515	1420.421540	3.380860	7026.852963	26.329148
W598	1504.922427	0.983382	488.632559	0.034599	1016.289868	0.983991	1939.088931	7.148377	823.579582	1.971754	4074.264196	15.302151
W599	2347.680485	1.626962	401.068551	0.034579	1946.611934	1.627329	3714.150631	13.571354	1577.492695	3.697280	7803.887019	29.060970
W600	1659.120266	1.280856	259.828633	0.024741	1399.291633	1.281095	2669.859262	9.806328	1133.956024	2.691227	5609.702489	20.994710
W601	2208.821416	1.343890	427.890345	0.030839	1780.931071	1.344244	3398.030262	12.356068	1443.228466	3.342598	7139.679266	26.463432
W602	1598.704509	1.155851	491.235279	0.038832	1107.469231	1.156503	2113.059861	7.833459	897.469388	2.177155	4439.798505	16.765253
W603	2894.386898	2.156491	352.137772	0.027779	2542.249126	2.156670	4850.631001	17.737809	2060.184341	4.837732	10191.771973	37.981696
W604	1930.513814	1.296929	499.801468	0.414385	1430.712345	1.361522	2729.810225	10.051549	1159.418698	2.768077	5735.666830	21.517740
W605	2408.650187	1.673258	430.238758	0.448306	1978.411429	1.732274	3774.824314	13.828025	1603.262326	3.780793	7931.369885	29.607810
W606	2250.606024	1.427900	271.210287	0.031995	1979.395738	1.428258	3776.702382	13.707507	1604.059989	3.698062	7935.315937	29.359911
W607	2984.983440	1.472629	613.472850	0.022396	2371.510590	1.472799	4524.860554	16.338595	1921.821482	4.374026	9507.288220	35.002227
W608	3488.864022	1.781884	677.278214	0.026622	2811.585808	1.782083	5364.527476	19.382432	2278.449031	5.193735	11271.531634	41.522077
W609	2871.877503	1.607002	557.070342	0.021345	2314.807161	1.607144	4416.669972	16.006751	1875.870235	4.308964	9279.966509	34.286528
W610	2658.532276	1.742951	428.427201	0.034240	2230.105076	1.743288	4255.057739	15.496601	1807.229476	4.201744	8940.399341	33.187679
W611	3624.767559	1.970306	598.445247	0.031258	3026.322313	1.970553	5774.246387	20.880535	2452.466903	5.602357	12132.401430	44.729946
W612	3228.944154	2.154075	616.648286	0.033125	2612.295867	2.154330	4984.280726	18.199563	2116.948723	4.953165	10472.586474	38.972590
W613	2935.362873	2.044270	505.585933	0.024199	2429.776940	2.044414	4636.033201	16.945640	1969.039287	4.618792	9740.875615	36.286028
W614	2397.836252	1.425628	471.135462	0.023973	1926.700789	1.425829	3676.160013	13.356257	1561.357129	3.608745	7724.064061	28.606470
W615	1126.016622	0.839760	391.520029	0.023607	734.496593	0.840092	1401.425183	5.236298	595.220337	1.470398	2944.566572	11.203617
W616	2522.967090	1.466947	443.584062	0.022947	2079.383029	1.467127	3967.478907	14.387440	1685.087552	3.876510	8336.160866	30.817258
W617	2838.182948	1.769475	404.431377	0.021221	2433.751570	1.769602	4643.616826	16.859105	1972.260242	4.550360	9756.809745	36.109856
W618	2694.035921	1.596103	462.627544	0.021982	2231.408377	1.596255	4257.544448	15.447489	1808.285644	4.165393	8945.624223	33.087174
W619	2151.564670	1.250988	364.684333	0.022330	1786.880337	1.251188	3409.381508	12.360051	1448.049624	3.328841	7163.529629	26.474967
W620	2524.978837	1.566159	407.319596	0.020597	2117.659240	1.566294	4040.510215	14.679687	1716.105775	3.966192	8489.608621	31.441022
W621	1977.296912	1.251681	514.113199	0.027506	1463.183713	1.251983	2791.765845	10.213705	1185.732800	2.787492	5865.843204	21.870070
W622	3173.678881	2.125197	491.985985	0.031014	2681.692897	2.125423	5116.690795	18.646611	2173.186592	5.060566	10750.796304	39.932811
W623	2398.133755	1.531535	443.034133	0.025722	1955.099622	1.531751	3730.345206	13.587046	1584.370936	3.684543	7837.913812	29.098044
W624	3003.555148	1.648447	423.524167	0.025286	2580.030980	1.648641	4922.719072	17.790623	2090.801949	4.769007	10343.237872	38.111655
W625	1234.462625	0.970729	234.481675	0.026740	999.980950	0.971097	1907.971390	7.035117	810.363184	1.941062	4008.882418	15.059587
W626	1347.318534	0.712164	467.296320	0.024721	880.022214	0.712593	1679.089193	6.125394	713.151189	1.664880	3527.972789	13.117383
W627	2363.539544	1.626227	380.828488	0.026642	1982.711056	1.626446	3783.028036	13.809590	1606.746652	3.756940	7948.606913	29.572189
W628	555.134583	0.091479	543.493917	0.035621	11.640666	0.098169	22.210481	0.203287	9.433347	0.082192	46.666950	0.428445
W629	2740.352745	2.043233	398.178269	0.036624	2342.174477	2.043561	4468.887023	16.367245	1898.048123	4.473784	9389.680952	35.044909
W630	1718.538721	1.263839	291.503059	0.024698	1427.035662	1.264080	2722.795085	9.980895	1156.439193	2.731511	5720.927160	21.370015
W631	1495.561634	1.140510	295.473977	0.023208	1200.087657	1.140746	2289.776534	8.430639	972.525381	2.321454	4811.101958	18.047847
W632	1295.017806	0.801467	310.302667	0.023336	984.715139	0.801807	1878.844104	6.855995	797.992097	1.864196	3947.682410	14.681795
W633	1256.572714	0.817946	405.870894	0.035846	850.701821	0.818731	1623.145656	5.981198	689.390569	1.648875	3410.428540	12.803826
W634	1805.601895	1.113973	424.964591	0.037373	1380.637304	1.114600	2634.266658	9.608503	1118.838955	2.611031	5534.918053	20.576490
W635	1563.176682	0.943355	495.024288	0.022520	1068.152394	0.943624	2038.043033	7.469637	865.607865	2.043792	4282.178928	15.993274
W636	1211.708699	0.631886	522.616550	0.026593	689.092150	0.632445	1314.793153	4.829946	558.425546	1.325804	2762.542029	10.340541
W637	2528.255629	1.444084	448.994189	0.026044	2079.261439	1.444319	3967.246914	14.378227	1684.989019	3.870675	8335.673420	30.798201
W638	2177.786275	1.228525	611.984524	0.021921	1565.801752	1.228721	2987.561857	10.882414	1268.892265	2.951418	6277.234692	23.305734
W639	3410.883846	1.905078	561.596884	0.021040	2849.286962	1.905194	5436.461569	19.676427	2309.001240	5.286300	11422.674006	42.149113
W640	3297.639939	1.972860	568.716917	0.021091	2728.923022	1.972973	5206.806239	18.899531	2211.460876	5.099373	10940.139930	40.480512
W641	4528.537095	2.357644	526.165428	0.023754	4002.371666	2.357764	7636.556106	27.533551	3243.436433	7.354397	16045.343064	58.988559
W642	2664.677785	1.863146	569.170409	0.026227	2095.507376	1.863331	3998.244287	14.659569	1698.154378	4.013208	8400.802711	31.387227
W643	4039.628401	2.104466	619.587686	0.036370	3420.040715	2.104780	6525.464145	23.556203	2771.527879	6.303714	13710.802278	50.465045
W644	2568.301181	1.626963	326.245091	0.024432	2242.056089	1.627146	4277.860365	15.530017	1816.914322	4.191165	8988.310461	33.263230
W645	4468.010941	2.825414	300.217917	0.025711	4167.793024	2.825531	7952.181335	28.795419	3377.490364	7.741752	16708.510468	61.681903
W646	4678.629323	3.328026	356.367622	0.023656	4322.261702	3.328110	8246.908769	30.014036	3502.668479	8.129876	17327.769033	64.280020
W647	4333.998526	3.015409	498.301230	0.023396	3835.697295	3.015500	7318.540117	26.660600	3108.367086	7.231516	15377.152380	57.096051
W648	3090.507801	1.837804	622.450983	0.028747	2468.056818	1.838029	4709.071504	17.113553	2000.060481	4.625726	9894.338069	36.653493
W649	3921.816242	2.337248	688.042069	0.033040	3233.774173	2.337481	6170.066142	22.395760	2620.581456	6.042633	12964.067389	47.969028
W650	3215.029271	1.960082	601.905143	0.027065	2613.124127	1.960268	4985.861053	18.125026	2117.619928	4.901336	10475.906934	38.819398
W651	2783.378937	1.459909	507.449014	0.023369	2275.929923	1.460096	4342.491902	15.695645	1844.364953	4.208211	9124.109266	33.623564
W652	1943.795815	1.220506	551.031963	0.026045	1392.763852	1.220784	2657.404206	9.735257	1128.666050	2.661997	5583.532884	20.844553
W653	1919.049541	1.316707	546.343672	0.022685	1372.705869	1.316903	2619.133418	9.649259	1112.411489	2.659278	5503.121255	20.656132
W654	3628.336089	2.194888	433.785057	0.023828	3194.551032	2.195018	6095.228085	22.081790	2588.795861	5.941001	12806.823433	47.299961
W655	3574.751566	2.236171	504.019565	0.021676	3070.732001	2.236276	5858.980416	21.272947	2488.455565	5.742215	12310.438041	45.563584
W656	1854.757875	1.209847	424.967672	0.022249	1429.790204	1.210052	2728.050771	9.974673	1158.671414	2.719953	5731.970003	21.358714
W657	1812.914968	1.041065	459.305575	0.025089	1353.609393	1.041367	2582.697195	9.399178	1096.936114	2.545803	5426.564271	20.129923
W658	1801.726303	1.101795	359.094056	0.021680	1442.632247	1.102009	2752.553490	10.014180	1169.078332	2.711132	5783.453226	21.447306
W659	1851.353115	1.201584	556.925495	0.024079	1294.427620	1.201825	2469.777914	9.079446	1048.976470	2.494808	5189.306981	19.437872
W660	2222.666883	1.406474	550.215468	0.032654	1672.451415	1.406853	3191.050240	11.663783	1355.318872	3.179082	6704.788798	24.975896
W661	1341.687250	0.843083	468.647353	0.021650	873.039897	0.843361	1665.766879	6.139818	707.492868	1.693195	3499.980968	13.143258
W662	2370.610585	1.763317	362.917968	0.026054	2007.692617	1.763510	3830.693047	14.035242	1626.991175	3.838437	8048.756961	30.051288
W663	724.646777	0.563978	407.300092	0.022018	317.346685	0.564408	605.499930	2.408009	257.170969	0.725456	1272.229782	5.141410
W664	1268.090931	0.897486	432.463303	0.024560	835.627628	0.897822	1594.383979	5.924365	677.174765	1.651639	3349.996721	12.678327
W665	3291.621769	2.609563	443.279201	0.033452	2848.342569	2.609777	5434.659659	19.962339	2308.235924	5.478790	11418.887971	42.737992
W666	2208.633926	1.647569	250.458154	0.023788	1958.175772	1.647741	3736.214523	13.656679	1586.863782	3.722358	7850.245969	29.243307
W667	1731.684443	1.391003	268.869443	0.024749	1462.815001	1.391223	2791.062339	10.276669	1185.434003	2.829913	5864.365051	21.999697
W668	1708.561848	1.310137	286.944781	0.021467	1421.617067	1.310313	2712.456362	9.966974	1152.048078	2.736917	5699.204232	21.338313
W669	2807.010697	1.501057	560.406588	0.023405	2246.604108	1.501239	4286.538021	15.514117	1820.599940	4.167910	9006.543283	33.233005
W670	2222.093570	1.266661	445.991664	0.024053	1776.101906	1.266890	3388.816178	12.294140	1439.315014	3.314548	7120.319343	26.333088
W671	2353.344455	1.417543	378.350403	0.023494	1974.994053	1.417738	3768.303934	13.674246	1600.492958	3.687980	7917.669764	29.288894
W672	1653.535734	0.898778	632.265880	0.036699	1021.269854	0.899527	1948.590783	7.140554	827.615256	1.953275	4094.228757	15.288771
W673	2252.848229	1.275082	583.989138	0.026483	1668.859091	1.275357	3184.196058	11.584772	1352.407729	3.136422	6690.387319	24.811016
W674	3012.594683	1.840497	620.395775	0.031041	2392.198908	1.840759	4564.334025	16.611077	1938.586853	4.499234	9590.226835	35.575407
W675	3194.510481	1.816799	446.221845	0.028607	2748.288636	1.817025	5243.755981	18.971724	2227.154356	5.094058	11017.775878	40.640148
W676	2659.916135	1.558000	468.356474	0.029143	2191.559662	1.558273	4181.512791	15.168072	1775.993097	4.088629	8785.872365	32.488974
W677	3274.060511	2.009958	516.242183	0.023615	2757.818328	2.010097	5261.938707	19.105843	2234.877014	5.157508	11055.980021	40.921907
W678	2486.181299	1.623985	347.596803	0.022501	2138.584496	1.624141	4080.435765	14.841410	1733.063156	4.016504	8573.497110	31.786059
W679	3941.939441	2.813941	458.128823	0.030985	3483.810618	2.814112	6647.137614	24.246150	2823.205646	6.588955	13966.453193	51.922777
W680	3477.299882	2.706004	427.483640	0.030054	3049.816243	2.706170	5819.072988	21.332989	2471.505882	5.839105	12226.587627	45.675726
W681	3831.842833	2.533451	485.218429	0.023243	3346.624403	2.533558	6385.385255	23.221808	2712.032870	6.283211	13416.479312	49.734733
W682	2778.948584	1.648896	537.609618	0.026918	2241.338966	1.649115	4276.492089	15.533685	1816.333181	4.195594	8985.435545	33.270389
W683	2968.542208	1.658223	391.975012	0.023104	2576.567197	1.658384	4916.110146	17.770787	2087.994972	4.765328	10329.351705	38.068831
W684	3397.070001	2.154120	441.815284	0.022162	2955.254717	2.154234	5638.648865	20.473748	2394.875243	5.526801	11847.494367	43.851751
W685	1783.486680	0.996582	584.590862	0.026863	1198.895818	0.996944	2287.502496	8.356128	971.559540	2.275581	4806.323925	17.893550
W686	2140.826994	1.346396	477.686037	0.027487	1663.140958	1.346677	3173.285815	11.576274	1347.773876	3.146421	6667.463557	24.790312
W687	2311.481661	1.424129	563.429374	0.030220	1748.052287	1.424450	3335.297289	12.171129	1416.584203	3.309603	7007.869579	26.063874
W688	2574.756516	1.500455	609.815210	0.027613	1964.941307	1.500709	3749.123216	13.639728	1592.346427	3.692629	7877.368718	29.212129
W689	2513.627727	1.641345	352.690273	0.023155	2160.937454	1.641508	4123.085382	14.996692	1751.177515	4.058589	8663.109197	32.118616
W690	1767.946642	1.161863	460.384491	0.023799	1307.562151	1.162106	2494.838700	9.147061	1059.620413	2.503999	5241.962775	19.584559
W691	2599.457928	1.693814	327.552366	0.020437	2271.905562	1.693937	4334.813390	15.754214	1841.103697	4.258611	9107.975767	33.742024
W692	2982.367700	1.883546	515.951943	0.030788	2466.415757	1.883798	4705.940347	17.120772	1998.730601	4.635053	9887.759124	36.667458
W693	1505.360600	1.202212	340.533715	0.021952	1164.826885	1.202412	2222.498709	8.231689	943.950805	2.285057	4669.742977	17.618127
W694	1776.946669	1.070048	555.899426	0.025409	1221.047243	1.070350	2329.767587	8.535014	989.510581	2.333817	4895.128076	18.274661
W695	2998.217185	2.172603	573.663000	0.027740	2424.554186	2.172780	4626.068145	16.969316	1964.806878	4.648540	9719.937809	36.331948
W696	970.560608	0.556765	529.649693	0.033984	440.910914	0.557801	841.261436	3.176033	357.304779	0.903557	1767.593684	6.792977
W697	1321.203159	0.887317	580.117286	0.025889	741.085872	0.887695	1413.997578	5.307174	600.560148	1.498899	2970.982721	11.353445
W698	1452.729729	0.986151	292.187609	0.022485	1160.542120	0.986408	2214.323344	8.098182	940.478523	2.208987	4652.565531	17.340445
W699	1768.337656	1.485194	304.110549	0.030397	1464.227106	1.485505	2793.756648	10.333814	1186.578344	2.863484	5870.026125	22.118329
W700	1133.339163	0.784875	375.314863	0.027899	758.024300	0.785371	1446.316229	5.358403	614.286687	1.488026	3038.888179	11.468369
W701	3785.198227	2.855603	410.728612	0.026960	3374.469615	2.855730	6438.514133	23.541319	2734.598034	6.419364	13528.109616	50.408906
W702	2541.711084	2.025593	385.361473	0.027658	2156.349611	2.025781	4114.331741	15.136669	1747.459624	4.163562	8644.716721	32.404667
W703	2250.693607	1.355552	478.461430	0.024452	1772.232177	1.355773	3381.432705	12.302928	1436.179068	3.331079	7104.805760	26.349040
W704	1279.739349	0.923921	503.427932	0.022246	776.311417	0.924189	1481.208191	5.555975	629.106176	1.567933	3112.200479	11.885958
W705	3575.918780	1.857471	693.204777	0.031521	2882.714003	1.857738	5500.240621	19.883089	2336.089799	5.332069	11556.681635	42.593771
W706	1523.632999	1.062463	457.637721	0.026052	1065.995278	1.062783	2033.927239	7.513574	863.859784	2.078364	4273.531139	16.082690
W707	3218.159635	1.834360	562.644725	0.029959	2655.514910	1.834604	5066.742995	18.359410	2151.972512	4.940963	10645.849836	39.326201
W708	2645.934165	1.655614	628.656720	0.026806	2017.277445	1.655831	3848.980972	14.050787	1634.758514	3.822731	8087.182140	30.088658
W709	3162.371556	1.905870	632.000203	0.026323	2530.371354	1.906052	4827.968120	17.554141	2050.558849	4.748188	10144.154474	37.596453
W710	3851.258230	2.209560	613.159485	0.024081	3238.098745	2.209691	6178.317459	22.377306	2624.085996	6.018299	12981.404419	47.933412
W711	2750.560094	1.582119	533.668364	0.022680	2216.891730	1.582281	4229.846572	15.345645	1796.521663	4.137392	8887.427581	32.869143
W712	3419.362965	2.066696	496.043404	0.025623	2923.319561	2.066855	5577.716339	20.228305	2368.995675	5.450892	11719.467642	43.328002
W713	3250.938572	2.130773	434.367456	0.027536	2816.571116	2.130951	5374.039481	19.543306	2282.489018	5.287696	11291.517527	41.856436
W714	3624.367271	2.376543	408.951362	0.021775	3215.415909	2.376643	6135.038433	22.288756	2605.704311	6.021783	12890.469866	47.738213
W715	2186.517819	1.564027	349.133969	0.023541	1837.383850	1.564204	3505.742602	12.822251	1488.976591	3.498031	7365.996133	27.455893
W716	3321.948034	1.797035	574.391830	0.022129	2747.556205	1.797171	5242.358497	18.959949	2226.560809	5.088185	11014.839592	40.615471
W717	4715.099666	3.023361	400.682641	0.023709	4314.417025	3.023454	8231.941064	29.844214	3496.311320	8.038084	17296.320047	63.925598
W718	2971.966308	1.727395	440.081253	0.022413	2531.885055	1.727541	4830.856274	17.496842	2051.785520	4.705682	10150.222841	37.479198
W719	3210.467083	2.174089	607.725858	0.039710	2602.741225	2.174452	4966.050394	18.145138	2109.205845	4.943092	10434.282305	38.855076
W720	1809.647736	1.011968	544.044773	0.021801	1265.602963	1.012203	2414.780245	8.803919	1025.617584	2.390820	5073.750119	18.853804
W721	2272.890639	1.521175	535.033442	0.030241	1737.857197	1.521476	3315.844977	12.146603	1408.322319	3.321037	6966.997881	26.007648
W722	3123.583004	1.761474	590.003732	0.034952	2533.579272	1.761821	4834.088853	17.520566	2053.158477	4.716887	10157.014886	37.529043
W723	2225.366970	1.354679	437.517415	0.025647	1787.849555	1.354922	3411.230784	12.406234	1448.835057	3.357026	7167.415185	26.570698
W724	2642.908669	1.509717	568.712002	0.028039	2074.196668	1.509977	3957.583290	14.369085	1680.884636	3.878567	8315.368958	30.776525
W725	2222.832811	1.404586	523.343070	0.025280	1699.489741	1.404814	3242.639576	11.841556	1377.230154	3.223330	6813.184334	25.357427
W726	2420.096480	1.583594	468.577852	0.025923	1951.518628	1.583806	3723.512642	13.585060	1581.468975	3.693009	7823.557754	29.091956
W727	2494.777862	2.005324	422.588024	0.027220	2072.189838	2.005508	3953.754244	14.574950	1679.258344	4.020087	8307.323661	31.199854
W728	3084.837790	2.513703	457.490434	0.026006	2627.347356	2.513837	5012.999083	18.465273	2129.146128	5.087659	10532.927272	39.528801
W729	1634.465720	1.233171	384.913744	0.022898	1249.551976	1.233383	2384.154838	8.801001	1012.610207	2.432095	5009.402374	18.838902
W730	2422.425363	1.422525	477.093795	0.024003	1945.331568	1.422728	3711.707683	13.478883	1576.455114	3.639281	7798.754085	28.869636
W731	1552.288074	0.843232	444.514059	0.025635	1107.774015	0.843622	2113.641392	7.688690	897.716379	2.081143	4441.020373	16.466902
W732	1678.707862	1.202842	350.559930	0.021847	1328.147932	1.203040	2534.116530	9.301634	1076.302690	2.550377	5324.490324	19.914675
W733	2770.444352	2.165624	259.289642	0.023075	2511.154710	2.165747	4791.302616	17.536674	2034.986092	4.789017	10067.115742	37.549750
W734	1811.718691	1.150380	489.315508	0.022089	1322.403183	1.150592	2523.155504	9.239569	1071.647268	2.524958	5301.459861	19.783521
W735	1831.960048	1.418155	310.752004	0.022459	1521.208045	1.418333	2902.476719	10.673016	1232.754478	2.933778	6098.460359	22.849263
W736	2483.685303	1.868521	392.340051	0.024904	2091.345252	1.868687	3990.302921	14.634653	1694.781482	4.008005	8384.116925	31.333547
W737	2730.396547	1.951200	455.598740	0.039717	2274.797808	1.951604	4340.331817	15.881455	1843.447511	4.335210	9119.570661	34.005941
W738	2560.308922	1.608529	378.486636	0.025014	2181.822286	1.608724	4162.933802	15.122517	1768.102136	4.085062	8746.835625	32.389636
W739	2163.618110	1.245991	444.636766	0.027843	1718.981344	1.246302	3279.829705	11.906374	1393.025732	3.213047	6891.325367	25.501908
W740	3175.750270	1.790371	513.209457	0.022705	2662.540813	1.790514	5080.148471	18.390408	2157.666153	4.942246	10674.016390	39.394025
W741	2153.793051	1.568995	546.663182	0.031173	1607.129869	1.569305	3066.416224	11.310893	1302.383687	3.122430	6442.917411	24.212105
W742	3285.900040	1.761788	544.220445	0.022570	2741.679595	1.761933	5231.145879	18.908655	2221.798530	5.070079	10991.280504	40.506464
W743	1878.822734	1.203680	563.939897	0.027172	1314.882837	1.203986	2508.806627	9.214866	1065.552941	2.528939	5271.311105	19.728423
W744	2687.271628	1.570233	502.233744	0.031245	2185.037883	1.570544	4169.069187	15.129290	1770.707987	4.080714	8759.726824	32.405394
W745	2696.793808	1.722198	395.166348	0.024187	2301.627460	1.722367	4391.523001	15.962775	1865.189688	4.315964	9227.129632	34.188516
W746	3000.061685	1.832454	297.438244	0.023965	2702.623441	1.832611	5156.626436	18.672651	2190.148258	5.020264	10834.705993	39.998179
W747	3192.931814	1.945466	467.572124	0.021885	2725.359691	1.945589	5200.007376	18.865482	2208.573229	5.086447	10925.854681	40.408340
W748	3168.776836	2.160339	284.653264	0.023508	2884.123572	2.160467	5502.930090	20.003501	2337.232084	5.408826	11562.332540	42.842734
W749	2987.476014	1.752898	344.122535	0.026404	2643.353479	1.753097	5043.538889	18.249249	2142.117148	4.900835	10597.095157	39.092348
W750	2742.005350	1.614198	588.445324	0.025766	2153.560026	1.614404	4109.009192	14.936980	1745.199005	4.039056	8633.533391	31.991414
W751	2639.932856	1.803824	514.862391	0.036788	2125.070465	1.804199	4054.650889	14.827701	1722.111674	4.044289	8519.319915	31.750275
W752	2363.812798	1.587055	607.555460	0.040883	1756.257338	1.587582	3350.952588	12.298357	1423.233400	3.371451	7040.763287	26.330741
W753	2228.483629	1.399799	479.781254	0.021983	1748.702375	1.399971	3336.537661	12.165090	1417.111020	3.303820	7010.475754	26.051785
W754	1819.505933	1.143074	397.838891	0.021673	1421.667042	1.143279	2712.551716	9.892175	1152.088577	2.687382	5699.404582	21.184120
W755	2027.323371	1.391717	549.384240	0.032245	1477.939131	1.392091	2819.919297	10.376289	1197.690275	2.854826	5924.997067	22.213478
W756	3385.748087	2.063992	454.324895	0.023976	2931.423192	2.064131	5593.178131	20.281241	2375.562685	5.463901	11751.954768	43.441642
W757	2055.766371	1.264829	347.111513	0.027066	1708.654857	1.265118	3260.126688	11.844974	1384.657368	3.200510	6849.926906	25.369580
W758	2199.964575	1.484262	375.074512	0.023893	1824.890063	1.484454	3481.904360	12.705016	1478.851893	3.454344	7315.909055	27.207254
W759	1971.709439	1.352180	369.196141	0.027036	1602.513298	1.352450	3057.607772	11.177977	1298.642517	3.047429	6424.409770	23.935476
W760	1566.350193	1.124041	515.316304	0.026419	1051.033890	1.124352	2005.380794	7.448831	851.735395	2.075645	4213.551549	15.940942
W761	1163.491596	0.816429	346.523933	0.028445	816.967663	0.816924	1558.780622	5.759572	662.053129	1.593650	3275.189693	12.328179
W762	2505.194601	1.927892	494.655562	0.025558	2010.539039	1.928061	3836.124042	14.132455	1629.297854	3.894680	8060.168148	30.253321
W763	1764.334034	1.232722	446.097454	0.025040	1318.236579	1.232976	2515.205593	9.250822	1068.270742	2.543566	5284.756120	19.804421
W764	1840.088811	1.239281	318.179383	0.023066	1521.909427	1.239495	2903.814962	10.596281	1233.322863	2.881254	6101.272173	22.691437
W765	1850.785323	1.222406	365.613759	0.025550	1485.171564	1.222673	2833.718835	10.346101	1203.551285	2.815420	5953.991594	22.155240
W766	3612.177249	2.797655	371.642254	0.025656	3240.534996	2.797772	6182.965844	22.631645	2626.060282	6.180899	12991.171249	48.459060
W767	2247.630534	1.515310	362.642905	0.022721	1884.987628	1.515480	3596.570979	13.115864	1527.553675	3.563088	7556.837717	28.087673
W768	2592.106546	1.853008	351.909045	0.023429	2240.197501	1.853156	4274.314164	15.609652	1815.408162	4.249258	8980.859457	33.426354
W769	2451.526610	1.724647	236.400757	0.019620	2215.125853	1.724759	4226.477265	15.389725	1795.090634	4.171667	8880.348253	32.959017
W770	1401.809666	1.087478	233.241735	0.021954	1168.567931	1.087700	2229.636654	8.197952	946.982469	2.253098	4684.740677	17.550607
W771	1900.816685	1.180819	499.810915	0.027730	1401.005771	1.181145	2673.129850	9.771859	1135.345125	2.663869	5616.574396	20.924590
W772	2513.881949	1.568691	290.673309	0.027399	2223.208639	1.568930	4241.899285	15.382704	1801.640752	4.144719	8912.751812	32.949059
W773	2235.759619	1.290923	567.466504	0.033729	1668.293114	1.291364	3183.116170	11.587472	1351.949074	3.139774	6688.118342	24.816266
W774	3861.171774	1.982842	565.513161	0.032572	3295.658613	1.983109	6288.142133	22.684978	2670.731283	6.064664	13212.159560	48.599783
W775	3617.293134	1.981313	444.817168	0.023444	3172.475966	1.981452	6053.108688	21.860563	2570.906699	5.853819	12718.325402	46.831657
W776	3225.121859	1.753044	420.082139	0.024217	2805.039720	1.753211	5352.037488	19.329085	2273.144221	5.176108	11245.288635	41.408464
W777	3391.875566	2.182697	453.912007	0.030785	2937.963558	2.182914	5605.657200	20.369916	2380.862858	5.505123	11778.174825	43.628072
W778	3753.641816	2.118521	571.210454	0.029333	3182.431362	2.118724	6072.103661	21.973788	2578.974339	5.902204	12758.236175	47.070582
W779	3101.341827	2.041103	450.870659	0.026957	2650.471169	2.041281	5057.119497	18.405202	2147.885171	4.985471	10625.629684	39.417769
W780	3333.238999	2.002057	486.264413	0.026163	2846.974586	2.002228	5432.049537	19.696074	2307.127340	5.305891	11413.403784	42.188311
W781	2985.262494	1.922399	438.221684	0.022313	2547.040810	1.922528	4859.773572	17.671335	2064.067420	4.780502	10210.981639	37.847326
W782	4665.840855	3.072969	274.720410	0.023871	4391.120446	3.073062	8378.291785	30.373269	3558.470133	8.179965	17603.820899	65.058945
W783	3602.121934	2.083204	530.090749	0.022773	3072.031185	2.083328	5861.459269	21.225001	2489.508396	5.706513	12315.646415	45.465492
W784	1821.707880	1.642797	521.558473	0.022273	1300.149407	1.642948	2480.695128	9.364218	1053.613284	2.663628	5212.245392	20.028509
W785	3694.474006	2.036743	696.028494	0.024530	2998.445512	2.036890	5721.057237	20.717829	2429.876140	5.570654	12020.644486	44.378992
W786	4009.880677	2.837783	551.396404	0.023991	3458.484273	2.837884	6598.814751	24.088717	2802.681717	6.553547	13864.920919	51.584130
W787	3424.438324	2.008312	460.472724	0.021865	2963.965599	2.008431	5655.269295	20.477789	2401.934356	5.505387	11882.415935	43.864955
W788	4061.407432	2.335592	465.822434	0.022540	3595.584998	2.335701	6860.403996	24.806348	2913.785213	6.654908	14414.552075	53.139914
W789	4140.884362	2.465994	533.378142	0.033438	3607.506220	2.466221	6883.149779	24.931744	2923.445917	6.705949	14462.343763	53.405029
W790	3146.911420	1.846310	545.129810	0.025423	2601.781611	1.846485	4964.219443	18.005975	2108.428195	4.853082	10430.435252	38.567675
W791	2841.960145	1.752859	552.376891	0.023176	2289.583253	1.753012	4368.542562	15.894993	1855.429320	4.303880	9178.844903	34.042077
W792	1995.059002	1.235990	487.751983	0.044716	1507.307019	1.236799	2875.953454	10.498542	1221.489384	2.856215	6042.731719	22.481820
W793	2101.772636	1.350954	416.775976	0.025819	1684.996661	1.351201	3214.986666	11.722847	1365.485271	3.184082	6755.082171	25.104639
W794	3322.346967	2.173698	499.450255	0.025941	2822.896711	2.173853	5386.108766	19.602457	2287.615145	5.309739	11316.876577	41.981893
W795	3306.240227	2.035283	340.751675	0.020341	2965.488552	2.035385	5658.175101	20.497624	2403.168524	5.514463	11888.521389	43.906688
W796	3649.419901	2.636826	375.843217	0.026210	3273.576684	2.636956	6246.009640	22.779897	2652.836559	6.189283	13123.634013	48.783065
W797	2155.014933	1.458714	402.605979	0.022151	1752.408954	1.458882	3343.609843	12.214756	1420.114752	3.326663	7025.335277	26.156237
W798	1726.074978	1.048757	422.411742	0.023561	1303.663236	1.049022	2487.399541	9.071355	1056.460816	2.464497	5226.332188	19.426311
W799	1718.220100	1.216934	310.707084	0.023048	1407.513016	1.217152	2685.545724	9.830840	1140.618457	2.685228	5642.661674	21.049805
W800	1305.726222	0.798928	453.419563	0.031987	852.306658	0.799568	1626.207699	5.982284	690.691095	1.645305	3416.862268	12.806951
W801	1679.649275	1.216509	256.590399	0.021701	1423.058876	1.216702	2715.207345	9.933192	1153.216490	2.710771	5704.984385	21.269456
W802	1374.914997	1.010398	340.312086	0.021257	1034.602910	1.010622	1974.030357	7.281666	838.420080	2.010211	4147.680428	15.587124
W803	2109.363971	1.437485	479.967295	0.022359	1629.396676	1.437658	3108.901465	11.393626	1320.428232	3.117132	6532.184125	24.395009
W804	2262.961420	1.602475	467.206883	0.021058	1795.754537	1.602614	3426.313550	12.565284	1455.241086	3.440915	7199.105931	26.902992
W805	2315.092445	1.244529	490.591938	0.039948	1824.500508	1.245170	3481.161085	12.608494	1478.536206	3.391029	7314.347344	27.008081
W806	3009.707631	1.694117	447.217254	0.027950	2562.490377	1.694348	4889.251466	17.689196	2076.587419	4.749712	10272.918317	37.892785
W807	1967.771889	1.124820	577.864893	0.027306	1389.906996	1.125152	2651.953302	9.674313	1126.350915	2.629423	5572.079866	20.717317
W808	1627.588342	0.936751	556.122786	0.029585	1071.465556	0.937218	2044.364571	7.488534	868.292780	2.047313	4295.461257	16.034073
W809	2514.601611	1.627532	416.721135	0.023322	2097.880476	1.627699	4002.772180	14.572806	1700.077488	3.949299	8410.316371	31.209671
W810	2995.532221	1.699208	505.704337	0.022068	2489.827884	1.699351	4750.610867	17.206384	2017.703288	4.627638	9981.617377	36.857006
W811	2633.327588	1.628019	403.988021	0.021287	2229.339567	1.628158	4253.597142	15.445852	1806.609125	4.170012	8937.330448	33.082643
W812	3707.799425	2.313525	393.492435	0.020602	3314.306990	2.313616	6323.723380	22.922824	2685.843529	6.172589	13286.920134	49.100413
W813	4127.706542	3.220769	424.538312	0.026261	3703.168231	3.220876	7065.673636	25.873334	3000.968365	7.070373	14845.848821	55.399343
W814	3029.020713	1.685890	581.410375	0.028886	2447.610338	1.686137	4670.059462	16.920266	1983.491091	4.552950	9812.368974	36.243671
W815	3312.033809	1.867531	585.678910	0.022044	2726.354899	1.867661	5201.906240	18.843421	2209.379724	5.068913	10929.844429	40.363428
W816	3088.905101	2.037098	405.625244	0.025306	2683.279856	2.037255	5119.718727	18.621283	2174.472631	5.039356	10757.158361	39.881484
W817	3673.439172	2.355404	450.222155	0.021714	3223.217017	2.355504	6149.923007	22.332445	2612.026163	6.029455	12921.744187	47.832622
W818	2206.651707	1.717735	382.866404	0.021560	1823.785302	1.717870	3479.796468	12.804411	1477.956619	3.522879	7311.480115	27.411581
W819	4090.325084	2.441834	462.108556	0.022193	3628.216528	2.441935	6922.665207	25.061134	2940.229108	6.735228	14545.370534	53.683302
W820	4031.481423	2.499406	336.799954	0.022942	3694.681469	2.499511	7049.480828	25.524793	2994.090875	6.861675	14811.825742	54.676133
W821	3512.103040	2.054073	494.573946	0.024381	3017.529094	2.054218	5757.468858	20.851251	2445.341067	5.607157	12097.149778	44.664664
W822	3507.726686	2.040532	600.890085	0.023257	2906.836601	2.040665	5546.266724	20.108860	2355.638237	5.416549	11653.388135	43.072594
W823	1920.661321	1.387986	539.994100	0.030324	1380.667221	1.388317	2634.323739	9.737618	1118.863199	2.695858	5535.037987	20.842746
W824	2406.551440	1.583596	263.168414	0.025815	2143.383025	1.583806	4089.591395	14.857417	1736.951781	4.013978	8592.734214	31.821733
W825	2771.022833	1.825578	469.051615	0.030929	2301.971218	1.825840	4392.178894	16.006863	1865.468262	4.344380	9228.507743	34.279589
W826	2235.082482	1.405119	625.061821	0.025880	1610.020660	1.405357	3071.931876	11.251189	1304.726323	3.075480	6454.506474	24.090586
W827	2063.691143	1.437456	430.433710	0.027685	1633.257433	1.437723	3116.267818	11.419089	1323.556906	3.123506	6547.661737	24.449650
W828	2930.966837	1.835764	483.279855	0.022706	2447.686982	1.835905	4670.205700	16.977426	1983.553202	4.590964	9812.676238	36.361528
W829	2911.997882	1.737200	464.417244	0.023182	2447.580638	1.737355	4670.002794	16.938921	1983.467023	4.565528	9812.249907	36.282103
W830	2463.323791	1.659208	336.535337	0.024750	2126.788454	1.659393	4057.928825	14.777391	1723.503895	4.006233	8526.207261	31.647515
W831	1959.568479	1.459554	406.411810	0.023263	1553.156668	1.459739	2963.434940	10.902814	1258.644960	2.999094	6226.541075	23.340781
W832	2197.904416	1.312371	373.188961	0.023225	1824.715455	1.312577	3481.571206	12.634790	1478.710395	3.408045	7315.209059	27.062398
W833	2960.941698	1.613817	605.546777	0.030975	2355.394921	1.614114	4494.111732	16.279709	1908.761688	4.379353	9442.681166	34.871828
W834	1675.529879	1.134905	515.431490	0.021985	1160.098389	1.135118	2213.476702	8.165884	940.118933	2.254677	4650.786632	17.479806
W835	246.961017	0.058984	241.003623	0.022474	5.957394	0.063120	11.366754	0.127040	4.827745	0.052232	23.882946	0.267477
W836	1925.974427	1.324105	320.884030	0.023040	1605.090397	1.324305	3062.524897	11.182740	1300.730943	3.043579	6434.741254	23.946727
W837	2666.812556	1.811978	392.965197	0.021362	2273.847360	1.812104	4338.518355	15.814869	1842.677288	4.293674	9115.760354	33.868138
W838	3316.929344	2.295589	420.581803	0.022585	2896.347541	2.295700	5526.253518	20.139231	2347.138127	5.465677	11611.337928	43.129338
W839	3028.320300	1.670179	422.857050	0.032117	2605.463250	1.670488	4971.244040	17.967883	2111.411717	4.817289	10445.194794	38.491232
W840	1909.799383	1.346025	414.765096	0.064390	1495.034287	1.347564	2852.536987	10.467296	1211.543824	2.868787	5993.530842	22.410589
W841	1852.527370	1.269217	469.601803	0.025879	1382.925567	1.269481	2638.632682	9.693238	1120.693315	2.660805	5544.091606	20.752465
W842	4135.402096	2.442495	595.863178	0.031243	3539.538918	2.442695	6753.467641	24.470315	2868.366668	6.585170	14189.865650	52.415953
W843	4166.478398	2.574636	388.611376	0.022982	3777.867021	2.574738	7208.199506	26.106262	3061.502668	7.020714	15145.313193	55.921137
W844	4405.410781	2.490439	559.541487	0.027159	3845.869294	2.490587	7337.948369	26.530452	3116.610256	7.116376	15417.931504	56.833488
W845	3341.195954	2.139440	532.748360	0.023448	2808.447593	2.139568	5358.539737	19.492819	2275.905889	5.276365	11258.950660	41.747834
W846	3519.684352	2.192538	385.433866	0.022802	3134.250486	2.192657	5980.174177	21.679235	2539.929588	5.838416	12565.081029	46.436520
W847	3223.706457	2.247652	395.977147	0.020649	2827.729310	2.247747	5395.329402	19.664780	2291.531380	5.337965	11336.250267	42.113060
W848	2581.661721	1.679162	431.775072	0.023873	2149.886649	1.679332	4102.000360	14.938666	1742.222178	4.050264	8618.806974	31.992842
W849	3209.593504	1.894745	477.789308	0.021930	2731.804196	1.894872	5212.303542	18.889607	2213.795718	5.084758	10951.690439	40.461670
W850	3050.701754	2.026890	419.944937	0.023119	2630.756817	2.027022	5019.504362	18.268677	2131.909083	4.948637	10546.595661	39.125346
W851	3393.645936	2.140255	313.348111	0.022336	3080.297825	2.140371	5877.232082	21.300715	2496.207504	5.734339	12348.787033	45.626168
W852	3642.373870	2.468815	362.833323	0.022756	3279.540547	2.468920	6257.388737	22.750834	2657.669547	6.153604	13147.542895	48.726479
W853	1984.105095	1.560740	300.621040	0.028358	1683.484055	1.560998	3212.100602	11.807400	1364.259487	3.244005	6749.018196	25.278131
W854	4353.422198	2.484112	523.471521	0.021483	3829.950677	2.484205	7307.575525	26.421982	3103.710149	7.087823	15354.114425	56.601014
W855	2454.141152	1.685590	286.707236	0.026161	2167.433916	1.685793	4135.480681	15.057636	1756.442108	4.081353	8689.153244	32.247866
W856	3270.842062	2.008177	377.272026	0.036810	2893.570036	2.008515	5520.954017	20.008694	2344.887297	5.386207	11600.203025	42.858719
W857	3484.073331	2.411395	458.264931	0.022640	3025.808399	2.411501	5773.265836	21.044900	2452.050439	5.713628	12130.341172	45.068443
W858	3587.536275	2.326412	310.226673	0.026767	3277.309602	2.326566	6253.132077	22.681302	2655.861636	6.113303	13138.599128	48.581914
W859	3080.311893	1.963771	435.591992	0.024266	2644.719901	1.963921	5046.146033	18.336323	2143.224467	4.955356	10602.573088	39.272578
W860	3083.993843	2.177956	475.217187	0.024281	2608.776657	2.178092	4977.566045	18.186603	2114.096830	4.954149	10458.478104	38.943915
W861	2822.629077	1.834487	639.976035	0.035398	2182.653042	1.834828	4164.518892	15.221433	1768.775363	4.148550	8750.166095	32.594008
W862	2323.159138	1.592572	475.464264	0.023628	1847.694874	1.592748	3525.416116	12.903037	1497.332425	3.523497	7407.332603	27.628176
W863	2269.728047	1.592372	590.802595	0.031765	1678.925452	1.592689	3203.402753	11.792901	1360.565293	3.246682	6730.742945	25.245715
W864	3819.179952	2.558806	476.434401	0.031649	3342.745552	2.559002	6377.984375	23.206226	2708.889531	6.283482	13400.929154	49.700450
W865	2990.154464	2.301240	440.416569	0.023403	2549.737896	2.301359	4864.919633	17.853138	2066.253081	4.893599	10221.794144	38.223637
W866	2563.515722	1.569057	498.222612	0.028773	2065.293111	1.569321	3940.595234	14.333116	1673.669384	3.879077	8279.674965	30.697411
W867	1804.165918	1.244011	392.380033	0.023975	1411.785885	1.244242	2693.698392	9.871324	1144.081099	2.700402	5659.791430	21.135645
W868	2203.544530	1.617655	655.978981	0.033942	1547.565549	1.618011	2952.767042	10.947427	1254.114036	3.043005	6204.126509	23.429720
W869	2581.203988	1.799886	564.700163	0.032319	2016.503825	1.800176	3847.504901	14.110172	1634.131590	3.864072	8084.080731	30.210667
W870	3180.128856	2.208653	464.205840	0.023770	2715.923016	2.208781	5182.002127	18.908246	2200.925949	5.140848	10888.023441	40.491225
W871	1571.653010	1.284355	550.857297	0.031579	1020.795713	1.284743	1947.686118	7.348883	827.231022	2.089212	4092.327944	15.718289
W872	2344.879547	1.843122	355.448180	0.022174	1989.431367	1.843256	3795.850441	13.952525	1612.192648	3.833101	7975.548362	29.870624
W873	3333.788250	1.995274	411.497332	0.025915	2922.290918	1.995442	5575.753681	20.195327	2368.162085	5.431646	11715.343855	43.259459
W874	3559.272853	2.509857	447.289356	0.028217	3111.983497	2.510015	5937.688590	21.656777	2521.884896	5.884666	12475.813589	46.377797
W875	3067.584662	1.668799	564.091902	0.026210	2503.492760	1.669005	4776.683555	17.286713	2028.777011	4.643570	10036.399300	37.030220
W876	4134.084376	1.821181	433.000476	0.021770	3701.083900	1.821311	7061.696717	25.357998	2999.279268	6.731066	14837.492825	54.336035
W877	3747.212780	2.653107	398.595837	0.022828	3348.616943	2.653205	6389.187036	23.283601	2713.647582	6.318884	13424.467322	49.863223
W878	2065.780803	1.452459	484.477916	0.023611	1581.302888	1.452651	3017.138144	11.084218	1281.454054	3.042825	6339.378107	23.730404
W879	4808.685309	3.094729	450.946786	0.023024	4357.738523	3.094815	8314.598818	30.159102	3531.418136	8.128985	17469.994148	64.598851
W880	2773.685108	1.939772	411.345460	0.025704	2362.339648	1.939942	4507.362326	16.454598	1914.389547	4.476871	9470.522291	35.236201
W881	3961.160205	2.198115	357.593718	0.024924	3603.566488	2.198256	6875.632739	24.813967	2920.253242	6.637731	14446.549538	53.160098
W882	4107.824958	2.436398	541.537550	0.024454	3566.287407	2.436520	6804.503966	24.646330	2890.043072	6.628960	14297.099241	52.793702
W883	2885.171567	1.746452	463.331338	0.023121	2421.840229	1.746605	4620.889895	16.771135	1962.607546	4.524442	9709.057669	35.921879
W884	3041.163628	2.050953	438.523973	0.023487	2602.639654	2.051088	4965.856597	18.092097	2109.123535	4.908173	10433.875114	38.745673
W885	2977.385773	2.327558	487.531201	0.032476	2489.854572	2.327784	4750.661788	17.472237	2017.724916	4.803900	9981.724368	37.405096
W886	2990.700642	1.875779	581.354743	0.037139	2409.345899	1.876147	4597.050616	16.739148	1952.482408	4.537479	9658.968413	35.848968
W887	3278.515668	2.085849	445.505106	0.026284	2833.010562	2.086015	5405.406071	19.634892	2295.811193	5.303556	11357.422587	42.054397
W888	3035.373845	1.877893	456.248279	0.046993	2579.125566	1.878480	4920.991534	17.867355	2090.068220	4.822976	10339.608102	38.269290
W889	2864.200722	1.807811	317.450603	0.024871	2546.750119	1.807982	4859.218931	17.625329	2063.831850	4.750570	10209.816268	37.752338
W890	3653.663669	2.405730	247.441728	0.025660	3406.221941	2.405867	6499.097818	23.568917	2760.329440	6.350723	13655.403384	50.483496
W891	2718.097965	1.558356	568.134024	0.024238	2149.963942	1.558545	4102.147835	14.891450	1742.284815	4.018563	8619.116837	31.895559
W892	2187.161449	1.411577	564.074668	0.026435	1623.086781	1.411825	3096.862137	11.340256	1315.314828	3.098959	6506.888015	24.281471
W893	3031.940753	1.659519	586.818175	0.024363	2445.122578	1.659698	4665.312798	16.894162	1981.475064	4.542349	9802.395648	36.188476
W894	2116.487572	1.281864	546.231036	0.031934	1570.256536	1.282262	2996.061619	10.934344	1272.502326	2.973743	6295.093738	23.415266
W895	3811.549335	2.082867	457.203342	0.048607	3354.345992	2.083434	6400.118106	23.109953	2718.290281	6.186830	13447.434843	49.508524
W896	3551.875273	1.882338	345.538939	0.025567	3206.336335	1.882511	6117.714534	22.055413	2598.346418	5.890347	12854.070226	47.252221
W897	3370.374349	2.151576	501.536868	0.024596	2868.837481	2.151717	5473.764109	19.898543	2324.844562	5.380868	11501.051229	42.617854
W898	1992.313830	1.191693	518.134164	0.021975	1474.179667	1.191896	2812.746210	10.260260	1194.643686	2.788435	5909.925529	21.972159
W899	2865.080786	2.028247	469.270320	0.022176	2395.810465	2.028368	4571.224905	16.714274	1941.513582	4.557878	9604.705419	35.790160
W900	3140.931692	2.434495	529.741751	0.029340	2611.189941	2.434672	4982.170610	18.320520	2116.052504	5.035922	10468.152860	39.221375
W901	2565.102571	1.915911	458.146435	0.026720	2106.956135	1.916098	4020.088608	14.759578	1707.432208	4.048246	8446.700314	31.599778
W902	4207.859022	3.383943	422.941838	0.023429	3784.917184	3.384025	7221.651272	26.486763	3067.215969	7.254323	15173.577007	56.709450
W903	3367.687561	2.175643	506.679754	0.022016	2861.007806	2.175754	5458.825030	19.856089	2318.499562	5.374086	11469.662388	42.525973
W904	2034.553542	1.246482	475.658633	0.021935	1558.894909	1.246675	2974.383547	10.844106	1263.295107	2.944844	6249.545443	23.222918
W905	1870.816495	1.333938	407.883175	0.032999	1462.933321	1.334346	2791.288095	10.249952	1185.529887	2.812062	5864.839392	21.944668
W906	1905.701222	1.594602	430.171722	0.026297	1475.529500	1.594819	2815.321703	10.466326	1195.737562	2.919809	5915.336956	22.397864
W907	3591.033094	2.413976	426.952284	0.027123	3164.080811	2.414128	6037.090668	21.962642	2564.103445	5.945476	12684.669572	47.037344
W908	2580.749464	2.246218	311.113530	0.028922	2269.635934	2.246404	4330.482922	15.988918	1839.264439	4.419606	9098.876923	34.224689
W909	2847.666586	2.058384	259.201727	0.023755	2588.464858	2.058521	4938.810977	18.001273	2097.636583	4.886567	10377.048940	38.550548
W910	2499.895765	1.745875	412.842912	0.022986	2087.052853	1.746026	3982.112991	14.551041	1691.303014	3.964398	8366.908876	31.158776
W911	3343.065345	2.328595	500.775887	0.025600	2842.289457	2.328736	5423.110275	19.795342	2303.330612	5.384906	11394.621297	42.390320
W912	2617.973923	1.737274	498.335492	0.022602	2119.638431	1.737421	4044.286526	14.762712	1717.709669	4.016013	8497.543116	31.613273
W913	1999.215361	1.471837	643.063844	0.043541	1356.151517	1.472481	2587.547586	9.623266	1098.996196	2.685986	5436.755540	20.593434
W914	4577.734957	2.602329	595.113106	0.032657	3982.621851	2.602534	7598.873305	27.481857	3227.431605	7.374819	15966.166868	58.870933
W915	3766.442946	2.254902	447.424743	0.024115	3319.018203	2.255031	6332.712410	22.932966	2689.661395	6.166318	13305.807191	49.123954
W916	2747.588149	1.769684	633.905972	0.029377	2113.682177	1.769928	4032.921947	14.737411	1712.882848	4.015451	8473.664738	31.557802
W917	3719.794547	2.382819	425.874375	0.024799	3293.920171	2.382948	6284.825172	22.813063	2669.322487	6.155528	13205.190218	48.862779
W918	5043.651148	3.325796	307.684995	0.026045	4735.966153	3.325898	9036.260062	32.762801	3837.925721	8.825200	18986.293128	70.176933
W919	4217.828360	2.653945	352.218629	0.022679	3865.609731	2.654041	7375.613275	26.719620	3132.607484	7.188486	15497.070101	57.234415
W920	2415.332981	1.515807	459.478419	0.024911	1955.854563	1.516012	3731.785638	13.585625	1584.982724	3.681529	7840.940337	29.095535
W921	2501.261257	1.670261	461.360638	0.028962	2039.900619	1.670512	3892.146165	14.206696	1653.091852	3.864496	8177.877515	30.422658
W922	3072.403902	2.099065	439.746128	0.027754	2632.657774	2.099248	5023.131403	18.310936	2133.449578	4.971542	10554.216520	39.213520
W923	3091.826821	1.854443	478.125945	0.037415	2613.700876	1.854821	4986.961494	18.088418	2118.087312	4.875284	10478.219096	38.744266
W924	3003.171747	1.753788	414.206535	0.052585	2588.965213	1.754577	4939.765657	17.887033	2098.042060	4.808907	10379.054840	38.315355
W925	1506.740689	1.326750	357.754566	0.022064	1148.986123	1.326933	2192.274413	8.198721	931.113790	2.304977	4606.238016	17.541467
W926	3752.646040	2.347152	458.790319	0.023496	3293.855721	2.347270	6284.702200	22.799164	2669.270258	6.146410	13204.931839	48.834096
W927	3495.586943	2.775626	432.412043	0.021617	3063.174900	2.775711	5844.561408	21.453337	2482.331452	5.882398	12280.141932	45.931272
W928	2654.724993	1.724374	478.401445	0.035392	2176.323547	1.724738	4152.442166	15.132567	1763.646076	4.106854	8724.791410	32.407283
W929	3240.816654	2.038871	424.197746	0.025405	2816.618908	2.039030	5374.130668	19.507890	2282.527747	5.263920	11291.709121	41.783462
W930	1897.835358	1.307794	420.685601	0.027133	1477.149757	1.308075	2818.413165	10.331218	1197.050583	2.827315	5921.832499	22.120103
W931	3006.624998	1.838532	396.608528	0.024626	2610.016471	1.838696	4979.931620	18.057894	2115.101549	4.865047	10463.448467	38.679292
W932	1694.010071	1.229598	482.662376	0.024421	1211.347695	1.229840	2311.260774	8.549577	981.650275	2.369249	4856.242986	18.299343
W933	3096.738413	1.965003	424.071288	0.025271	2672.667125	1.965166	5099.469554	18.522515	2165.872300	5.002665	10714.612359	39.671973
W934	2997.704501	1.939455	308.876043	0.024763	2688.828458	1.939613	5130.305501	18.620191	2178.969099	5.023341	10779.402475	39.882333
W935	1662.613044	1.175296	461.195199	0.019967	1201.417844	1.175465	2292.314542	8.456689	973.603336	2.334955	4816.434625	18.102302
W936	2490.162370	1.605375	471.913172	0.026479	2018.249198	1.605593	3850.835085	14.035981	1635.546002	3.810251	8091.077858	30.058676
W937	3490.187552	2.351101	467.335135	0.026121	3022.852417	2.351246	5767.625800	21.000465	2449.654974	5.692169	12118.490763	44.975196
W938	2630.245880	2.085576	480.478470	0.021654	2149.767410	2.085688	4101.772850	15.123157	1742.125550	4.172261	8618.328949	32.373172
W939	2040.611070	1.612219	362.147699	0.022577	1678.463372	1.612377	3202.521099	11.799609	1360.190833	3.252306	6728.890484	25.259294
W940	3402.020733	2.079019	512.405271	0.020993	2889.615462	2.079125	5513.408658	20.008627	2341.682594	5.397107	11584.349299	42.856369
W941	2856.715506	1.884295	404.476939	0.028625	2452.238567	1.884513	4678.890158	17.026998	1987.241709	4.611499	9830.923352	36.466249
W942	1043.659559	0.959110	291.076456	0.022913	752.583104	0.959384	1435.934385	5.425787	609.877258	1.545227	3017.074648	11.604457
W943	2959.173289	2.010439	304.065371	0.026726	2655.107917	2.010616	5065.966449	18.423688	2151.642693	4.985056	10644.218218	39.458461
W944	930.339418	0.519572	436.575225	0.021650	493.764194	0.520023	942.105902	3.494913	400.135946	0.972222	1979.480303	7.479667
W945	1278.612700	0.941718	535.257339	0.024896	743.355362	0.942047	1418.327782	5.355681	602.399293	1.524013	2980.081010	11.454784
W946	3419.647714	1.695808	480.598869	0.019939	2939.048845	1.695926	5607.727936	20.207686	2381.742351	5.393140	11782.525696	43.294339
W947	4175.199841	2.478858	547.672214	0.022239	3627.527627	2.478958	6921.350778	25.069771	2939.670837	6.742937	14542.608758	53.700718
W948	3900.404937	2.227031	444.953537	0.024766	3455.451399	2.227168	6593.028005	23.833574	2800.223941	6.391521	13852.762254	51.056533
W949	3221.285445	2.280873	422.806734	0.028668	2798.478711	2.281053	5339.519032	19.485183	2267.827319	5.298564	11218.985819	41.726538
W950	3131.239166	2.102065	372.053893	0.026475	2759.185273	2.102231	5264.546849	19.150977	2235.984757	5.183864	11061.460048	41.015704
W951	4140.617780	2.184932	510.322175	0.026661	3630.295605	2.185095	6926.632102	24.988580	2941.913947	6.680596	14553.705468	53.534952
W952	3727.059770	2.182438	581.382265	0.026090	3145.677506	2.182594	6001.977019	21.751652	2549.189800	5.855266	12610.891480	46.592172
W953	3671.672013	2.203102	501.592370	0.026872	3170.079644	2.203266	6048.536487	21.921755	2568.964771	5.901604	12708.718645	46.956423
W954	2547.072608	1.634176	392.962399	0.025476	2154.110209	1.634374	4110.058946	14.948536	1745.644862	4.045249	8635.739054	32.015542
W955	2310.694766	1.599551	306.660160	0.025703	2004.034606	1.599757	3823.713534	13.939408	1624.026801	3.784932	8034.092146	29.851677
W956	2662.710049	1.860986	407.163207	0.022969	2255.546842	1.861128	4303.600826	15.714567	1827.846940	4.277021	9042.394334	33.651178
W957	3501.808485	2.140047	447.701403	0.023723	3054.107082	2.140179	5827.259942	21.126216	2474.983086	5.690013	12243.789425	45.251855
W958	4840.867277	2.754744	533.876524	0.022156	4306.990753	2.754833	8217.771680	29.699787	3490.293228	7.961776	17266.548428	63.623782
W959	2892.471328	1.858152	586.400398	0.022207	2306.070930	1.858285	4400.001176	16.047585	1868.790581	4.360231	9244.943319	34.365819
W960	3026.044894	1.873057	459.695284	0.025785	2566.349610	1.873235	4896.614911	17.780402	2079.714858	4.800124	10288.389820	38.082925
W961	3536.232366	2.138197	497.221956	0.022158	3039.010411	2.138312	5798.455377	21.025006	2462.749067	5.664043	12183.267493	45.034807
W962	2858.966222	1.927112	460.200621	0.036279	2398.765601	1.927453	4576.863326	16.690306	1943.908360	4.533950	9616.552436	35.742389
W963	2702.730385	1.669425	338.122948	0.032098	2364.607437	1.669734	4511.689285	16.361441	1916.227315	4.408581	9479.613764	35.045438
W964	1845.714524	1.137276	426.525100	0.026834	1419.189424	1.137592	2707.824402	9.873383	1150.080769	2.681667	5689.471914	21.144001
W965	2943.471089	1.749850	366.587914	0.038029	2576.883175	1.750263	4916.713035	17.804943	2088.251034	4.787394	10330.618449	38.139401
W966	3439.419613	1.777205	433.811327	0.027285	3005.608286	1.777415	5734.723864	20.678643	2435.680699	5.524276	12049.359750	44.302260
W967	3932.101283	1.964116	583.767196	0.031478	3348.334087	1.964368	6388.647344	23.031702	2713.418361	6.150893	13423.333362	49.343893
W968	1922.257107	1.321541	480.759376	0.023925	1441.497732	1.321758	2750.388825	10.103073	1168.158944	2.773033	5778.904998	21.629946
W969	4622.914833	3.627944	445.820060	0.034044	4177.094773	3.628104	7969.929146	29.182315	3385.028303	7.973743	16745.800799	62.484631
W970	2340.293268	1.437815	341.883220	0.049160	1998.410048	1.438655	3812.981833	13.837924	1619.468779	3.732744	8011.543522	29.639350
W971	2521.851858	1.670370	429.993774	0.036090	2091.858084	1.670760	3991.281409	14.550653	1695.197070	3.951050	8386.172848	31.160650
W972	2652.279413	1.818854	372.856241	0.027946	2279.423172	1.819069	4349.157047	15.854702	1847.195807	4.304902	9138.113555	33.953358
W973	2551.867479	1.826596	305.776362	0.023936	2246.091117	1.826753	4285.559229	15.637309	1820.184223	4.251545	9004.486721	33.486647
W974	1534.227295	1.125536	375.685378	0.022539	1158.541917	1.125761	2210.506941	8.150977	938.857601	2.249070	4644.546800	17.448204
W975	1731.364445	1.244167	480.908646	0.028409	1250.455799	1.244492	2385.879340	8.812599	1013.342647	2.437269	5013.025766	18.863320
W976	2504.211086	1.811338	266.528898	0.030938	2237.682188	1.811602	4269.514928	15.575239	1813.369807	4.233288	8970.775673	33.354008
W977	3239.277834	2.048837	422.922713	0.026010	2816.355122	2.049002	5373.627363	19.509940	2282.313981	5.266018	11290.651615	41.787540
W978	1669.454010	1.217165	400.006429	0.021569	1269.447582	1.217356	2422.115807	8.923176	1028.733181	2.459083	5089.163038	19.101829
W979	832.254781	0.592748	560.562310	0.024276	271.692471	0.593245	518.391338	2.163642	220.173770	0.680837	1089.203921	4.612928
W980	2069.795335	1.460927	473.746020	0.022189	1596.049314	1.461095	3045.274440	11.185153	1293.404243	3.069604	6398.495924	23.946690
W981	2958.738699	1.669706	485.337373	0.021302	2473.401327	1.669842	4719.268868	17.086321	2004.391557	4.592717	9915.763984	36.600356
W982	3420.213806	2.138347	502.074238	0.024711	2918.139569	2.138490	5567.832875	20.220961	2364.797920	5.460292	11698.701268	43.309968
W983	2678.987875	1.725499	470.509229	0.022251	2208.478646	1.725643	4213.794343	15.346020	1789.703880	4.160796	8853.699874	32.865218
W984	4586.142482	2.912214	479.807317	0.024201	4106.335165	2.912314	7834.919265	28.417709	3327.686229	7.659025	16462.128445	60.869018
W985	3149.604779	2.189554	343.914054	0.025201	2805.690725	2.189699	5353.279611	19.494799	2273.671781	5.285245	11247.898487	41.750377
W986	4410.224328	2.722676	511.609543	0.024075	3898.614785	2.722782	7438.587173	26.964556	3159.354074	7.261123	15629.386002	57.757717
W987	2036.158740	1.263127	468.031366	0.025391	1568.127373	1.263383	2991.999161	10.912246	1270.776899	2.964885	6286.558014	23.368527
W988	1096.661261	0.731604	436.041994	0.035203	660.619267	0.732450	1260.466674	4.696290	535.351731	1.313924	2648.395418	10.049231
W989	2564.968419	1.571845	370.302372	0.040227	2194.666047	1.572360	4187.439798	15.194030	1778.510445	4.097407	8798.325735	32.544215
W990	2171.132659	1.548947	535.848543	0.023056	1635.284117	1.549119	3120.134747	11.485294	1325.199288	3.161590	6555.786631	24.587289
W991	2773.324335	1.683864	575.977467	0.022827	2197.346868	1.684019	4192.554825	15.255313	1780.682925	4.130932	8809.073036	32.672031
W992	3109.706517	1.921777	430.905524	0.022123	2678.800992	1.921905	5111.173020	18.546788	2170.843055	5.001958	10739.202780	39.725434
W993	2253.584349	1.455770	370.048706	0.023322	1883.535643	1.455956	3593.800580	13.081665	1526.377018	3.544321	7551.016769	28.016364
W994	2541.452068	1.626770	485.295429	0.023005	2056.156639	1.626933	3923.162775	14.295947	1666.265382	3.879383	8243.047226	30.615698
W995	2641.740382	1.496553	516.764396	0.025621	2124.975986	1.496772	4054.470622	14.701966	1722.035110	3.960880	8518.941153	31.491035
W996	4001.721951	2.156567	399.017217	0.024646	3602.704735	2.156707	6873.988508	24.794922	2919.554896	6.627299	14443.094806	53.120370
W997	2351.538357	1.427034	401.953183	0.031870	1949.585174	1.427390	3719.823595	13.508951	1579.902145	3.647637	7815.806615	28.933990
W998	2805.164253	1.645943	361.698377	0.030332	2443.465876	1.646222	4662.151796	16.878314	1980.132508	4.536318	9795.753996	36.154886
W999	2865.166423	1.760099	358.475835	0.025836	2506.690588	1.760289	4782.785036	17.340935	2031.368463	4.671056	10049.219261	37.143763
W1000	3665.618461	2.297946	434.843999	0.030958	3230.774462	2.298154	6164.342671	22.360974	2618.150555	6.027656	12952.041673	47.895652
W1001	4288.891539	2.208769	429.520962	0.026693	3859.370577	2.208930	7363.708920	26.529945	3127.551407	7.078212	15472.057589	56.840033
W1002	3424.656177	2.419507	393.324008	0.037485	3031.332169	2.419798	5783.805232	21.084945	2456.526784	5.725139	12152.485738	45.154070
W1003	2337.532090	1.728436	457.742011	0.033167	1879.790079	1.728754	3586.654016	13.177385	1523.341693	3.617786	7536.000958	28.211633
W1004	4047.270149	2.934824	419.734751	0.039209	3627.535399	2.935086	6921.365607	25.248489	2939.677135	6.862152	14542.639914	54.069106
W1005	3858.470901	2.483333	595.863767	0.032265	3262.607134	2.483543	6225.079654	22.644235	2643.947071	6.129078	13079.657541	48.497295
W1006	2725.051009	1.751772	324.433070	0.020445	2400.617940	1.751891	4580.397603	16.632023	1945.409456	4.490043	9623.978386	35.623283
W1007	3739.150432	2.457342	294.579734	0.023185	3444.570697	2.457451	6572.267541	23.843414	2791.406453	6.428345	13809.141967	51.070716
W1008	1984.689671	1.391102	353.690822	0.029066	1630.998848	1.391405	3111.958422	11.383275	1321.726598	3.105966	6538.607166	24.374556
W1009	2522.263167	1.939193	257.515764	0.022734	2264.747402	1.939326	4321.155566	15.809655	1835.302878	4.314977	9079.279001	33.852329
W1010	2590.273208	1.731833	363.680481	0.026528	2226.592727	1.732036	4248.356150	15.468719	1804.383144	4.192814	8926.318479	33.128246
W1011	4365.978345	3.197235	381.319199	0.025947	3984.659146	3.197340	7602.760479	27.722899	3229.082585	7.530245	15974.334298	59.368901
W1012	4000.444883	2.131927	473.835587	0.021779	3526.609297	2.132039	6728.797823	24.277855	2857.888780	6.491802	14138.031330	52.012068
W1013	2939.046606	1.876723	448.377791	0.022069	2490.668815	1.876853	4752.215369	17.278989	2018.384760	4.673874	9984.988634	37.007126
W1014	2349.193642	1.545280	438.647543	0.021673	1910.546100	1.545432	3645.336740	13.297669	1548.265714	3.614033	7659.300576	28.476690
W1015	2931.363407	1.959449	308.708616	0.023374	2622.654791	1.959589	5004.045632	18.188055	2125.343373	4.917159	10514.114971	38.954639
W1016	2442.106227	1.444494	461.101360	0.021297	1981.004867	1.444651	3779.772613	13.724458	1605.363993	3.704950	7941.766870	29.395748
W1017	2227.478548	1.534423	429.690695	0.021589	1797.787853	1.534575	3430.193132	12.547743	1456.888841	3.423847	7207.257410	26.867954
W1018	2575.556626	1.653882	449.998805	0.025104	2125.557822	1.654072	4055.580769	14.767060	1722.506617	4.002730	8521.273708	31.625532
W1019	3445.815534	2.071144	415.038995	0.043786	3030.776538	2.071607	5782.745085	20.945799	2456.076513	5.633791	12150.258238	44.866948
W1020	3558.277471	2.049112	346.177330	0.038288	3212.100142	2.049469	6128.711922	22.148028	2603.017284	5.936647	12877.177090	47.446315
W1021	3311.555629	1.752685	526.470632	0.031742	2785.084997	1.752972	5313.963722	19.195634	2256.973340	5.142015	11165.290973	41.122242
W1022	2776.488670	1.613283	438.556673	0.033728	2337.931997	1.613636	4460.792339	16.163172	1894.610108	4.349675	9372.673024	34.621865
W1023	3205.803603	1.833251	329.666752	0.025063	2876.136851	1.833423	5487.691364	19.830931	2330.759816	5.315333	11530.314103	42.482590
W1024	1569.848383	0.893973	492.020999	0.021211	1077.827384	0.894225	2056.502987	7.511412	873.448269	2.045198	4320.965561	16.084772
W1025	3878.838184	2.265339	380.060926	0.038786	3498.777258	2.265671	6675.694078	24.136015	2835.334290	6.474086	14026.453835	51.704133
W1026	3576.664837	2.201992	497.906816	0.023421	3078.758021	2.202116	5874.294125	21.313369	2494.959680	5.747075	12342.614024	45.651388
W1027	3399.921244	2.093638	371.131759	0.024020	3028.789485	2.093776	5778.953772	20.940584	2454.466247	5.635808	12142.292223	44.855087
W1028	3450.850270	2.163991	346.852196	0.022767	3103.998074	2.164111	5922.452340	21.467270	2515.413679	5.780245	12443.800355	45.982713
W1029	3130.766860	1.933890	487.054546	0.028844	2643.712314	1.934105	5044.223549	18.318083	2142.407940	4.945953	10598.533712	39.234420
W1030	1587.987688	1.300581	282.162778	0.024560	1305.824911	1.300813	2491.524033	9.203438	1058.212591	2.545597	5234.998251	19.699862
W1031	2594.911952	1.501289	409.808654	0.027384	2185.103299	1.501539	4169.194000	15.104200	1770.760999	4.063732	8759.989072	32.353717
W1032	2925.004011	1.672562	375.218978	0.022277	2549.785033	1.672710	4865.009571	17.596891	2066.291280	4.723072	10221.983117	37.695429
W1033	2223.366091	1.548865	275.303494	0.025439	1948.062597	1.549074	3716.918508	13.547581	1578.668282	3.677557	7809.702669	29.012769
W1034	3480.556867	1.842510	595.421427	0.030227	2885.135441	1.842758	5504.860743	19.894189	2338.052080	5.332779	11566.389078	42.618005
W1035	3224.066945	1.657872	481.726173	0.024286	2742.340772	1.658050	5232.407411	18.878847	2222.334334	5.048148	10993.931138	40.445409
W1036	3169.049223	1.979593	409.901517	0.036103	2759.147706	1.979922	5264.475171	19.103213	2235.954314	5.152078	11061.309444	40.917230
W1037	2431.931743	1.797529	325.576040	0.027501	2106.355703	1.797739	4018.942978	14.701305	1706.945631	4.011441	8444.293206	31.479295
W1038	3090.687199	1.977413	564.201394	0.035673	2526.485805	1.977735	4820.554463	17.557230	2047.410083	4.760909	10128.577470	37.600654
W1039	2604.383658	1.653228	403.742967	0.028577	2200.640692	1.653475	4198.839466	15.265017	1783.352170	4.128349	8822.277840	32.693871
W1040	2430.976004	1.545497	291.999179	0.022709	2138.976825	1.545664	4081.184331	14.813479	1733.381090	3.996777	8575.069940	31.728707
W1041	3398.279014	2.169433	324.978706	0.023733	3073.300307	2.169563	5863.880764	21.264879	2490.536866	5.729720	12320.734274	45.548391
W1042	2747.144039	1.790888	334.278617	0.021872	2412.865421	1.791022	4603.765893	16.728550	1955.334554	4.520746	9673.078035	35.829086
W1043	3705.762520	2.086634	282.789011	0.023291	3422.973509	2.086764	6531.059939	23.569985	2773.904553	6.304792	13722.559730	50.495095
W1044	1707.337886	1.355039	402.881552	0.025665	1304.456334	1.355282	2488.912778	9.223092	1057.103525	2.561997	5229.511684	19.739648
W1045	3909.759045	2.460484	302.083300	0.063244	3607.675745	2.461297	6883.473235	24.931102	2923.583297	6.705048	14463.023383	53.403801
W1046	3159.841588	1.681235	444.470217	0.022493	2715.371371	1.681385	5180.949584	18.706007	2200.478908	5.007149	10885.811919	40.074075
W1047	3098.819366	2.156946	468.469697	0.029053	2630.349669	2.157141	5018.727519	18.320150	2131.579138	4.983955	10544.963420	39.231231
W1048	4309.419045	2.595876	449.260378	0.022306	3860.158667	2.595972	7365.212603	26.662490	3128.190059	7.165300	15475.217011	57.113619
W1049	2968.247394	1.911263	350.983117	0.024118	2617.264277	1.911415	4993.760491	18.133544	2120.975016	4.895616	10492.504624	38.839269
W1050	2991.471093	1.810757	293.917319	0.022244	2697.553774	1.810893	5146.953471	18.631125	2186.039908	5.006485	10814.381906	39.909753
W1051	4625.429480	2.518007	444.248023	0.030238	4181.181458	2.518188	7977.726571	28.780999	3388.340065	7.694681	16762.184148	61.659703
W1052	2788.024396	1.833362	429.260784	0.033527	2358.763612	1.833669	4500.539221	16.386463	1911.491604	4.441379	9456.186110	35.093751
W1053	5109.167319	2.659120	408.066407	0.034490	4701.100912	2.659343	8969.736913	32.306686	3809.671676	8.615582	18846.519814	69.217395
W1054	3902.050550	2.364038	282.815897	0.027185	3619.234653	2.364194	6905.527719	24.974022	2932.950388	6.701714	14509.362565	53.498738
W1055	2972.104746	1.836293	311.130006	0.026018	2660.974740	1.836477	5077.160391	18.396467	2156.397041	4.950659	10667.738066	39.405634
W1056	2856.106499	1.601132	378.163155	0.025272	2477.943344	1.601331	4727.935072	17.092758	2008.072310	4.584395	9933.972743	36.616169
W1057	2884.088921	1.722381	362.437433	0.024478	2521.651487	1.722555	4811.330548	17.426840	2043.492456	4.687144	10109.196890	37.329192
W1058	3790.501672	2.085029	374.062907	0.026252	3416.438766	2.085194	6518.591598	23.525767	2768.608936	6.293280	13696.362212	50.400300
W1059	2263.496633	1.472639	474.178555	0.025677	1789.318078	1.472862	3414.032737	12.464780	1450.025117	3.391930	7173.302433	26.692207
W1060	2188.290957	1.508745	414.122223	0.044655	1774.168733	1.509406	3385.127670	12.380666	1437.748412	3.377393	7112.569335	26.510375
W1061	1244.424843	1.125657	315.302089	0.023677	929.122754	1.125906	1772.773402	6.661713	752.941216	1.884286	3724.814828	14.250563
W1062	3019.586843	1.783625	562.981372	0.028257	2456.605471	1.783848	4687.222245	17.016513	1990.780554	4.592485	9848.430090	36.447076
W1063	2912.740438	1.867469	544.771001	0.022297	2367.969437	1.867602	4518.104007	16.461400	1918.951808	4.466020	9493.091884	35.253358
W1064	2118.022947	1.553703	371.850153	0.023713	1746.172793	1.553884	3331.711200	12.216272	1415.061101	3.344541	7000.334765	26.155903
W1065	2999.458188	1.718129	474.390108	0.028082	2525.068080	1.718358	4817.849432	17.448106	2046.261189	4.691922	10122.893867	37.374935
W1066	3386.227005	1.941291	450.019503	0.024976	2936.207502	1.941452	5602.306631	20.269012	2379.439787	5.442416	11771.134867	43.419120
W1067	2553.211015	1.637933	329.225353	0.025555	2223.985662	1.638132	4243.381849	15.414107	1802.270434	4.163571	8915.866862	33.014220
W1068	2531.242152	1.737545	315.141028	0.023244	2216.101124	1.737701	4228.338091	15.401488	1795.880974	4.176822	8884.258077	32.983809
W1069	3440.712681	2.029158	270.577044	0.031432	3170.135637	2.029401	6048.643324	21.860938	2569.010147	5.860611	12708.943122	46.831116
W1070	2386.332250	1.574781	356.039161	0.024933	2030.293089	1.574979	3873.814922	14.103200	1645.306114	3.821988	8139.361320	30.203954
W1071	1817.720169	1.415370	290.108893	0.028401	1527.611276	1.415655	2914.694133	10.713770	1237.943519	2.943388	6124.130647	22.936839
W1072	3706.934234	2.861609	368.809063	0.030392	3338.125170	2.861771	6369.168652	23.304120	2705.145273	6.361036	13382.406236	49.899692
W1073	3592.400293	2.386201	495.575691	0.024272	3096.824602	2.386325	5908.765301	21.505254	2509.600451	5.825395	12415.042202	46.056997
W1074	2820.271063	1.734228	390.650961	0.027600	2429.620101	1.734448	4635.733951	16.818307	1968.912188	4.534492	9740.246856	36.023456
W1075	1610.106971	1.098449	337.735282	0.022577	1272.371689	1.098681	2427.695028	8.886215	1031.102815	2.426930	5100.885666	19.027231
W1076	2964.862252	1.703186	427.807356	0.025933	2537.054896	1.703384	4840.720370	17.522694	2055.975049	4.708665	10170.948519	37.535377
W1077	3188.240095	2.057819	356.879366	0.022242	2831.360729	2.057939	5402.258177	19.613133	2294.474204	5.293570	11350.808475	42.008625
W1078	2944.620782	2.084301	395.470877	0.022696	2549.149905	2.084424	4863.797742	17.751979	2065.776586	4.828360	10219.436915	38.014744
W1079	4268.751541	2.390339	354.171255	0.021372	3914.580285	2.390435	7469.049472	26.956383	3172.292175	7.211149	15693.391036	57.749830
W1080	3932.729624	2.160467	521.049511	0.024849	3411.680113	2.160610	6509.512051	23.518731	2764.752626	6.301853	13677.284969	50.383128
W1081	3464.100325	2.065039	694.027158	0.027842	2770.073167	2.065227	5285.321035	19.208631	2244.808074	5.192372	11105.109167	41.140622
W1082	3386.979252	2.204223	534.412548	0.031434	2852.566704	2.204447	5442.719342	19.811620	2311.659073	5.367633	11435.822356	42.429600
W1083	2558.577652	1.837708	242.382116	0.023520	2316.195536	1.837859	4419.319003	16.106078	1876.995345	4.371428	9285.532448	34.492039
W1084	3986.263183	2.246699	461.910658	0.027875	3524.352524	2.246872	6724.491885	24.300451	2856.059940	6.513342	14128.984024	52.057362
W1085	2985.999075	1.862312	299.060201	0.022118	2686.938874	1.862443	5126.700161	18.578899	2177.437821	5.000929	10771.827213	39.796170
W1086	3909.980067	2.495292	362.438236	0.029027	3547.541831	2.495461	6768.737260	24.542970	2874.852058	6.611668	14221.948997	52.570179
W1087	3633.319821	2.058555	299.771705	0.024922	3333.548116	2.058706	6360.435596	22.962800	2701.436126	6.145865	13364.057012	49.193592
W1088	5265.737196	3.038604	330.050725	0.025296	4935.686470	3.038709	9417.327973	33.995890	3999.774797	9.097560	19786.963650	72.830216
W1089	2935.744976	1.689922	531.621972	0.040498	2404.123004	1.690407	4587.085292	16.632180	1948.249885	4.480459	9638.030043	35.625567
W1090	3788.703752	2.134083	482.944777	0.036424	3305.758975	2.134394	6307.413701	22.802350	2678.916400	6.115486	13252.651493	48.847333
W1091	2312.570354	1.512594	465.757624	0.026444	1846.812730	1.512825	3523.732977	12.862140	1496.617554	3.498824	7403.796123	27.543370
W1092	2511.623011	1.918679	311.522928	0.025940	2200.100083	1.918854	4197.807980	15.374082	1782.914072	4.202185	8820.110561	32.918415
W1093	1861.524196	1.376553	401.206987	0.031830	1460.317209	1.376921	2786.296533	10.253267	1183.409846	2.821245	5854.351508	21.950059
W1094	2928.316455	1.849488	402.187748	0.025724	2526.128706	1.849667	4819.873117	17.503965	2047.120698	4.726381	10127.145877	37.490659
W1095	2960.633087	1.853098	621.422100	0.032446	2339.210987	1.853382	4463.232661	16.264983	1895.646574	4.414110	9377.800442	34.832434
W1096	2741.767150	1.639345	581.059991	0.029557	2160.707159	1.639612	4122.645976	14.994408	1750.990888	4.057699	8662.185952	32.113779
W1097	2381.996335	1.376600	413.335809	0.024595	1968.660526	1.376820	3756.219516	13.616837	1595.360403	3.667078	7892.278917	29.167024
W1098	1576.005030	1.067488	304.255336	0.028758	1271.749694	1.067876	2426.508256	8.868425	1030.598764	2.416853	5098.392111	18.990207
W1099	2411.571171	1.465573	416.433526	0.024442	1995.137645	1.465777	3806.738062	13.826531	1616.816894	3.734161	7998.424593	29.614038
W1100	2716.944784	1.687712	383.781717	0.022703	2333.163068	1.687865	4451.693185	16.159029	1890.745470	4.360100	9353.554583	34.610657
W1101	3359.484328	2.488851	363.298975	0.024935	2996.185353	2.488975	5716.744834	20.881884	2428.044555	5.686230	12011.583599	44.715897
W1102	2872.095842	1.670493	548.895178	0.024338	2323.200664	1.670671	4432.684842	16.086245	1882.672151	4.338950	9313.615719	34.455067
W1103	1947.344999	1.404048	420.180005	0.037727	1527.164994	1.404555	2913.842624	10.705517	1237.581862	2.939164	6122.341523	22.919576
W1104	1951.034011	1.357897	456.346955	0.056301	1494.687056	1.359063	2851.874468	10.470424	1211.262436	2.871778	5992.138809	22.416846
W1105	2787.440462	1.651559	372.153047	0.027903	2415.287415	1.651795	4608.387074	16.692453	1957.297285	4.489897	9682.787706	35.756043
W1106	2540.249980	1.793468	518.821795	0.032941	2021.428185	1.793771	3856.900616	14.139627	1638.122185	3.870212	8103.822285	30.274127
W1107	3271.798632	2.014998	574.575794	0.036520	2697.222837	2.015329	5146.322042	18.705192	2185.771724	5.056972	10813.055196	40.062228
W1108	1502.310758	1.140945	548.935334	0.027550	953.375424	1.141277	1819.047686	6.827024	772.595062	1.927996	3822.042786	14.604839
W1109	1831.641565	1.316448	331.459477	0.021720	1500.182088	1.316627	2862.359031	10.486870	1215.715492	2.867814	6014.168165	22.453799
W1110	2351.634276	1.723373	467.181115	0.023524	1884.453160	1.723534	3595.551210	13.205544	1527.120554	3.623783	7554.695057	28.272275
W1111	3101.821908	1.764542	327.872513	0.020359	2773.949395	1.764660	5292.716908	19.125132	2247.949286	5.125663	11120.648804	40.970699
W1112	1414.604193	1.047152	500.526911	0.024623	914.077282	1.047441	1744.066526	6.517686	740.748687	1.830636	3664.498152	13.945198
W1113	3942.829764	2.690599	612.102335	0.023626	3330.727430	2.690703	6355.053706	23.180847	2699.150302	6.299497	13352.749000	49.641437
W1114	1999.994339	1.400330	345.364951	0.023259	1654.629388	1.400523	3157.045674	11.543305	1340.876282	3.147729	6633.341025	24.717612
W1115	2028.260265	1.396147	514.946638	0.026541	1513.313627	1.396399	2887.414108	10.610611	1226.357010	2.913946	6066.811962	22.716217
W1116	4704.007040	2.527852	464.290167	0.024263	4239.716873	2.527968	8089.412596	29.175851	3435.775914	7.796955	16996.850215	62.506283
W1117	4005.893834	2.043490	429.597200	0.028470	3576.296634	2.043688	6823.601647	24.583072	2898.154335	6.558385	14337.225818	52.668965
W1118	3401.324706	1.813319	573.633377	0.026475	2827.691329	1.813512	5395.256934	19.500603	2291.500601	5.228294	11336.098003	41.774648
W1119	3751.553216	2.634334	482.952199	0.024179	3268.601017	2.634445	6236.516030	22.745904	2648.804386	6.180295	13103.686771	48.710218
W1120	3974.567741	2.682881	377.448346	0.041563	3597.119395	2.683203	6863.331637	24.944189	2915.028656	6.742989	14420.703410	53.424869
W1121	2706.819060	1.586015	376.969424	0.045867	2329.849637	1.586678	4445.371133	16.099575	1888.060336	4.329460	9340.271175	34.486263
W1122	2487.375117	1.588936	377.603156	0.031451	2109.771961	1.589247	4025.461225	14.636292	1709.714093	3.958948	8457.988844	31.347171
W1123	3690.482393	1.916770	496.335090	0.031662	3194.147304	1.917032	6094.457768	21.984658	2588.468688	5.876792	12805.204902	47.099564
W1124	1643.181292	1.129148	323.694968	0.029370	1319.486325	1.129530	2517.590116	9.210855	1069.283508	2.513884	5289.766296	19.722701
W1125	1969.936340	1.318161	317.999922	0.028440	1651.936418	1.318467	3151.907466	11.490236	1338.693957	3.119879	6622.545019	24.606707
W1126	3053.671433	2.046790	477.449818	0.032309	2576.221615	2.047045	4915.450773	17.915405	2087.714920	4.862973	10327.966282	38.366715
W1127	3508.587765	2.029697	488.119224	0.023701	3020.468542	2.029835	5763.077347	20.862159	2447.723132	5.606309	12108.933903	44.688791
W1128	3578.600452	2.093273	328.653722	0.024383	3249.946731	2.093415	6200.923507	22.415688	2633.687351	6.011104	13028.902506	48.019159
W1129	3236.862002	1.889693	610.076785	0.026416	2626.785217	1.889878	5011.926517	18.188654	2128.690582	4.906169	10530.673677	38.958183
W1130	2580.034028	1.640045	470.667626	0.023337	2109.366403	1.640211	4024.687416	14.654058	1709.385437	3.971897	8456.362976	31.383565
W1131	2549.009988	1.565265	625.813188	0.026214	1923.196800	1.565485	3669.474375	13.389887	1558.517572	3.640729	7710.016714	28.673840
W1132	1953.733180	1.425866	369.873681	0.028213	1583.859498	1.426145	3022.016177	11.088500	1283.525877	3.038775	6349.627454	23.740648
W1133	2130.692305	1.601479	383.057248	0.024521	1747.635057	1.601667	3334.501211	12.248328	1416.246088	3.361705	7006.196921	26.222811
W1134	2872.289260	1.852550	516.308484	0.026657	2355.980775	1.852742	4495.229548	16.375830	1909.236453	4.441927	9445.029834	35.070280
W1135	1857.525927	1.451458	338.264206	0.027387	1519.261721	1.451716	2898.763118	10.676586	1231.177219	2.941316	6090.657627	22.855551
W1136	2495.241836	1.902913	449.706725	0.031016	2045.535111	1.903166	3902.896818	14.349820	1657.657923	3.943706	8200.465958	30.720881
W1137	2575.558782	1.805078	412.563053	0.034704	2162.995729	1.805412	4127.012586	15.078709	1752.845497	4.107455	8671.360735	32.288838
W1138	3223.493519	2.655413	292.302158	0.027667	2931.191361	2.655557	5592.735796	20.528712	2375.374814	5.628770	11751.025366	43.951684
W1139	1908.613794	1.661079	322.926966	0.028629	1585.686827	1.661325	3025.502735	11.218958	1285.006705	3.119172	6356.953140	24.010707
W1140	2452.156277	2.107378	431.432732	0.029371	2020.723545	2.107583	3855.556158	14.291777	1637.551160	3.971597	8100.997414	30.587521
W1141	2960.674211	1.894762	470.429468	0.026171	2490.244744	1.894943	4751.406238	17.283361	2018.041102	4.677954	9983.288550	37.015901
W1142	2787.598007	2.070463	281.625639	0.028883	2505.972368	2.070664	4781.414666	17.460552	2030.786432	4.752714	10046.339945	37.389933
W1143	3216.286612	2.570453	336.769914	0.025707	2879.516698	2.570582	5494.140139	20.148959	2333.498772	5.517790	11543.863771	43.140049
W1144	2790.694580	2.244527	489.293341	0.022740	2301.401240	2.244642	4391.091371	16.195828	1865.006364	4.470446	9226.222724	34.668903
W1145	2911.633454	2.250580	334.451458	0.023926	2577.181996	2.250707	4917.283187	18.010446	2088.493192	4.923303	10331.816409	38.563192
W1146	2889.412254	2.247603	334.239898	0.021450	2555.172355	2.247705	4875.288624	17.864038	2070.657051	4.886141	10243.580669	38.249121
W1147	2022.744498	1.256619	678.576397	0.033749	1344.168101	1.257072	2564.683138	9.432722	1089.285093	2.593551	5388.714523	20.193842
W1148	2801.445201	1.748962	417.354630	0.031535	2384.090570	1.749246	4548.863254	16.521138	1932.016029	4.461549	9557.720843	35.385491
W1149	2955.160900	1.806239	402.680439	0.022560	2552.480461	1.806380	4870.152468	17.662873	2068.475597	4.759844	10232.788974	37.832925
W1150	1142.703118	0.874126	516.730273	0.026378	625.972845	0.874524	1194.361032	4.564325	507.275011	1.317566	2509.499340	9.758187
W1151	2858.071576	1.863461	419.977019	0.027909	2438.094557	1.863670	4651.903279	16.924781	1975.779706	4.582231	9774.220600	36.247657
W1152	4219.190145	2.360564	303.020162	0.024665	3916.169983	2.360693	7472.082627	26.957477	3173.580432	7.207431	15699.764068	57.752978
W1153	3457.879806	2.072544	449.403429	0.028589	3008.476377	2.072742	5740.196204	20.797601	2438.004938	5.596307	12060.857809	44.549022
W1154	4619.970117	2.329191	445.403900	0.031944	4174.566217	2.329410	7965.104641	28.678709	3382.979216	7.644155	16735.663922	61.445201
W1155	3137.338717	2.029500	278.918728	0.024478	2858.419989	2.029648	5453.887454	19.782458	2316.402449	5.332044	11459.287933	42.372760
W1156	3676.210631	2.204049	281.363813	0.026142	3394.846819	2.204204	6477.393996	23.421057	2751.111284	6.283118	13609.800987	50.172387
