# Online RefPMT LMS + Module Gain Results (Run: 1059)
# Trigger Condition: 1200 LMS events per fit
# Fit Event Absolute Time Range:
#   Start Time (UTC): 2016-06-05 00:26:50.393660 UTC
#   End Time (UTC):   2016-06-05 00:24:56.943041 UTC
#   Start Time (EDT): 2016-06-04 20:26:50.393660 EDT
#   End Time (EDT):   2016-06-04 20:24:56.943041 EDT
#   Average Time (UTC): 2016-06-05 00:25:53.668350 (UTC)
#   Average Time (seconds since epoch, UTC): 1465086353.668351
#   Average Time (EDT): 2016-06-04 20:25:53.668350 (EDT)
#   Average Time (seconds since epoch, EDT): 1465071953.668351
# Formula: Module Gain = (Module LMS Mean - Module Pedestal Mean) × RefPMT Alpha Signal / RefPMT LMS Signal
# Reference PMT Params:
# RefPMT1: AlphaSignal=4534.103564, AlphaError=4.683225, LMSSignal=2374.148271, LMSError=1.336384, Valid=Yes
# RefPMT2: AlphaSignal=1922.036638, AlphaError=1.851462, LMSSignal=2373.420598, LMSError=1.087365, Valid=Yes
# RefPMT3: AlphaSignal=5634.545883, AlphaError=5.087238, LMSSignal=1591.826176, LMSError=1.210219, Valid=Yes
# Note: -1.0 = Fit failed / Invalid data

# G module
# module name	LMS_Mean	LMS_Err	Pedestal_Mean	Pedestal_Err	module signal(LMS-Pedestal)	signal error	gain1(RefPMT1)	gain1 error	gain2(RefPMT2)	gain2 error	gain3(RefPMT3)	gain3 error
G1	5417.709492	4.615582	501.759270	0.368824	4915.950222	4.630295	9388.388961	14.147730	3981.020660	5.665044	19770.155859	31.894165
G2	4887.436305	4.461539	650.134413	0.265067	4237.301892	4.469406	8092.319189	12.785500	3431.439623	5.147569	17040.880207	28.656873
G3	7149.049406	6.596742	452.375711	0.593631	6696.673694	6.623398	12789.181043	19.655186	5423.081017	7.888748	26931.575117	44.200975
G4	5674.418900	5.196694	513.327153	0.203539	5161.091746	5.200678	9856.555618	15.266858	4179.540464	6.132974	20756.025513	34.299654
G5	5657.780717	6.192200	304.709680	0.190795	5353.071036	6.195139	10223.194044	16.870007	4335.008580	6.822870	21528.096083	37.626559
G6	5367.567431	4.933936	421.120777	0.296574	4946.446654	4.942842	9446.630472	14.580431	4005.717193	5.854857	19892.801369	32.771550
G7	4355.576110	4.237145	539.438859	0.325038	3816.137250	4.249594	7287.986903	11.805136	3090.373285	4.765469	15347.109880	26.384000
G8	7679.520199	5.370383	546.925676	0.314310	7132.594523	5.379573	13621.694415	19.034134	5776.097168	7.545844	28684.689435	43.353396
G9	5783.978764	3.845071	644.234429	0.236068	5139.744334	3.852311	9815.786734	13.691090	4162.252964	5.426238	20670.174022	31.191970
G10	6229.321314	3.925800	596.128758	0.433773	5633.192555	3.949692	10758.164834	14.732443	4561.855782	5.823135	22654.642496	33.655791
G11	6487.933336	4.908274	450.231045	0.331716	6037.702291	4.919471	11530.689893	16.499729	4889.434692	6.562945	24281.432874	37.454016
G12	4996.335569	4.035287	512.035165	0.400464	4484.300404	4.055110	8564.032286	12.706685	3631.463247	5.078269	18034.217987	28.703029
G13	3816.507294	4.085734	610.611814	0.276804	3205.895480	4.095099	6122.558687	10.631707	2596.189051	4.320504	12892.940419	23.587635
G14	3464.902626	3.144884	438.218848	0.305840	3026.683778	3.159721	5780.303560	9.090978	2451.060346	3.658282	12172.216422	20.387099
G15	6450.522357	3.930735	530.185178	0.217186	5920.337179	3.936731	11306.548217	15.277919	4794.390415	6.026387	23809.433271	34.972869
G16	-1.000000	-1.000000	-1.000000	-1.000000	-1.000000	-1.000000	0.000000	0.000000	0.000000	0.000000	0.000000	0.000000
G17	6942.820892	7.527500	315.505114	0.341837	6627.315779	7.535258	12656.722605	20.706310	5366.913790	8.367179	26652.642919	46.226605
G18	5914.733979	7.993340	383.701706	0.205957	5531.032273	7.995993	10563.061055	19.687114	4479.124637	8.047154	22243.791162	43.391599
G19	5227.112531	4.725856	562.073170	0.499132	4665.039360	4.752141	8909.204132	13.863464	3777.828748	5.572132	18761.084038	31.129266
G20	4813.802910	4.672578	446.538562	0.216148	4367.264348	4.677575	8340.519034	13.268664	3536.685445	5.346085	17563.541725	29.715959
G21	5589.664262	4.267348	473.045343	0.234866	5116.618919	4.273806	9771.622252	14.097562	4143.525607	5.613669	20577.172049	31.964900
G22	7186.832711	5.121929	539.542805	0.276614	6647.289906	5.129393	12694.868816	17.859433	5383.089180	7.086999	26732.971561	40.638117
G23	1187.692844	1.654673	393.021113	0.676769	794.671731	1.787725	1517.649075	3.852731	643.538774	1.602228	3195.879386	8.319289
G24	5820.643469	5.019733	524.259622	0.306681	5296.383847	5.029093	10114.933918	15.291016	4289.102323	6.125190	21300.120915	34.457657
G25	5839.766811	5.157913	372.368645	0.579883	5467.398166	5.190407	10441.533839	15.783464	4427.592648	6.322390	21987.878033	35.567733
G26	7039.974029	5.290386	395.963768	0.541609	6644.010262	5.318037	12688.605413	18.053464	5380.433268	7.175341	26719.782031	41.013690
G27	3734.034053	4.330944	414.163982	1.932603	3319.870071	4.742576	6340.225209	11.732739	2688.487626	4.793159	13351.304584	25.875858
G28	3080.040101	3.868923	517.348683	1.541095	2562.691417	4.164558	4894.179706	9.818368	2075.311388	4.034153	10306.208658	21.510782
G29	6819.846549	8.445454	334.268724	0.461305	6485.577826	8.458043	12386.034137	21.753142	5252.131969	8.848810	26082.624654	48.208186
G30	6273.775987	4.668790	434.470678	0.800425	5839.305309	4.736906	11151.795080	15.934846	4728.769419	6.337023	23483.552691	36.178935
G31	3698.687525	4.824870	383.139596	0.281501	3315.547929	4.833075	6331.970865	11.860568	2684.987482	4.849875	13333.922510	26.130060
G32	5399.996273	4.094685	357.951251	0.299749	5042.045023	4.105642	9629.202432	13.776014	4083.134389	5.479406	20277.263082	31.272130
G33	3703.147750	2.619567	466.101423	0.296627	3237.046327	2.636307	6182.049986	8.844827	2621.415540	3.518054	13018.217743	20.077977
G34	1443.415677	2.128997	509.610294	0.197229	933.805383	2.138113	1783.363899	4.590673	756.211588	1.910153	3755.424107	9.906087
G35	5501.147771	3.722728	518.433554	0.294734	4982.714218	3.734377	9515.893580	13.272554	4035.087287	5.260344	20038.656259	30.238513
G36	3814.364218	3.166850	515.837016	0.188624	3298.527202	3.172462	6299.465002	9.571721	2671.203805	3.836530	13265.471363	21.555603
G37	4478.478730	3.725439	494.920803	0.346308	3983.557928	3.741501	7607.723753	11.451756	3225.953416	4.584906	16020.414680	25.820081
G38	4298.511954	4.229732	354.913616	0.209190	3943.598338	4.234902	7531.409682	11.995755	3193.593456	4.833835	15859.711808	26.861501
G39	5039.284964	4.769582	474.030616	0.175390	4565.254348	4.772805	8718.636599	13.720978	3697.021137	5.521818	18359.785173	30.767855
G40	6950.794862	8.134566	469.568353	0.273188	6481.226510	8.139152	12377.724076	21.298135	5248.608199	8.648027	26065.125250	47.295476
G41	5709.594058	5.011837	291.783291	0.542225	5417.810767	5.041083	10346.832759	15.518420	4387.435922	6.210307	21788.455627	35.005401
G42	4753.922902	4.769383	381.616100	0.383200	4372.306802	4.784753	8350.149017	13.415615	3540.768911	5.410970	17583.820632	30.011053
G43	4981.235699	4.358691	384.312393	0.243621	4596.923306	4.365494	8779.117378	13.272302	3722.667202	5.316577	18487.146154	29.908376
G44	1923.291224	3.213290	259.587790	0.168712	1663.703433	3.217716	3177.309420	7.192467	1347.295526	2.975793	6690.807411	15.628485
G45	3816.457313	3.491339	323.716356	0.179839	3492.740957	3.495968	6670.370766	10.302545	2828.481430	4.137377	14046.528134	23.154444
G46	4961.401848	4.169148	325.005122	0.215080	4636.396726	4.174693	8854.502971	13.116792	3754.633453	5.241120	18645.893829	29.635594
G47	4743.083278	4.546717	238.554249	0.164823	4504.529029	4.549703	8602.664531	13.337910	3647.844734	5.358686	18115.570124	29.962333
G48	-1.000000	-1.000000	-1.000000	-1.000000	-1.000000	-1.000000	0.000000	0.000000	0.000000	0.000000	0.000000	0.000000
G49	3908.886721	2.241818	432.025103	0.382932	3476.861618	2.274287	6640.044704	8.937161	2815.622069	3.523106	13982.667235	20.470560
G50	6366.052771	4.754683	347.784082	0.154501	6018.268690	4.757192	11493.575968	16.288993	4873.697029	6.470519	24203.278029	37.025741
G51	4605.861629	3.785966	377.810871	0.258931	4228.050757	3.794810	8074.651546	11.947395	3423.947896	4.773146	17003.675522	26.997702
G52	3793.968817	3.546570	541.692667	0.328252	3252.276150	3.561728	6211.135615	9.982469	2633.748912	4.026413	13079.466529	22.330142
G53	5168.657034	5.107542	327.631351	0.181046	4841.025683	5.110749	9245.299490	14.612959	3920.345486	5.883578	19468.836735	32.751336
G54	2857.571727	2.524482	377.958854	0.258161	2479.612873	2.537648	4735.517870	7.383555	2008.032960	2.968334	9972.097103	16.575191
G55	3101.770156	3.434734	235.735454	0.571195	2866.034702	3.481904	5473.498987	9.255963	2320.963974	3.752326	11526.144530	20.590726
G56	4771.460808	4.597451	392.480604	0.726845	4378.980203	4.654553	8362.893753	13.258619	3546.173145	5.340055	17610.658615	29.705326
G57	1383.851416	1.875843	590.015803	0.988503	793.835613	2.120360	1516.052274	4.424720	642.861672	1.848964	3192.516827	9.497303
G58	2938.439901	3.609098	579.570366	1.444039	2358.869535	3.887266	4504.924522	9.121107	1910.252938	3.749889	9486.511509	19.969279
G59	5967.839901	5.009136	599.773601	1.734907	5368.066300	5.301071	10251.831714	15.745490	4347.152001	6.319091	21588.401554	35.411582
G60	5380.591488	5.982885	508.761258	0.749097	4871.830230	6.029599	9304.129434	15.886568	3945.291536	6.446142	19592.721371	35.305925
G61	4501.414465	4.337151	375.643714	0.264680	4125.770751	4.345219	7879.319120	12.440626	3341.119795	5.008353	16592.342702	27.886082
G62	6980.031952	7.158236	297.054093	0.244609	6682.977859	7.162414	12763.024995	20.310184	5411.989895	8.183443	26876.495470	45.484329
G63	5161.361361	4.462750	434.461273	0.185627	4726.900088	4.466608	9027.344583	13.620838	3827.924625	5.454900	19009.865285	30.701425
G64	6441.532776	5.712097	495.294141	0.147878	5946.238635	5.714011	11356.014329	17.248887	4815.365858	6.913399	23913.599464	38.846350
G65	6936.143343	7.048188	370.746479	0.337343	6565.396864	7.056257	12538.471030	19.978406	5316.770793	8.050870	26403.627665	44.734693
G66	6945.895815	5.254434	463.084427	0.264794	6482.811388	5.261102	12380.750847	17.693267	5249.891660	7.036447	26071.499051	40.170555
G67	4656.747288	3.801614	396.953412	0.183506	4259.793876	3.806041	8135.273955	12.017127	3449.654017	4.799994	17131.334748	27.161216
G68	4391.882060	3.195858	373.139740	0.331077	4018.742321	3.212961	7674.918243	10.915923	3254.446340	4.338308	16161.913455	24.799978
G69	7629.167747	5.736772	525.145624	0.186491	7104.022123	5.739803	13567.127384	19.361161	5752.958749	7.698252	28569.781681	43.966065
G70	6556.174681	4.296495	461.167433	0.201868	6095.007248	4.301235	11640.129818	15.967416	4935.841228	6.312890	24511.892475	36.467717
G71	4570.011514	3.629138	362.812444	0.220019	4207.199070	3.635802	8034.829387	11.727883	3407.061842	4.677267	16919.817653	26.549699
G72	4582.011410	3.650286	445.384162	0.210491	4136.627248	3.656350	7900.052653	11.624028	3349.911573	4.640659	16636.003568	26.286366
G73	6066.017921	5.205564	313.220877	0.442196	5752.797044	5.224312	10986.583229	16.326861	4658.713545	6.526378	23135.648054	36.872999
G74	6507.786221	10.680311	299.366297	0.149724	6208.419924	10.681360	11856.723207	24.711241	5027.684755	10.177554	24967.996826	53.987502
G75	4596.132914	3.595348	390.042173	0.228803	4206.090741	3.602621	8032.712721	11.688464	3406.164298	4.659652	16915.360359	26.471556
G76	6582.904950	8.558016	-1.000000	-1.000000	-1.000000	-1.000000	0.000000	0.000000	0.000000	0.000000	0.000000	0.000000
G77	7987.035450	30.160876	258.217310	0.237759	7728.818140	30.161814	14760.351027	60.162351	6258.929262	25.321537	31082.483006	127.948943
G78	4722.087282	5.392788	369.768467	0.303211	4352.318815	5.401305	8311.976337	14.212823	3524.582297	5.767762	17503.436252	31.581621
G79	4225.254932	3.764749	372.291551	0.205770	3852.963381	3.770369	7358.316753	11.259164	3120.195716	4.516629	15495.211123	25.333578
G80	4220.314760	3.981976	523.706880	0.250155	3696.607880	3.989826	7059.711967	11.270444	2993.576354	4.542685	14866.406419	25.230625
G81	3843.349954	2.701203	600.509937	0.691527	3242.840017	2.788316	6193.114666	9.023743	2626.107369	3.597984	13041.517848	20.432897
G82	7958.296893	7.292968	500.612447	0.199076	7457.684446	7.295684	14242.545015	21.790308	6039.360554	8.741089	29992.082343	49.029810
G83	5398.310605	5.773232	340.414525	0.179753	5057.896079	5.776030	9659.474481	15.836322	4095.970846	6.400640	20341.010241	35.346174
G84	7344.107744	5.518756	559.507592	0.239241	6784.600152	5.523939	12957.101332	18.536384	5494.285368	7.372805	27285.183208	42.078586
G85	4869.867648	4.331479	378.143735	0.546758	4491.723913	4.365851	8578.209562	13.089693	3637.474931	5.249248	18064.072625	29.462426
G86	4160.959588	5.051931	366.036807	1.185077	3794.922781	5.189067	7247.471910	13.072413	3073.193444	5.329584	15261.793033	28.897276
G87	3729.213817	3.933302	501.553859	0.899509	3227.659958	4.034846	6164.124077	10.580795	2613.814298	4.295345	12980.469198	23.501886
G88	4955.046790	5.066573	477.870938	0.466133	4477.175852	5.087970	8550.425950	13.985015	3625.693663	5.651042	18005.565640	31.222232
G89	5461.082993	8.331253	624.936593	0.404451	4836.146400	8.341065	9235.981128	19.281780	3916.394159	7.942184	19449.214042	42.120527
G90	4103.060001	3.758884	542.956307	0.459128	3560.103694	3.786820	6799.018850	10.782663	2883.032928	4.342986	14317.436454	24.157165
G91	5650.508099	4.385369	419.163540	0.326937	5231.344559	4.397539	9990.723114	14.444580	4236.432395	5.753500	21038.556661	32.742102
G92	5009.754383	4.857617	544.027973	0.311029	4465.726410	4.867564	8528.560021	13.677020	3616.421709	5.515330	17959.520166	30.602256
G93	3857.018486	4.110796	328.317769	0.298062	3528.700717	4.121588	6739.046036	11.171321	2857.602259	4.520138	14191.145151	24.904047
G94	3620.294057	3.591199	383.441585	0.406429	3236.852472	3.614125	6181.679766	10.025762	2621.258553	4.047702	13017.438130	22.404006
G95	5248.753787	3.832471	403.785067	0.223069	4844.968720	3.838958	9252.829828	13.123169	3923.538625	5.213494	19484.694190	29.826493
G96	4659.655563	3.063951	499.935130	0.334485	4159.720434	3.082155	7944.155583	11.044133	3368.612830	4.375069	16728.875923	25.173589
G97	6276.475042	6.043984	533.499942	0.253089	5742.975100	6.049281	10967.825465	17.318125	4650.759566	6.971985	23096.147782	38.818878
G98	6269.021933	5.767135	436.472633	0.194373	5832.549299	5.770409	11138.892581	17.120988	4723.298287	6.871726	23456.382489	38.501449
G99	6077.789581	6.363767	646.081954	0.232789	5431.707627	6.368023	10373.372720	17.227853	4398.689838	6.971998	21844.343723	38.398121
G100	4377.762675	4.360876	491.495419	0.335062	3886.267256	4.373730	7421.919865	12.082698	3147.165764	4.880038	15629.147143	26.989169
G101	7007.395730	4.227190	642.797760	0.461808	6364.597970	4.252341	12154.989091	16.443387	5154.160410	6.487274	25596.087870	37.634068
G102	5870.878895	4.069358	441.424298	0.262131	5429.454597	4.077792	10369.069926	14.471375	4396.865296	5.735982	21835.282860	32.966827
G103	6308.099808	5.591043	482.288771	0.274140	5825.811037	5.597760	11126.023975	16.898913	4717.841527	6.773098	23429.283660	38.058351
G104	4010.490047	4.346755	375.586961	0.178529	3634.903087	4.350420	6941.869318	11.649410	2943.606756	4.719186	14618.252285	25.935965
G105	6098.193993	5.018480	530.668772	0.178427	5567.525222	5.021651	10632.754599	15.760975	4508.677251	6.298165	22390.552470	35.606818
G106	4932.492622	4.931408	434.109848	0.194533	4498.382774	4.935244	8590.926529	13.818756	3642.867391	5.574262	18090.852132	30.908739
G107	-1.000000	-1.000000	-1.000000	-1.000000	-1.000000	-1.000000	0.000000	0.000000	0.000000	0.000000	0.000000	0.000000
G108	3888.679120	3.972620	390.611530	0.162320	3498.067591	3.975935	6680.543470	10.927508	2832.795028	4.415604	14067.949908	24.395985
G109	6473.796860	6.064673	514.773194	0.262871	5959.023666	6.070368	11380.430941	17.709002	4825.719395	7.117771	23965.016189	39.764076
G110	6576.267692	6.864720	598.027246	0.172185	5978.240446	6.866879	11417.130784	18.770995	4841.281472	7.588917	24042.299058	41.883278
G111	3922.972260	4.302270	387.140456	0.229350	3535.831804	4.308379	6752.664852	11.436599	2863.377135	4.637014	14219.823778	25.437704
G112	3550.294496	2.962968	569.714256	0.451996	2980.580241	2.997245	5692.255895	8.809064	2413.724912	3.538408	11986.804839	19.793195
G113	4980.799650	4.463441	524.591912	0.246122	4456.207738	4.470222	8510.381441	13.156741	3608.713325	5.284153	17921.239545	29.565744
G114	5941.823251	4.929515	509.317333	0.184139	5432.505917	4.932953	10374.897280	15.417278	4399.336307	6.162760	21847.554155	34.818941
G115	4156.745669	4.225055	529.393947	0.550360	3627.351722	4.260750	6927.447864	11.515890	2937.491532	4.660838	14587.883454	25.664453
G116	4278.101386	3.730068	512.712700	0.600516	3765.388686	3.778099	7191.068253	11.118207	3049.276229	4.465464	15143.017694	24.984468
G117	4300.218000	3.258189	368.409515	1.155008	3931.808485	3.456854	7508.893645	11.027343	3184.045831	4.401362	15812.297328	24.943390
G118	3282.099088	2.803997	447.840370	0.553745	2834.258719	2.858152	5412.813813	8.386606	2295.231238	3.369175	11398.353132	18.841239
G119	2950.579331	2.878674	509.789170	0.444275	2440.790161	2.912755	4661.374987	7.810865	1976.593663	3.163740	9815.966339	17.392635
G120	4611.203846	3.748911	364.011865	0.414715	4247.191981	3.771780	8111.207093	11.955057	3439.448786	4.773855	17080.654529	27.028843
G121	4678.208554	2.968629	520.414603	0.338316	4157.793951	2.987845	7940.476422	10.945506	3367.052731	4.330571	16721.128312	24.980119
G122	2757.819031	2.354578	365.602438	0.468063	2392.216592	2.400650	4568.610103	7.064034	1937.257956	2.837186	9620.621192	15.873943
G123	4256.742345	3.081629	453.791727	0.412744	3802.950618	3.109147	7262.803323	10.404107	3079.694525	4.138968	15294.078064	23.613461
G124	3283.536639	2.715367	438.628687	0.377554	2844.907952	2.741490	5433.151518	8.261825	2303.855170	3.311805	11441.180458	18.603887
G125	3097.239207	2.701871	289.528833	0.281317	2807.710374	2.716477	5362.112286	8.166926	2273.731934	3.274390	11291.585390	18.386489
G126	5525.617911	4.884942	416.774609	0.407241	5108.843302	4.901887	9756.772525	14.810789	4137.228779	5.935773	20545.901358	33.358033
G127	4273.947025	2.787342	412.652267	0.203868	3861.294758	2.794787	7374.227859	10.184938	3126.942608	4.030828	15528.716878	23.237562
G128	4085.803290	3.336322	318.343835	0.230485	3767.459455	3.344274	7195.022968	10.603005	3050.953173	4.233872	15151.345569	23.972536
G129	3216.324417	2.380178	464.129245	0.184436	2752.195173	2.387313	5256.090402	7.682031	2228.774774	3.064241	11068.323531	17.387587
G130	4235.118497	3.239026	257.366303	0.132278	3977.752194	3.241726	7596.636073	10.871079	3221.251834	4.324129	15997.066142	24.676870
G131	5637.287479	3.292827	398.406952	0.328060	5238.880527	3.309129	10005.115163	13.358548	4242.535150	5.259348	21068.863570	30.636097
G132	5339.726374	4.126869	446.017593	0.198367	4893.708782	4.131634	9345.912678	13.532236	3963.009161	5.391156	19680.708912	30.667876
G133	3543.272327	3.020564	473.544927	0.141283	3069.727400	3.023866	5862.507458	8.994791	2485.917808	3.609420	12345.322147	20.231840
G134	2945.515533	2.920265	273.398044	0.194788	2672.117490	2.926754	5103.159555	8.202245	2163.926495	3.308384	10746.280346	18.347766
G135	3773.611764	2.950167	496.196997	0.233492	3277.414766	2.959393	6259.144870	9.281810	2654.106594	3.709252	13180.564860	20.968101
G136	4735.464551	3.774442	264.467210	0.295879	4470.997342	3.786021	8538.626347	12.375906	3620.690199	4.931146	17980.717928	28.043415
G137	4015.340508	3.809029	254.666750	0.241480	3760.673759	3.816675	7182.063774	11.158137	3045.458000	4.483975	15124.055980	25.059484
G138	6122.650298	4.697921	313.974081	0.205781	5808.676217	4.702426	11093.300220	15.840825	4703.965456	6.299064	23360.373675	35.968779
G139	3333.103053	3.157076	326.544873	0.287709	3006.558181	3.170159	5741.868074	9.070506	2434.762293	3.651815	12091.278623	20.330608
G140	3979.525047	3.084732	365.484031	0.309681	3614.041016	3.100238	6902.027330	10.048506	2926.712294	4.006155	14534.352658	22.755817
G141	4717.162223	4.645658	374.443240	0.169752	4342.718984	4.648759	8293.642761	13.190841	3516.808189	5.314589	17464.829237	29.542514
G142	5422.012004	5.089501	295.667279	0.199963	5126.344726	5.093427	9790.196414	15.074687	4151.401732	6.051661	20616.285692	33.892366
G143	5176.983784	4.343565	280.156418	0.276329	4896.827366	4.352346	9351.868492	13.787859	3965.534644	5.505938	19693.250719	31.171316
G144	3607.337508	2.869045	474.519103	0.170452	3132.818405	2.874103	5982.997469	8.925220	2537.009985	3.569403	12599.051121	20.146919
G145	4637.288756	4.015343	465.277993	0.833697	4172.010763	4.100979	7967.627423	12.213993	3378.565749	4.900718	16778.303139	27.475704
G146	7307.498781	8.150971	616.481880	0.736870	6691.016902	8.184210	12778.377807	21.685003	5418.500050	8.793902	26908.825564	48.222676
G147	4341.480022	4.763993	591.186944	1.931601	3750.293078	5.140691	7162.238946	12.937001	3037.051547	5.274987	15082.308673	28.594193
G148	4250.995419	4.272250	363.258869	1.052335	3887.736550	4.399946	7424.725894	12.119743	3148.355624	4.896339	15635.056105	27.063857
G149	6118.764716	5.438150	439.961280	1.027316	5678.803437	5.534334	10845.271635	16.566917	4598.792255	6.644534	22838.072799	37.283988
G150	4958.211111	4.181800	323.364753	0.506028	4634.846358	4.212305	8851.542107	13.157820	3753.377938	5.259799	18639.658813	29.714839
G151	5741.498645	5.454269	399.436220	0.381489	5342.062426	5.467594	10202.170006	15.907712	4326.093619	6.395240	21483.823472	35.710729
G152	2984.141060	2.588714	489.004636	0.377938	2495.136423	2.616157	4765.164454	7.508820	2020.604197	3.022248	10034.527152	16.835193
G153	3403.456120	3.473983	438.504248	0.386772	2964.951872	3.495447	5662.409131	9.430184	2401.068791	3.817369	11923.953248	21.012109
G154	6331.025514	5.743258	323.012001	0.382183	6008.013513	5.755960	11473.990825	17.407064	4865.392212	6.975791	24162.035455	39.208536
G155	5256.182023	4.450222	277.840418	0.284055	4978.341605	4.459278	9507.542846	14.057174	4031.546270	5.615508	20021.071207	31.768279
G156	3229.289153	3.006856	543.971380	0.387520	2685.317773	3.031725	5128.369206	8.361517	2174.616310	3.377626	10799.367061	18.674008
G157	6068.526761	5.284082	410.268286	0.216750	5658.258475	5.288525	10806.035255	16.235277	4582.154594	6.498566	22755.448468	36.614290
G158	5835.189524	5.023872	505.479001	0.181048	5329.710523	5.027133	10178.580575	15.347004	4316.090836	6.145672	21434.148631	34.595326
G159	4179.036410	3.345849	447.115407	0.160518	3731.921003	3.349698	7127.152303	10.545667	3022.173526	4.213147	15008.422898	23.830135
G160	4575.153348	3.475713	697.961913	0.270386	3877.191435	3.486215	7404.587033	10.963273	3139.816009	4.380345	15592.647505	24.771691
G161	4961.772661	4.083628	459.455757	0.417584	4502.316904	4.104923	8598.439857	12.796855	3646.053317	5.116268	18106.673766	28.895158
G162	3178.967587	3.477024	432.181199	0.535694	2746.786388	3.518048	5245.760807	9.122376	2224.394647	3.707620	11046.571375	20.236113
G163	4273.290700	3.367071	387.770311	0.183355	3885.520388	3.372060	7420.493511	10.847312	3146.560938	4.326920	15626.143513	24.551337
G164	3673.604877	3.082522	408.272467	0.177868	3265.332410	3.087649	6236.070214	9.411788	2644.322094	3.769375	13131.974036	21.213481
G165	4239.333575	4.024353	455.188317	0.244301	3784.145257	4.031761	7226.889199	11.469728	3064.465621	4.620089	15218.449772	25.694227
G166	4451.709616	3.691979	271.127719	0.229697	4180.581896	3.699117	7983.996411	11.752036	3385.506799	4.691993	16812.773104	26.574491
G167	5306.056635	4.457988	336.076890	0.276110	4969.979745	4.466530	9491.573524	14.050637	4024.774693	5.613760	19987.442861	31.748426
G168	5079.918924	3.788091	361.290780	0.304973	4718.628144	3.800347	9011.546981	12.846944	3821.225863	5.107397	18976.598549	29.177503
G169	4888.536576	3.284112	338.396606	0.276131	4550.139970	3.295700	8689.771445	12.004238	3684.781255	4.750977	18299.000666	27.387618
G170	2959.868922	2.751491	515.375578	0.363351	2444.493345	2.775378	4668.447258	7.632226	1979.592565	3.083876	9830.859191	17.040169
G171	4713.125526	3.296350	526.664191	0.698394	4186.461335	3.369522	7995.224852	11.395669	3390.268070	4.530301	16836.418060	25.882184
G172	4775.709520	3.970286	344.714440	0.179195	4430.995080	3.974328	8462.230782	12.517817	3588.295683	5.000883	17819.843444	28.287599
G173	4201.374043	3.667161	477.329892	0.247399	3724.044151	3.675497	7112.109240	10.920741	3015.794716	4.382670	14976.745079	24.561433
G174	4453.914919	4.055877	605.576871	0.229848	3848.338048	4.062384	7349.483379	11.615995	3116.450042	4.676897	15476.609724	26.034505
G175	4673.688545	4.270418	351.386705	0.708325	4322.301840	4.328763	8254.650484	12.752557	3500.274036	5.121413	17382.718943	28.659884
G176	4167.771501	3.624661	320.991935	0.448691	3846.779567	3.652327	7346.507021	11.105530	3115.187957	4.448573	15470.342082	25.025950
G177	3330.758152	4.629810	556.453589	0.771459	2774.304563	4.693644	5298.314499	10.917592	2246.679337	4.493406	11157.239423	23.871506
G178	5734.340783	4.594263	442.953904	0.706106	5291.386879	4.648208	10105.390803	14.835922	4285.055693	5.921252	21280.024935	33.559613
G179	3746.331215	4.141305	440.987436	0.717743	3305.343779	4.203042	6312.483172	10.934717	2676.723986	4.442673	13292.885146	24.265794
G180	3699.102739	3.029698	461.340903	0.425097	3237.761836	3.059375	6183.416451	9.329685	2621.994971	3.736365	13021.095258	21.029180
G181	4201.653714	3.480928	564.193556	0.295053	3637.460159	3.493410	6946.752766	10.549163	2945.677517	4.228017	14628.535893	23.758531
G182	3351.625073	2.434655	262.857741	0.362933	3088.767332	2.461558	5898.869560	8.381410	2501.336671	3.330552	12421.893797	19.044507
G183	3204.577737	3.221926	468.649093	0.423860	2735.928645	3.249687	5225.024894	8.734595	2215.601861	3.537083	11002.905498	19.454414
G184	4871.489146	3.765372	404.160242	0.322913	4467.328904	3.779193	8531.620435	12.361600	3617.719436	4.925227	17965.964814	28.012282
G185	3674.608584	3.337320	620.545372	0.363639	3054.063213	3.357073	5832.592288	9.390254	2473.232681	3.788230	12282.326507	21.001280
G186	2916.309179	2.796246	597.054668	0.232484	2319.254512	2.805894	4429.268498	7.474032	1878.172014	3.029325	9327.194358	16.630382
G205	5801.456786	4.678866	477.967554	0.462394	5323.489231	4.701659	10166.699270	14.954835	4311.052728	5.970196	21409.128869	33.819887
G206	5057.147590	3.902850	429.245134	0.601261	4627.902456	3.948893	8838.280774	12.843788	3747.754648	5.119343	18611.732978	29.093264
G207	5972.033876	6.304044	428.175508	0.568633	5543.858368	6.329638	10587.556090	17.356075	4489.511428	7.014813	22295.373033	38.738656
G208	3973.574178	3.426629	480.134564	0.609108	3493.439614	3.480345	6671.705048	10.284432	2829.047214	4.129171	14049.337878	23.119275
G209	4314.401760	4.523801	644.416041	0.418096	3669.985719	4.543080	7008.869468	11.968769	2972.017273	4.856502	14759.341816	26.598808
G210	4079.122052	4.200292	620.304478	0.473825	3458.817574	4.226933	6605.584528	11.204541	2801.009693	4.543572	13910.100679	24.917626
G211	2539.354096	1.693181	656.320225	0.392167	1883.033872	1.738004	3596.182552	5.376981	1524.913070	2.150991	7572.874307	12.133866
G212	4986.961789	4.980288	462.528062	0.208295	4524.433728	4.984642	8640.678149	13.925930	3663.963900	5.618643	18195.619551	31.141563
G213	5280.227692	3.945477	378.182320	0.282406	4902.045372	3.955571	9361.833741	13.354413	3969.760275	5.309588	19714.235633	30.327469
G214	3979.137599	3.575779	329.102873	0.289050	3650.034726	3.587442	6970.767437	10.685306	2955.860617	4.287325	14679.106209	24.037034
G215	5055.868678	4.018463	346.205858	0.301963	4709.662820	4.029793	8994.425174	13.083195	3813.965590	5.215423	18940.543291	29.631718
G216	2899.351206	2.891643	456.719579	0.480733	2442.631628	2.931331	4664.891785	7.839065	1978.084915	3.176028	9823.372045	17.450187
G235	4708.393976	4.751301	595.942604	0.908549	4112.451371	4.837388	7853.882020	13.065177	3330.333534	5.288247	16538.777023	29.115011
G236	2989.324177	3.111406	542.196622	0.904983	2447.127555	3.240346	4673.478024	8.277545	1981.725794	3.369610	9841.453024	18.329327
G237	2361.203433	3.058565	415.599349	0.908728	1945.604084	3.190706	3715.677962	7.499009	1575.583499	3.082375	7824.508841	16.421901
G238	5019.086162	4.410756	397.024818	0.507029	4622.061344	4.439803	8827.125528	13.405596	3743.024415	5.372897	18588.242158	30.191442
G239	4204.661741	3.687663	455.906658	0.979648	3748.755083	3.815569	7159.301711	11.136496	3035.806052	4.475903	15076.123418	25.007160
G240	4512.185196	5.800943	462.860046	0.384613	4049.325150	5.813679	7733.324753	14.353566	3279.212838	5.865195	16284.906421	31.647601
G241	3783.336682	2.804742	529.936069	0.690555	3253.400613	2.888502	6213.283093	9.156882	2634.659521	3.656454	13083.988707	20.702781
G242	3900.331678	3.570755	471.405357	0.381848	3428.926322	3.591114	6548.498779	10.313712	2776.803245	4.150965	13789.888983	23.125301
G243	4998.321512	3.881387	444.048606	1.164596	4554.272906	4.052339	8697.664449	12.828473	3688.128177	5.123085	18315.621827	29.000817
G244	3469.473889	2.794951	564.459127	0.491017	2905.014763	2.837754	5547.942371	8.482972	2352.530694	3.402669	11682.908093	19.088735
G245	4153.615740	3.238348	391.352427	0.441854	3762.263313	3.268353	7185.099474	10.506912	3046.745248	4.191329	15130.448585	23.779765
G246	4772.648007	5.517660	514.762809	0.483561	4257.885198	5.538809	8131.628796	14.261398	3448.108336	5.800594	17123.658741	31.609653
G265	4385.046234	3.650464	557.188442	0.720380	3827.857792	3.720864	7310.370573	11.155403	3099.864780	4.473572	15394.245617	25.108611
G266	1421.948887	1.914827	515.338681	0.388807	906.610206	1.953902	1731.427062	4.251165	734.188468	1.765502	3646.055039	9.195131
G267	3628.963282	4.145091	519.471342	0.501854	3109.491940	4.175360	5938.449026	10.601021	2518.119814	4.318308	12505.240600	23.456791
G268	1643.293476	2.368437	558.528856	0.434189	1084.764620	2.407906	2071.662999	5.204369	878.460962	2.163422	4362.527006	11.243731
G269	4409.354324	5.381454	439.209823	0.368858	3970.144500	5.394081	7582.107043	13.626007	3215.090993	5.553612	15966.470776	30.131266
G270	6020.935835	5.339181	449.300291	0.328073	5571.635544	5.349251	10640.604415	16.156453	4512.005861	6.475272	22407.082685	36.387709
G271	4069.791292	2.776306	401.879754	0.427713	3667.911538	2.809059	7004.908236	9.832421	2970.337565	3.900458	14751.000217	22.380383
G272	3651.575817	2.626821	418.963098	0.396134	3232.612719	2.656522	6173.582766	8.858693	2617.825129	3.524978	13000.387393	20.101239
G273	3334.942476	2.452159	450.984203	0.361602	2883.958272	2.478677	5507.729083	8.023902	2335.478788	3.199261	11598.226581	18.169274
G274	3227.513335	2.411309	510.272889	0.238211	2717.240446	2.423047	5189.334524	7.660006	2200.467837	3.059354	10927.748389	17.314851
G275	3193.613194	3.127993	567.980152	0.880209	2625.633041	3.249479	5014.384432	8.561764	2126.282593	3.474019	10559.336875	19.027496
G276	4078.612311	3.265878	408.295408	0.942135	3670.316903	3.399056	7009.501956	10.494030	2972.285471	4.198666	14760.673715	23.677230
G295	5358.781244	3.644198	467.920283	0.973734	4890.860961	3.772047	9340.473964	13.138304	3960.702947	5.213438	19669.256018	29.896141
G296	5265.340495	3.830846	470.104476	0.619986	4795.236019	3.880691	9157.851255	13.075665	3883.264232	5.199428	19284.687437	29.690550
G297	6550.915852	5.588604	586.997077	0.266337	5963.918774	5.594946	11389.779525	17.136971	4829.683537	6.860697	23984.702525	38.640697
G298	4762.968322	5.641760	631.550814	1.375796	4131.417507	5.807088	7890.103188	14.461493	3345.692635	5.903507	16615.051893	31.921219
G299	4578.443507	3.377421	465.646439	0.624174	4112.797067	3.434613	7854.542223	11.330985	3330.613484	4.511972	16540.167286	25.692194
G300	4139.696209	3.694391	547.676049	0.323878	3592.020160	3.708560	6859.972315	10.736778	2908.879428	4.318237	14445.792821	24.091795
G301	4989.076149	2.964895	616.382021	1.063136	4372.694128	3.149740	8350.888725	11.518675	3541.082574	4.557782	17585.378316	26.285698
G302	2962.767239	3.612721	481.777413	0.725148	2480.989826	3.684778	4738.147549	8.976930	2009.148040	3.673851	9977.634706	19.757837
G303	3229.505379	2.830513	305.527815	1.860233	2923.977565	3.387074	5584.157172	9.219013	2367.887096	3.728687	11759.169554	20.560901
G304	2132.387632	2.265335	431.499017	1.718390	1700.888615	2.843344	3248.324978	6.639805	1377.408723	2.731414	6840.352626	14.526578
G305	3218.991574	2.728360	392.161709	1.199009	2826.829865	2.980196	5398.626329	8.527703	2289.215225	3.433255	11368.476997	19.114124
G306	2792.347796	2.483644	434.222064	0.456533	2358.125732	2.525254	4503.504020	7.163933	1909.650593	2.886401	9483.520204	16.044195
G325	5755.540035	5.716054	522.370538	0.396214	5233.169497	5.729769	9994.208346	16.060847	4237.910260	6.478044	21045.895894	35.927525
G326	4230.243236	4.200630	557.399766	0.590571	3672.843470	4.241942	7014.327146	11.563238	2974.331528	4.676146	14770.834644	25.793246
G327	4459.155130	3.384751	424.430072	0.477744	4034.725057	3.418300	7705.441772	11.170197	3267.389434	4.450836	16226.190184	25.310727
G328	4372.166969	4.211225	369.727581	0.549202	4002.439388	4.246886	7643.783209	12.109025	3241.243946	4.876628	16096.349014	27.132197
G329	5229.953069	4.219703	399.457828	0.573433	4830.495241	4.258488	9225.188651	13.561011	3911.817753	5.413305	19426.487144	30.670473
G330	6373.566187	4.686095	429.110822	0.582401	5944.455365	4.722148	11352.608673	16.114074	4813.921735	6.402412	23906.427803	36.620136
G331	4890.083171	3.477402	449.022940	1.038912	4441.060231	3.629279	8481.453019	12.148143	3596.446615	4.832689	17860.321807	27.572314
G332	2993.749583	2.864374	480.387943	0.653504	2513.361640	2.937976	4799.970629	7.960042	2035.363290	3.220915	10107.822316	17.744443
G333	3809.228558	2.862596	639.145522	0.483330	3170.083036	2.903113	6054.164756	9.025307	2567.187520	3.609128	12748.915850	20.374625
G334	2926.793184	2.339996	524.887897	0.768269	2401.905287	2.462889	4587.113388	7.158143	1945.104026	2.877984	9659.585580	16.067559
G335	3532.984580	2.909453	382.639357	0.890773	3150.345223	3.042761	6016.469854	9.157239	2551.203502	3.671138	12669.537578	20.617799
G336	2468.756465	2.877402	325.107931	0.516063	2143.648534	2.923314	4093.899515	7.372893	1735.963286	3.005528	8620.971269	16.300503
G355	5193.850903	3.978176	582.779239	1.116130	4611.071664	4.131783	8806.137644	13.021840	3734.124784	5.202003	18544.045679	29.427983
G356	7446.673956	5.988817	525.647179	0.404423	6921.026777	6.002457	13217.646327	19.317110	5604.765986	7.705232	27833.841255	43.722882
G357	5670.227512	4.756177	621.239891	0.412662	5048.987620	4.774045	9642.461274	14.552643	4088.756623	5.828250	20305.183673	32.800659
G358	4630.375118	6.898071	530.664933	0.420015	4099.710185	6.910846	7829.549143	16.093980	3320.015503	6.622878	16487.536626	35.196020
G359	3178.077029	4.226959	399.953986	0.439794	2778.123042	4.249776	5305.606958	10.238277	2249.771607	4.195614	11172.595951	22.499623
G360	4319.018036	3.750547	358.702508	0.334613	3960.315528	3.765444	7563.335857	11.439689	3207.131323	4.582736	15926.942240	25.777144
G361	3820.387365	3.040603	428.933910	0.489594	3391.453455	3.079767	6476.933806	9.625046	2746.457076	3.847437	13639.186805	21.737492
G362	3546.803907	3.232690	498.881786	0.642485	3047.922121	3.295918	5820.864147	9.300742	2468.259520	3.749120	12257.629279	20.819069
G363	2176.984267	2.339921	595.799311	0.572739	1581.184955	2.408996	3019.717188	5.812366	1280.470650	2.381460	6358.948240	12.775913
G364	3126.534116	4.418023	570.842709	1.020853	2555.691406	4.534431	4880.811217	10.390124	2069.642659	4.284591	10278.057171	22.666240
G365	3251.370504	2.996823	461.036543	0.813209	2790.333961	3.105198	5328.927140	8.629111	2259.660217	3.483265	11221.703803	19.286396
G366	3388.462678	2.525680	391.110589	0.606623	2997.352089	2.597509	5724.286455	8.363537	2427.307042	3.335938	12054.255087	18.930961
G385	4099.243021	4.066873	416.447168	0.375209	3682.795852	4.084144	7033.334018	11.370401	2982.391138	4.589046	14810.859490	25.417970
G386	751.871061	1.124849	436.297812	0.569424	315.573249	1.260765	602.675836	2.509983	255.556621	1.056753	1269.120322	5.335846
G387	3941.135270	3.750208	549.868499	0.573624	3391.266771	3.793825	6476.577281	10.513629	2746.305897	4.245068	13638.436031	23.491816
G388	5484.956440	3.655657	548.409668	0.331215	4936.546773	3.670631	9427.723865	13.119752	3997.700100	5.198071	19852.987662	29.900297
G389	4583.411850	4.743854	581.333238	0.431118	4002.078613	4.763403	7643.094208	12.790159	3240.951784	5.179907	16094.898110	28.484156
G390	3267.619431	3.383193	594.746544	0.407277	2672.872887	3.407619	5104.602199	8.854755	2164.538229	3.598052	10749.318279	19.647311
G391	3406.326053	2.966257	491.471032	0.508844	2914.855021	3.009585	5566.735110	8.712890	2360.499504	3.504256	11722.482016	19.550425
G392	3435.498864	3.270216	327.732331	1.094765	3107.766533	3.448598	5935.153875	9.597850	2516.722549	3.873770	12498.301641	21.454811
G393	3681.155452	4.878544	485.573001	1.483909	3195.582451	5.099233	6102.863058	12.098462	2587.837383	4.967101	12851.465181	26.530445
G394	3495.845038	2.668146	399.440793	0.450634	3096.404244	2.705933	5913.454391	8.665576	2507.521173	3.457742	12452.606668	19.606831
G395	3370.030077	2.275416	518.940063	4.861848	2851.090014	5.367969	5444.957903	12.087998	2308.861509	4.996249	11466.042453	26.297663
G396	4406.977441	2.893000	500.703710	0.415868	3906.273731	2.922738	7460.127853	10.400211	3163.367350	4.121654	15709.605876	23.696191
G415	6649.323339	6.292414	490.184480	0.609227	6159.138860	6.321838	11762.607160	18.363362	4987.776105	7.383483	24769.806388	41.217270
G416	5363.826848	4.039950	486.775390	0.450947	4877.051458	4.065040	9314.100836	13.427925	3949.519775	5.346508	19613.719241	30.449544
G417	4202.348304	5.037760	478.819677	0.395013	3723.528628	5.053222	7111.124704	12.771233	3015.377237	5.204948	14974.671832	28.242822
G418	4281.473671	4.035715	503.215296	0.427833	3778.258375	4.058329	7215.646542	11.494082	3059.698323	4.631734	15194.774881	25.737802
G419	4775.714869	4.363184	521.584878	0.434721	4254.129990	4.384787	8124.457172	12.706593	3445.067305	5.110063	17108.556669	28.514260
G420	6014.292220	4.140376	515.806826	0.410849	5498.485394	4.160711	10500.903639	14.687387	4452.767617	5.823433	22112.899505	33.448311
G421	6593.783681	4.661450	507.898182	1.123761	6085.885499	4.794993	11622.709274	16.455356	4928.454279	6.535680	24475.208132	37.409258
G422	4814.177688	3.550399	615.724951	0.536204	4198.452737	3.590661	8018.125804	11.661151	3399.978912	4.648445	16884.643096	26.411567
G423	4054.580355	3.414027	355.382894	0.555376	3699.197460	3.458905	7064.657499	10.615827	2995.673441	4.249327	14876.820765	23.940646
G424	3447.824093	2.852787	430.174544	0.649264	3017.649549	2.925737	5763.050161	8.785042	2443.744273	3.522567	12135.884056	19.775978
G425	3664.476950	2.617876	447.573296	2.059653	3216.903654	3.330983	6143.581889	9.627773	2605.103658	3.872754	12937.211270	21.600072
G426	2531.409242	1.898969	472.996519	0.407646	2058.412724	1.942230	3931.117774	5.928048	1666.937868	2.373912	8278.183979	13.362816
G445	5583.211485	3.807808	504.256732	0.449547	5078.954752	3.834253	9699.691937	13.557459	4113.024520	5.374896	20425.700531	30.878140
G446	5477.937008	5.166950	491.094905	0.737405	4986.842103	5.219304	9523.776939	14.995360	4038.430120	6.034999	20055.257108	33.623592
G447	4763.240755	3.959914	390.468726	0.413066	4372.772029	3.981399	8351.037499	12.422321	3541.145659	4.966211	17585.691605	28.051326
G448	3961.418743	4.349825	427.585388	0.517497	3533.833355	4.380500	6748.848253	11.533000	2861.758757	4.679991	14211.786748	25.628502
G449	4824.830181	4.000020	455.235585	0.690835	4369.594596	4.059238	8344.969297	12.508261	3538.572520	5.005294	17572.913131	28.217526
G450	4880.737879	5.424775	449.189524	0.574218	4431.548356	5.455081	8463.287418	14.409923	3588.743735	5.845446	17822.068518	32.033568
G451	3411.389663	2.519613	598.857795	0.717826	2812.531868	2.619871	5371.320284	8.059478	2277.636463	3.225487	11310.975677	18.179025
G452	4823.790748	3.707873	481.878995	0.379911	4341.911753	3.727285	8292.101126	12.075273	3516.154479	4.814346	17461.582848	27.344712
G453	3928.908973	3.048859	646.258357	0.478735	3282.650617	3.086216	6269.144199	9.440434	2658.346675	3.779815	13201.621538	21.284146
G454	4723.173968	3.354028	664.673301	0.392139	4058.500667	3.376873	7750.847982	11.167707	3286.643329	4.446224	16321.806998	25.326243
G455	5582.895018	3.194059	508.384915	0.291907	5074.510103	3.207370	9691.203630	12.941288	4109.425167	5.095188	20407.825775	29.678495
G456	3975.893432	3.032303	385.286411	0.708386	3590.607021	3.113948	6857.273527	10.021534	2907.735044	3.997395	14440.109689	22.683055
G475	6489.916425	5.187107	514.172521	0.325025	5975.743903	5.197280	11412.362933	16.695368	4839.259729	6.660330	24032.258874	37.783706
G476	5918.221339	7.124353	482.108460	44.688402	5436.112878	45.252731	10381.785786	87.281385	4402.257286	36.946066	21862.060034	184.228721
G477	4399.131919	4.733233	499.549911	0.388980	3899.582008	4.749190	7447.348126	12.609826	3157.948278	5.112577	15682.694210	28.048004
G478	4125.906856	5.110480	482.422861	0.446545	3643.483995	5.129952	6958.256974	12.766290	2950.555722	5.211898	14652.761561	28.176828
G479	2206.027392	3.234573	294.529259	0.495254	1911.498132	3.272268	3650.543060	7.582469	1547.963916	3.122271	7687.347165	16.569691
G480	4477.004630	4.600561	441.185992	0.528248	4035.818638	4.630789	7707.530272	12.665427	3268.275034	5.120234	16230.588166	28.261675
G481	3679.603875	3.294191	490.744722	0.327369	3188.859153	3.310417	6090.023030	9.554539	2582.392741	3.843775	12824.426533	21.432916
G482	4145.808961	2.977419	300.464405	0.254475	3845.344557	2.988274	7343.766466	10.353439	3114.025862	4.109703	15464.570995	23.551460
G483	2334.123182	2.049281	501.343449	0.321124	1832.779733	2.074289	3500.208146	5.713614	1484.216408	2.308285	7370.770520	12.758709
G484	3912.106313	2.987952	622.534614	0.318353	3289.571699	3.004864	6282.361951	9.356497	2663.951486	3.741120	13229.455603	21.124926
G485	3338.716326	2.583272	617.900617	0.134052	2720.815710	2.586748	5196.162496	7.859069	2203.363147	3.148330	10942.126794	17.708968
G486	2153.650884	1.857501	395.241289	0.273113	1758.409594	1.877472	3358.177459	5.334864	1423.990197	2.149145	7071.680992	11.949704
G505	5995.774167	4.797752	377.583719	0.207753	5618.190447	4.802248	10729.514091	15.601512	4549.706819	6.219023	22594.309498	35.337070
G506	6890.988589	4.902737	310.652350	0.381060	6580.336238	4.917524	12567.001965	17.513597	5328.868954	6.940371	26463.708371	39.905609
G507	1788.069355	2.067845	595.329493	0.485220	1192.739862	2.124010	2277.872079	4.861478	965.901162	2.005028	4796.763983	10.603556
G508	3873.771443	3.596427	386.121682	0.453093	3487.649762	3.624856	6660.647696	10.455165	2824.358492	4.206335	14026.053206	23.451784
G509	4682.906116	3.949075	419.137580	0.406334	4263.768537	3.969924	8142.864686	12.215982	3452.872765	4.888860	17147.319381	27.555080
G510	4952.365346	4.439143	532.871133	0.418663	4419.494213	4.458842	8440.266645	13.079936	3578.982084	5.254758	17773.591162	29.384505
G511	3509.440887	2.841481	491.894211	0.306847	3017.546676	2.858001	5762.853695	8.703158	2443.660964	3.485842	12135.470336	19.614685
G512	3589.002343	2.589812	293.374148	0.609961	3295.628195	2.660673	6293.928532	8.979591	2668.856140	3.570280	13253.812616	20.391914
G513	2789.937078	2.290240	403.128320	0.229294	2386.808758	2.301690	4558.282323	6.933463	1932.878599	2.779418	9598.872858	15.612134
G514	3490.100094	3.060246	496.137247	0.168284	2993.962848	3.064870	5717.813745	8.916182	2424.562376	3.584527	12040.624795	20.015473
G515	4072.050675	3.772667	468.730089	0.231547	3603.320586	3.779766	6881.553654	10.845898	2918.030706	4.365493	14491.239003	24.316545
G516	2603.305691	2.045210	382.000963	0.181020	2221.304728	2.053206	4242.205849	6.346430	1798.850602	2.538981	8933.276111	14.320528
G535	4649.466106	4.389394	350.282666	0.369799	4299.183441	4.404944	8210.499402	12.808142	3481.552361	5.149416	17289.745188	28.751001
G536	5014.782300	4.617612	441.435107	0.304733	4573.347194	4.627656	8734.092163	13.552192	3703.574862	5.445258	18392.331643	30.440836
G537	6026.184799	4.354507	430.337670	0.669438	5595.847129	4.405664	10686.843244	15.126927	4531.612817	6.007868	22504.452835	34.390345
G538	4868.513968	5.950326	335.614883	0.197317	4532.899085	5.953597	8656.845129	15.263504	3670.819291	6.211038	18229.664126	33.813341
G539	5136.199024	3.688940	473.650723	0.324479	4662.548302	3.703183	8904.446756	12.638424	3775.811446	5.021435	18751.065910	28.721747
G540	3406.458986	3.615065	564.088997	0.306730	2842.369989	3.628055	5428.304565	9.422370	2301.799884	3.828918	11430.973700	20.905415
G541	4259.941657	3.783909	542.378632	0.306528	3717.563025	3.796304	7099.731708	11.059447	3010.546190	4.445646	14950.680358	24.829920
G542	3794.400583	3.355537	601.652900	0.236878	3192.747683	3.363888	6097.449273	9.628919	2585.541740	3.876488	12840.064783	21.583104
G543	3991.900067	3.417837	371.705159	0.231348	3620.194908	3.425658	6913.779916	10.437561	2931.695821	4.180335	14559.101363	23.524656
G544	3826.076814	2.474306	507.474514	0.190215	3318.602300	2.481607	6337.804045	8.834111	2687.460964	3.500917	13346.206075	20.128422
G545	4391.357445	3.470059	390.168126	0.160044	4001.189319	3.473747	7641.395851	11.171707	3240.231618	4.456396	16091.321693	25.285108
G546	4082.120316	3.973167	530.764602	0.166950	3551.355714	3.976673	6782.312123	11.014883	2875.948664	4.447664	14282.255274	24.610591
G565	4053.981643	4.929118	435.777080	0.232035	3618.204562	4.934576	6909.978791	12.445074	2930.084005	5.073199	14551.096918	27.514315
G566	6664.375405	6.643773	540.731381	0.362226	6123.644024	6.653640	11694.819792	18.727396	4959.031779	7.550757	24627.059126	41.909419
G567	4555.676573	4.113627	388.733717	0.544080	4166.942856	4.149451	7957.948829	12.264866	3374.461671	4.924203	16757.921867	27.571904
G568	4024.808791	4.871916	473.712409	0.352356	3551.096382	4.884641	6781.816855	12.274504	2875.738652	5.005676	14281.212334	27.124877
G569	4060.945931	5.101772	360.675753	0.266684	3700.270178	5.108737	7066.706155	12.817587	2996.542146	5.228059	14881.134844	28.319438
G570	4975.404974	4.619668	512.223221	0.276503	4463.181753	4.627936	8523.700283	13.365899	3614.361002	5.376774	17949.286485	29.984438
G571	4096.909465	3.806911	500.169883	0.250758	3596.739581	3.815160	6868.985376	10.880020	2912.701296	4.381605	14464.772607	24.378833
G572	4243.696615	3.744550	461.871785	0.222892	3781.824830	3.751178	7222.457691	11.113113	3062.586500	4.460942	15209.117862	24.987737
G573	2635.690912	2.584896	376.223463	0.126461	2259.467450	2.587988	4315.088295	7.084685	1829.755427	2.863868	9086.752636	15.810279
G574	5674.794283	5.483966	439.297069	0.209332	5235.497214	5.487960	9998.653776	15.753743	4239.795286	6.340689	21055.257122	35.321262
G575	3624.578831	2.119704	335.189015	0.229906	3289.389816	2.132135	6282.014594	8.437213	2663.804194	3.324903	13228.724136	19.331838
G576	2876.605387	2.682185	334.046362	0.172780	2542.559024	2.687744	4855.731242	7.679380	2059.007832	3.092126	10225.243529	17.210251
G595	4240.980001	4.904582	408.973057	0.480736	3832.006944	4.928086	7318.294545	12.754812	3103.224835	5.184972	15410.931990	28.287723
G596	5502.491158	4.686038	493.314957	0.338579	5009.176201	4.698254	9566.430176	14.392363	4056.516654	5.761848	20145.076688	32.452462
G597	7313.486633	11.091704	520.499971	0.362726	6792.986663	11.097633	12973.117733	26.116426	5501.076909	10.733090	27318.910691	57.202635
G598	6341.141260	7.313179	564.043746	0.360355	5777.097514	7.322052	11032.991808	19.078071	4678.392482	7.750018	23233.375667	42.344576
G599	6240.210670	7.506014	296.413073	0.396953	5943.797598	7.516503	11351.352482	19.605030	4813.389064	7.963225	23903.782503	43.519405
G600	2889.179131	3.986392	415.167142	0.273675	2474.011989	3.995775	4724.821407	9.440484	2003.497268	3.877867	9949.572393	20.689259
G601	4008.053008	3.171487	402.771898	0.137260	3605.281111	3.174456	6885.297827	10.116908	2919.618373	4.038253	14499.123517	22.882407
G602	4016.565224	3.431798	341.210534	0.223113	3675.354690	3.439043	7019.123026	10.550295	2976.365157	4.223237	14780.933852	23.792024
G603	3487.390799	2.617352	644.652737	0.173875	2842.738063	2.623121	5429.007505	8.116615	2302.097956	3.246907	11432.453957	18.316439
G604	3624.644005	2.509948	478.302122	0.217924	3146.341883	2.519390	6008.824352	8.550460	2547.961528	3.398434	12653.437608	19.424520
G605	5231.966659	3.621133	457.360344	0.139591	4774.606315	3.623822	9118.453036	12.765028	3866.557945	5.061874	19201.722304	29.066717
G606	7020.564968	5.438599	394.828750	0.238293	6625.736218	5.443817	12653.705989	18.156012	5365.634634	7.224423	26646.290502	41.198153
G625	6611.997792	6.880483	477.717184	0.266263	6134.280607	6.885633	11715.133339	19.048084	4967.645467	7.692277	24669.835580	42.553710
G626	7106.081941	10.563960	309.544358	0.327794	6796.537583	10.569044	12979.899213	25.308891	5503.952504	10.379039	27333.191194	55.572011
G627	5652.909470	4.678163	504.511790	0.479009	5148.397680	4.702622	9832.312730	14.643317	4169.260592	5.855001	20704.974616	33.061474
G628	4525.964722	4.766962	415.302239	0.376503	4110.662482	4.781808	7850.465633	12.987480	3328.884861	5.253947	16531.582764	28.959087
G629	6143.635808	5.855816	451.221088	0.447492	5692.414720	5.872889	10871.266207	17.009687	4609.814906	6.840908	22892.812408	38.168726
G630	5639.423876	5.419821	485.139884	0.206077	5154.283992	5.423737	9843.554297	15.535962	4174.027428	6.254210	20728.647211	34.825957
G631	3963.722687	4.011890	342.755970	0.197473	3620.966717	4.016747	6915.253902	11.181041	2932.320845	4.512686	14562.205296	24.994279
G632	5963.847623	4.595655	463.678792	11.029437	5500.168831	11.948579	10504.118635	25.949714	4454.130893	10.779674	22119.669674	56.110499
G633	3401.200080	2.959211	492.719148	0.142873	2908.480931	2.962658	5554.561994	8.643202	2355.337657	3.473949	11696.847756	19.407641
G634	4468.609643	4.082768	524.207064	1.912932	3944.402579	4.508692	7532.945608	12.355621	3194.244744	4.994060	15862.946173	27.575972
G635	4127.925425	3.368126	578.979629	0.408889	3548.945796	3.392854	6777.709706	10.273707	2873.997070	4.116718	14272.563462	23.143471
G636	3682.556113	3.374932	408.027607	0.260019	3274.528506	3.384934	6253.632744	9.793025	2651.769250	3.938904	13168.957373	21.972743
G655	6608.389286	4.924929	494.090296	0.305739	6114.298990	4.934410	11676.972824	16.657595	4951.464011	6.622940	24589.476815	37.828674
G656	4081.876047	4.669510	445.422173	0.379032	3636.453874	4.684868	6944.830983	12.115573	2944.862610	4.925532	14624.488984	26.867470
G657	4382.667437	4.247419	441.263490	0.252463	3941.403947	4.254915	7527.218876	12.017925	3191.816400	4.844015	15850.886769	26.903684
G658	5998.172076	5.864014	454.328854	0.300401	5543.843221	5.871703	10587.527162	16.758691	4489.499162	6.748572	22295.312116	37.554102
G659	4184.586043	4.227593	579.181687	0.259146	3605.404356	4.235529	6885.533199	11.446966	2919.718179	4.632972	14499.619166	25.510670
G660	4394.835353	4.130261	561.567060	0.461191	3833.268293	4.155930	7320.703446	11.711152	3104.246297	4.721352	15416.004677	26.211024
G661	3789.587653	2.590130	626.154841	0.312408	3163.432812	2.608903	6041.464285	8.679221	2561.802055	3.454109	12722.171080	19.690817
G662	3625.611960	2.719452	468.367368	0.201408	3157.244592	2.726900	6029.646140	8.799309	2556.790729	3.509214	12697.284321	19.920496
G663	4290.517388	3.085308	385.333442	0.223996	3905.183946	3.093428	7458.046603	10.576710	3162.484824	4.201800	15705.223159	24.039174
G664	2988.031570	2.445672	345.934202	0.251699	2642.097368	2.458589	5045.827692	7.568098	2139.615686	3.028685	10625.550382	17.071532
G665	3742.120082	3.338039	471.104116	0.277627	3271.015965	3.349565	6246.924561	9.742615	2648.924735	3.916835	13154.831219	21.870326
G666	3503.992262	2.686230	510.125220	0.225717	2993.867042	2.695697	5717.630778	8.469886	2424.484792	3.384338	12040.239501	19.136558
G685	5166.841746	4.915403	555.776312	0.274460	4611.065434	4.923060	8806.125747	13.989292	3734.119739	5.635562	18544.020626	31.335065
G686	4366.687105	4.399580	517.899811	0.418911	3848.787295	4.419478	7350.341342	12.082868	3116.813850	4.884901	15478.416430	26.960678
G687	4175.732633	5.939059	391.878884	0.242542	3783.853749	5.944010	7226.332482	14.181653	3064.229553	5.818401	15217.277431	31.123320
G688	5535.940568	5.401096	372.256708	0.376179	5163.683860	5.414180	9861.505988	15.539556	4181.639602	6.254565	20766.450047	34.840534
G689	6312.315063	5.169975	420.821719	0.295898	5891.493344	5.178436	11251.462806	16.521997	4771.032184	6.594371	23693.433904	37.372542
G690	6435.148047	6.691414	421.591597	0.220666	6013.556451	6.695052	11484.576623	18.600761	4869.880978	7.508625	24184.327126	41.572460
G691	2748.737776	2.992621	539.164064	0.220097	2209.573712	3.000704	4219.802176	7.581558	1789.350624	3.089984	8886.098250	16.765547
G692	2631.823733	2.608593	580.090066	0.219663	2051.733667	2.617826	3918.362237	6.799966	1661.529053	2.763213	8251.323252	15.087410
G693	4301.483345	2.898843	605.645088	0.264270	3695.838257	2.910864	7058.242156	9.991907	2992.953100	3.968489	14863.311277	22.715748
G694	3793.602041	3.128629	437.189324	0.234339	3356.412717	3.137393	6410.013666	9.630934	2718.080487	3.855034	13498.265759	21.719872
G695	4740.480729	4.149136	327.213741	0.219170	4413.266987	4.154920	8428.374006	12.698777	3573.939170	5.084743	17748.547534	28.628347
G696	5450.886351	4.714618	349.024328	0.209178	5101.862022	4.719256	9743.439809	14.580502	4131.575219	5.833343	20517.825201	32.899267
G715	6902.716973	5.418574	507.954926	0.315442	6394.762047	5.427748	12212.595877	17.715137	5178.587797	7.059297	25717.396770	40.137570
G716	7185.653761	5.463791	475.784191	0.293846	6709.869570	5.471687	12814.382277	18.341555	5433.767263	7.295819	26984.644108	41.633356
G717	6239.844335	6.641360	513.659699	0.252060	5726.184637	6.646141	10935.759356	18.071590	4637.162362	7.309868	23028.622674	40.300321
G718	5329.270430	5.772215	570.573743	0.357691	4758.696687	5.783287	9088.069127	15.371148	3853.674055	6.231501	19137.739590	34.193869
G719	4785.904714	5.006684	422.142520	0.330921	4363.762195	5.017608	8333.830688	13.708647	3533.849341	5.542543	17549.457344	30.586090
G720	5019.361733	5.489389	451.939326	0.317171	4567.422407	5.498544	8722.777118	14.681725	3698.776868	5.949270	18368.504315	32.676796
G721	3218.001680	2.829331	470.061733	0.320611	2747.939947	2.847438	5247.963852	8.226812	2225.328819	3.309336	11051.210568	18.456302
G722	3896.502085	3.974002	437.437957	0.231770	3459.064128	3.980755	6606.055394	10.871102	2801.209357	4.395479	13911.092232	24.253986
G723	4097.460653	2.818123	557.928111	0.290481	3539.532542	2.833055	6759.732451	9.617725	2866.374056	3.822556	14234.706792	21.849484
G724	7463.761442	8.815305	471.733035	0.745848	6992.028407	8.846801	13353.243899	23.069102	5662.264321	9.370512	28119.383870	51.207519
G725	4368.271307	3.948647	514.825749	0.299066	3853.445558	3.959957	7359.237605	11.494906	3120.586191	4.622103	15497.150263	25.799164
G726	4877.916420	3.721522	631.836198	0.241889	4246.080222	3.729375	8109.083877	11.904436	3438.548465	4.751215	17076.183442	26.928644
G727	3021.984934	3.138297	358.866621	0.114835	2663.118313	3.140398	5085.973097	8.471253	2156.638808	3.429233	10710.088944	18.875188
G728	2265.699084	2.746427	375.982318	0.161689	1889.716766	2.751182	3608.945417	6.754864	1530.324992	2.761956	7599.750465	14.882644
G729	3103.916121	2.603740	413.220665	0.263536	2690.695456	2.617043	5138.639403	7.843300	2178.971250	3.145432	10820.994137	17.653189
G730	2420.890542	2.200975	503.187240	0.192707	1917.703302	2.209395	3662.393575	6.030229	1552.988968	2.438317	7712.302089	13.452948
G731	2953.878985	2.318643	537.891862	0.272273	2415.987122	2.334574	4614.006612	7.023974	1956.507738	2.815975	9716.217579	15.814316
G732	1839.902962	1.411701	444.463409	0.381061	1395.439554	1.462227	2664.984125	4.198274	1130.050843	1.689726	5611.948093	9.413064
G733	2840.554036	2.275399	349.187656	0.243347	2491.366379	2.288374	4757.964495	7.100992	2017.551151	2.840012	10019.365413	16.028138
G734	3474.627024	3.000713	308.583753	0.394800	3166.043271	3.026574	6046.449691	9.164993	2563.916050	3.672439	12732.669394	20.645958
G735	3118.922842	2.574757	346.519748	0.234673	2772.403094	2.585430	5294.683108	7.947972	2245.139494	3.181032	11149.592406	17.926502
G736	3188.766222	2.631323	527.453342	0.209413	2661.312880	2.639643	5082.525114	7.820296	2155.176737	3.139158	10702.828151	17.583901
G737	3735.343367	2.664308	447.052182	0.168802	3288.291185	2.669650	6279.916449	8.975734	2662.914503	3.569627	13224.305841	20.378025
G738	3376.635582	2.558866	564.646489	0.360422	2811.989093	2.584125	5370.283702	8.016315	2277.196914	3.206165	11308.792834	18.093745
G739	3022.935935	2.717819	401.610237	0.274255	2621.325699	2.731622	5006.158351	7.867203	2122.794433	3.165547	10542.014318	17.644359
G740	3220.525295	2.184846	570.752909	0.470295	2649.772386	2.234889	5060.485296	7.324732	2145.831047	2.917994	10656.416500	16.600690
G741	4235.792495	2.516627	479.173709	0.251988	3756.618786	2.529211	7174.319664	9.723768	3042.174214	3.837356	15107.748361	22.248426
G742	2855.965434	2.592457	352.988312	0.111417	2502.977122	2.594850	4780.138471	7.495011	2026.953729	3.015030	10066.059576	16.814136
G743	3102.491818	2.085283	293.114016	0.176336	2809.377802	2.092726	5365.296709	7.470279	2275.082246	2.959961	11298.291177	17.023698
G744	7779.094420	5.415495	360.619692	0.342968	7418.474729	5.426344	14167.663037	19.624865	6007.607854	7.770148	29834.395183	44.756043
G745	1360.304221	1.458856	440.445978	0.400180	919.858243	1.512748	1756.727913	3.551994	744.916955	1.460176	3699.333804	7.777347
G746	3489.245017	3.075192	480.380954	0.298809	3008.864062	3.089675	5746.271803	8.972544	2436.629635	3.607728	12100.552037	20.138770
G747	4711.312434	4.285084	555.139134	0.249938	4156.173300	4.292367	7937.381334	12.424769	3365.740300	4.997209	16714.610648	27.878950
G748	3328.677608	2.735881	522.274861	0.212193	2806.402747	2.744097	5359.615004	8.198275	2272.672996	3.288626	11286.326592	18.447186
G749	3032.140641	2.960018	564.310371	0.395428	2467.830270	2.986313	4713.015677	7.953748	1998.491207	3.223796	9924.711779	17.697580
G750	4019.649143	3.454696	567.147998	0.357535	3452.501145	3.473148	6593.521533	10.205486	2795.894541	4.099397	13884.698312	22.930379
G751	3454.928527	2.713522	529.066404	0.505750	2925.862123	2.760250	5587.756267	8.425667	2369.413244	3.374067	11766.748561	18.993030
G752	3600.793181	2.382718	683.106380	0.438001	2917.686801	2.422641	5572.143190	8.023018	2362.792728	3.193926	11733.870401	18.196412
G753	2712.143918	2.756528	408.241240	0.266844	2303.902678	2.769414	4399.949856	7.400078	1865.739836	2.998411	9265.454892	16.471521
G754	4521.698259	4.658820	326.518701	0.295294	4195.179557	4.668170	8011.874748	12.973074	3397.328235	5.236746	16871.479564	28.995454
G755	3935.956293	3.457307	426.504167	0.274590	3509.452127	3.468195	6702.285442	10.296967	2842.014421	4.132597	14113.734353	23.156997
G756	4032.544776	3.036392	389.264950	0.245341	3643.279826	3.046288	6957.867056	10.041609	2950.390383	3.998768	14651.940468	22.767328
G757	4303.470578	3.507323	488.106113	0.262388	3815.364465	3.517124	7286.511053	10.889564	3089.747470	4.355973	15344.002021	24.575239
G758	4453.648579	3.923239	457.255873	0.334223	3996.392706	3.937450	7632.235371	11.711003	3236.347239	4.699422	16072.031471	26.341114
G759	2138.496376	2.312455	452.900106	0.249599	1685.596270	2.325887	3219.119946	5.836930	1365.024720	2.380714	6778.852403	12.896617
G760	1944.696143	1.853668	549.782699	0.257402	1394.913444	1.871454	2663.979370	4.753295	1129.624790	1.936168	5609.832269	10.518058
G761	4120.989304	3.221167	497.636638	0.261499	3623.352666	3.231764	6919.810543	10.215190	2934.253028	4.079918	14571.800713	23.090401
G762	3547.698515	4.162357	253.643218	0.196866	3294.055296	4.167010	6290.924640	10.867019	2667.582380	4.414066	13247.486992	24.122276
G763	3854.330108	3.516595	384.380501	0.339606	3469.949606	3.532955	6626.844274	10.309694	2810.024604	4.143667	13954.869648	23.150171
G764	1997.545601	1.951926	429.375923	0.376702	1568.169678	1.987943	2994.860858	5.179228	1269.930656	2.103960	6306.605550	11.495388
G765	3543.184051	3.418237	391.665306	0.240066	3151.518745	3.426657	6018.711025	9.641091	2552.153840	3.887353	12674.257056	21.574688
G766	5005.202998	3.172788	645.359190	0.348516	4359.843808	3.191872	8326.347426	11.536379	3530.676164	4.567808	17533.699023	26.308665
G767	4499.020031	3.264801	625.020431	9.298856	3873.999600	9.855336	7398.491328	20.736222	3137.231207	8.654201	15579.811113	44.578922
G768	2494.525925	2.409972	423.156132	0.317221	2071.369794	2.430760	3955.862941	6.572943	1677.430725	2.660151	8330.292581	14.649285
G769	3512.407980	2.411978	481.755397	0.239577	3030.652583	2.423847	5787.883109	8.232942	2454.274352	3.272063	12188.177507	18.704196
G770	2999.686213	2.352987	571.766251	0.407384	2427.919963	2.387993	4636.795726	7.109714	1966.171157	2.852768	9764.207104	15.993011
G771	3587.948014	2.476499	452.134565	0.164441	3135.813449	2.481952	5988.717346	8.490798	2539.435422	3.373012	12611.096092	19.298926
G772	2952.708462	2.921556	449.965338	0.211432	2502.743123	2.929196	4779.691585	7.931303	2026.764233	3.209481	10065.118520	17.679206
G773	3730.176336	2.914149	439.991386	0.185870	3290.184950	2.920070	6283.533126	9.259160	2664.448107	3.697231	13231.921874	20.934396
G774	3852.969873	3.576451	432.216046	0.174025	3420.753827	3.580682	6532.891103	10.286752	2770.185019	4.140009	13757.022196	23.065481
G775	650.793352	0.086830	574.853262	0.182254	75.940090	0.201882	145.028950	0.421607	61.497585	0.176157	305.403298	0.905080
G776	3856.561948	2.496273	594.062095	0.627004	3262.499853	2.573813	6230.660650	8.824869	2642.028241	3.505227	13120.582527	20.061129
G777	2169.863538	2.482874	403.620116	0.274738	1766.243422	2.498028	3373.138355	6.205104	1430.334164	2.533790	7103.185785	13.692209
G778	2792.136817	2.049375	430.413579	0.279817	2361.723237	2.068389	4510.374469	6.614621	1912.563915	2.639633	9497.988057	14.964767
G779	2676.396760	2.781268	445.101188	0.189137	2231.295572	2.787692	4261.286176	7.312304	1806.941359	2.968396	8973.455638	16.242473
G780	2414.403263	2.290240	415.542681	0.341362	1998.860582	2.315540	3817.386217	6.302347	1618.711523	2.549029	8038.687020	14.055912
G781	4750.166757	3.306261	567.931589	0.280372	4182.235168	3.318128	7987.153797	11.332660	3386.845647	4.502425	16819.421957	25.755529
G782	3320.277887	3.017540	510.814447	0.239346	2809.463440	3.027018	5365.460259	8.558831	2275.151597	3.449443	11298.635581	19.162024
G783	4178.732520	4.333432	403.300322	0.303824	3775.432198	4.344070	7210.249163	11.864355	3057.409637	4.797036	15183.409031	26.470235
G784	2975.804692	2.289452	464.603105	0.177624	2511.201587	2.296332	4795.845401	7.145482	2033.614042	2.857208	10099.135373	16.132087
G785	3974.853101	3.233889	268.209003	0.381932	3706.644098	3.256364	7078.878947	10.392950	3001.703855	4.148007	14906.768420	23.509289
G786	3801.210877	2.978912	419.405331	0.339036	3381.805546	2.998143	6458.508412	9.513269	2738.644035	3.798508	13600.386440	21.510039
G787	4545.191215	3.093037	377.678448	0.380722	4167.512767	3.116380	7959.037233	11.093877	3374.923194	4.396450	16760.213839	25.277284
G788	2732.672456	2.243565	357.144801	0.195849	2375.527655	2.252097	4536.737885	6.854057	1923.742968	2.745354	9553.504381	15.446540
G789	4041.313976	3.158472	437.034172	0.236067	3604.279804	3.167282	6883.385551	10.106901	2918.807498	4.033890	14495.096630	22.861944
G790	2304.829992	2.778709	338.508464	0.283845	1966.321528	2.793169	3755.243746	6.925893	1592.360840	2.828688	7907.826833	15.279186
G791	2715.452127	2.144377	405.620950	0.196159	2309.831178	2.153331	4411.271992	6.621004	1870.540836	2.649895	9289.297151	14.933801
G792	2807.146784	2.182376	502.305097	0.214950	2304.841687	2.192936	4401.743157	6.659529	1866.500261	2.667893	9269.231242	15.005454
G793	3683.931285	3.300966	312.525196	0.334407	3371.406089	3.317861	6438.647724	9.874864	2730.222376	3.962392	13558.563621	22.212456
G794	2739.506342	2.636461	284.589357	0.379909	2454.916985	2.663692	4688.354130	7.502867	1988.033808	3.024900	9872.779266	16.791645
G795	4248.105734	3.127295	362.069288	0.266377	3886.036446	3.138619	7421.479069	10.589670	3146.978851	4.210523	15628.218910	24.047826
G796	4061.378358	3.096820	371.788082	0.646504	3689.590275	3.163584	7046.309879	10.256918	2987.893378	4.089159	14838.184178	23.228291
G797	3068.195001	2.343624	526.644692	0.383396	2541.550309	2.374777	4853.804816	7.291657	2058.190956	2.918623	10221.186844	16.444605
G798	3318.055869	2.941615	402.085062	0.258700	2915.970807	2.952969	5568.866018	8.643844	2361.403087	3.473223	11726.969302	19.414937
G799	3383.529196	2.585585	234.592808	0.258705	3148.936388	2.598496	6013.779288	8.641146	2550.062603	3.439047	12663.871760	19.603903
G800	3068.617182	2.559830	572.907243	0.370840	2495.709939	2.586552	4766.259743	7.472285	2021.068640	3.005845	10036.833622	16.763411
G801	4410.190855	4.077829	504.421605	0.220310	3905.769251	4.083776	7459.164406	11.739436	3162.958814	4.724398	15707.577041	26.324307
G802	3237.845939	3.379755	299.995936	0.184480	2937.850003	3.384786	5610.650493	9.238186	2379.121234	3.735455	11814.959434	20.609614
G803	4027.817873	3.783294	304.739586	0.263981	3723.078287	3.792493	7110.264651	11.064039	3015.012543	4.446956	14972.860726	24.843422
G804	4277.900012	3.835936	374.459764	0.236415	3903.440248	3.843214	7454.716520	11.435361	3161.072747	4.588659	15698.210641	25.722027
G805	5061.674076	4.121917	567.755432	0.289613	4493.918644	4.132079	8582.401019	12.813822	3639.252263	5.125087	18072.899035	28.921475
G806	2690.197300	2.412577	539.773782	0.317467	2150.423518	2.433375	4106.838253	6.703307	1741.449785	2.708096	8648.217781	14.968865
G807	3675.396103	3.120469	542.698870	0.427412	3132.697233	3.149604	5982.766055	9.257888	2536.911857	3.718656	12598.563808	20.801871
G808	3553.258928	2.829863	555.146254	0.211897	2998.112674	2.837786	5725.739005	8.644941	2427.922977	3.462420	12057.313881	19.484098
G809	2029.388330	3.036368	456.080702	1.154437	1573.307628	3.248424	3004.673216	7.139960	1274.091455	2.960949	6327.268505	15.470702
G810	2964.302254	3.211872	423.197912	0.202373	2541.104341	3.218241	4852.953115	8.388255	2057.829804	3.407408	10219.393324	18.618836
G811	2777.406088	2.868433	410.263994	0.237371	2367.142095	2.878237	4520.723300	7.648106	1916.952198	3.100636	9519.780722	17.013133
G812	5198.423901	3.403371	524.965654	0.213545	4673.458247	3.410063	8925.282364	12.354721	3784.646507	4.891160	18794.941725	28.178757
G813	2854.923184	2.733338	463.272543	0.263351	2391.650641	2.745995	4567.529259	7.507959	1936.799639	3.035327	9618.345141	16.752710
G814	2235.044273	1.957871	416.564713	0.370375	1818.479560	1.992596	3472.897946	5.583021	1472.635884	2.251963	7313.260450	12.488498
G815	3636.840992	2.624131	461.979500	0.225068	3174.861492	2.633765	6063.290562	8.727534	2571.057196	3.474248	12768.133055	19.795106
G816	1929.020393	2.005429	538.183111	0.411915	1390.837282	2.047295	2656.194793	5.004973	1126.323845	2.047480	5593.439436	11.020858
G817	4959.734947	3.473523	402.923715	0.443010	4556.811232	3.501660	8702.512095	12.227610	3690.183757	4.851312	18325.830044	27.828221
G818	3019.715295	3.049324	443.048094	0.214250	2576.667201	3.056841	4920.870394	8.221156	2086.629217	3.328970	10362.414153	18.312018
G819	2792.083285	2.501996	386.218124	8.778871	2405.865161	9.128448	4594.675882	18.251924	1948.310801	7.678945	9675.510750	38.836930
G820	3998.244074	3.745229	519.789478	0.203372	3478.454596	3.750747	6643.086942	10.600651	2816.912089	4.272516	13989.073608	23.732395
G821	2673.709445	3.034294	589.985662	0.227195	2083.723782	3.042788	3979.456356	7.461960	1687.435196	3.051496	8379.975810	16.437960
G822	3209.269554	3.718117	420.746946	0.203917	2788.522607	3.723705	5325.467851	9.477109	2258.193352	3.859472	11214.419202	20.976113
G823	2730.558611	2.642614	305.000402	0.305926	2425.558209	2.660263	4632.285294	7.450055	1964.258568	3.005184	9754.708994	16.663997
G824	2342.757461	3.250885	407.197779	0.233834	1935.559682	3.259284	3696.495353	7.592870	1567.449371	3.124425	7784.113928	16.605759
G825	1285.883309	1.567168	356.666394	0.425718	929.216915	1.623962	1774.600929	3.738493	752.495768	1.540715	3736.970965	8.161453
G826	3381.803280	3.403654	556.739806	0.173907	2825.063474	3.408094	5395.252909	9.090723	2287.784772	3.684081	11361.373220	20.230760
G827	3721.869222	2.733186	393.252293	0.314009	3328.616929	2.751164	6356.929795	9.139040	2695.570982	3.637461	13386.481254	20.731946
G828	2277.809172	2.402554	435.147815	0.207766	1842.661357	2.411521	3519.079885	6.192424	1492.218717	2.519395	7410.510802	13.720750
G829	4882.266299	4.783575	562.575536	0.301116	4319.690763	4.793043	8249.663898	13.340175	3498.159541	5.384181	17372.218144	29.820447
G830	5040.705467	3.712654	504.758012	0.255453	4535.947456	3.721432	8662.666850	12.423640	3673.287914	4.943148	18241.923560	28.192569
G831	2733.558237	2.813982	516.435956	0.266006	2217.122281	2.826527	4234.218291	7.344849	1795.463585	2.984512	8916.455838	16.297085
G832	2259.918396	2.070393	360.302109	0.138913	1899.616287	2.075047	3627.851336	5.823729	1538.341794	2.348699	7639.562723	13.029069
G833	2936.791155	3.169138	433.340918	0.267611	2503.450237	3.180416	4781.042018	8.277770	2027.336866	3.363030	10067.962273	18.370537
G834	4197.165727	3.472628	423.845788	0.196655	3773.319939	3.478192	7206.215209	10.769358	3055.699093	4.307879	15174.914294	24.304023
G835	2576.709258	2.083373	459.074302	0.359704	2117.634956	2.114197	4044.219276	6.239721	1714.897046	2.505488	8516.354164	14.025286
G836	3312.114364	3.096575	482.811690	0.181127	2829.302674	3.101868	5403.348853	8.688576	2291.217749	3.504709	11378.421732	19.434673
G837	4699.951945	3.404798	553.019515	0.232581	4146.932430	3.412732	7919.733294	11.369595	3358.256885	4.524380	16677.447243	25.797056
G838	2710.310720	2.837560	505.729342	0.299523	2204.581378	2.853324	4210.267911	7.363565	1785.307746	2.994287	8866.020906	16.325386
G839	2153.699122	2.412031	554.894158	0.253018	1598.804964	2.425265	3053.367549	5.861163	1294.739635	2.400987	6429.809479	12.886061
G840	2738.868188	2.618322	491.300983	0.284120	2247.567205	2.633692	4292.361433	7.126887	1820.118406	2.884134	9038.894201	15.885111
G841	2712.964817	2.411230	298.110474	0.278467	2414.854343	2.427257	4611.843252	7.135704	1955.590394	2.866193	9711.661955	16.033677
G842	3991.399597	3.708179	469.778608	0.244539	3521.620989	3.716234	6725.525306	10.628209	2851.868974	4.279118	14162.673073	23.821039
G843	3010.574667	2.474417	383.244100	0.166646	2627.330567	2.480022	5017.626335	7.567659	2127.657278	3.030559	10566.163705	17.058437
G844	3168.878136	2.515907	555.362345	0.319648	2613.515791	2.536131	4991.243136	7.611216	2116.469836	3.052022	10510.605721	17.132824
G845	2874.947796	2.475507	479.218726	0.224859	2395.729070	2.485698	4575.318167	7.176430	1940.102421	2.886989	9634.747094	16.098755
G846	3769.612665	2.709687	601.976407	0.220307	3167.636259	2.718628	6049.491948	8.808816	2565.206078	3.511992	12739.075806	19.947961
G847	1655.647506	1.817650	479.621870	0.220068	1176.025636	1.830923	2245.951566	4.382519	952.365696	1.797339	4729.545472	9.622346
G848	1750.993857	1.408510	443.150099	0.182233	1307.843758	1.420250	2497.695328	3.998643	1059.114268	1.612182	5259.669804	8.948692
G849	4768.940072	5.930786	355.133400	0.190573	4413.806672	5.933847	8429.404686	15.057924	3574.376216	6.134166	17750.717949	33.316421
G850	3392.252050	3.704669	401.205750	0.263705	2991.046301	3.714043	5712.243779	9.770398	2422.200507	3.965072	12028.895509	21.709666
G851	3252.182372	3.445728	526.133417	0.240065	2726.048955	3.454080	5206.156848	9.001018	2207.601119	3.656402	10963.172994	19.978442
G852	3164.415521	3.300531	531.433524	0.226016	2632.981997	3.308261	5028.419328	8.654755	2132.233903	3.514320	10588.891689	19.218542
G853	3187.995639	3.619586	334.687102	0.239058	2853.308537	3.627472	5449.194797	9.438223	2310.658108	3.834622	11474.964544	20.945083
G854	3996.237512	3.523148	357.698136	0.406589	3638.539376	3.546531	6948.813835	10.615481	2946.551486	4.257609	14632.876111	23.890042
G855	3659.414137	2.643285	368.863004	0.244450	3290.551133	2.654565	6284.232455	8.963587	2664.744648	3.563799	13233.394526	20.356261
G856	3458.900976	2.994303	304.033835	0.285362	3154.867140	3.007870	6025.105727	9.122989	2554.865428	3.655144	12687.723078	20.554080
G857	4355.293819	3.011621	459.519650	0.486241	3895.774169	3.050622	7440.075988	10.513662	3154.864625	4.174670	15667.380474	23.907982
G858	5393.729367	4.011755	474.393057	0.281494	4919.336310	4.021619	9394.855649	13.458048	3983.762772	5.353874	19783.773469	30.544860
G859	4325.604849	4.264270	423.325451	0.301779	3902.279398	4.274935	7452.499552	11.979341	3160.132671	4.831923	15693.542129	26.796566
G860	3709.155414	3.505240	476.200815	0.220076	3232.954600	3.512142	6174.235683	9.886252	2618.101989	3.986034	13001.762312	22.124322
G861	4139.888097	4.020584	538.463919	0.202267	3601.424178	4.025669	6877.931930	11.160871	2916.494963	4.506225	14483.612344	24.939095
G862	4317.907055	2.775727	402.065146	0.217959	3915.841909	2.784272	7478.400979	10.279101	3171.115825	4.065174	15748.085592	23.469238
G863	4366.304042	3.893247	370.729962	0.247403	3995.574080	3.901100	7630.671974	11.665134	3235.684302	4.678977	16068.739255	26.250035
G864	5473.259616	4.243832	340.629388	0.302297	5132.630228	4.254585	9802.200347	14.105729	4156.491839	5.615001	20641.563683	31.994633
G865	2021.535248	2.591647	404.950097	0.263056	1616.585151	2.604963	3087.323813	6.159431	1309.138334	2.529860	6501.314894	13.500233
G866	2820.872382	3.259432	435.036143	0.248658	2385.836239	3.268903	4556.425025	8.228047	1932.091037	3.354868	9594.961742	18.186594
G867	3621.910261	3.451973	448.137010	0.248965	3173.773251	3.460939	6061.212260	9.722254	2570.175920	3.920638	12763.756549	21.752965
G868	2703.404112	2.970315	480.759364	0.277724	2222.644748	2.983270	4244.764994	7.575745	1799.935773	3.085906	8938.665182	16.763163
G869	4268.753522	3.561697	522.679882	0.354109	3746.073640	3.579257	7154.180743	10.841889	3033.634574	4.344272	15065.339637	24.424113
G870	2081.135920	3.360307	573.893845	0.271114	1507.242075	3.371226	2878.502471	7.274395	1220.590439	3.024643	6061.576989	15.711262
G871	5260.335386	3.983127	514.386144	0.208653	4745.949242	3.988588	9063.724297	13.103303	3843.350956	5.219194	19086.474023	29.702094
G872	4329.315096	4.439432	424.760731	0.185086	3904.554365	4.443288	7456.844240	12.204404	3161.974978	4.931864	15702.691214	27.244949
G873	3483.761235	3.318048	436.487127	0.229441	3047.274108	3.325971	5819.626584	9.338614	2467.734748	3.766094	12255.023208	20.893605
G874	3999.927372	3.708731	369.728183	0.215770	3630.199189	3.715003	6932.885903	10.809459	2939.797460	4.345605	14599.334927	24.265989
G875	3666.506272	2.859574	338.021896	0.318606	3328.484376	2.877269	6356.676647	9.279349	2695.463638	3.700802	13385.948173	21.006394
G876	2066.738302	2.299662	535.984381	0.142824	1530.753921	2.304093	2923.404950	5.584649	1239.630734	2.286921	6156.133042	12.283050
G877	2631.885647	2.478561	290.021150	0.135417	2341.864497	2.482257	4472.448622	7.081733	1896.481967	2.851856	9418.123460	15.868631
G878	3114.881897	2.746359	393.649602	0.170445	2721.232295	2.751643	5196.958083	8.061452	2203.700505	3.238976	10943.802149	18.108221
G879	3878.118898	3.254114	320.173189	0.097102	3557.945709	3.255562	6794.897571	10.126337	2881.285354	4.049258	14308.757826	22.861146
G880	3386.165690	2.694773	526.399322	0.323411	2859.766367	2.714110	5461.527839	8.254739	2315.887769	3.306560	11500.935577	18.602162
G881	3735.282306	2.954296	482.484929	0.437705	3252.797378	2.986545	6212.131046	9.269818	2634.171011	3.707354	13081.562716	20.923965
G882	3726.955950	2.601252	458.607459	0.293944	3268.348491	2.617808	6241.830268	8.882800	2646.764568	3.530567	13144.103612	20.179265
G883	2363.658242	2.441515	279.757608	0.508950	2083.900634	2.493998	3979.794105	6.678491	1687.578414	2.705456	8380.687045	14.868865
G884	3873.872941	3.467800	347.051906	1.045041	3526.821035	3.621843	6735.456255	10.517487	2856.080060	4.228944	14183.585756	23.606275
G885	4582.902418	3.593467	291.581208	0.206988	4291.321210	3.599424	8195.484262	11.840238	3475.185391	4.715683	17258.126167	26.841466
G886	2635.244469	3.179954	451.330054	0.440002	2183.914415	3.210250	4170.798535	7.852257	1768.571286	3.212071	8782.905931	17.291774
G887	3975.203438	3.493473	416.789735	0.271045	3558.413703	3.503972	6795.791337	10.425150	2881.664344	4.183319	14310.639927	23.449561
G888	4421.709008	3.492985	357.747085	0.326499	4063.961923	3.508211	7761.277787	11.324296	3291.065948	4.516086	16343.770176	25.637366
G889	4215.920931	3.400144	461.340334	0.188073	3754.580597	3.405342	7170.427168	10.650735	3040.523653	4.257193	15099.551508	24.055378
G890	3822.870321	3.309644	583.045996	0.360402	3239.824325	3.329209	6187.355354	9.664253	2623.665210	3.885988	13029.389836	21.690503
G891	3329.085694	3.082726	287.195851	0.248932	3041.889843	3.092760	5809.343816	9.032419	2463.374478	3.630057	12233.369662	20.283556
G892	5112.913581	4.291957	274.324622	0.171880	4838.588959	4.295397	9240.645881	13.617911	3918.372185	5.437768	19459.037123	30.788885
G893	4463.724037	3.525017	340.575678	0.180374	4123.148358	3.529629	7874.310924	11.455780	3338.996137	4.566777	16581.796397	25.945256
G894	3744.789947	3.476873	393.171248	0.228523	3351.618700	3.484375	6400.858142	10.048517	2714.198209	4.042783	13478.985971	22.539334
G895	4147.484418	3.022598	503.244498	0.247749	3644.239919	3.032735	6959.700624	10.028396	2951.167883	3.992660	14655.801613	22.742313
G896	1475.512542	1.909921	542.126102	0.176430	933.386440	1.918053	1782.563808	4.220757	755.872320	1.750066	3753.739268	9.147260
G897	3455.742121	3.243498	440.953968	0.253217	3014.788154	3.253367	5757.585521	9.190953	2441.427066	3.704491	12124.376568	20.575548
G898	2716.954042	3.547868	385.888453	0.461304	2331.065588	3.577732	4451.825069	8.608652	1887.736826	3.528318	9374.694194	18.915142
G899	3483.979637	3.060790	459.139643	0.243615	3024.839994	3.070470	5776.782337	8.975607	2449.567219	3.606943	12164.801399	20.157653
G900	481.152327	0.083234	479.180030	0.155024	1.972298	0.175956	3.766657	0.336066	1.597200	0.142502	7.931861	0.707706

# W module
# module name	LMS_Mean	LMS_Err	Pedestal_Mean	Pedestal_Err	module signal(LMS-Pedestal)	signal error	gain1(RefPMT1)	gain1 error	gain2(RefPMT2)	gain2 error	gain3(RefPMT3)	gain3 error
W1	4422.421463	3.128374	396.270077	0.146932	4026.151385	3.131823	7689.067935	10.843457	3260.446327	4.304391	16191.710007	24.665084
W2	2197.808619	1.392508	475.673455	0.168434	1722.135164	1.402658	3288.901236	4.705652	1394.614542	1.871693	6925.798485	10.681905
W3	2177.746653	1.109688	587.898949	0.425044	1589.847704	1.188306	3036.261142	4.231595	1287.485892	1.676928	6393.786649	9.641833
W4	2337.895884	1.146526	564.760512	0.243272	1773.135371	1.172051	3386.300470	4.569162	1435.915383	1.801907	7130.902688	10.461635
W5	2760.283336	1.596400	568.742723	0.458132	2191.540613	1.660836	4185.362905	5.856556	1774.747112	2.322225	8813.575716	13.336572
W6	920.448971	0.859685	546.636021	155.502991	373.812950	155.505368	713.900917	296.982404	302.720127	125.931323	1503.339119	625.388878
W7	3179.611263	1.672008	595.584049	0.141108	2584.027214	1.677952	4934.926408	6.630762	2092.589481	2.613197	10392.013438	15.191798
W8	1611.472400	1.099461	385.491187	0.177598	1225.981213	1.113713	2341.355785	3.479842	992.820578	1.391027	4930.448555	7.858840
W9	1173.684066	0.835046	442.238224	0.185540	731.445842	0.855411	1396.901466	2.317082	592.337367	0.937595	2941.607960	5.165090
W10	1463.865071	1.070535	441.902405	0.260601	1021.962666	1.101798	1951.725014	3.114238	827.602865	1.255162	4109.960493	6.972109
W11	2766.445528	1.524955	551.052776	0.308607	2215.392752	1.555869	4230.915269	5.796398	1794.062982	2.291229	8909.500304	13.240827
W12	1507.101828	0.956665	385.113285	0.709512	1121.988543	1.191056	2142.752546	3.395171	908.605533	1.367357	4512.228027	7.607240
W13	2296.388446	1.331445	580.081221	0.232521	1716.307225	1.351596	3277.771149	4.639944	1389.894977	1.842838	6902.360645	10.548579
W14	2456.312031	1.316971	512.584319	0.269255	1943.727712	1.344214	3712.094504	5.065298	1574.063982	2.001023	7816.962762	11.577739
W15	3600.925719	2.837330	521.999259	0.186542	3078.926460	2.843455	5880.075648	8.793803	2493.367364	3.517944	12382.317404	19.843801
W16	3283.547396	2.329348	545.667083	0.258839	2737.880313	2.343685	5228.752152	7.606851	2217.182355	3.032420	11010.754393	17.228161
W17	3696.262990	2.271868	295.356340	0.284364	3400.906650	2.289596	6494.987339	8.802911	2754.112435	3.473945	13677.204100	20.141505
W18	627.103972	0.539554	377.256048	0.361671	249.847924	0.649557	477.154849	1.361583	202.331126	0.568576	1004.797072	2.925051
W19	2238.311312	1.616692	344.881309	0.482871	1893.430003	1.687263	3616.036887	5.336307	1533.332036	2.131216	7614.683749	12.062711
W20	2138.665964	1.752131	257.546077	0.191490	1881.119888	1.762564	3592.527262	5.402698	1523.363094	2.162816	7565.176963	12.182830
W21	2218.188493	1.580098	499.565303	0.176442	1718.623190	1.589918	3282.194134	4.911830	1391.770485	1.965127	6911.674608	11.082930
W22	3156.337118	2.160066	504.015935	0.238813	2652.321184	2.173227	5065.352942	7.261441	2147.895107	2.889034	10666.666833	16.479128
W23	2291.623686	1.537366	468.282258	0.234345	1823.341427	1.555124	3482.183048	5.059529	1476.573107	2.016612	7332.813104	11.460892
W24	1800.510247	1.149635	361.630806	0.594056	1438.879441	1.294050	2747.944803	4.068932	1165.229208	1.625746	5786.647450	9.193726
W25	2320.874937	1.407651	313.007312	0.186149	2007.867625	1.419906	3834.587698	5.263027	1626.005581	2.080967	8074.910058	12.019144
W26	2981.283435	2.014102	621.270958	0.323084	2360.012477	2.039850	4507.107291	6.579120	1911.178512	2.623879	9491.108004	14.893754
W27	1942.680949	1.200984	643.590414	0.225430	1299.090535	1.221958	2480.978587	3.736721	1052.025758	1.496165	5224.467536	8.424501
W28	2108.532603	1.340561	-1.000000	-1.000000	-1.000000	-1.000000	0.000000	0.000000	0.000000	0.000000	0.000000	0.000000
W29	2487.844745	1.723004	670.474983	0.206054	1817.369762	1.735282	3470.778474	5.258438	1471.737150	2.106954	7308.797245	11.846366
W30	3047.100076	1.742614	510.167967	0.226255	2536.932109	1.757240	4844.985065	6.613870	2054.451059	2.612942	10202.614130	15.116374
W31	2720.419518	1.834047	488.613368	1.084485	2231.806149	2.130689	4262.261266	6.457210	1807.354833	2.587261	8975.508992	14.547101
W32	3853.593972	2.167843	575.184410	0.258617	3278.409562	2.183214	6261.044712	8.463248	2654.912196	3.338521	13184.565564	19.372253
W33	2611.280864	1.608320	466.670907	0.162535	2144.609957	1.616512	4095.735624	5.722099	1736.741863	2.268395	8624.837763	13.033371
W34	3650.556331	2.173717	397.712294	0.249934	3252.844036	2.188039	6212.220153	8.417886	2634.208795	3.321891	13081.750359	19.261170
W35	3070.585667	1.807562	455.718314	0.311704	2614.867352	1.834241	4993.824322	6.839460	2117.564353	2.703409	10516.041207	15.624244
W36	2254.236844	1.662004	536.485204	0.119571	1717.751640	1.666299	3280.529666	5.001807	1391.064690	2.005641	6908.169555	11.259255
W37	2713.039616	1.753911	533.493246	0.261824	2179.546369	1.773346	4162.456524	5.953476	1765.033968	2.367910	8765.339247	13.515128
W38	1576.959637	0.843731	461.373150	0.194700	1115.586487	0.865904	2130.526019	3.002584	903.421038	1.191787	4486.481295	6.830476
W39	2421.672530	1.401887	439.720009	0.212287	1981.952520	1.417869	3785.095521	5.211195	1605.019086	2.061427	7970.688975	11.895279
W40	2692.456713	1.268257	620.949785	0.205772	2071.506928	1.284841	3956.124839	5.260914	1677.541779	2.069918	8330.844086	12.072862
W41	1771.317045	1.087838	459.884787	0.222791	1311.432258	1.110418	2504.548577	3.629990	1062.020297	1.446354	5274.101439	8.225477
W42	1779.006985	1.062678	534.966185	0.175831	1244.040800	1.077126	2375.845642	3.470169	1007.445540	1.384079	5003.077614	7.855099
W43	3533.771418	1.952687	556.381965	0.120737	2977.389453	1.956416	5686.162188	7.661506	2411.140957	3.020741	11973.972655	17.545760
W44	2720.984808	1.706962	287.000514	0.206922	2433.984294	1.719458	4648.377271	6.378208	1971.082156	2.521798	9788.595628	14.566478
W45	2204.345632	1.167875	512.829279	0.228384	1691.516353	1.189997	3230.426009	4.427722	1369.818905	1.750331	6802.660813	10.113644
W46	2758.067003	1.419264	578.170915	0.369929	2179.896087	1.466682	4163.124409	5.641600	1765.317175	2.226326	8766.745686	12.908562
W47	2281.152075	1.200455	514.019046	0.595889	1767.133030	1.340214	3374.837311	4.723438	1431.054584	1.872984	7106.763462	10.755886
W48	1177.426571	0.758746	519.044021	0.326877	658.382549	0.826163	1257.366568	2.162641	533.169461	0.878100	2647.774088	4.802644
W49	1791.618794	1.332750	314.646078	0.967010	1476.972717	1.646612	2820.694622	4.571448	1196.077795	1.845494	5939.844688	10.216383
W50	3946.507917	2.502206	454.805962	0.193536	3491.701954	2.509680	6668.386498	9.192495	2827.640027	3.637025	14042.349645	20.979185
W51	2625.329770	1.723941	512.269185	0.157449	2113.060584	1.731116	4035.483227	5.784789	1711.192641	2.301518	8497.957711	13.128098
W52	3559.758297	3.083856	229.523472	0.484644	3330.234825	3.121706	6360.019621	9.566264	2696.881181	3.829659	13392.987839	21.571009
W53	885.262949	0.679963	303.475337	0.241855	581.787612	0.721695	1111.087003	1.899435	471.141570	0.770801	2339.737234	4.220742
W54	2134.018858	1.702905	268.348951	0.174445	1865.669907	1.711817	3563.021180	5.315443	1510.851435	2.125782	7503.042785	11.998485
W55	1367.041030	0.833962	423.148694	0.211860	943.892337	0.860452	1802.627772	2.682658	764.380175	1.072537	3795.990148	6.057457
W56	2701.863179	1.637169	514.020899	0.354796	2187.842280	1.675173	4178.299897	5.864464	1771.752138	2.326373	8798.702370	13.348720
W57	2342.082870	1.334095	513.012597	0.224427	1829.070273	1.352840	3493.123890	4.853759	1481.212424	1.922647	7355.852428	11.064300
W58	3095.961402	1.776457	475.126634	0.176480	2620.834767	1.785201	5005.220779	6.803566	2122.396868	2.686137	10540.039971	15.559984
W59	1848.491843	1.166631	437.078188	0.201667	1411.413655	1.183933	2695.491162	3.894343	1142.986944	1.551028	5676.190092	8.828329
W60	3973.572528	2.427043	531.159327	0.272918	3442.413201	2.442339	6574.255767	9.031106	2787.725151	3.571307	13844.128286	20.621604
W61	1901.470106	1.173985	527.132347	0.136963	1374.337759	1.181947	2624.684315	3.824594	1112.962248	1.524972	5527.084382	8.660131
W62	3370.977070	2.311498	704.804800	0.208927	2666.172271	2.320921	5091.805487	7.451256	2159.111955	2.972672	10722.370846	16.862408
W63	2597.696957	1.497311	656.240222	0.203660	1941.456735	1.511098	3707.757434	5.229785	1572.224906	2.076055	7807.829720	11.895631
W64	2086.845100	1.092259	609.339809	0.215995	1477.505291	1.113411	2821.711721	3.941902	1196.509082	1.562661	5941.986506	8.978661
W65	3040.855916	1.722294	625.728303	0.146011	2415.127612	1.728472	4612.365136	6.350861	1955.811692	2.512294	9712.760944	14.496485
W66	3015.373635	1.947157	450.357878	0.254413	2565.015757	1.963708	4898.618686	6.875202	2077.193678	2.727307	10315.556301	15.649454
W67	3239.033826	1.929872	410.024803	0.225644	2829.009023	1.943018	5402.788045	7.359354	2290.979945	2.906500	11377.240777	16.825740
W68	2735.518220	1.458801	511.204147	0.189788	2224.314073	1.471095	4247.953040	5.732557	1801.287621	2.260753	8945.378597	13.125096
W69	2524.600477	1.763635	523.595218	0.258430	2001.005259	1.782469	3821.482081	5.638733	1620.448320	2.251960	8047.312128	12.746570
W70	2241.480109	1.504114	577.176555	0.136898	1664.303555	1.510331	3178.455520	4.722156	1347.781515	1.887536	6693.220881	10.665008
W71	2384.638661	1.265296	630.664935	0.123145	1753.973726	1.271274	3349.705921	4.628216	1420.397955	1.831782	7053.841551	10.558964
W72	1448.592937	0.964509	346.204665	0.153378	1102.388272	0.976628	2105.320317	3.100301	892.732897	1.237864	4433.402896	7.010195
W73	2151.290403	1.390939	333.338078	0.238532	1817.952325	1.411243	3471.891043	4.893172	1472.208920	1.942211	7311.140103	11.131249
W74	2405.311354	1.402776	353.249255	0.137430	2052.062099	1.409492	3918.989470	5.338305	1661.795023	2.108313	8252.644086	12.204970
W75	3041.047412	1.700329	454.174508	0.146055	2586.872905	1.706590	4940.361054	6.662941	2094.893970	2.627422	10403.457766	15.256691
W76	2759.518820	1.515036	558.710846	0.200081	2200.807974	1.528191	4203.061536	5.741240	1782.251979	2.268412	8850.845655	13.120668
W77	2025.296421	1.084847	639.006813	0.191894	1386.289608	1.101687	2647.509732	3.758397	1122.641061	1.493305	5575.150354	8.541014
W78	2701.738018	1.635169	303.572097	0.235194	2398.165920	1.651997	4579.972017	6.243277	1942.075824	2.466001	9644.547215	14.272413
W79	2576.655203	1.431734	516.821838	0.414844	2059.833365	1.490624	3933.830888	5.432949	1668.088327	2.150147	8283.897280	12.395699
W80	2553.322648	1.418706	432.447015	0.224416	2120.875634	1.436346	4050.408260	5.497765	1717.521402	2.170108	8529.386983	12.576334
W81	1814.025898	1.064073	543.023852	0.112056	1271.002046	1.069957	2427.335721	3.511145	1029.279219	1.398634	5111.505895	7.958323
W82	639.456051	0.471979	361.195424	0.266484	278.260628	0.542013	531.416896	1.209235	225.340221	0.500436	1119.062589	2.626716
W83	1784.823490	1.035205	540.789419	0.200663	1244.034071	1.054473	2375.832792	3.444688	1007.440091	1.372587	5003.050554	7.805200
W84	1238.997926	0.733083	365.482748	0.424790	873.515179	0.847265	1668.222804	2.543427	707.387548	1.019867	3512.958930	5.725378
W85	1378.759080	0.875269	484.789282	0.170095	893.969798	0.891643	1707.286649	2.633047	723.952049	1.057220	3595.219935	5.918708
W86	770.666807	0.584548	370.923735	0.425803	399.743072	0.723190	763.421774	1.647414	323.718784	0.679870	1607.620597	3.590572
W87	1795.186317	1.481442	357.970600	0.287353	1437.215717	1.509053	2744.767453	4.327838	1163.881895	1.742044	5779.956558	9.702539
W88	1732.021361	1.369803	343.567480	0.138397	1388.453881	1.376777	2651.643018	4.079529	1124.393725	1.637550	5583.854267	9.172930
W89	2234.575676	1.245816	347.638748	0.221967	1886.936927	1.265435	3603.636534	4.879500	1528.073832	1.925342	7588.570970	11.166170
W90	1459.272127	1.007005	261.963908	0.217864	1197.308219	1.030303	2286.596641	3.332625	969.600696	1.328846	4815.136247	7.545944
W91	1172.505896	0.809650	472.599025	0.166805	699.906871	0.826654	1336.668934	2.228144	566.796568	0.902041	2814.769739	4.964207
W92	1494.308112	0.919433	451.178478	0.171392	1043.129635	0.935271	1992.149291	2.946494	844.744239	1.177107	4195.086307	6.658570
W93	1394.123408	0.999427	375.403005	0.161750	1018.720403	1.012432	1945.533001	2.995992	824.977225	1.202741	4096.921295	6.735792
W94	3490.052223	1.984800	483.041211	0.133087	3007.011012	1.989256	5742.732883	7.750219	2435.129003	3.056489	12093.099745	17.744509
W95	2049.462879	1.370360	445.396511	0.128427	1604.066368	1.376364	3063.415678	4.460347	1299.000409	1.778279	6450.968922	10.100770
W96	1992.047844	1.277610	546.759008	0.126104	1445.288835	1.283819	2760.185342	4.068576	1170.419645	1.624669	5812.423691	9.198419
W97	2594.142332	1.416891	596.519234	0.109635	1997.623098	1.421127	3815.022893	5.244521	1617.709388	2.074145	8033.710311	11.974031
W98	2976.448645	1.603208	635.802767	0.166525	2340.645879	1.611833	4470.121327	6.093010	1895.495109	2.406617	9413.222622	13.929076
W99	2730.510703	1.534394	576.449926	0.210395	2154.060777	1.548752	4113.784621	5.671436	1744.395299	2.243942	8662.845507	12.943223
W100	2648.157600	1.622894	463.441107	0.230106	2184.716493	1.639126	4172.330328	5.821274	1769.220822	2.307263	8786.131596	13.261858
W101	2760.547598	1.889375	494.334325	0.425223	2266.213273	1.936635	4327.971340	6.292686	1835.218310	2.508343	9113.881871	14.252946
W102	3161.063294	1.945121	509.816351	0.319511	2651.246943	1.971188	5063.301378	7.045978	2147.025169	2.791620	10662.346631	16.058050
W103	2918.139919	1.588001	350.216160	0.179330	2567.923759	1.598094	4904.172333	6.526417	2079.548628	2.568136	10327.251223	14.975235
W104	2379.796829	1.456414	540.998961	0.143190	1838.797868	1.463437	3511.701468	4.987490	1489.089998	1.981781	7394.973263	11.333411
W105	2767.698932	1.782790	489.897137	0.166498	2277.801795	1.790548	4350.102882	6.154489	1844.602894	2.444176	9160.486676	13.992893
W106	2096.634546	1.261637	602.141360	0.172108	1494.493186	1.273322	2854.154883	4.145530	1210.266171	1.652235	6010.305614	9.390952
W107	3229.083900	2.065072	559.374512	0.237844	2669.709388	2.078723	5098.560607	7.192357	2161.976373	2.855180	10736.595839	16.359407
W108	3212.062689	1.732899	551.739048	0.182363	2660.323641	1.742468	5080.635884	6.840408	2154.375634	2.696680	10698.849793	15.667194
W109	2665.772495	1.701017	593.373048	0.173139	2072.399447	1.709806	3957.829354	5.686603	1678.264556	2.263164	8334.433471	12.901138
W110	2318.557357	1.458432	417.152573	0.175508	1901.404784	1.468955	3631.266974	5.110365	1539.790150	2.028003	7646.755405	11.627750
W111	2256.245596	1.453563	365.925852	0.209431	1890.319744	1.468573	3610.096973	5.089167	1530.813294	2.020073	7602.175423	11.576714
W112	2458.573058	1.512297	342.031663	0.606027	2116.541395	1.629205	4042.130813	5.682347	1714.011461	2.254637	8511.956259	12.931232
W113	1736.610777	1.172557	344.211476	0.496537	1392.399301	1.273357	2659.177908	3.962108	1127.588794	1.584303	5599.721306	8.945069
W114	1946.175913	1.182979	405.887706	0.600441	1540.288208	1.326639	2941.613352	4.288635	1247.351763	1.710114	6194.476462	9.710191
W115	2117.866651	1.512471	353.613632	0.221928	1764.253018	1.528666	3369.337120	4.922541	1428.722302	1.963425	7095.181109	11.142310
W116	1250.987087	0.892486	435.716611	0.254562	815.270477	0.928080	1556.988171	2.548706	660.219991	1.029963	3278.720016	5.689592
W117	1455.561629	0.961415	434.744813	0.174818	1020.816816	0.977180	1949.536690	2.956643	826.674936	1.184812	4105.352299	6.659967
W118	2885.335122	1.888723	318.295980	0.539766	2567.039142	1.964338	4902.482909	6.879668	2078.832250	2.729024	10323.693619	15.659934
W119	1525.518990	0.955105	420.446396	0.198082	1105.072594	0.975429	2110.446785	3.103745	894.906707	1.239029	4444.198258	7.019214
W120	1306.568620	0.941974	317.305106	0.309179	989.263514	0.991417	1889.276789	2.919567	801.122531	1.172533	3978.456447	6.561157
W121	2576.804134	2.299100	274.201107	0.212987	2302.603027	2.308945	4397.467807	6.797211	1864.687356	2.729918	9260.228170	15.274955
W122	2961.047342	2.026198	377.106440	0.239736	2583.940902	2.040331	4934.761572	6.991365	2092.519585	2.777070	10391.666324	15.892484
W123	2964.463677	2.005856	399.517045	0.162857	2564.946631	2.012457	4898.486672	6.926296	2077.137699	2.750464	10315.278306	15.748986
W124	2137.575957	1.624263	298.617051	0.239468	1838.958906	1.641821	3512.009015	5.186364	1489.220409	2.071513	7395.620898	11.722698
W125	2214.477858	1.706488	287.261222	0.215613	1927.216636	1.720055	3680.561961	5.434626	1560.693029	2.170640	7750.561243	12.284035
W126	1633.969741	1.135145	308.196065	0.118980	1325.773676	1.141364	2531.937547	3.690780	1073.634223	1.471686	5331.777383	8.356724
W127	1483.082696	1.099000	369.003527	0.143582	1114.079169	1.108340	2127.647373	3.277839	902.200386	1.315954	4480.419415	7.369074
W128	2133.809346	1.195766	625.446513	0.261940	1508.362832	1.224120	2880.642872	4.116726	1221.498048	1.637184	6066.084265	9.346555
W129	3200.926552	1.862269	621.918436	0.314541	2579.008116	1.888646	4925.341029	6.824734	2088.524930	2.702272	10371.828459	15.563596
W130	1318.668494	1.013062	548.511496	0.186302	770.156998	1.030050	1470.831301	2.619769	623.686324	1.066958	3097.290086	5.797969
W131	2404.946359	1.333323	555.603983	0.105589	1849.342376	1.337497	3531.839168	4.876962	1497.629120	1.930063	7437.379418	11.127444
W132	2174.389651	1.190625	581.283067	0.297175	1593.106583	1.227152	3042.484888	4.277964	1290.124988	1.697458	6406.892672	9.735005
W133	3237.338986	1.919695	581.941085	0.182371	2655.397900	1.928339	5071.228798	7.010531	2150.386685	2.774887	10679.040265	15.992799
W134	2065.481439	1.264238	495.818905	0.192769	1569.662535	1.278850	2997.711886	4.289440	1271.139596	1.706165	6312.609273	9.736967
W135	2777.936349	1.538346	323.794094	0.291232	2454.142254	1.565670	4686.874564	6.271855	1987.406417	2.470156	9869.663581	14.378629
W136	3137.925985	2.036978	261.909184	0.239428	2876.016802	2.051001	5492.562613	7.555563	2329.047649	2.988426	11566.288888	17.248810
W137	2762.679375	1.737716	416.768386	0.149117	2345.910989	1.744102	4480.176535	6.234443	1899.758885	2.470085	9434.396970	14.208554
W138	4030.032495	2.930846	376.279061	0.141608	3653.753433	2.934265	6977.869354	9.938617	2958.872090	3.950672	14694.061491	22.575119
W139	1823.339213	1.163331	552.828258	0.300784	1270.510955	1.201587	2426.397844	3.662293	1028.881525	1.466743	5109.530906	8.254468
W140	2108.123697	1.147801	580.423095	0.292611	1527.700602	1.184512	2917.573780	4.110447	1237.158105	1.631446	6143.853711	9.351150
W141	2371.353193	1.464693	650.580927	0.173949	1720.772266	1.474986	3286.298399	4.783158	1393.510844	1.906890	6920.317407	10.832321
W142	2803.307906	1.702535	475.619283	0.151599	2327.688623	1.709271	4445.375804	6.164394	1885.002101	2.441083	9361.113272	14.056128
W143	3161.614443	1.700535	540.303852	0.241963	2621.310592	1.717663	5006.129499	6.740789	2122.782199	2.657450	10541.953562	15.438782
W144	2279.116901	1.319071	528.994855	0.471974	1750.122046	1.400967	3342.350056	4.755659	1417.278798	1.890142	7038.351502	10.803819
W145	1611.681727	1.144755	413.104754	0.169707	1198.576972	1.157266	2289.019683	3.483493	970.628154	1.396511	4820.238710	7.843319
W146	1634.865547	1.015250	369.449652	0.165062	1265.415896	1.028581	2416.667397	3.455423	1024.755459	1.374286	5089.040441	7.844582
W147	1415.074835	1.048861	550.673823	0.388710	864.401012	1.118573	1650.816741	2.886926	700.006740	1.173917	3476.305082	6.400517
W148	3709.475880	2.024509	612.698550	0.185799	3096.777330	2.033017	5914.166903	7.966998	2507.823305	3.141082	12454.107082	18.245983
W149	1520.746097	0.921502	524.110800	0.161655	996.635297	0.935574	1903.355281	2.864485	807.092328	1.146816	4008.103065	6.458678
W150	1257.787792	0.793678	576.354233	0.231224	681.433559	0.826674	1301.388951	2.199083	551.836563	0.891436	2740.476827	4.892436
W151	1375.753041	0.942877	309.820638	0.197827	1065.932403	0.963407	2035.697588	3.019831	863.210311	1.206856	4286.790712	6.821647
W152	2645.859059	1.577745	359.032541	0.681892	2286.826518	1.718795	4367.338127	6.096493	1851.911269	2.416526	9196.780813	13.887813
W153	1845.279636	1.144657	444.964034	0.189694	1400.315602	1.160269	2674.296310	3.847869	1133.999550	1.531674	5631.557776	8.727912
W154	1616.009063	1.265640	254.217823	0.183530	1361.791240	1.278877	2600.723211	3.914619	1102.801863	1.567275	5476.626867	8.826283
W155	2268.942230	1.679745	273.518289	0.260432	1995.423941	1.699814	3810.822986	5.534705	1615.928473	2.205884	8024.866108	12.537984
W156	1208.801674	1.020879	284.566445	0.170500	924.235229	1.035019	1765.086998	2.866733	748.461513	1.157554	3716.936442	6.405121
W157	1860.446282	1.369594	469.346338	0.200328	1391.099944	1.384167	2656.696420	4.093177	1126.536553	1.643301	5594.495767	9.201994
W158	1951.055158	1.545822	390.201429	0.133648	1560.853730	1.551589	2980.888997	4.590828	1264.006075	1.843009	6277.183477	10.321285
W159	1903.059366	1.348334	422.883779	0.136961	1480.175586	1.355273	2826.811401	4.213805	1198.671533	1.685043	5952.725459	9.512748
W160	1131.652308	0.815862	411.615938	0.204955	720.036370	0.841211	1375.111872	2.279787	583.097781	0.922458	2895.723232	5.082230
W161	1970.078994	1.302081	215.630957	0.133489	1754.448037	1.308906	3350.611752	4.667217	1420.782060	1.849417	7055.749057	10.635237
W162	1293.424163	0.718105	624.050127	0.436121	669.374036	0.840164	1278.357901	2.199037	542.070555	0.892888	2691.977830	4.883405
W163	2012.093948	1.117905	670.869460	0.346692	1341.224487	1.170431	2561.445214	3.751653	1086.146554	1.496889	5393.914901	8.489105
W164	1981.961319	0.888187	601.930930	0.222651	1380.030389	0.915669	2635.555994	3.559420	1117.572238	1.403902	5549.978063	8.148567
W165	2676.373791	1.360627	661.581818	0.696886	2014.791973	1.528711	3847.811688	5.386107	1631.613037	2.135791	8102.757257	12.264642
W166	1506.654946	0.999331	487.753651	0.169614	1018.901296	1.013622	1945.878466	2.997770	825.123715	1.203513	4097.648779	6.739447
W167	1425.072981	1.100301	509.230922	0.211827	915.842060	1.120506	1749.057882	2.968551	741.664581	1.203849	3683.182181	6.601315
W168	1656.972779	1.343458	345.497676	0.222494	1311.475103	1.361757	2504.630401	3.929840	1062.054993	1.580984	5274.273744	8.815391
W169	2292.655550	1.383475	481.387529	0.216199	1811.268021	1.400266	3459.125485	4.869101	1466.795856	1.932315	7284.258274	11.078470
W170	1798.741893	1.035696	493.534033	0.255880	1305.207859	1.066837	2492.661338	3.570512	1056.979672	1.420409	5249.069182	8.103824
W171	4075.861598	3.341154	595.426286	0.201128	3480.435311	3.347202	6646.869675	10.099324	2818.516107	4.047991	13997.039322	22.743843
W172	1596.215661	1.271782	370.782953	0.286149	1225.432708	1.303576	2340.308260	3.711663	992.376389	1.494971	4928.242669	8.315467
W173	2613.932727	1.604656	375.997565	0.208050	2237.935162	1.618087	4273.966338	5.901281	1812.318212	2.335411	9000.157641	13.464717
W174	1915.300826	1.111556	511.594762	0.151538	1403.706064	1.121838	2680.771351	3.812374	1136.745205	1.515124	5645.192976	8.661508
W175	3278.480514	2.079737	442.297435	0.208418	2836.183079	2.090154	5416.488920	7.518615	2296.789618	2.977790	11406.092205	17.141496
W176	3083.594375	2.120695	610.528866	0.347540	2473.065509	2.148983	4723.013838	6.907216	2002.730793	2.755403	9945.765997	15.632554
W177	3363.259608	2.011277	405.976278	0.201477	2957.283330	2.021343	5647.763895	7.683648	2394.858675	3.034009	11893.113177	17.570437
W178	3058.736360	2.107277	417.218393	0.256560	2641.517967	2.122837	5044.721163	7.186818	2139.146478	2.856900	10623.220244	16.324023
W179	2258.046725	1.317819	390.318625	0.152594	1867.728100	1.326624	3566.951878	4.901429	1512.518195	1.938334	7511.320086	11.191405
W180	2404.535693	1.426674	456.568815	0.238820	1947.966877	1.446524	3720.190380	5.175120	1577.496930	2.050280	7834.011134	11.794899
W181	2067.009267	1.475192	439.757457	0.428385	1627.251810	1.536133	3107.694797	4.687212	1317.776377	1.877056	6544.212299	10.565514
W182	2011.284781	1.272353	389.310901	0.146716	1621.973880	1.280784	3097.615107	4.388615	1313.502220	1.743223	6522.986394	9.976007
W183	1412.728979	1.149668	355.582645	0.273013	1057.146334	1.181640	2018.918118	3.276064	856.095201	1.322716	4251.456349	7.320415
W184	2054.318810	1.356238	445.969358	0.179828	1608.349452	1.368107	3071.595431	4.458866	1302.468924	1.776987	6468.193922	10.101523
W185	2817.756973	1.573094	456.076481	0.415488	2361.680492	1.627038	4510.292835	6.148461	1912.529299	2.428561	9497.816152	14.055601
W186	2016.979329	1.250837	548.006006	0.182578	1468.973323	1.264092	2805.417530	4.088805	1189.599749	1.630365	5907.674049	9.258130
W187	1606.245870	1.143624	581.741829	0.292816	1024.504041	1.180516	1956.578483	3.221799	829.660914	1.302741	4120.180972	7.187511
W188	1684.360335	1.385262	273.453533	0.212873	1410.906801	1.401523	2694.523183	4.148557	1142.576485	1.665400	5674.151711	9.327295
W189	2211.970430	1.526071	418.243482	0.290782	1793.726947	1.553527	3425.625873	5.004011	1452.590794	1.995881	7213.714484	11.326954
W190	2166.864941	1.706944	233.460379	0.125573	1933.404562	1.711557	3692.379546	5.435932	1565.704118	2.170341	7775.446822	12.291813
W191	2290.075969	1.595782	293.345380	0.107779	1996.730588	1.599418	3813.318396	5.426895	1616.986618	2.156987	8030.120966	12.328364
W192	1979.260605	1.338133	340.916779	0.179855	1638.343825	1.350166	3128.878119	4.493893	1326.758881	1.788397	6588.820332	10.195774
W193	1499.829246	1.112552	394.916635	0.190717	1104.912611	1.128780	2110.141253	3.287607	894.777151	1.321569	4443.554868	7.380954
W194	2494.515091	2.025095	397.845709	0.177440	2096.669382	2.032854	4004.179618	6.103922	1697.918765	2.447512	8432.038283	13.740502
W195	2694.318664	2.004582	440.471640	0.171413	2253.847023	2.011897	4304.354511	6.356074	1825.203910	2.538694	9064.149335	14.366699
W196	1494.890429	0.897502	547.929477	0.219826	946.960952	0.924031	1808.488156	2.764008	766.865193	1.108634	3808.330999	6.220028
W197	2980.501537	1.699410	527.174003	0.262197	2453.327535	1.719518	4685.318627	6.415558	1986.746643	2.535773	9866.387076	14.656346
W198	3163.325765	1.896433	590.426712	0.241971	2572.899052	1.911807	4913.674055	6.836607	2083.577706	2.708600	10347.260037	15.581270
W199	1413.223269	0.651830	520.934411	0.192983	892.288857	0.679797	1704.076420	2.388220	722.590794	0.947182	3588.459805	5.437240
W200	1344.249445	0.857724	494.921791	0.160005	849.327655	0.872521	1622.029926	2.533207	687.800077	1.018587	3415.685544	5.685623
W201	3084.938956	1.814740	422.715143	0.269953	2662.223813	1.834709	5084.264796	6.931498	2155.914426	2.737886	10706.491590	15.845446
W202	1834.644859	1.098923	538.675666	0.281680	1295.969193	1.134450	2475.017507	3.629065	1049.498042	1.448183	5211.914640	8.210506
W203	2809.260421	1.718426	328.013196	0.191726	2481.247225	1.729089	4738.639125	6.478817	2009.356486	2.560194	9978.669870	14.804211
W204	2522.528762	1.662941	454.192946	0.169551	2068.335817	1.671562	3950.068709	5.637455	1674.973758	2.241551	8318.091034	12.801603
W205	3630.213669	2.751285	422.218690	0.196653	3207.994979	2.758304	6126.568271	8.926723	2597.889261	3.559297	12901.383837	20.213228
W206	2374.046492	1.542508	376.884975	0.273539	1997.161517	1.566574	3814.141375	5.392646	1617.335592	2.141421	8031.854003	12.261914
W207	3042.694230	1.814345	307.233906	0.111292	2735.460323	1.817755	5224.130503	7.057963	2215.222606	2.783950	11001.022081	16.156862
W208	3014.769486	1.794499	520.495139	0.201847	2494.274347	1.805815	4763.518077	6.579620	2019.906073	2.604002	10031.060197	15.011647
W209	2209.237387	1.405760	437.814672	0.143174	1771.422716	1.413033	3383.029672	4.808190	1434.528445	1.910726	7124.015012	10.924871
W210	2117.421393	1.430230	542.400355	0.198424	1575.021039	1.443929	3007.945456	4.485943	1275.479004	1.793973	6334.159218	10.126480
W211	3222.551280	2.025017	303.517991	0.291550	2919.033290	2.045897	5574.714689	7.633369	2363.883137	3.017115	11739.285487	17.438445
W212	2564.789054	1.787626	256.544472	0.227525	2308.244582	1.802047	4408.241943	6.223584	1869.255984	2.470883	9282.916444	14.154244
W213	3366.915925	1.971939	369.535372	0.162818	2997.380553	1.978649	5724.340813	7.721436	2427.330092	3.044894	12054.369556	17.680005
W214	2916.776282	1.777292	563.471202	0.212052	2353.305079	1.789897	4494.297630	6.295546	1905.746746	2.496674	9464.133302	14.334034
W215	3699.799349	2.411006	403.661429	0.278632	3296.137920	2.427053	6294.901996	8.735840	2669.268924	3.459758	13255.862544	19.917319
W216	2783.888814	1.595339	368.496471	0.215155	2415.392343	1.609782	4612.870713	6.236567	1956.026075	2.460230	9713.825592	14.274989
W217	2019.045954	1.424786	450.154122	0.232714	1568.891831	1.443666	2996.240011	4.474781	1270.515467	1.789822	6309.509785	10.099441
W218	1448.950751	1.024588	265.757667	0.374988	1183.193084	1.091053	2259.639823	3.377402	958.170018	1.351027	4758.370331	7.621900
W219	2774.105018	1.845982	509.123007	0.207179	2264.982011	1.857572	4325.619900	6.202873	1834.221213	2.467974	9108.930187	14.076219
W220	3145.331294	1.948277	514.777859	0.230168	2630.553435	1.961826	5023.781306	6.997135	2130.267211	2.772622	10579.124899	15.944685
W221	2873.628267	1.842254	426.665774	0.252025	2446.962493	1.859413	4673.162790	6.544316	1981.592123	2.595229	9840.789203	14.901032
W222	1721.040817	1.178636	527.993873	0.287318	1193.046943	1.213151	2278.458537	3.542758	966.149842	1.423815	4797.998952	7.955705
W223	1741.897506	1.131191	410.805918	0.224710	1331.091587	1.153294	2542.093593	3.713894	1077.940758	1.481336	5353.164079	8.406522
W224	2582.259884	1.734875	369.810769	0.220052	2212.449114	1.748775	4225.293566	5.988116	1791.679174	2.378670	8897.662069	13.611330
W225	2138.495090	1.625740	433.390296	0.180829	1705.104794	1.635765	3256.376956	4.942861	1380.823056	1.980953	6857.308557	11.132795
W226	1834.947095	1.551486	300.645004	0.187476	1534.302091	1.562772	2930.181179	4.559384	1242.504104	1.832540	6170.402487	10.237781
W227	2956.943152	2.235608	400.019054	0.153014	2556.924097	2.240838	4883.165387	7.163035	2070.640913	2.858571	10283.014603	16.204972
W228	1409.669982	1.162387	313.913594	0.242031	1095.756388	1.187318	2092.654871	3.346813	887.362285	1.349230	4406.731882	7.490810
W229	2696.251801	2.215234	300.800678	0.167787	2395.451123	2.221579	4574.787348	6.852727	1939.877334	2.741964	9633.629291	15.460425
W230	4196.176183	3.099972	415.839059	0.216364	3780.337123	3.107514	7219.616497	10.360645	3061.381729	4.122674	15203.134848	23.509011
W231	1694.844863	1.184343	397.832928	0.192904	1297.011935	1.199950	2477.008917	3.706946	1050.342472	1.483081	5216.108169	8.364236
W232	2685.728055	1.581959	468.510850	0.207883	2217.217205	1.595560	4234.399576	5.839114	1795.540456	2.310367	8916.837588	13.325423
W233	2748.163678	1.624673	378.326101	0.176916	2369.837577	1.634277	4525.871081	6.171261	1919.135046	2.437660	9530.620967	14.107180
W234	1859.904543	1.187617	469.820524	0.283683	1390.084019	1.221029	2654.756226	3.897400	1125.713839	1.555509	5590.410087	8.816147
W235	2577.091375	1.559768	449.454676	0.114236	2127.636699	1.563946	4063.320416	5.636195	1722.996628	2.232010	8556.577519	12.851186
W236	4120.916724	2.546977	524.569152	0.199648	3596.347573	2.554790	6868.236725	9.438144	2912.383841	3.732458	14463.196092	21.549943
W237	1891.770840	1.227107	473.599106	0.165296	1418.171734	1.238190	2708.397614	3.967584	1148.459752	1.583080	5703.368616	8.977495
W238	3903.606865	2.312807	596.876190	0.191440	3306.730675	2.320717	6315.131839	8.650233	2677.847118	3.419214	13298.462735	19.760434
W239	2427.785203	1.675823	381.256879	0.119023	2046.528324	1.680044	3908.421172	5.606399	1657.313678	2.230748	8230.389267	12.722076
W240	3376.591302	1.749151	469.388325	0.186464	2907.202977	1.759062	5552.121381	7.344377	2354.302747	2.887181	11691.708290	16.868175
W241	1635.810195	1.244289	260.137806	0.107257	1375.672389	1.248904	2627.233167	3.903803	1114.043055	1.560454	5532.451777	8.816582
W242	2847.681607	1.805066	335.435424	0.107422	2512.246182	1.808259	4797.840349	6.616472	2034.459973	2.617968	10103.336353	15.099296
W243	1675.286276	1.104787	518.000520	0.127448	1157.285755	1.112113	2210.162495	3.357092	937.189820	1.345533	4654.180519	7.560524
W244	1804.894123	1.271479	385.219374	0.139648	1419.674749	1.279125	2711.268043	4.017349	1149.676919	1.605273	5709.413193	9.076364
W245	3070.661414	2.022218	353.513085	0.210295	2717.148329	2.033123	5189.158601	7.234349	2200.393240	2.867014	10927.377930	16.482948
W246	3155.515267	2.101826	480.469211	0.193447	2675.046056	2.110710	5108.752475	7.236207	2166.298098	2.874233	10758.057970	16.449586
W247	1546.928242	1.066967	476.670695	0.126849	1070.257547	1.074481	2043.957666	3.160948	866.712887	1.269583	4304.184860	7.102970
W248	3315.556000	1.990470	429.648198	0.229849	2885.907801	2.003697	5511.452257	7.528253	2337.057550	2.974463	11606.066875	17.204664
W249	3743.038039	2.395358	515.083020	0.328142	3227.955020	2.417730	6164.687579	8.596814	2614.053244	3.407107	12981.655828	19.586413
W250	2902.890163	1.724131	433.398746	0.396517	2469.491416	1.769139	4716.188103	6.495564	1999.836431	2.569639	9931.392302	14.826191
W251	1923.073837	1.503790	527.126383	0.118336	1395.947453	1.508439	2665.954102	4.258328	1130.462149	1.716467	5613.990679	9.532336
W252	2045.418980	1.463661	497.967226	0.208135	1547.451754	1.478386	2955.294156	4.478448	1253.152926	1.794475	6223.285627	10.088897
W253	3222.889181	2.513872	453.119536	0.362608	2769.769644	2.539889	5289.653796	7.889568	2243.006882	3.155155	11139.001635	17.809533
W254	4035.973835	2.864300	448.511216	0.179899	3587.462619	2.869944	6851.268408	9.746379	2905.188653	3.873602	14427.464054	22.142265
W255	2570.938683	1.650883	504.007962	0.134657	2066.930721	1.656366	3947.385284	5.618462	1673.835888	2.233170	8312.440252	12.763302
W256	2449.046222	2.145062	313.499654	0.123323	2135.546568	2.148604	4078.426533	6.312965	1729.402175	2.535843	8588.388121	14.184301
W257	2850.871951	2.264733	266.788485	0.341916	2584.083466	2.290398	4935.033836	7.268616	2092.635035	2.902220	10392.239661	16.434931
W258	3267.454469	2.615990	461.229005	0.365633	2806.225464	2.641419	5359.276433	8.074023	2272.529429	3.232905	11285.613626	18.202403
W259	2415.161079	1.868009	464.807602	0.166240	1950.353477	1.875391	3724.748263	5.659058	1579.429639	2.268235	7843.609165	12.744394
W260	2092.659060	1.649940	408.662051	0.130780	1683.997009	1.655115	3216.065707	4.929817	1363.729611	1.978018	6772.420759	11.089827
W261	1918.543481	1.347517	311.979041	0.190982	1606.564439	1.360983	3068.186448	4.447652	1301.023390	1.772188	6461.015252	10.078051
W262	2216.839758	1.358256	569.163532	0.703057	1647.676226	1.529428	3146.700962	4.715141	1334.316419	1.886736	6626.351839	10.637359
W263	3183.826712	2.696006	482.029694	0.248550	2701.797018	2.707438	5159.840958	7.973390	2187.961485	3.202196	10865.640566	17.918719
W264	2570.306882	1.492852	412.108671	0.131347	2158.198211	1.498619	4121.686215	5.630100	1747.745864	2.224500	8679.484755	12.866668
W265	3122.091847	2.023009	501.691671	0.165906	2620.400175	2.029801	5004.390803	7.048436	2122.044928	2.797426	10538.292200	16.035654
W266	2538.543876	1.432102	551.656900	0.156510	1986.886976	1.440629	3794.519250	5.243346	1609.015092	2.075274	7990.533551	11.962159
W267	2637.067140	1.705853	355.769812	0.153555	2281.297328	1.712750	4356.778584	6.079811	1847.433636	2.409803	9174.544431	13.850455
W268	1907.830050	1.259439	506.391983	0.157530	1401.438067	1.269253	2676.439972	3.973372	1134.908542	1.588085	5636.071920	8.974748
W269	2134.582126	1.454688	317.447527	5.826706	1817.134599	6.005549	3470.329365	12.174099	1471.546711	5.110429	7307.851508	25.979529
W270	2242.788722	1.608119	375.060229	0.135343	1867.728492	1.613804	3566.952627	5.206139	1512.518512	2.076276	7511.321663	11.785800
W271	2983.606276	1.783098	386.082353	0.121761	2597.523923	1.787250	4960.702167	6.760274	2103.519347	2.670087	10446.292269	15.454985
W272	2887.989712	1.765743	497.339452	0.317956	2390.650260	1.794141	4565.618751	6.370516	1935.989513	2.524985	9614.321976	14.512954
W273	4274.231957	2.739631	395.083423	0.250113	3879.148533	2.751024	7408.324663	10.175717	3141.400901	4.023869	15600.518241	23.235600
W274	2664.610245	1.480520	453.993379	0.240631	2210.616866	1.499947	4221.794373	5.733087	1790.195388	2.263160	8890.293436	13.113703
W275	3164.971615	1.699924	568.965253	0.249373	2596.006362	1.718118	4957.803959	6.691612	2102.290401	2.639045	10440.189195	15.320524
W276	2741.330716	1.578788	486.281722	0.198100	2255.048994	1.591167	4306.650012	5.907460	1826.177286	2.335565	9068.983222	13.492023
W277	1813.952580	1.106328	441.475569	0.217082	1372.477011	1.127425	2621.130695	3.760650	1111.455383	1.496380	5519.601135	8.533441
W278	2589.586916	1.659267	315.709730	0.228950	2273.877185	1.674988	4342.607736	6.027183	1841.424678	2.387055	9144.703329	13.741481
W279	1950.288362	1.209079	575.787672	0.173556	1374.500691	1.221472	2624.995480	3.869916	1113.094193	1.545371	5527.739634	8.749095
W280	2109.521886	1.338111	411.235509	0.131548	1698.286377	1.344562	3243.355274	4.598844	1375.301386	1.826937	6829.887378	10.452682
W281	2030.100346	1.472064	282.465480	0.176562	1747.634866	1.482615	3337.600085	4.840568	1415.264637	1.928872	7028.348970	10.967636
W282	2634.199379	1.649643	454.202547	0.244755	2179.996833	1.667701	4163.316810	5.841910	1765.398761	2.317339	8767.150847	13.297881
W283	2133.849912	1.365104	550.721890	0.901586	1583.128022	1.635960	3023.428020	4.733922	1282.044178	1.904025	6366.762543	10.621749
W284	1528.796932	1.099322	311.990164	0.126594	1216.806768	1.106587	2323.834602	3.455212	985.390955	1.381252	4893.552287	7.802800
W285	2012.918970	1.312377	687.489190	0.215767	1325.429780	1.329996	2531.280782	3.913761	1073.355730	1.571910	5330.394361	8.794844
W286	3652.719928	2.350874	459.493569	0.153253	3193.226360	2.355864	6098.363440	8.467744	2585.929380	3.353850	12841.989844	19.304514
W287	1842.775239	1.164328	347.599317	0.159927	1495.175922	1.175260	2855.458758	4.039797	1210.819062	1.604349	6013.051327	9.184940
W288	4130.184492	2.973656	546.328087	0.121803	3583.856405	2.976149	6844.381329	9.855248	2902.268279	3.923350	14412.961179	22.351831
W289	3474.535492	2.728454	462.245449	0.106577	3012.290043	2.730534	5752.814676	8.543235	2439.404053	3.414715	12114.330079	19.295989
W290	2756.125044	1.908824	636.109268	0.156156	2120.015776	1.915201	4048.766121	6.005042	1716.825075	2.399823	8525.928952	13.565398
W291	2817.067546	2.532358	473.272921	0.090262	2343.794625	2.533966	4476.134743	7.151407	1898.045017	2.882695	9425.885728	16.008108
W292	2091.089624	1.412082	364.046486	0.124981	1727.043138	1.417602	3298.274393	4.730995	1398.589104	1.882420	6945.536565	10.735661
W293	2271.816528	1.788570	395.860092	0.230260	1875.956437	1.803331	3582.666200	5.442558	1519.181642	2.181428	7544.411449	12.257008
W294	1587.018151	1.284673	507.507597	0.124984	1079.510554	1.290739	2061.628883	3.457968	874.206130	1.400759	4341.397072	7.699142
W295	3902.618160	3.029568	598.506209	0.345388	3304.111951	3.049192	6310.130650	9.434336	2675.726431	3.774058	13287.931184	21.289972
W296	2789.049871	2.164955	516.919599	0.386251	2272.130272	2.199140	4339.271514	6.610077	1840.009997	2.650246	9137.677881	14.881214
W297	3303.706795	2.326931	327.124295	0.189110	2976.582500	2.334603	5684.621085	8.036992	2410.487473	3.191478	11970.727386	18.274763
W298	2924.766912	1.803179	547.343793	0.141662	2377.423119	1.808735	4540.357806	6.360579	1925.277948	2.522494	9561.127245	14.481936
W299	3347.479427	1.830975	468.786693	0.099596	2878.692735	1.833682	5497.673059	7.354262	2331.214665	2.896297	11577.050513	16.861040
W300	2597.326372	1.710697	358.429766	0.631958	2238.896606	1.823693	4275.802486	6.117829	1813.096806	2.433401	9004.024218	13.887522
W301	1904.095294	1.285935	356.706813	0.270753	1547.388481	1.314129	2955.173318	4.287487	1253.101686	1.708562	6223.031165	9.713999
W302	1849.782457	1.162329	587.859803	0.218971	1261.922654	1.182775	2409.996071	3.624781	1021.926572	1.451100	5074.991900	8.173578
W303	2888.534208	1.840483	397.973365	0.270887	2490.560843	1.860311	4756.426097	6.627719	2016.898814	2.626411	10016.125839	15.101896
W304	2774.021837	1.722812	477.098201	0.743825	2296.923636	1.876528	4386.621413	6.282450	1860.088088	2.499208	9237.387735	14.259294
W305	2945.553053	2.437251	385.380393	0.226593	2560.172660	2.447762	4889.369431	7.411576	2073.271655	2.969861	10296.079136	16.695914
W306	1158.422077	1.046036	268.236795	0.299977	890.185282	1.088199	1700.059053	2.884127	720.887283	1.169564	3579.999997	6.413868
W307	2906.873699	1.580297	449.963358	0.275785	2456.910341	1.604180	4692.161002	6.312686	1989.648061	2.488347	9880.795813	14.460168
W308	3938.909971	2.064134	415.238555	0.376710	3523.671416	2.098228	6729.441173	8.872366	2853.529445	3.485964	14170.919141	20.388347
W309	2547.574060	1.469734	467.578610	0.188584	2079.995450	1.481783	3972.336058	5.462813	1684.415929	2.160598	8364.981821	12.471732
W310	1634.830762	0.982880	429.064248	0.251743	1205.766514	1.014607	2302.750133	3.330451	976.450368	1.326631	4849.152418	7.548913
W311	1953.486219	1.403664	231.152006	0.354217	1722.334213	1.447668	3289.281377	4.755474	1394.775735	1.894170	6926.598989	10.779474
W312	2152.100191	1.534741	306.087328	0.115045	1846.012863	1.539047	3525.480528	5.083034	1494.932823	2.023901	7423.989334	11.526298
W313	1920.554894	1.319834	363.962691	0.226414	1556.592203	1.339113	2972.750413	4.332262	1260.555018	1.727418	6260.045173	9.809511
W314	2241.108705	1.707401	217.489414	0.202475	2023.619292	1.719364	3864.669934	5.607909	1638.761551	2.234797	8138.257506	12.705356
W315	3737.461461	2.210751	510.028744	0.127098	3227.432717	2.214401	6163.690095	8.393631	2613.630274	3.314845	12979.555316	19.191172
W316	2129.126974	1.442573	422.767714	0.193490	1706.359260	1.455491	3258.772714	4.735076	1381.838945	1.887301	6862.353565	10.725891
W317	2105.413158	1.150618	543.339145	0.141745	1562.074013	1.159315	2983.219472	4.149263	1264.994282	1.643818	6282.091013	9.457033
W318	1943.058146	1.103798	338.924849	0.247566	1604.133296	1.131220	3063.543497	4.201635	1299.054609	1.661114	6451.238084	9.596318
W319	2692.408748	1.546465	482.932650	0.236815	2209.476098	1.564492	4219.615756	5.793466	1789.271575	2.290817	8885.705685	13.229827
W320	2500.724616	1.582774	625.608169	0.306105	1875.116447	1.612102	3581.062003	5.217606	1518.501404	2.080374	7541.033317	11.814544
W321	1454.805236	1.030103	415.721946	0.237347	1039.083291	1.057093	1984.421659	3.086187	841.467440	1.240350	4178.813389	6.930249
W322	2117.727390	1.493482	529.163656	0.277800	1588.563734	1.519099	3033.809040	4.599159	1286.446111	1.842926	6388.622992	10.360338
W323	1959.847586	1.151200	481.849375	0.178369	1477.998211	1.164936	2822.653091	3.996761	1196.908257	1.587446	5943.968850	9.086002
W324	1474.015487	0.941437	423.614971	0.297995	1050.400516	0.987474	2006.035082	3.020718	850.632322	1.209448	4224.327133	6.810453
W325	2633.784219	1.835859	496.214605	0.251048	2137.569615	1.852945	4082.290110	5.965073	1731.040473	2.379301	8596.524076	13.501829
W326	2180.081948	1.367561	541.522733	0.461544	1638.559214	1.443346	3129.289465	4.598697	1326.933307	1.835645	6589.686549	10.401122
W327	2574.867385	1.724777	597.555173	0.475160	1977.312212	1.789032	3776.233547	5.604025	1601.261285	2.239724	7952.027350	12.658555
W328	2597.448490	1.880692	481.695316	0.404121	2115.753174	1.923621	4040.625483	6.007270	1713.373146	2.401432	8508.786322	13.566203
W329	1377.993213	0.998290	326.341403	0.231964	1051.651810	1.024886	2008.424781	3.067996	851.645642	1.230488	4229.359383	6.904555
W330	2948.765429	2.001769	448.146108	0.135942	2500.619322	2.006379	4775.635589	6.800000	2025.044342	2.702941	10056.577365	15.446519
W331	3088.557499	2.289936	472.264611	0.189705	2616.292889	2.297781	4996.546785	7.334961	2118.718777	2.927470	10521.774195	16.592227
W332	3259.400123	1.795745	378.480165	0.118614	2880.919958	1.799659	5501.926567	7.327963	2333.018309	2.883928	11586.007589	16.812235
W333	2029.338271	1.558944	385.285547	0.128394	1644.052724	1.564222	3139.780866	4.750259	1331.382045	1.903014	6611.779437	10.703432
W334	2480.304145	1.487584	403.940128	0.114803	2076.364017	1.492008	3965.400815	5.465990	1681.475132	2.162605	8350.377523	12.474658
W335	1678.144796	1.593493	457.144642	0.194287	1221.000154	1.605294	2331.843051	4.113729	988.786831	1.674042	4910.416554	9.112682
W336	3307.991575	1.936311	308.020637	0.254189	2999.970938	1.952924	5729.287884	7.702602	2429.427831	3.035892	12064.787142	17.645899
W337	2396.856896	1.743791	308.621305	0.182231	2088.235591	1.753286	3988.072923	5.763608	1691.088936	2.295610	8398.120657	13.065327
W338	2044.921031	1.346778	372.800037	0.194212	1672.120994	1.360709	3193.385118	4.567673	1354.112211	1.816740	6724.659765	10.369107
W339	1075.858344	0.883828	227.091108	0.145745	848.767237	0.895764	1620.959651	2.561687	687.346241	1.031389	3413.431748	5.741486
W340	2629.526948	1.696155	280.920802	0.135341	2348.606145	1.701546	4485.323694	6.196557	1901.941469	2.452467	9445.235906	14.137272
W341	2493.313016	1.722803	291.296354	0.164215	2202.016661	1.730612	4205.369864	5.949338	1783.230795	2.362681	8855.706554	13.526583
W342	1075.653351	0.788202	273.117902	0.139940	802.535449	0.800528	1532.667055	2.363842	649.906948	0.949133	3227.504387	5.313548
W343	2276.489736	1.313659	492.088937	0.211796	1784.400800	1.330623	3407.814972	4.746255	1445.038320	1.880699	7176.208125	10.815556
W344	2346.001147	1.361197	472.093816	0.166607	1873.907331	1.371355	3578.752858	4.957909	1517.522242	1.963043	7536.170697	11.306675
W345	2325.632325	1.259488	405.884051	0.148531	1919.748274	1.268216	3666.299025	4.946267	1554.645022	1.950580	7720.526222	11.325308
W346	3095.079994	1.767434	479.795942	0.129848	2615.284052	1.772198	4994.620128	6.780348	2117.901804	2.676435	10517.717022	15.509950
W347	2785.741517	1.431589	572.258191	0.258473	2213.483326	1.454735	4227.268683	5.696057	1792.516696	2.245829	8901.821289	13.044557
W348	2473.959707	1.458228	478.769364	0.200196	1995.190343	1.471906	3810.376864	5.290727	1615.739301	2.095512	8023.926661	12.061672
W349	1606.141854	1.186761	378.942048	0.177652	1227.199806	1.199984	2343.683031	3.585025	993.807415	1.438085	4935.349291	8.066763
W350	2379.879711	1.315867	539.261992	0.155117	1840.617719	1.324978	3515.176984	4.847754	1490.563744	1.918140	7402.292037	11.062898
W351	1640.123672	1.137811	542.209965	0.154973	1097.913707	1.148317	2096.774878	3.300425	889.109318	1.328238	4415.407832	7.400692
W352	2658.582727	1.603440	521.199767	0.157697	2137.382960	1.611176	4081.933642	5.702932	1730.889318	2.260804	8595.773422	12.989675
W353	1904.193810	1.326929	289.952303	0.207421	1614.241506	1.343043	3082.847965	4.441787	1307.240411	1.768413	6491.889611	10.073159
W354	2311.492544	1.539824	354.779243	0.241621	1956.713301	1.558666	3736.894136	5.308802	1584.579934	2.109536	7869.186056	12.063073
W355	1836.434780	1.111284	413.097117	0.221549	1423.337664	1.133153	2718.263409	3.861003	1152.643210	1.534193	5724.144098	8.773493
W356	2928.788063	1.654144	406.679989	0.177243	2522.108074	1.663613	4816.674403	6.495893	2042.446302	2.561535	10142.997278	14.874270
W357	2317.183825	1.299281	413.867803	0.167372	1903.316022	1.310017	3634.917020	4.953948	1541.337903	1.956672	7654.441706	11.325315
W358	1924.801757	1.455317	303.275411	0.228599	1621.526346	1.473161	3096.760414	4.602709	1313.139799	1.839888	6521.186575	10.394668
W359	3075.244037	1.972419	614.887195	0.173398	2460.356842	1.980026	4698.743066	6.696924	1992.439097	2.662321	9894.656384	15.210331
W360	2299.231263	1.458483	520.388591	0.194162	1778.842673	1.471350	3397.200166	4.885197	1440.537254	1.944439	7153.855369	11.081707
W361	2349.810963	1.457337	598.851389	0.172602	1750.959574	1.467522	3343.949551	4.829845	1417.957043	1.923545	7041.719733	10.949503
W362	2839.643655	1.878755	518.549079	0.200509	2321.094577	1.889424	4432.782619	6.341107	1879.662130	2.522138	9334.594427	14.394785
W363	1962.699013	1.240877	511.974386	0.161803	1450.724627	1.251381	2770.566514	4.041389	1174.821642	1.611634	5834.284459	9.149734
W364	1906.568008	1.211698	586.894702	0.186962	1319.673306	1.226037	2520.287174	3.777767	1068.694038	1.511713	5307.243922	8.522274
W365	1513.410048	1.096419	549.763885	0.134438	963.646164	1.104631	1840.353258	3.022730	780.377163	1.221936	3875.432823	6.745279
W366	3465.344656	1.804408	499.983856	0.181048	2965.360800	1.813468	5663.190095	7.508157	2401.399949	2.952647	11925.597810	17.238173
W367	2938.289709	2.218555	470.859777	0.147615	2467.429931	2.223461	4712.251118	6.982611	1998.167005	2.790167	9923.101762	15.775652
W368	3354.059764	1.849495	529.558749	0.232714	2824.501015	1.864078	5394.178735	7.275667	2287.329283	2.869082	11359.111214	16.659464
W369	2868.162910	1.594045	274.361276	0.139003	2593.801634	1.600094	4953.593410	6.579631	2100.504974	2.588279	10431.322582	15.101887
W370	3219.836038	1.768467	279.287751	1.180955	2940.548287	2.126530	5615.803626	7.754459	2381.306351	3.068825	11825.810948	17.692891
W371	2250.587399	1.570588	398.737704	0.166697	1851.849694	1.579409	3536.627598	5.138602	1499.659590	2.048127	7447.462938	11.640020
W372	1644.640268	1.027660	383.181676	0.253826	1261.458592	1.058543	2409.109814	3.481029	1021.550767	1.386438	5073.125612	7.891227
W373	2454.440162	1.495364	416.985662	0.168906	2037.454500	1.504873	3891.092154	5.404615	1649.965539	2.140726	8193.897660	12.320705
W374	3940.631030	2.392060	486.221774	0.262600	3454.409256	2.406431	6597.165606	9.019057	2797.439761	3.563957	13892.372034	20.608977
W375	2698.626953	1.804964	365.100334	0.130578	2333.526619	1.809681	4456.525099	6.278998	1889.729810	2.492170	9384.591559	14.284413
W376	1355.529876	1.004852	333.973011	0.194471	1021.556865	1.023497	1950.950022	3.014522	827.274240	1.210652	4108.328507	6.774646
W377	2677.826850	1.600164	372.596990	0.184465	2305.229861	1.610761	4402.484484	6.023437	1866.814611	2.380497	9270.792335	13.762206
W378	2053.069088	1.276049	336.928149	0.141984	1716.140938	1.283924	3277.453578	4.568995	1389.760316	1.810708	6901.691900	10.410193
W379	1697.769122	1.094620	384.810501	0.236748	1312.958620	1.119930	2507.463596	3.643408	1063.256371	1.452185	5280.239911	8.253044
W380	2915.152185	1.935013	452.840387	0.290212	2462.311798	1.956654	4702.476603	6.675462	1994.022253	2.652319	9902.518499	15.170138
W381	2735.868838	1.606278	622.247743	0.197804	2113.621095	1.618411	4036.553680	5.665586	1711.646552	2.247484	8500.211881	12.896010
W382	2060.545240	1.249537	443.979401	0.204586	1616.565839	1.266174	3087.286932	4.363008	1309.122695	1.732442	6501.237229	9.921340
W383	2070.171653	1.328719	377.691491	0.261535	1692.480162	1.354214	3232.266673	4.598371	1370.599413	1.827591	6806.536900	10.446705
W384	2533.925579	1.511703	588.729575	0.165410	1945.196004	1.520726	3714.898619	5.246948	1575.253030	2.083264	7822.867694	11.932365
W385	1952.765199	1.173795	390.490590	0.223737	1562.274609	1.194928	2983.602565	4.186327	1265.156727	1.660598	6282.897735	9.529368
W386	1629.782693	1.084715	428.379564	0.202597	1201.403129	1.103473	2294.417022	3.424237	972.916824	1.369507	4831.604477	7.729096
W387	2169.650267	1.609235	272.062012	0.097185	1897.588255	1.612167	3623.978239	5.258520	1536.699459	2.095555	7631.406720	11.913814
W388	1783.363921	1.117442	220.845964	0.105426	1562.517956	1.122404	2984.067305	4.112931	1265.353794	1.627249	6283.876389	9.386788
W389	2021.111921	1.330270	264.526045	0.170428	1756.585875	1.341143	3354.694554	4.704506	1422.513318	1.866004	7064.346660	10.709726
W390	1732.507415	1.065513	250.187357	0.120522	1482.320058	1.072308	2830.906872	3.909327	1200.408163	1.547135	5961.349740	8.919569
W391	2355.113670	1.422799	390.719807	0.210220	1964.393864	1.438245	3751.562329	5.197991	1590.799785	2.058140	7900.074472	11.853963
W392	966.644649	0.700786	330.514244	0.148406	636.130405	0.716328	1214.869843	1.978314	515.149294	0.799036	2558.284093	4.418835
W393	2205.592425	1.361083	320.611801	0.160001	1884.980624	1.370455	3599.900424	4.978144	1526.489584	1.970527	7580.703436	11.355871
W394	2294.027889	1.240605	543.960391	0.114235	1750.067499	1.245854	3342.245882	4.595424	1417.234625	1.817484	7038.132131	10.491762
W395	1445.882006	1.083953	364.851787	0.155765	1081.030220	1.095088	2064.531113	3.204935	875.436781	1.287809	4347.508614	7.198489
W396	2229.509841	1.353461	657.380819	0.291012	1572.129022	1.384394	3002.422338	4.411758	1273.137000	1.761000	6322.528585	9.978462
W397	1823.164250	1.218582	467.474445	0.226199	1355.689806	1.239399	2589.070806	3.857196	1097.860817	1.542330	5452.089127	8.708347
W398	2552.253664	1.707957	342.124825	0.329025	2210.128839	1.739361	4220.862347	5.973774	1789.800175	2.372526	8888.330769	13.581329
W399	1584.650615	1.334567	304.337415	0.224439	1280.313199	1.353308	2445.117986	3.866830	1036.819550	1.556985	5148.951954	8.665987
W400	2418.497160	1.470550	522.577825	0.237980	1895.919334	1.489681	3620.790965	5.121950	1535.347939	2.034077	7624.694931	11.645535
W401	2587.691701	1.546657	455.757719	0.260235	2131.933981	1.568397	4071.527284	5.648887	1726.476641	2.237112	8573.859618	12.879686
W402	3923.968496	2.246357	479.733921	0.195332	3444.234575	2.254833	6577.734193	8.855047	2789.200131	3.490845	13851.453188	20.281857
W403	3355.303675	2.056792	220.139806	0.190028	3135.163869	2.065552	5987.476791	8.072590	2538.909381	3.183135	12608.483719	18.485389
W404	2124.820157	1.422777	236.997728	0.266615	1887.822429	1.447542	3605.327647	5.062443	1528.790926	2.008342	7592.132134	11.522441
W405	2216.441756	1.473841	331.771546	0.139212	1884.670210	1.480401	3599.307599	5.091091	1526.238205	2.021796	7579.455061	11.575524
W406	2462.696485	1.467846	300.084699	0.173891	2162.611785	1.478110	4130.115176	5.618861	1751.320052	2.218692	8697.234539	12.848846
W407	2379.204466	1.376750	337.293889	0.269470	2041.910577	1.402874	3899.602285	5.312238	1653.574147	2.098039	8211.818373	12.145255
W408	4302.070814	2.616323	443.777445	0.349576	3858.293369	2.639574	7368.495863	10.026945	3124.512032	3.959435	15516.646388	22.928134
W409	3018.298259	1.741767	436.597780	0.196447	2581.700479	1.752810	4930.482854	6.696494	2090.705252	2.643531	10382.656161	15.317015
W410	2701.421444	1.523039	399.435442	0.214155	2301.986003	1.538021	4396.289425	5.947352	1864.187679	2.346360	9257.746723	13.611732
W411	1890.376834	1.046002	377.451192	0.199641	1512.925642	1.064884	2889.356840	3.960759	1225.193089	1.565766	6084.434218	9.046847
W412	2089.805875	1.260418	430.696138	0.207779	1659.109736	1.277429	3168.536464	4.454612	1343.575472	1.767517	6672.333240	10.137180
W413	3371.744232	1.883086	611.830798	0.136979	2759.913434	1.888061	5270.830592	7.172397	2235.025154	2.832228	11099.363558	16.400801
W414	2949.569940	1.670378	606.282152	0.253253	2343.287788	1.689467	4475.166796	6.174301	1897.634573	2.443177	9423.847416	14.089275
W415	2797.490284	1.366832	667.590390	0.123694	2129.899895	1.372417	4067.642624	5.455649	1724.829403	2.149474	8565.679264	12.502974
W416	2297.765300	1.510322	449.910950	0.191989	1847.854349	1.522476	3528.997364	5.068187	1496.424091	2.016923	7431.395120	11.498857
W417	2299.235994	1.583092	485.262189	0.144023	1813.973805	1.589630	3464.292940	5.081598	1468.987046	2.027920	7295.139948	11.496161
W418	2712.643862	1.356907	532.329615	0.256449	2180.314247	1.380928	4163.923003	5.562932	1765.655809	2.190376	8768.427373	12.756648
W419	1981.095391	1.134067	355.611400	0.191351	1625.483991	1.150097	3104.318651	4.261314	1316.344768	1.684931	6537.102779	9.731335
W420	2000.631314	1.067681	605.647717	0.211119	1394.983596	1.088353	2664.113346	3.760462	1129.681601	1.492934	5610.114398	8.552630
W421	2096.466776	1.167105	468.149961	0.192204	1628.316815	1.182826	3109.728725	4.299278	1318.638837	1.701747	6548.495362	9.807626
W422	2119.965506	1.250050	425.603941	0.169889	1694.361564	1.261541	3235.859740	4.504781	1372.123006	1.784901	6814.103214	10.265955
W423	1570.657674	0.870876	470.229137	0.162551	1100.428537	0.885916	2101.577653	2.995639	891.145871	1.190917	4425.521558	6.803709
W424	1491.963813	0.886489	243.616728	0.128490	1248.347085	0.895753	2384.069704	3.284988	1010.932843	1.299623	5020.395919	7.497534
W425	945.519313	0.742352	239.309779	0.186431	706.209534	0.765403	1348.705640	2.157241	571.900572	0.869678	2840.116746	4.828259
W426	2932.365093	1.655334	602.874231	0.159414	2329.490862	1.662992	4448.817687	6.121513	1886.461586	2.421323	9368.361220	13.974388
W427	1680.544149	1.164751	452.452850	0.162604	1228.091298	1.176047	2345.385585	3.557528	994.529361	1.425631	4938.934546	8.013332
W428	2303.497965	1.318723	482.594764	0.154390	1820.903201	1.327730	3477.526570	4.812800	1474.598590	1.905304	7323.007448	10.977388
W429	2061.353981	1.235031	265.185920	0.126810	1796.168061	1.241525	3430.287866	4.680140	1454.567649	1.848831	7223.531750	10.697600
W430	3262.383753	1.762931	446.158556	0.147292	2816.225197	1.769073	5378.373733	7.172227	2280.627383	2.823196	11325.828895	16.451749
W431	3547.341385	2.398985	311.951250	0.119653	3235.390135	2.401967	6178.887022	8.594804	2620.074327	3.405058	13011.557144	19.589082
W432	2359.322684	1.834892	339.768678	0.179685	2019.554006	1.843669	3856.906129	5.742916	1635.469413	2.296194	8121.908415	12.966625
W433	2558.913253	1.560836	426.313534	0.302198	2132.599720	1.589822	4072.798698	5.671952	1727.015767	2.247480	8576.536974	12.925149
W434	2273.389456	1.161070	472.604361	0.138967	1800.785095	1.169357	3439.105390	4.620924	1458.306603	1.821117	7242.099775	10.587039
W435	3061.932474	1.851890	394.765599	0.264849	2667.166874	1.870733	5093.704962	6.976064	2159.917402	2.757393	10726.370778	15.936373
W436	2435.779222	1.641988	454.867964	0.307552	1980.911258	1.670543	3783.106938	5.475573	1604.175854	2.181322	7966.501399	12.409850
W437	2000.962047	1.116568	652.108903	0.203064	1348.853143	1.134882	2576.014278	3.725531	1092.324370	1.483996	5424.594569	8.444457
W438	3167.715643	1.769293	565.559805	0.286634	2602.155838	1.792361	4969.548112	6.774185	2107.270351	2.675693	10464.920139	15.486144
W439	2648.980973	1.484914	253.516276	0.140045	2395.464697	1.491503	4574.813271	6.088766	1939.888326	2.395963	9633.683880	13.970783
W440	2443.193583	1.348734	391.669443	0.246460	2051.524140	1.371067	3917.962087	5.300630	1661.359375	2.091236	8250.480612	12.131449
W441	3481.678724	1.987943	422.937227	0.230200	3058.741497	2.001227	5841.526786	7.862806	2477.021236	3.099611	12301.140856	18.009605
W442	1977.686894	1.438337	378.703075	0.209615	1598.983819	1.453531	3053.709123	4.539714	1294.884475	1.814756	6430.528768	10.252110
W443	2042.030573	1.235314	351.646045	0.188825	1690.384529	1.249662	3228.264472	4.485121	1368.902334	1.776588	6798.109030	10.224181
W444	2516.589363	1.275357	408.373286	0.140354	2108.216077	1.283057	4026.231278	5.332434	1707.269476	2.096675	8478.474871	12.244869
W445	2560.814266	1.367609	388.586023	0.176784	2172.228243	1.378987	4148.480504	5.545183	1759.107624	2.183569	8735.908417	12.714912
W446	3064.844394	2.100858	279.598412	0.153474	2785.245982	2.106456	5319.210214	7.438684	2255.539885	2.949312	11201.241812	16.940872
W447	3011.274845	1.906891	342.331740	0.092047	2668.943105	1.909112	5097.097174	7.017293	2161.355824	2.775864	10733.514129	16.018027
W448	2820.519988	1.637183	394.451433	0.116725	2426.068556	1.641338	4633.259943	6.287274	1964.671855	2.481649	9756.761420	14.382930
W449	2410.148401	1.224201	665.744383	0.153401	1744.404018	1.233775	3331.429873	4.572615	1412.648241	1.807993	7015.355680	10.442393
W450	2060.834141	1.041542	670.955569	0.157452	1389.878572	1.053376	2654.363868	3.714310	1125.547465	1.472792	5589.583857	8.458217
W451	2711.082318	1.561101	434.396226	0.148654	2276.686092	1.568162	4347.972133	5.926875	1843.699378	2.341018	9155.999724	13.549155
W452	3012.742136	1.843657	525.432074	0.195145	2487.310062	1.853956	4750.217817	6.615050	2014.266276	2.621160	10003.052386	15.074366
W453	1965.595912	1.204764	528.186371	0.267000	1437.409541	1.233995	2745.137614	3.997642	1164.038857	1.593842	5780.736046	9.052725
W454	872.323139	0.569503	454.233864	0.151464	418.089275	0.589300	798.459008	1.465867	338.575854	0.598477	1681.402325	3.235169
W455	1111.408454	0.702694	333.748538	0.147169	777.659916	0.717940	1485.160231	2.220806	629.762315	0.888415	3127.464080	5.011480
W456	1894.104817	1.478997	299.320410	0.137894	1594.784407	1.485412	3045.689164	4.569797	1291.483719	1.828873	6413.640266	10.307718
W457	1987.440032	1.201468	342.933072	1.729524	1644.506961	2.105892	3140.648359	5.461064	1331.749894	2.219529	6613.606212	12.114360
W458	2281.633900	1.260257	339.637909	0.295512	1941.995991	1.294440	3708.787295	5.014405	1572.661604	1.978115	7809.998412	11.477507
W459	1176.675082	0.659934	390.111840	0.194310	786.563243	0.687946	1502.163637	2.201922	636.972381	0.878645	3163.270009	4.981896
W460	2096.030109	1.169176	532.770171	0.123270	1563.259939	1.175657	2985.484329	4.168243	1265.954664	1.652248	6286.860371	9.495021
W461	1730.138682	1.190809	336.245590	0.125875	1393.893093	1.197443	2662.030723	3.877524	1128.798493	1.545999	5605.728791	8.780438
W462	1426.929861	0.884051	465.869152	0.225382	961.060709	0.912328	1835.415606	2.774370	778.283418	1.111328	3865.035071	6.252003
W463	1999.689815	1.147994	569.833140	0.313561	1429.856675	1.190047	2730.713294	3.934882	1157.922417	1.566623	5750.361181	8.923450
W464	1648.441755	1.003992	518.967438	0.231452	1129.474318	1.030325	2157.048737	3.210920	914.667641	1.283779	4542.333078	7.250035
W465	2626.360069	1.735930	431.470805	0.335931	2194.889264	1.768136	4191.758095	5.976228	1777.458907	2.375916	8827.042766	13.572854
W466	1758.107794	1.045992	480.226304	0.213219	1277.881490	1.067503	2440.473953	3.521009	1034.850310	1.402078	5139.172506	7.983519
W467	1818.688065	1.495904	408.141258	0.216902	1410.546807	1.511547	2693.835673	4.286534	1142.284956	1.727133	5672.703947	9.599688
W468	2520.529872	1.880268	291.838125	0.179335	2228.691747	1.888801	4256.313439	6.170846	1804.832736	2.458849	8962.984003	13.982408
W469	2752.078050	1.892471	263.491494	0.292420	2488.586556	1.914930	4752.655640	6.680502	2015.300002	2.650646	10008.185978	15.202944
W470	3085.838129	1.821555	299.743037	0.151603	2786.095091	1.827853	5320.831826	7.166595	2256.227508	2.825445	11204.656619	16.413298
W471	2088.324506	1.150876	588.770504	0.180947	1499.554002	1.165014	2863.819934	4.037162	1214.364506	1.602496	6030.658368	9.183632
W472	2869.945877	1.478910	648.542750	0.175969	2221.403128	1.489342	4242.393771	5.744034	1798.930287	2.266445	8933.671839	13.144686
W473	1913.830773	1.266704	348.814409	0.210014	1565.016364	1.283996	2988.838716	4.286478	1267.377047	1.705515	6293.924070	9.727165
W474	2456.761510	1.439959	348.397908	0.252482	2108.363603	1.461927	4026.513020	5.498070	1707.388945	2.172212	8479.068167	12.565635
W475	2667.311317	1.667990	349.077444	0.133168	2318.233872	1.673298	4427.319300	6.110178	1877.345483	2.417915	9323.089720	13.942311
W476	2957.309592	1.967682	349.701182	0.220996	2607.608411	1.980054	4979.961333	6.972474	2111.685938	2.764936	10486.848396	15.876414
W477	3225.843554	1.991781	481.284715	0.155306	2744.558839	1.997827	5241.506676	7.250684	2222.590740	2.870222	11037.612987	16.539044
W478	2371.884821	1.303470	401.224108	0.221248	1970.660713	1.322114	3763.530639	5.096507	1595.874787	2.010999	7925.277450	11.662589
W479	2299.731562	1.273277	407.775477	0.231249	1891.956085	1.294106	3613.222026	4.916593	1532.138431	1.941448	7608.756189	11.242617
W480	2148.180371	1.350809	560.296881	0.140307	1587.883490	1.358076	3032.509923	4.410398	1285.895238	1.758106	6385.887299	9.989174
W481	2338.005280	1.365841	277.523481	0.128427	2060.481799	1.371866	3935.069255	5.318886	1668.613440	2.098140	8286.505045	12.174949
W482	2491.606016	1.391111	271.243511	0.305668	2220.362505	1.424298	4240.406410	5.681494	1798.087574	2.238088	8929.486836	13.022649
W483	3322.700426	1.750881	489.081240	0.410932	2833.619186	1.798457	5411.592445	7.233196	2294.713334	2.848247	11395.781165	16.585596
W484	1829.712812	1.107820	518.335185	0.173563	1311.377627	1.121334	2504.444244	3.642109	1061.976056	1.451830	5273.881733	8.249153
W485	1979.713236	1.205083	474.356896	0.252203	1505.356339	1.231191	2874.901128	4.118863	1219.063338	1.638596	6053.993248	9.348129
W486	2192.607467	1.173316	565.185903	0.178802	1627.421563	1.186862	3108.018989	4.301624	1317.913847	1.702951	6544.894986	9.811389
W487	2058.520082	1.232550	403.278078	0.200151	1655.242004	1.248696	3161.149942	4.417481	1340.443316	1.751271	6656.778634	10.061453
W488	2100.008287	1.195375	535.422338	0.362316	1564.585949	1.249077	2988.016719	4.247881	1267.028490	1.688126	6292.193101	9.651415
W489	1650.104131	1.082963	423.393574	0.201502	1226.710557	1.101550	2342.748672	3.466995	993.411213	1.385143	4933.381709	7.834234
W490	1228.451435	0.897645	315.142560	0.159043	913.308875	0.911625	1744.220054	2.690864	739.613165	1.080474	3672.994638	6.048437
W491	1703.131471	1.211155	246.714915	0.240065	1456.416556	1.234718	2781.436854	4.033018	1179.431064	1.607029	5857.175320	9.138199
W492	1117.939268	0.632737	368.663694	0.123456	749.275574	0.644669	1430.952351	2.085450	606.776189	0.831544	3013.312628	4.722043
W493	1653.507845	0.972213	287.582641	0.274581	1365.925204	1.010244	2608.618177	3.624683	1106.149618	1.435789	5493.252161	8.262594
W494	632.616475	0.328548	417.427878	0.245576	215.188597	0.410184	410.963122	0.920517	174.263410	0.380647	865.409923	2.001486
W495	2122.070628	1.232576	395.401190	0.261039	1726.669438	1.259915	3297.560708	4.564635	1398.286475	1.807113	6944.033680	10.411051
W496	1190.239724	0.695964	287.872750	0.154523	902.366974	0.712912	1723.323417	2.441943	730.752226	0.969997	3628.990309	5.550792
W497	1525.219772	0.984371	354.925436	0.433399	1170.294336	1.075556	2235.006038	3.336343	947.724391	1.334392	4706.496280	7.530477
W498	2416.800380	1.419025	349.727680	0.131627	2067.072700	1.425117	3947.656433	5.382479	1673.950865	2.126068	8313.011240	12.304190
W499	2341.545532	1.585173	363.492898	0.209639	1978.052634	1.598975	3777.647591	5.391786	1601.860891	2.143891	7955.005056	12.243607
W500	1907.905053	1.309926	419.715795	2.487996	1488.189258	2.811766	2842.115760	6.325537	1205.161142	2.614836	5984.953519	13.759138
W501	2948.340042	1.694858	533.894052	2.699064	2414.445990	3.187081	4611.063387	8.152744	1955.259703	3.318312	9710.019707	18.055996
W502	990.102607	0.592474	501.862426	0.241568	488.240181	0.639828	932.431884	1.641996	395.385258	0.668091	1963.523640	3.637961
W503	2939.988790	1.819837	394.358340	0.137545	2545.630450	1.825028	4861.596993	6.697169	2061.495125	2.649472	10237.595681	15.285903
W504	2588.854666	1.499694	333.469210	0.144870	2255.385456	1.506675	4307.292581	5.826756	1826.449759	2.298770	9070.336350	13.335795
W505	2662.100041	1.574558	508.114307	0.125389	2153.985735	1.579543	4113.641306	5.702181	1744.334528	2.257920	8662.543713	13.002921
W506	3361.789140	1.885185	270.391546	0.139212	3091.397593	1.890319	5903.892784	7.827076	2503.466702	3.078052	12432.471747	17.970460
W507	2739.803987	1.672910	536.541683	0.170064	2203.262304	1.681532	4207.748769	5.900129	1784.239538	2.340199	8860.716074	13.431759
W508	2054.237939	1.431977	377.589183	0.208144	1676.648756	1.447025	3202.032153	4.671625	1357.778870	1.863006	6742.868771	10.576330
W509	2990.662758	1.778270	356.875798	0.195767	2633.786960	1.789013	5029.956633	6.832399	2132.885776	2.697230	10592.128959	15.627594
W510	2910.950901	1.734308	395.685528	0.224632	2515.265373	1.748794	4803.606343	6.563752	2036.904966	2.593524	10115.478436	14.999628
W511	2567.354442	1.540175	438.354293	0.178566	2129.000149	1.550491	4065.924307	5.625224	1724.100773	2.226818	8562.060818	12.831066
W512	2364.602384	1.419621	347.558595	0.252083	2017.043790	1.441828	3852.112164	5.302325	1633.436597	2.097409	8111.813240	12.103684
W513	1191.991937	0.833422	364.821267	0.185917	827.170669	0.853907	1579.714934	2.472340	669.856971	0.994347	3326.578244	5.547610
W514	3167.911905	1.830405	391.823567	0.595708	2776.088339	1.924902	5301.721119	7.239304	2248.123869	2.860149	11164.413115	16.545168
W515	2989.606997	1.806371	479.719543	0.176977	2509.887454	1.815020	4793.335694	6.618705	2032.549835	2.619347	10093.850410	15.101531
W516	1617.939790	1.051510	519.713331	0.426270	1098.226459	1.134628	2097.372166	3.283640	889.362590	1.320694	4416.665605	7.367759
W517	3641.852940	2.082896	382.417185	0.230791	3259.435755	2.095643	6224.808893	8.344691	2639.546882	3.287466	13108.259843	19.125435
W518	1819.220921	1.191327	377.132098	0.341215	1442.088823	1.239228	2754.074019	4.012025	1167.828220	1.599648	5799.554411	9.084876
W519	1984.717789	1.210803	356.188243	0.152539	1628.529546	1.220374	3110.134995	4.337788	1318.811110	1.719197	6549.350889	9.882721
W520	2378.974705	1.302728	352.447430	0.166543	2026.527275	1.313331	3870.223545	5.197782	1641.116485	2.048308	8149.952353	11.909540
W521	2503.515079	1.507450	485.422098	0.218269	2018.092982	1.523170	3854.115891	5.386618	1634.286250	2.135521	8116.032706	12.268550
W522	2165.391558	1.207640	587.832810	0.179569	1577.558748	1.220918	3012.791926	4.242231	1277.534085	1.683619	6344.364959	9.651725
W523	1338.122746	0.981711	455.528108	0.364939	882.594637	1.047348	1685.562582	2.816397	714.740249	1.140451	3549.473195	6.273228
W524	2130.487467	1.162001	442.855948	0.298554	1687.631519	1.199742	3223.006826	4.429832	1366.672899	1.751895	6787.037429	10.114260
W525	1517.490311	1.075066	317.415907	0.186462	1200.074404	1.091117	2291.879449	3.407403	971.840800	1.362125	4826.260831	7.694923
W526	2415.362573	1.755787	427.838729	0.249829	1987.523844	1.773472	3795.735529	5.604218	1609.530839	2.238353	7993.094802	12.667509
W527	3381.221691	2.179922	280.576930	0.198172	3100.644761	2.188911	5921.552849	8.123703	2510.955216	3.211840	12469.660476	18.553324
W528	2738.178697	1.728133	392.825183	0.262179	2345.353515	1.747908	4479.111881	6.237271	1899.307433	2.471453	9432.155013	14.213563
W529	1301.056793	0.925429	499.785392	0.251381	801.271401	0.958964	1530.253001	2.567927	648.883300	1.040268	3222.420849	5.717182
W530	1530.614929	0.857408	530.841685	0.177121	999.773244	0.875511	1909.348073	2.800026	809.633491	1.117374	4020.722741	6.334745
W531	2791.462478	1.818210	451.276984	0.226188	2340.185495	1.832225	4469.242094	6.315245	1895.122282	2.507584	9411.371125	14.360912
W532	1968.717661	1.256688	451.678101	0.179825	1517.039561	1.269489	2897.213524	4.182408	1228.524611	1.665579	6100.978896	9.482413
W533	1879.199255	1.222595	429.139494	0.220998	1450.059761	1.242409	2769.296766	4.030072	1174.283222	1.606627	5831.610610	9.127005
W534	2720.278289	1.817655	556.811901	0.259220	2163.466388	1.836046	4131.747280	5.993067	1752.012124	2.388159	8700.671440	13.578711
W535	1755.427936	1.130458	568.163355	0.302696	1187.264581	1.170282	2267.415490	3.479801	961.467186	1.396414	4774.744402	7.826804
W536	2038.284888	1.147281	606.726857	0.246339	1431.558032	1.173429	2733.962513	3.919773	1159.300205	1.559546	5757.203416	8.895382
W537	2449.522927	1.235399	491.391388	0.321518	1958.131540	1.276552	3739.602661	5.029326	1585.728448	1.982357	7874.889692	11.521081
W538	2073.740601	1.283973	429.240587	0.276125	1644.500014	1.313329	3140.635092	4.465334	1331.744268	1.774570	6613.578275	10.145325
W539	3611.263809	1.929085	417.523694	0.254601	3193.740115	1.945814	6099.344599	8.079964	2586.345428	3.177103	12844.055979	18.553347
W540	1381.826168	1.055830	370.712059	0.201764	1011.114109	1.074935	1931.006644	3.061683	818.817518	1.233137	4066.331558	6.859495
W541	3679.272184	2.200102	503.919082	0.226686	3175.353102	2.211750	6064.229430	8.290198	2571.455310	3.275925	12770.110133	18.943595
W542	3628.516119	2.219506	317.068178	0.177159	3311.447941	2.226565	6324.140785	8.568697	2681.667241	3.381353	13317.433855	19.606541
W543	3181.474271	1.934968	334.726191	0.164519	2846.748080	1.941949	5436.665760	7.392770	2305.345337	2.918929	11448.580783	16.906559
W544	2631.073601	1.668485	280.021122	0.166657	2351.052479	1.676787	4489.995656	6.176590	1903.922552	2.443015	9455.074167	14.100660
W545	1792.691727	1.260240	332.222281	0.175019	1460.469446	1.272335	2789.176986	4.082752	1182.713163	1.628869	5873.474561	9.239047
W546	2470.547769	1.475326	329.830452	0.160373	2140.717316	1.484016	4088.301531	5.582106	1733.589536	2.205394	8609.182982	12.757812
W547	3009.560262	1.660388	608.767263	0.175526	2400.792999	1.669640	4584.989163	6.265451	1944.203277	2.475682	9655.112367	14.317799
W548	2655.665775	1.711569	433.377466	0.203507	2222.288309	1.723625	4244.084273	5.979902	1799.647122	2.373470	8937.231714	13.603913
W549	2430.595900	1.479709	411.022726	0.265499	2019.573174	1.503339	3856.942734	5.369070	1635.484935	2.127334	8121.985498	12.235702
W550	2748.178118	1.633420	443.735115	0.333537	2304.443002	1.667125	4400.981757	6.077609	1866.177400	2.405248	9267.627879	13.866717
W551	2362.573104	1.478385	477.431900	0.221408	1885.141205	1.494873	3600.207097	5.107368	1526.619625	2.029093	7581.349232	11.607688
W552	2095.386719	1.217572	473.730756	0.281530	1621.655963	1.249696	3097.007955	4.355206	1313.244765	1.728140	6521.707848	9.910590
W553	3173.156511	1.870066	346.629128	0.189087	2826.527384	1.879601	5398.048655	7.294182	2288.970271	2.877201	11367.260528	16.697167
W554	1802.895010	1.084559	512.248583	0.144573	1290.646427	1.094153	2464.852189	3.573945	1045.187575	1.424102	5190.508420	8.098021
W555	2610.236717	1.500767	632.944128	0.249190	1977.292589	1.521315	3776.196072	5.307765	1601.245394	2.105970	7951.948434	12.079043
W556	1223.114889	0.674428	539.652132	0.246649	683.462756	0.718115	1305.264274	2.058712	553.479842	0.828702	2748.637518	4.615241
W557	920.406143	0.616979	330.669605	0.271588	589.736539	0.674110	1126.267712	1.847323	477.578746	0.746676	2371.704911	4.122959
W558	1520.742186	0.862044	346.212701	0.200982	1174.529485	0.885163	2243.094245	3.133648	951.154087	1.242255	4723.528500	7.137640
W559	1692.749494	1.134958	266.267754	0.181899	1426.481740	1.149442	2724.267908	3.884350	1155.189337	1.544285	5736.788426	8.821798
W560	1834.142003	1.013908	621.145932	0.188180	1212.996071	1.031223	2316.557006	3.362163	982.304988	1.339884	4878.227058	7.617154
W563	477.495971	0.160761	437.256273	0.153138	40.239698	0.222026	76.849016	0.433550	32.586796	0.183130	161.829364	0.917719
W564	2254.289824	1.525950	552.425269	0.191628	1701.864554	1.537935	3250.188809	4.821177	1378.199055	1.926738	6844.277499	10.890877
W565	1832.741934	1.151336	387.432478	0.153371	1445.309457	1.161507	2760.224725	3.932269	1170.436344	1.563153	5812.506622	8.931694
W566	1214.830544	0.890634	427.897001	0.170491	786.933543	0.906805	1502.870829	2.474751	637.272257	1.000672	3164.759220	5.520911
W567	2588.476989	1.675792	369.381190	0.208232	2219.095799	1.688680	4237.987278	5.937403	1797.061773	2.354693	8924.392604	13.518301
W568	1577.952231	0.996147	548.094527	0.255248	1029.857705	1.028329	1966.802810	3.034706	833.996403	1.218560	4141.711454	6.821190
W569	2420.126859	1.672680	427.789023	0.341667	1992.337836	1.707219	3804.929200	5.537405	1613.429292	2.207552	8012.454919	12.540638
W570	1538.608628	1.273867	329.037533	0.161400	1209.571095	1.284051	2310.016051	3.660225	979.531383	1.474104	4864.453054	8.201113
W571	2912.122709	1.965531	447.945671	0.222211	2464.177039	1.978052	4706.038805	6.701883	1995.532757	2.663995	9910.019817	15.223329
W572	2463.582410	1.714658	519.669203	0.257467	1943.913207	1.733880	3712.448757	5.480467	1574.214198	2.188886	7817.708752	12.388022
W573	2392.409676	1.229118	461.965758	0.293798	1930.443918	1.263744	3686.725364	4.963073	1563.306538	1.956544	7763.540194	11.367585
W574	1878.209702	1.024373	579.722788	0.284975	1298.486915	1.063273	2479.825805	3.554231	1051.536936	1.414045	5222.039998	8.066206
W575	1795.067965	1.455602	450.381764	6.412814	1344.686201	6.575938	2568.056329	12.916808	1088.949909	5.450516	5407.836647	27.378069
W576	2679.121891	1.589932	309.443461	0.144993	2369.678429	1.596530	4525.567144	6.134807	1919.006166	2.421084	9529.980933	14.036352
W577	3824.847046	2.936067	250.702168	0.373366	3574.144879	2.959711	6825.834439	9.819328	2894.403719	3.908556	14373.904967	22.273247
W578	1936.774185	1.383333	552.324807	0.309627	1384.449377	1.417561	2643.995294	4.123370	1121.150810	1.657716	5567.749617	9.256230
W579	2066.689128	1.265048	510.561957	0.270052	1556.127171	1.293551	2971.862304	4.280620	1260.178427	1.704181	6258.174985	9.708056
W580	2293.267879	1.328782	702.160762	0.148540	1591.107117	1.337058	3038.666344	4.392804	1288.505786	1.749695	6398.851547	9.957498
W581	1539.050808	0.861769	496.069518	0.160310	1042.981290	0.876553	1991.865984	2.879626	844.624106	1.146989	4194.489717	6.527429
W582	3181.612383	1.895171	361.516283	0.198268	2820.096101	1.905514	5385.766313	7.306131	2283.762108	2.883663	11341.396258	16.714490
W583	3329.507961	1.910967	339.742283	0.241576	2989.765678	1.926176	5709.798069	7.657882	2421.163436	3.017115	12023.745311	17.550035
W584	1545.475198	1.043860	430.661631	0.366597	1114.813567	1.106362	2129.049912	3.276662	902.795114	1.315327	4483.372894	7.367348
W585	2212.144994	1.326913	433.237051	0.213976	1778.907944	1.344055	3397.324820	4.749651	1440.590111	1.883079	7154.117866	10.817314
W586	2625.739614	1.690552	528.666984	0.184096	2097.072630	1.700546	4004.949733	5.722016	1698.245322	2.275514	8433.659998	12.991643
W587	1915.143715	1.184720	431.149469	0.119279	1483.994246	1.190709	2834.104205	4.035488	1201.763949	1.604073	5968.082712	9.166794
W588	1617.966322	1.138691	324.613672	0.138479	1293.352650	1.147081	2470.020483	3.638823	1047.379121	1.452955	5201.391861	8.227426
W589	2430.261749	1.408379	356.284908	0.164358	2073.976842	1.417937	3960.841833	5.388962	1679.541957	2.127936	8340.777176	12.322992
W590	1811.213404	1.048951	364.861522	0.151098	1446.351883	1.059777	2762.215530	3.828026	1171.280519	1.515752	5816.698879	8.729494
W591	2942.577845	1.838212	573.098505	0.192342	2369.479340	1.848247	4525.186928	6.386992	1918.844940	2.535665	9529.180270	14.526433
W592	1489.705637	0.804185	475.615047	0.188087	1014.090590	0.825887	1936.691072	2.770870	821.227923	1.102121	4078.301879	6.289946
W593	1637.415587	1.019150	577.773500	0.177022	1059.642086	1.034409	2023.684459	3.093423	858.116304	1.240786	4261.493354	6.961186
W594	2777.271776	2.072934	319.996865	0.206885	2457.274911	2.083233	4692.857252	6.804543	1989.943296	2.711395	9882.261982	15.418046
W597	2174.094526	1.621281	421.278033	0.295495	1752.816493	1.647989	3347.495860	5.040923	1419.460808	2.018317	7049.187583	11.365107
W598	1506.143238	1.021519	488.619380	0.181211	1017.523858	1.037468	1943.247861	3.025038	824.008242	1.215905	4092.109227	6.792154
W599	2348.330265	1.594254	401.081279	0.224873	1947.248986	1.610036	3718.819365	5.347017	1576.915569	2.128220	7831.124037	12.129522
W600	1657.907415	1.358487	259.926143	0.119425	1397.981272	1.363726	2669.838251	4.079962	1132.109170	1.636436	5622.169956	9.181542
W601	2214.560266	1.355626	428.146834	0.222888	1786.413431	1.373827	3411.658659	4.794722	1446.668184	1.902372	7184.302195	10.911708
W602	1599.329235	1.219304	491.135583	0.237201	1108.193651	1.242163	2116.407322	3.438818	897.434193	1.388618	4456.750012	7.682953
W603	2898.730732	2.190728	352.237343	0.230762	2546.493389	2.202848	4863.245017	7.101035	2062.193947	2.832136	10241.066104	16.074634
W604	1930.611203	1.217059	496.566566	11.615871	1434.044637	11.679456	2738.711385	22.536653	1161.313901	9.538999	5767.203635	47.573985
W605	2408.736961	1.670039	435.786617	14.113949	1972.950344	14.212409	3767.903334	27.502088	1597.728969	11.634948	7934.485510	58.094161
W606	2252.380937	1.503633	270.941159	0.242294	1981.439778	1.523030	3784.116295	5.317356	1604.603858	2.109688	7968.626913	12.101373
W607	2986.915167	1.533986	613.327094	0.144352	2373.588073	1.540763	4533.033708	6.090265	1922.172262	2.400156	9545.704092	13.953639
W608	3486.226823	1.776942	677.059824	0.184572	2809.166999	1.786502	5364.894121	7.174014	2274.911534	2.825146	11297.443403	16.448730
W609	2874.516134	1.578933	557.014801	0.169302	2317.501333	1.587983	4425.920310	6.025142	1876.752259	2.379351	9320.143713	13.776566
W610	2656.345462	1.650810	428.429977	0.245238	2227.915485	1.668926	4254.830948	5.933700	1804.204106	2.351669	8959.862159	13.518873
W611	3627.559729	1.951244	598.254645	0.364278	3029.305083	1.984957	5785.309680	7.789912	2453.183124	3.071048	12182.758356	17.841661
W612	3227.717173	2.030265	616.893038	0.284890	2610.824135	2.050156	4986.102662	7.051988	2114.290087	2.800478	10499.780863	16.034200
W613	2943.001695	2.057754	505.925822	0.263834	2437.075873	2.074599	4654.281510	6.758103	1973.585769	2.693390	9801.028829	15.309890
W614	2403.461687	1.429290	471.388318	0.186174	1932.073369	1.441364	3689.837258	5.139679	1564.626095	2.036630	7770.093250	11.711862
W615	1125.433196	0.828837	391.675310	0.117239	733.757886	0.837088	1401.316964	2.296272	594.209700	0.928049	2950.906157	5.125484
W616	2525.438066	1.445334	443.759882	0.139216	2081.678184	1.452024	3975.549710	5.436840	1685.778636	2.148523	8371.749160	12.422814
W617	2835.784135	1.784662	404.357528	0.150763	2431.426607	1.791019	4643.492648	6.444763	1969.010897	2.552436	9778.309544	14.693536
W618	2695.201627	1.628588	462.895341	0.280296	2232.306285	1.652533	4263.216416	5.925288	1807.759851	2.347180	8977.520355	13.506391
W619	2153.687293	1.232547	364.645593	0.114123	1789.041701	1.237819	3416.678078	4.662752	1448.796601	1.842033	7194.872134	10.657447
W620	2525.027817	1.607430	407.670198	0.146579	2117.357619	1.614099	4043.689622	5.668140	1714.672453	2.248074	8515.238814	12.904272
W621	1975.948339	1.306145	514.079542	0.253161	1461.868797	1.330453	2791.849440	4.152255	1183.846381	1.659960	5879.102238	9.376566
W622	3173.493185	1.953368	491.294949	1.022049	2682.198236	2.204593	5122.411573	7.350762	2172.090056	2.924977	10786.821423	16.679460
W623	2402.693177	1.559316	443.171579	0.143166	1959.521598	1.565874	3742.257368	5.321751	1586.854141	2.114975	7880.479999	12.090788
W624	3006.092307	1.729057	423.775428	0.138472	2582.316879	1.734593	4931.660042	6.680373	2091.204423	2.636089	10385.135094	15.286325
W625	1236.178408	1.048508	234.640870	0.195980	1001.537538	1.066667	1912.717489	3.035135	811.062247	1.222551	4027.818088	6.799376
W626	1348.516521	0.756615	467.504032	0.133338	881.012489	0.768274	1682.541025	2.463731	713.458998	0.982983	3543.110373	5.575030
W627	2367.527382	1.535000	380.905944	0.135343	1986.621438	1.540955	3794.012132	5.345873	1608.800056	2.121826	7989.465657	12.161496
W628	555.267283	0.092149	543.644581	0.195562	11.622702	0.216185	22.196817	0.413691	9.412263	0.175358	46.742261	0.871570
W629	2737.025112	1.955080	398.165560	0.200001	2338.859552	1.965284	4466.709834	6.457085	1894.048511	2.571910	9406.038668	14.636804
W630	1717.130817	1.288266	291.507883	0.184879	1425.622934	1.301464	2722.627775	4.053981	1154.493861	1.620906	5733.334620	9.153268
W631	1495.530831	1.141681	295.303837	0.124988	1200.226993	1.148502	2292.170862	3.475773	971.964369	1.392819	4826.874491	7.829473
W632	1295.089013	0.803444	310.168440	0.094809	984.920573	0.809018	1880.982724	2.698676	797.605544	1.073812	3960.990727	6.123689
W633	1256.688856	0.839833	405.886118	0.194728	850.802739	0.862113	1624.847014	2.522686	688.994625	1.013681	3421.617793	5.666029
W634	1804.645367	1.142676	424.808934	0.252442	1379.836434	1.170228	2635.185581	3.821441	1117.415169	1.522748	5549.198043	8.658650
W635	1563.701405	0.926582	494.696216	0.494507	1069.005189	1.050282	2041.565935	3.128983	865.698705	1.255437	4299.148332	7.038909
W636	1212.902325	0.649792	522.638117	0.187581	690.264209	0.676325	1318.253559	2.018145	558.987775	0.809631	2775.990475	4.540615
W637	2534.692451	1.489778	449.028837	0.192267	2085.663613	1.502134	3983.161009	5.493903	1689.006105	2.173850	8387.777102	12.537197
W638	2174.901232	1.178947	612.086883	0.135863	1562.814350	1.186750	2984.633352	4.178852	1265.593819	1.657128	6285.068375	9.515284
W639	3416.891597	1.988776	561.389619	0.296718	2855.501978	2.010788	5453.383788	7.476457	2312.434393	2.955645	11483.785760	17.076812
W640	3296.891402	2.015576	568.642026	0.223269	2728.249377	2.027904	5210.359173	7.250074	2209.383058	2.872451	10972.022287	16.523375
W641	4528.223830	2.433062	526.371110	0.231084	4001.852720	2.444011	7642.662802	10.129580	3240.768852	3.983357	16093.989650	23.257833
W642	2666.120857	1.886173	569.131013	0.135177	2096.989843	1.891011	4004.791629	5.935880	1698.178280	2.371986	8433.327062	13.410328
W643	4044.699497	2.123991	619.523139	0.290260	3425.176359	2.143732	6541.337170	8.716007	2773.766461	3.430427	13774.808002	19.995442
W644	2567.789167	1.648064	326.134400	0.175120	2241.654767	1.657341	4281.069970	5.947954	1815.330412	2.356035	9015.116534	13.558777
W645	4469.688510	2.949032	300.105321	0.135941	4169.583190	2.952163	7962.991288	10.932818	3376.599858	4.322974	16768.540324	24.966019
W646	4681.376064	3.317948	356.496824	0.113772	4324.879240	3.319899	8259.572755	11.601561	3502.361259	4.602718	17393.084306	26.404634
W647	4332.500687	3.002915	498.321044	0.149170	3834.179643	3.006618	7322.443924	10.351912	3104.984323	4.110693	15419.669792	23.538713
W648	3087.921911	1.842269	622.756249	0.182286	2465.165663	1.851265	4707.926860	6.570316	1996.333362	2.604248	9913.995702	14.967718
W649	3920.713094	2.075272	688.380766	0.146415	3232.332328	2.080431	6173.047281	8.277331	2617.598063	3.261055	12999.259764	18.970325
W650	3220.558695	1.913186	602.384531	0.289939	2618.174164	1.935031	5000.139608	6.946305	2120.242266	2.751450	10529.339995	15.834820
W651	2787.083764	1.410152	507.535032	0.137566	2279.548732	1.416846	4353.439150	5.791914	1846.017594	2.279010	9167.512219	13.290454
W652	1944.727235	1.350363	551.063204	0.165217	1393.664031	1.360433	2661.593266	4.068482	1128.612995	1.631884	5604.807589	9.155394
W653	1918.702206	1.264869	546.584828	0.284006	1372.117379	1.296362	2620.443876	3.953599	1111.164147	1.583334	5518.154825	8.911496
W654	3628.584984	2.288368	433.890429	0.166186	3194.694555	2.294394	6101.167372	8.408771	2587.118350	3.326837	12847.894390	19.191175
W655	3573.052491	2.400433	504.045415	0.143743	3069.007077	2.404733	5861.131797	8.284044	2485.334478	3.289443	12342.425269	18.837329
W656	1857.601522	1.326436	425.044947	0.109636	1432.556575	1.330960	2735.869512	4.100971	1160.108842	1.641050	5761.219191	9.251373
W657	1812.290080	0.968453	459.443781	0.122995	1352.846298	0.976232	2583.640330	3.565452	1095.558096	1.410903	5440.653580	8.135795
W658	1803.612645	1.154818	359.315852	0.134303	1444.296793	1.162601	2758.290759	3.931571	1169.616272	1.562988	5808.434059	8.929453
W659	1851.326091	1.200122	556.764189	0.178078	1294.561902	1.213262	2472.329890	3.718409	1048.358394	1.488575	5206.255030	8.384738
W660	2226.229434	1.349523	550.075106	0.153154	1676.154327	1.358186	3201.087902	4.572391	1357.378473	1.818274	6740.880358	10.381815
W661	1343.335291	0.841795	468.661247	0.122931	874.674045	0.850723	1670.435984	2.549640	708.326017	1.022493	3517.619465	5.738566
W662	2373.414066	1.649407	362.949028	0.113763	2010.465038	1.653326	3839.548189	5.510762	1628.109011	2.192865	8085.355904	12.504060
W663	725.001488	0.563688	407.380106	0.110376	317.621382	0.574393	606.587320	1.308611	257.215233	0.540041	1277.357161	2.852197
W664	1269.902515	0.842129	432.487381	0.129219	837.415133	0.851985	1599.279618	2.487280	678.153113	0.999650	3367.777735	5.585343
W665	3293.774391	2.765790	443.265840	0.222241	2850.508551	2.774704	5443.847436	8.311857	2308.390631	3.333468	11463.704022	18.707027
W666	2209.430479	1.685031	250.664245	0.166453	1958.766234	1.693233	3740.814789	5.460767	1586.242434	2.177870	7877.442203	12.361969
W667	1732.970745	1.429824	268.692995	0.147871	1464.277750	1.437450	2796.450014	4.284501	1185.797194	1.718996	5888.790171	9.638747
W668	1711.787085	1.224321	286.902710	0.117808	1424.884375	1.229976	2721.217290	3.970402	1153.895764	1.583378	5730.364407	8.988714
W669	2807.233243	1.429543	560.632741	0.185342	2246.600502	1.441508	4290.515241	5.748980	1819.335552	2.264694	9035.006472	13.177209
W670	2220.769123	1.336010	446.007524	0.177065	1774.761599	1.347692	3389.406208	4.745580	1437.232330	1.881864	7137.442780	10.805730
W671	2358.638870	1.536369	377.996379	0.381466	1980.642492	1.583018	3782.593652	5.379397	1603.958202	2.137901	7965.420517	12.221667
W672	1652.581835	0.892174	632.006904	0.329123	1020.574930	0.950945	1949.074741	2.924851	826.479053	1.170572	4104.379524	6.597221
W673	2251.769502	1.359133	583.970519	0.172451	1667.798983	1.370030	3185.131023	4.569859	1350.612172	1.818368	6707.278216	10.369645
W674	3018.081996	1.848349	620.409048	0.250999	2397.672949	1.865314	4579.030549	6.457796	1941.676607	2.563484	9642.564664	14.689154
W675	3192.231824	1.867370	446.279729	0.222196	2745.952095	1.880543	5244.167491	7.138067	2223.719023	2.818789	11043.216155	16.321622
W676	2658.155535	1.459344	468.395985	0.179070	2189.759550	1.470289	4181.961464	5.664257	1773.304777	2.235092	8806.412931	12.961407
W677	3273.000410	1.938090	516.257661	0.121579	2756.742749	1.941900	5264.775277	7.218522	2232.457479	2.853715	11086.612222	16.487449
W678	2486.738451	1.807474	347.538913	0.162814	2139.199537	1.814793	4085.402906	5.925108	1732.360412	2.361039	8603.079030	13.424962
W679	3941.100001	2.749175	458.248907	0.215640	3482.851094	2.757620	6651.483291	9.431525	2820.472449	3.746779	14006.754716	21.436785
W680	3480.891321	2.522854	427.419811	0.185476	3053.471509	2.529663	5831.462264	8.390098	2472.753510	3.339721	12279.946893	19.030930
W681	3836.013011	2.369960	485.303234	0.103861	3350.709777	2.372235	6399.122298	8.785554	2713.462148	3.473910	13475.330616	20.062608
W682	2781.816097	1.728452	537.753588	0.168786	2244.062509	1.736673	4285.668231	6.034460	1817.280243	2.394898	9024.799594	13.729343
W683	2965.900054	1.672743	392.450502	0.207024	2573.449552	1.685506	4914.725389	6.616974	2084.023510	2.608592	10349.473945	15.155463
W684	3397.008669	2.052140	441.805427	0.133524	2955.203242	2.056479	5643.791382	7.713556	2393.174184	3.047949	11884.747822	17.626581
W685	1781.129976	1.005851	584.838172	0.134438	1196.291804	1.014796	2284.655510	3.313374	968.777585	1.320310	4811.048595	7.507387
W686	2143.283611	1.315826	477.547424	0.176831	1665.736187	1.327655	3181.191535	4.520174	1348.941685	1.796208	6698.982406	10.270827
W687	2307.966556	1.406109	563.438606	0.140701	1744.527950	1.413131	3331.666556	4.758413	1412.748603	1.892221	7015.854089	10.804342
W688	2573.771914	1.458106	609.656975	0.157659	1964.114939	1.466605	3751.029644	5.226283	1590.573907	2.071026	7898.952738	11.908754
W689	2509.489824	1.630038	352.640007	0.146566	2156.849817	1.636614	4119.111077	5.765989	1746.653911	2.286436	8674.062007	13.129628
W690	1770.163628	1.114115	460.444199	0.137131	1309.719429	1.122523	2501.277449	3.640433	1060.633219	1.451315	5267.213067	8.244458
W691	2596.726411	1.632183	327.717549	0.098813	2269.008862	1.635172	4333.310305	5.977844	1837.482227	2.365396	9125.124712	13.641227
W692	2978.921192	1.811908	516.039938	0.190325	2462.881254	1.821877	4703.564140	6.535942	1994.483409	2.588999	9904.808644	14.898804
W693	1504.908690	1.241478	340.378220	0.160734	1164.530470	1.251840	2223.998314	3.543963	943.056713	1.428155	4683.316114	7.935391
W694	1776.650444	1.098643	555.827910	0.216479	1220.822534	1.119768	2331.503837	3.477776	988.642991	1.390830	4909.702232	7.850472
W695	2999.052847	1.997097	573.653377	0.202072	2425.399471	2.007294	4631.982137	6.662087	1964.130019	2.651757	9754.070605	15.112053
W696	969.743250	0.555340	529.725363	0.230820	440.017887	0.601399	840.337857	1.515345	356.334019	0.617789	1769.591192	3.349832
W697	1321.417759	0.914011	579.947867	0.107103	741.469892	0.920265	1416.045208	2.421446	600.455014	0.982661	2981.921028	5.380550
W698	1454.791012	1.017986	292.136056	0.145186	1162.654956	1.028287	2220.416494	3.267802	941.537890	1.304640	4675.773483	7.389534
W699	1768.188506	1.531547	303.962052	0.178641	1464.226454	1.541930	2796.352049	4.414922	1185.755653	1.777351	5888.583874	9.896256
W700	1132.330260	0.813845	375.117023	0.128104	757.213237	0.823865	1446.111550	2.317164	613.204244	0.934327	3045.235008	5.185135
W701	3788.032569	2.961718	410.359534	0.183909	3377.673035	2.967422	6450.616219	9.470633	2735.297456	3.779898	13583.766987	21.422947
W702	2543.412899	1.866801	385.203452	0.205308	2158.209447	1.878056	4121.707672	6.030860	1747.754963	2.405967	8679.529941	13.648247
W703	2247.041836	1.336376	478.609991	0.189117	1768.431845	1.349691	3377.317764	4.735717	1432.106387	1.878354	7111.986823	10.780945
W704	1279.176781	0.900832	503.444766	0.324222	775.732015	0.957402	1481.478363	2.525880	628.201068	1.024764	3119.710767	5.614297
W705	3575.617418	1.862161	693.662026	0.283652	2881.955392	1.883640	5503.904020	7.406575	2333.856821	2.919650	11590.171728	16.965251
W706	1524.265289	1.023828	457.532190	0.253892	1066.733098	1.054839	2037.226740	3.130660	863.858728	1.256500	4290.010815	7.040367
W707	3218.716831	1.811243	562.443815	0.153810	2656.273017	1.817762	5072.900079	6.903636	2151.095369	2.726135	10682.559663	15.786037
W708	2652.287350	1.654533	628.610299	0.161310	2023.677051	1.662378	3864.780241	5.544993	1638.808325	2.206379	8138.489793	12.582357
W709	3166.099185	1.970580	631.846745	0.195991	2534.252440	1.980302	4839.867483	6.834869	2052.281017	2.713682	10191.837480	15.543863
W710	3848.141180	2.212845	612.908313	0.131877	3235.232867	2.216771	6178.586675	8.411049	2619.946969	3.321551	13010.924671	19.231991
W711	2752.578781	1.631726	533.350284	0.294136	2219.228496	1.658025	4238.240702	5.906060	1797.169234	2.340457	8924.926267	13.457396
W712	3416.480232	2.122664	496.157628	0.121803	2920.322604	2.126156	5577.176998	7.715413	2364.927246	3.054209	11744.470639	17.598974
W713	3250.002852	2.348100	434.657695	0.221933	2815.345157	2.358565	5376.693051	7.764687	2279.914713	3.092321	11322.289699	17.603299
W714	3625.278555	2.322257	408.897752	0.134659	3216.380803	2.326158	6142.583359	8.482004	2604.680245	3.356760	12935.108556	19.352837
W715	2190.199440	1.585229	349.340318	0.131698	1840.859122	1.590690	3515.638011	5.131358	1490.759236	2.046459	7403.262871	11.616474
W716	3328.547843	1.856071	574.812203	0.122096	2753.735640	1.860082	5259.032357	7.133645	2230.022270	2.815550	11074.518727	16.320085
W717	4716.368255	3.035856	400.479755	0.264677	4315.888499	3.047372	8242.402408	11.308193	3495.080403	4.470913	17356.926831	25.826037
W718	2971.975787	1.769237	440.135236	0.120398	2531.840551	1.773329	4835.261303	6.619683	2050.327828	2.616383	10182.137743	15.123077
W719	3210.227351	2.348066	607.892756	0.239238	2602.334595	2.360223	4969.889498	7.382063	2107.415112	2.950673	10465.639034	16.672887
W720	1809.760031	1.103396	543.903934	0.098947	1265.856097	1.107824	2417.508085	3.544438	1025.111941	1.414397	5090.810769	8.019134
W721	2274.225839	1.457487	535.144441	0.156538	1739.081399	1.465869	3321.264836	4.806298	1408.337893	1.914657	6993.950052	10.893257
W722	3128.060877	1.824068	590.217374	0.253025	2537.843502	1.841534	4846.725627	6.698733	2055.189121	2.651388	10206.279422	15.281995
W723	2228.629615	1.415031	437.681553	0.182231	1790.948063	1.426716	3420.318811	4.859162	1450.340406	1.930870	7202.538824	11.041335
W724	2640.890625	1.505276	568.871589	0.187583	2072.019036	1.516919	3957.102852	5.482652	1677.956492	2.170845	8332.903597	12.503173
W725	2223.673709	1.392965	523.342608	0.160222	1700.331101	1.402149	3247.260249	4.664906	1376.957239	1.856506	6838.110512	10.583460
W726	2413.351480	1.662283	468.568490	0.192795	1944.782990	1.673426	3714.109852	5.413067	1574.918563	2.158393	7821.206701	12.256647
W727	2491.966265	2.127479	422.595120	0.204223	2069.371145	2.137258	3952.045960	6.186425	1675.812185	2.488168	8322.254746	13.881201
W728	3087.803563	2.557627	457.487066	0.150042	2630.316497	2.562024	5023.328807	7.671811	2130.075335	3.076873	10578.172023	17.265947
W729	1634.709351	1.291332	385.033745	0.121101	1249.675606	1.296998	2386.606889	3.743912	1012.008703	1.506152	5025.738747	8.398517
W730	2424.232419	1.376689	477.164295	0.189108	1947.068124	1.389617	3718.473959	5.116204	1576.769105	2.023658	7830.396678	11.679561
W731	1553.165029	0.866665	443.958432	1.367765	1109.206597	1.619225	2118.341826	3.971388	898.254494	1.624037	4460.823709	8.748719
W732	1677.439526	1.145528	350.562864	0.098669	1326.876662	1.149769	2534.044008	3.702278	1074.527439	1.476710	5336.213189	8.380184
W733	2764.059319	2.075038	259.061490	0.111974	2504.997829	2.078057	4783.997579	6.886101	2028.590132	2.741212	10074.186122	15.618515
W734	1811.778063	1.130059	488.894923	0.250663	1322.883141	1.157525	2526.417257	3.703880	1071.293417	1.478010	5320.152705	8.379936
W735	1832.581751	1.326020	310.617150	0.098669	1521.964601	1.329686	2906.619273	4.258960	1232.512993	1.699391	6120.785610	9.636492
W736	2488.581912	1.758261	392.208890	0.131698	2096.373022	1.763186	4003.613634	5.789473	1697.678767	2.306093	8430.846430	13.122902
W737	2728.720949	1.925857	455.556307	0.241106	2273.164643	1.940891	4341.246936	6.310097	1840.847649	2.515184	9141.837742	14.292964
W738	2560.672096	1.543689	378.214888	0.339561	2182.457207	1.580594	4168.015587	5.757611	1767.391214	2.278708	8777.045575	13.136024
W739	2163.984589	1.171798	445.014652	0.190403	1718.969937	1.187166	3282.856346	4.478024	1392.051287	1.768930	6913.069100	10.235950
W740	3174.285362	1.903695	513.234450	0.240308	2661.050912	1.918803	5082.024814	7.011805	2154.964591	2.774592	10701.774614	16.000315
W741	2155.077992	1.495700	546.759111	0.536552	1608.318881	1.589027	3071.537047	4.718443	1302.444167	1.893684	6468.070975	10.611506
W742	3289.101711	1.949650	543.979495	0.117278	2745.122216	1.953174	5242.582603	7.207258	2223.046972	2.850400	11039.878684	16.455164
W743	1878.978229	1.153990	563.943823	0.197040	1315.034405	1.170691	2511.427891	3.704867	1064.937377	1.479583	5288.587960	8.375242
W744	2686.894705	1.625071	502.191898	0.166599	2184.702806	1.633588	4172.304190	5.815567	1769.209739	2.304676	8786.076555	13.250739
W745	2694.473293	1.781952	395.056213	0.119939	2299.417079	1.785984	4391.383344	6.190115	1862.107321	2.457055	9247.415452	14.081265
W746	2997.467842	1.709735	297.497412	0.122799	2699.970430	1.714140	5156.352573	6.892500	2186.482283	2.714119	10858.294694	15.804220
W747	3194.675946	1.981172	468.079820	0.132899	2726.596126	1.985624	5207.201826	7.204107	2208.044227	2.851835	10965.373517	16.432505
W748	3171.676925	2.230202	284.625861	0.131789	2887.051064	2.234092	5513.635638	7.763309	2337.983383	3.081016	11610.664658	17.662810
W749	2989.078244	1.794083	344.504317	0.427413	2644.573926	1.844293	5050.557377	6.906633	2141.621246	2.729332	10635.510195	15.781313
W750	2740.487120	1.633059	588.739910	0.256805	2151.747210	1.653128	4109.366214	5.773545	1742.521733	2.290636	8653.541186	13.139856
W751	2642.488927	1.690256	515.064268	0.404868	2127.424659	1.738069	4062.915466	5.818862	1722.824915	2.314791	8555.724773	13.207083
W752	2363.379121	1.543617	607.926855	0.306213	1755.452266	1.573696	3352.529609	4.958287	1421.595302	1.980793	7059.787698	11.204959
W753	2223.879218	1.433464	479.915221	0.099310	1743.963998	1.436900	3330.589531	4.783266	1412.291905	1.903538	7013.586080	10.852411
W754	1822.144018	1.198973	397.784325	0.120940	1424.359693	1.205057	2720.215261	3.941477	1153.470867	1.570407	5728.254326	8.931637
W755	2027.365715	1.355274	549.669774	0.185838	1477.695941	1.367956	2822.075821	4.224347	1196.663474	1.690133	5942.753231	9.531396
W756	3388.856498	2.115713	454.597488	0.153520	2934.259009	2.121275	5603.792481	7.737167	2376.213186	3.061941	11800.517770	17.653677
W757	2059.304079	1.334298	347.440555	0.200956	1711.863525	1.349346	3269.284654	4.629259	1386.296393	1.838668	6884.489706	10.523858
W758	2197.188513	1.516483	375.381614	0.139449	1821.806899	1.522881	3479.252434	5.020820	1475.330419	1.999366	7326.641789	11.383837
W759	1973.284353	1.321921	369.225632	0.335973	1604.058720	1.363948	3063.401073	4.446400	1298.994216	1.771989	6450.938166	10.073459
W760	1563.524517	1.159391	515.362489	0.193367	1048.162028	1.175406	2001.760060	3.253236	848.819557	1.313707	4215.324753	7.268153
W761	1163.348507	0.814902	346.638799	0.173509	816.709708	0.833169	1559.736788	2.428594	661.385505	0.976192	3284.508080	5.452799
W762	2505.126195	1.896608	494.709876	0.182231	2010.416319	1.905343	3839.455147	5.799874	1628.069558	2.323072	8085.159975	13.071008
W763	1765.320187	1.259211	446.236051	0.134312	1319.084136	1.266354	2519.161989	3.824942	1068.216919	1.532976	5304.874497	8.614595
W764	1839.626199	1.285037	318.327933	0.144868	1521.298266	1.293177	2905.346719	4.216544	1231.973384	1.680363	6118.105855	9.552851
W765	1849.602330	1.255021	365.623168	0.140023	1483.979162	1.262808	2834.075397	4.114623	1201.751734	1.639825	5968.022049	9.321475
W766	3606.153005	2.837205	371.492866	0.135904	3234.660139	2.840459	6177.492890	9.068131	2619.483164	3.619175	13008.621367	20.512926
W767	2248.222384	1.471436	362.699706	0.138253	1885.522678	1.477917	3600.935627	5.090051	1526.928548	2.021197	7582.883377	11.574241
W768	2596.569150	1.925769	351.730337	0.134312	2244.838813	1.930447	4287.150801	6.246920	1817.908907	2.490812	9027.921603	14.145117
W769	2455.299668	1.740449	236.423336	0.197248	2218.876332	1.751590	4237.568146	6.003100	1796.884045	2.384489	8923.509992	13.646166
W770	1405.577260	1.117279	233.174379	0.214022	1172.402881	1.137593	2239.032896	3.414215	949.431927	1.369061	4714.976075	7.685421
W771	1900.462349	1.102436	499.867919	0.176036	1400.594431	1.116402	2674.828812	3.800761	1134.225351	1.510335	5632.679124	8.636136
W772	2515.075422	1.653946	290.735414	0.180331	2224.340008	1.663748	4248.002569	5.921613	1801.308623	2.346732	8945.482897	13.492188
W773	2239.803621	1.244808	567.342909	0.178546	1672.460712	1.257548	3194.033905	4.459173	1354.387320	1.767556	6726.025986	10.157822
W774	3860.071974	2.110363	565.470035	0.260357	3294.601939	2.126363	6291.968607	8.442162	2668.025060	3.326329	13249.685387	19.346175
W775	3612.176868	2.060311	444.619510	0.383563	3167.557359	2.095710	6049.341266	8.164239	2565.142184	3.219782	12738.758500	18.692346
W776	3223.715980	1.762735	419.872166	0.123758	2803.843814	1.767074	5354.728002	7.145899	2270.600728	2.813162	11276.035497	16.389482
W777	3398.346710	2.155215	453.660153	0.239926	2944.686558	2.168529	5623.706816	7.804644	2384.657593	3.090981	11842.453559	17.794146
W778	3753.002277	2.308123	570.992230	0.186233	3182.010047	2.315624	6076.942738	8.405723	2576.846218	3.327413	12796.881933	19.173941
W779	3099.522000	2.068212	450.795969	0.168769	2648.726031	2.075087	5058.486987	7.149244	2144.983691	2.838815	10652.208442	16.256988
W780	3338.319811	2.022396	486.207373	0.214102	2852.112438	2.033698	5446.910509	7.492511	2309.689486	2.963472	11470.154268	17.104951
W781	2982.034416	1.936861	437.952862	0.259537	2544.081554	1.954172	4858.638940	6.825861	2060.240802	2.708117	10231.366585	15.534922
W782	4666.062564	3.035423	274.548472	0.100025	4391.514092	3.037070	8386.830737	11.444208	3556.323303	4.520986	17661.065334	26.157983
W783	3604.658453	2.016254	530.190064	0.134698	3074.468388	2.020749	5871.561708	7.911818	2489.757142	3.119464	12364.388670	18.118826
W784	1824.335237	1.574196	521.452312	0.089985	1302.882925	1.576766	2488.221222	4.199362	1055.096900	1.702084	5239.719144	9.343793
W785	3692.238232	2.036362	695.979700	0.143743	2996.258532	2.041429	5722.197999	7.778632	2426.421461	3.071135	12049.857199	17.789824
W786	4007.442400	2.721133	551.327135	0.209501	3456.115265	2.729185	6600.423710	9.351384	2798.821317	3.714513	13899.232980	21.257125
W787	3425.063632	1.965957	460.624631	0.148016	2964.439001	1.971521	5661.429660	7.650276	2400.653460	3.017676	11921.890670	17.512236
W788	4069.001670	2.369083	465.822338	0.121542	3603.179331	2.372198	6881.283888	9.276077	2917.916316	3.657590	14490.670928	21.241810
W789	4140.442523	2.615309	533.595896	0.196954	3606.846628	2.622714	6888.287622	9.525906	2920.886155	3.770716	14505.419456	21.729844
W790	3151.197876	1.865008	545.414388	0.167742	2605.783488	1.872536	4976.476130	6.859782	2110.208085	2.714061	10479.509224	15.655579
W791	2842.535148	1.814641	552.175183	0.119291	2290.359965	1.818558	4374.086238	6.207734	1854.772715	2.466394	9210.991046	14.107717
W792	1996.120773	1.295080	487.592821	0.355835	1508.527952	1.343075	2880.958215	4.250147	1221.631765	1.697355	6066.748317	9.607861
W793	2101.392230	1.264836	416.948800	0.233462	1684.443430	1.286201	3216.918274	4.511438	1364.091130	1.789433	6774.216100	10.270162
W794	3320.240140	2.126194	499.526248	0.244167	2820.713892	2.140168	5386.946160	7.540531	2284.262406	2.990099	11343.880790	17.170468
W795	3306.015307	2.195187	340.798815	0.162751	2965.216492	2.201212	5662.914497	7.876908	2401.283085	3.120634	11925.017454	17.952930
W796	3645.656891	2.654928	375.889782	0.142392	3269.767109	2.658744	6244.539518	8.929656	2647.913389	3.551546	13149.808774	20.271989
W797	2152.361498	1.470856	403.020902	0.137252	1749.340597	1.477246	3340.857659	4.837690	1416.645967	1.927323	7035.208798	10.963462
W798	1727.215695	1.061125	422.482181	0.147811	1304.733514	1.071371	2491.755442	3.574586	1056.595539	1.422320	5247.161536	8.111375
W799	1719.665165	1.161877	310.653271	0.131976	1409.011894	1.169349	2690.904324	3.873828	1141.041956	1.542118	5666.531085	8.786146
W800	1305.229420	0.792209	453.442174	0.240271	851.787246	0.827843	1626.727208	2.482172	689.791896	0.995400	3425.577122	5.586925
W801	1677.809887	1.174562	256.577412	0.122799	1421.232475	1.180964	2714.242959	3.909049	1150.938392	1.556225	5715.677798	8.865522
W802	1374.932449	1.044592	340.216760	0.133107	1034.715689	1.053038	1976.080495	3.073700	837.930481	1.235354	4161.248489	6.902078
W803	2110.882143	1.331124	479.710658	0.141035	1631.171485	1.338575	3115.180519	4.468004	1320.950598	1.777759	6559.975801	10.138991
W804	2258.845608	1.605598	467.170000	0.128030	1791.675608	1.610694	3421.708265	5.065842	1450.929585	2.024025	7205.464748	11.446459
W805	2313.675511	1.171570	491.001912	0.273288	1822.673600	1.203022	3480.907643	4.695157	1476.032289	1.851492	7330.127344	10.750701
W806	3008.887727	1.767534	447.357221	0.166636	2561.530506	1.775371	4891.962620	6.679058	2074.371262	2.638759	10301.539897	15.264999
W807	1969.290977	1.143071	578.001482	0.275727	1391.289496	1.175856	2657.058423	3.848602	1126.690055	1.533331	5595.258075	8.721599
W808	1629.771476	0.913822	556.246722	0.150511	1073.524755	0.926134	2050.197317	2.990733	869.358727	1.192659	4317.324375	6.771001
W809	2514.146507	1.787561	416.438414	0.341052	2097.708093	1.819805	4006.163328	5.855438	1698.759930	2.335654	8436.215599	13.253186
W810	2997.288247	1.791051	505.741223	0.131543	2491.547024	1.795875	4758.309487	6.564465	2017.697440	2.597537	10020.091900	14.979761
W811	2637.079469	1.775793	403.933494	0.129420	2233.145975	1.780503	4264.820039	6.060552	1808.439846	2.408353	8980.897280	13.770697
W812	3710.757794	2.313486	393.277522	0.111293	3317.480272	2.316162	6335.661218	8.666537	2686.552326	3.424954	13341.693688	19.801736
W813	4127.776046	3.208381	424.507288	0.156845	3703.268759	3.212212	7072.432788	10.336611	2998.970448	4.123106	14893.194041	23.396017
W814	3029.516620	1.714636	581.609051	0.312557	2447.907570	1.742891	4674.967680	6.428101	1982.357463	2.542321	9844.589956	14.675841
W815	3308.513972	1.944675	585.561492	0.135564	2722.952480	1.949394	5200.243260	7.160934	2205.093541	2.832781	10950.720106	16.345352
W816	3090.802130	1.925039	405.708083	0.190604	2685.094048	1.934452	5127.941939	7.073475	2174.435134	2.798896	10798.467320	16.141610
W817	3674.119050	2.381384	450.206937	0.131546	3223.912112	2.385015	6156.966511	8.555730	2610.779228	3.389082	12965.396732	19.502889
W818	2206.000404	1.616844	382.662807	0.138817	1823.337597	1.622792	3482.175734	5.136446	1476.570005	2.051277	7332.797700	11.611618
W819	4086.599150	2.529323	462.074150	0.186758	3624.525000	2.536209	6922.049444	9.474195	2935.202404	3.744466	14576.515410	21.645209
W820	4032.461908	2.601423	336.956989	0.136678	3695.504919	2.605011	7057.605554	9.678464	2992.683158	3.826316	14861.970715	22.105459
W821	3511.507644	2.301191	494.625560	0.169431	3016.882084	2.307420	5761.584471	8.084056	2443.122767	3.206713	12132.797593	18.401828
W822	3512.316212	2.096096	602.185397	1.884490	2910.130815	2.818674	5557.712910	8.468609	2356.673761	3.395523	11703.482985	19.064618
W823	1919.377168	1.414244	540.057715	0.252727	1379.319452	1.436647	2634.198260	4.138758	1116.996509	1.665283	5547.118934	9.282538
W824	2406.684434	1.642294	263.000712	0.170857	2143.683722	1.651158	4093.966717	5.756325	1735.991782	2.284053	8621.112782	13.099221
W825	2765.738188	1.943900	469.104085	0.208287	2296.634103	1.955027	4386.068469	6.368631	1859.853620	2.538168	9236.223338	14.427583
W826	2234.073711	1.386295	625.005425	0.232318	1609.068286	1.405627	3072.968246	4.502524	1303.051048	1.796568	6471.084809	10.187644
W827	2063.570245	1.450214	430.450360	0.212847	1633.119886	1.465750	3118.901538	4.614750	1322.528446	1.843654	6567.811556	10.428027
W828	2929.531935	1.939797	483.290891	0.123440	2446.241043	1.943720	4671.784980	6.631718	1981.007881	2.634929	9837.887797	15.070786
W829	2915.752910	1.757227	464.608317	0.098059	2451.144592	1.759961	4681.149685	6.451249	1984.978859	2.552340	9857.608079	14.723702
W830	2468.300242	1.735339	336.517014	0.114802	2131.783227	1.739132	4071.239377	5.828064	1726.354558	2.318304	8573.253341	13.228827
W831	1957.529734	1.476672	406.512200	0.133770	1551.017534	1.482719	2962.104016	4.489883	1256.040555	1.799111	6237.625892	10.114340
W832	2198.315444	1.287202	373.165788	0.150068	1825.149656	1.295920	3485.636369	4.789236	1478.037441	1.893939	7340.085138	10.935392
W833	2959.656273	1.726870	605.613509	0.193132	2354.042764	1.737636	4495.706446	6.243320	1906.344136	2.472867	9467.100001	14.233034
W834	1675.101974	1.163211	515.336253	0.109352	1159.765721	1.168339	2214.898688	3.430265	939.198139	1.377982	4664.154036	7.706798
W835	247.078330	0.056700	240.961506	0.133301	6.116823	0.144858	11.681794	0.276989	4.953508	0.117428	24.599629	0.583458
W836	1925.257276	1.358573	320.801003	0.165407	1604.456273	1.368605	3064.160310	4.452340	1299.316161	1.774610	6452.536976	10.085425
W837	2668.095584	1.858299	393.017413	0.113577	2275.078170	1.861766	4344.901355	6.226063	1842.397256	2.476959	9149.533252	14.130250
W838	3318.574455	2.321533	420.749727	0.128729	2897.824728	2.325099	5534.210978	7.880153	2346.708081	3.132294	11653.992399	17.900132
W839	3025.268277	1.667992	423.011743	0.202464	2602.256534	1.680234	4969.740420	6.668739	2107.351897	2.627617	10465.325104	15.281940
W840	1911.142342	1.349192	414.428309	0.835961	1496.714033	1.587183	2858.396215	4.526971	1212.064651	1.823079	6019.237051	10.143713
W841	1851.307930	1.269513	469.588802	0.173769	1381.719127	1.281350	2638.781113	3.952626	1118.939807	1.581550	5556.769549	8.917540
W842	4136.707563	2.432860	596.187901	0.341348	3540.519662	2.456690	6761.617634	9.234429	2867.173442	3.648496	14238.676629	21.104370
W843	4166.882390	2.669526	388.634171	0.163365	3778.248219	2.674520	7215.627146	9.906162	3059.690099	3.916988	15194.734037	22.621753
W844	4409.791607	2.519155	559.671519	0.182540	3850.120088	2.525760	7352.886685	9.903407	3117.893169	3.904430	15483.776438	22.681339
W845	3338.816557	2.078337	532.759900	0.220695	2806.056657	2.090021	5358.954049	7.461213	2272.392726	2.956355	11284.934745	17.003116
W846	3518.865889	2.209243	385.330000	0.140244	3133.535889	2.213689	5984.367705	8.211410	2537.591015	3.246608	12601.936577	18.753111
W847	3229.817553	2.172903	395.911285	0.120044	2833.906268	2.176217	5412.140710	7.602868	2294.945818	3.016355	11396.935705	17.303504
W848	2577.971823	1.583734	431.709635	0.082769	2146.262188	1.585895	4098.891024	5.693908	1738.079868	2.255351	8631.482432	12.979973
W849	3202.085367	1.974234	477.465973	0.316933	2724.619394	1.999511	5203.426701	7.214335	2206.443436	2.856784	10957.423824	16.450633
W850	3049.830034	1.964660	419.784554	0.131927	2630.045480	1.969085	5022.811224	7.003605	2129.855861	2.775636	10577.082093	15.956828
W851	3391.449792	2.213483	313.289680	0.150814	3078.160112	2.218615	5878.612092	8.109928	2492.746763	3.209067	12379.235434	18.506455
W852	3635.119605	2.581187	362.958342	0.331500	3272.161263	2.602387	6249.111829	8.873353	2649.852217	3.525723	13159.437188	20.164143
W853	1982.611899	1.417814	300.534127	0.215275	1682.077772	1.434064	3212.400386	4.666894	1362.175381	1.860083	6764.702291	10.571693
W854	4352.374274	2.454943	523.607427	0.129265	3828.766846	2.458344	7312.106668	9.799208	3100.600948	3.860294	15397.901501	22.460176
W855	2456.921935	1.799921	286.742174	0.154178	2170.179761	1.806512	4144.568352	5.972546	1757.448728	2.377911	8727.670172	13.544321
W856	3280.517385	2.164283	377.438330	0.301966	2903.079055	2.185247	5544.245593	7.742739	2350.963125	3.069258	11675.123383	17.636846
W857	3484.675789	2.683821	458.008218	0.233245	3026.667571	2.693938	5780.272608	8.526488	2451.047221	3.405125	12172.151245	19.275201
W858	3590.434753	2.462892	310.470683	0.163304	3279.964070	2.468300	6264.013483	8.747262	2656.171063	3.467417	13190.817229	19.925222
W859	3084.301611	1.976125	435.628105	0.187223	2648.673506	1.984974	5058.386676	7.055203	2144.941155	2.796199	10651.997206	16.073725
W860	3081.953968	2.022727	475.258559	0.168369	2606.695409	2.029722	4978.217698	7.022661	2110.946574	2.787818	10483.176635	15.973402
W861	2822.395040	1.926637	640.064076	0.251144	2182.330965	1.942937	4167.774492	6.148484	1767.288981	2.455480	8776.537874	13.899246
W862	2320.318220	1.582385	475.564797	0.121190	1844.753423	1.587019	3523.075274	5.134270	1493.912908	2.047206	7418.924329	11.625490
W863	2269.145866	1.571868	590.703696	0.216123	1678.442170	1.586657	3205.457180	4.837294	1359.231207	1.937286	6750.081224	10.903061
W864	3816.391608	2.692838	476.333540	0.225735	3340.058068	2.702283	6378.779865	9.106858	2704.836212	3.621220	13432.493333	20.678950
W865	2981.720756	2.270822	440.220664	0.154193	2541.500092	2.276051	4853.708913	7.175813	2058.150290	2.866540	10220.984889	16.217020
W866	2559.534581	1.651501	498.351252	0.132208	2061.183329	1.656784	3936.409023	5.608247	1669.181551	2.229406	8289.326340	12.738369
W867	1802.936447	1.269924	392.355528	0.139475	1410.580919	1.277560	2693.900818	3.999325	1142.312580	1.598460	5672.841131	9.033359
W868	2201.792054	1.632138	656.210457	0.196842	1545.581597	1.643965	2951.722567	4.681125	1251.638441	1.885437	6215.764540	10.487471
W869	2580.304031	1.916094	564.947289	0.368405	2015.356742	1.951189	3848.890273	5.863768	1632.070397	2.351054	8105.028551	13.200859
W870	3181.403842	2.304451	464.128258	0.153163	2717.275584	2.309536	5189.401631	7.531092	2200.496293	3.001248	10927.889704	17.062267
W871	1572.448259	1.333483	550.734937	0.216030	1021.713323	1.350869	1951.248822	3.453110	827.400942	1.405586	4108.957723	7.646985
W872	2341.951789	1.747379	355.421417	0.168369	1986.530372	1.755472	3793.838215	5.581725	1608.726309	2.228367	7989.099422	12.622554
W873	3335.096622	1.929572	411.393448	0.176431	2923.703174	1.937621	5583.633145	7.538759	2367.664889	2.973295	11758.066054	17.259212
W874	3556.719304	2.489995	447.381782	0.135000	3109.337522	2.493652	5938.154121	8.454082	2517.994763	3.360358	12504.619585	19.204235
W875	3068.903015	1.724691	563.897006	0.217300	2505.006009	1.738327	4784.013202	6.533741	2028.596757	2.581472	10074.219020	14.932163
W876	4128.971373	1.927658	433.034249	0.165179	3695.937125	1.934722	7058.430972	9.087927	2993.033165	3.556334	14863.708887	20.964850
W877	3743.550552	2.546668	398.402282	0.175994	3345.148270	2.552742	6388.501037	8.957702	2708.958344	3.552924	13452.964265	20.392481
W878	2064.616423	1.402838	484.783097	0.259041	1579.833326	1.426555	3017.135872	4.474193	1279.376077	1.788005	6353.512481	10.107433
W879	4805.424707	2.993984	450.903397	0.121122	4354.521310	2.996433	8316.182620	11.333262	3526.365915	4.476283	17512.293881	25.909423
W880	2772.330157	2.069977	411.009509	0.097325	2361.320648	2.072263	4509.605611	6.618317	1912.237891	2.641356	9496.368990	14.971672
W881	3964.805122	2.249550	357.721075	0.147493	3607.084046	2.254380	6888.741040	9.176033	2921.078421	3.611301	14506.374267	21.051828
W882	4111.248257	2.546203	541.382806	0.147252	3569.865452	2.550457	6817.661670	9.382970	2890.938166	3.711486	14356.694676	21.419082
W883	2884.643275	1.794889	463.547488	0.148016	2421.095787	1.800981	4623.763044	6.435254	1960.644822	2.549704	9736.762762	14.665878
W884	3037.550698	2.031970	438.523957	0.169133	2599.026742	2.038997	4963.572223	7.018114	2104.736356	2.786914	10452.336058	15.957830
W885	2973.626292	2.380654	487.328080	0.302704	2486.298212	2.399821	4748.285404	7.225123	2013.446862	2.896462	9998.983093	16.268119
W886	2986.796114	1.970819	581.532061	0.249080	2405.264053	1.986497	4593.527896	6.602240	1947.824013	2.627692	9673.093310	14.977722
W887	3277.781662	1.965662	445.537557	0.164469	2832.244105	1.972531	5408.966341	7.394186	2293.599769	2.921847	11390.251091	16.896232
W888	3036.352465	1.955174	456.281352	0.371941	2580.071114	1.990237	4927.371123	6.931228	2089.385764	2.750417	10376.103448	15.771844
W889	2863.591542	1.720958	317.410154	0.194471	2546.181388	1.731911	4862.649164	6.607436	2061.941284	2.608561	10239.811352	15.112240
W890	3658.313109	2.576318	247.517023	0.129722	3410.796086	2.579582	6513.873998	9.109398	2762.121070	3.611724	13716.975801	20.745749
W891	2719.346291	1.634682	567.955124	0.147455	2151.391168	1.641319	4108.686251	5.760573	1742.233403	2.284810	8652.109313	13.114271
W892	2186.414786	1.379574	564.035322	0.157231	1622.379464	1.388505	3098.389684	4.507252	1313.830669	1.796769	6524.617506	10.208220
W893	3034.794291	1.737374	586.659461	0.169341	2448.134830	1.745607	4675.401698	6.431225	1982.541502	2.543706	9845.503915	14.682113
W894	2117.321504	1.242371	546.336835	0.248744	1570.984668	1.267027	3000.236872	4.279074	1272.210283	1.701282	6317.926412	9.717866
W895	3807.824859	2.031231	457.285435	0.221317	3350.539423	2.043253	6398.796960	8.478333	2713.324193	3.333852	13474.645515	19.467476
W896	3548.583372	1.945124	345.268828	0.123653	3203.314544	1.949050	6117.629665	8.101907	2594.098965	3.185585	12882.560838	18.604565
W897	3365.128933	2.190727	501.510044	0.171280	2863.618889	2.197413	5468.885313	7.680890	2319.007607	3.047214	11516.429012	17.481630
W898	1992.036576	1.114284	518.061443	0.150863	1473.975133	1.124450	2814.969893	3.946658	1193.650300	1.565355	5927.789502	8.984812
W899	2862.834929	1.988621	469.163025	0.128399	2393.671904	1.992762	4571.389429	6.587849	1938.436492	2.622900	9626.473922	14.939610
W900	3137.177967	2.554491	529.764836	0.256718	2607.413131	2.567358	4979.588390	7.638787	2111.527797	3.065221	10486.063051	17.182177
W901	2563.640257	1.811681	458.255417	0.154220	2105.384839	1.818233	4020.824234	5.867550	1704.976691	2.340001	8467.088668	13.283435
W902	4198.789544	3.217487	423.058226	0.169502	3775.731318	3.221949	7210.820416	10.478982	3057.651869	4.176778	15184.611981	23.736527
W903	3367.291101	2.490782	506.759524	0.112194	2860.531577	2.493308	5462.989222	7.998071	2316.507449	3.191012	11504.012970	18.098766
W904	2035.057027	1.337601	475.766497	0.152744	1559.290530	1.346293	2977.903628	4.345256	1262.740170	1.732886	6270.896861	9.837257
W905	1871.509257	1.370705	408.065433	0.182974	1463.443824	1.382863	2794.857397	4.217005	1185.121866	1.688835	5885.436423	9.505145
W906	1905.610956	1.540056	430.161505	0.160605	1475.449450	1.548408	2817.785515	4.441965	1194.844227	1.787939	5933.718665	9.958665
W907	3582.420820	2.560372	427.099224	0.143866	3155.321596	2.564410	6025.973638	8.615725	2555.233454	3.426613	12689.550734	19.559745
W908	2581.131778	2.221843	311.369309	0.118192	2269.762469	2.224985	4334.749528	6.637459	1838.092510	2.662849	9128.155442	14.933232
W909	2842.178759	2.106550	259.414237	0.203067	2582.764522	2.116315	4932.514943	7.071099	2091.566932	2.813309	10386.935352	16.047137
W910	2498.544383	1.667292	412.939686	0.152987	2085.604697	1.674296	3983.048491	5.672413	1688.958393	2.254789	8387.540162	12.884843
W911	3345.405222	2.267816	500.913810	0.112194	2844.491412	2.270590	5432.356018	7.722535	2303.517849	3.068951	11439.505288	17.546117
W912	2617.395477	1.675799	498.494019	0.147731	2118.901458	1.682299	4046.638016	5.742889	1715.922680	2.281699	8521.447569	13.051349
W913	1999.150279	1.507796	643.355845	0.231114	1355.794433	1.525405	2589.270622	4.214674	1097.945546	1.702225	5452.509901	9.414481
W914	4578.397708	2.671600	595.121186	0.191129	3983.276522	2.678428	7607.186330	10.307249	3225.725529	4.067423	16019.282970	23.584579
W915	3765.001433	2.144187	447.394081	0.152547	3317.607352	2.149607	6335.903912	8.508836	2686.655237	3.353081	13342.204756	19.496213
W916	2744.193324	1.703857	633.854712	0.187951	2110.338613	1.714192	4030.284857	5.761346	1708.988342	2.291325	8487.010935	13.079947
W917	3719.611337	2.415994	425.717558	0.128491	3293.893780	2.419408	6290.616179	8.723826	2667.451581	3.454648	13246.837432	19.891960
W918	5045.297105	3.100098	307.552198	0.190098	4737.744907	3.105921	9048.055814	12.184596	3836.706945	4.803668	19053.479187	27.906549
W919	4222.297356	2.627935	352.326635	0.138768	3869.970721	2.631597	7390.797049	10.041997	3133.968551	3.964453	15563.608430	22.967870
W920	2416.065215	1.479338	459.652845	0.155985	1956.412370	1.487539	3736.319423	5.233278	1584.336235	2.075373	7867.975820	11.915570
W921	2499.671606	1.668743	461.422557	0.201810	2038.249049	1.680902	3892.609567	5.592097	1650.608978	2.225509	8197.093044	12.686983
W922	3075.022373	2.152688	439.828885	0.130887	2635.193487	2.156664	5032.642791	7.211790	2134.024806	2.869130	10597.785497	16.367320
W923	3089.116952	1.970560	479.708370	2.597544	2609.408582	3.260420	4983.399266	8.551897	2113.143748	3.471620	10494.088028	18.995820
W924	3005.201404	1.781161	414.502736	0.329883	2590.698667	1.811452	4947.667424	6.770543	2097.992139	2.675828	10418.843586	15.468766
W925	1505.286846	1.214786	357.849726	0.099712	1147.437120	1.218872	2191.353757	3.473203	929.214226	1.398828	4614.572905	7.781811
W926	3756.434764	2.376551	458.640394	0.150342	3297.794370	2.381302	6298.065452	8.692967	2670.610345	3.440030	13262.524180	19.835440
W927	3502.443046	2.816189	432.413737	0.127587	3070.029308	2.819077	5863.084036	8.749366	2486.162299	3.499225	12346.536311	19.749076
W928	2655.541790	1.695371	478.633754	0.248291	2176.908036	1.713456	4157.417886	5.884236	1762.897401	2.336979	8754.728838	13.377681
W929	3242.693448	2.027041	424.210559	0.180146	2818.482889	2.035031	5382.685432	7.429339	2282.455702	2.939970	11334.908511	16.952175
W930	1899.777444	1.322004	420.643766	0.259325	1479.133678	1.347199	2824.821585	4.202501	1197.827778	1.680107	5948.535286	9.489675
W931	3007.600512	1.814636	396.471277	0.122127	2611.129235	1.818741	4986.685337	6.817119	2114.537162	2.693828	10501.007866	15.577524
W932	1693.033386	1.210185	482.665677	0.133635	1210.367709	1.217541	2311.537409	3.577729	980.176495	1.437119	4867.656746	8.038707
W933	3104.463598	2.093195	424.099283	0.110959	2680.364315	2.096134	5118.909185	7.230684	2170.604915	2.870933	10779.446062	16.443460
W934	2997.915175	1.968570	308.828497	0.227112	2689.086677	1.981627	5135.566988	7.128543	2177.668434	2.823293	10814.524218	16.252224
W935	1662.635987	1.229257	461.194692	0.098813	1201.441295	1.233223	2294.489912	3.582131	972.947732	1.440295	4831.757970	8.040216
W936	2487.427031	1.644100	471.988932	0.247204	2015.438099	1.662580	3849.045646	5.530051	1632.136281	2.200845	8105.355737	12.546048
W937	3490.146798	2.447243	467.284410	0.240213	3022.862388	2.459004	5773.005542	8.256479	2447.965719	3.283868	12156.848190	18.743399
W938	2624.344021	2.073206	480.383761	0.253604	2143.960259	2.088659	4094.494843	6.253705	1736.215727	2.508145	8622.224915	14.074277
W939	2039.654088	1.576745	362.051845	0.226068	1677.602243	1.592869	3203.853105	4.843266	1358.551021	1.940085	6746.703348	10.914120
W940	3398.395634	2.081706	512.142673	0.143631	2886.252961	2.086656	5512.111437	7.610668	2337.337066	3.011885	11607.454982	17.365019
W941	2859.800099	1.794391	404.715867	0.139006	2455.084232	1.799767	4688.673535	6.498689	1988.169247	2.573284	9873.451872	14.819426
W942	1040.721495	0.995536	291.230436	0.159939	749.491060	1.008302	1431.363881	2.557931	606.950693	1.042062	3014.179232	5.659343
W943	2960.306026	2.082335	304.424953	0.226016	2655.881073	2.094565	5072.151552	7.183277	2150.777966	2.853148	10680.983407	16.329614
W944	931.446933	0.545978	437.120901	0.137252	494.326032	0.562966	944.054527	1.545684	400.313685	0.624643	1987.998710	3.450423
W945	1277.532726	0.924455	535.406331	0.135737	742.126395	0.934367	1417.298985	2.442071	600.986662	0.991717	2984.561243	5.422209
W946	3420.579102	1.847827	480.721550	0.153974	2939.857553	1.854231	5614.484474	7.493841	2380.746982	2.950219	11823.033065	17.187038
W947	4181.081087	2.476636	547.801102	0.088819	3633.279985	2.478228	6938.769549	9.435075	2942.292341	3.725288	14611.724762	21.577203
W948	3906.463390	2.320003	444.983152	0.138260	3461.480238	2.324119	6610.669634	8.953770	2803.165964	3.533117	13920.808943	20.488754
W949	3219.633618	2.232122	422.395896	0.212529	2797.237721	2.242217	5342.111811	7.604283	2265.251001	3.022510	11249.468206	17.274228
W950	3125.536823	2.065545	371.932284	0.127190	2753.604539	2.069457	5258.781984	7.340709	2229.916103	2.909698	11073.991489	16.722196
W951	4137.053855	2.249138	510.280451	0.234191	3626.773403	2.261298	6926.343402	9.221297	2937.023199	3.628809	14585.557667	21.157418
W952	3730.865379	2.073329	581.297483	0.148875	3149.567896	2.078667	6014.985330	8.113064	2550.574009	3.199304	12666.411454	18.576875
W953	3669.177033	2.310806	501.682126	0.170500	3167.494907	2.317088	6049.221998	8.379487	2565.091610	3.317733	12738.507344	19.110015
W954	2549.655280	1.547729	393.209253	0.135362	2156.446026	1.553637	4118.339925	5.680876	1746.326915	2.247863	8672.438108	12.963696
W955	2315.202507	1.531939	306.626498	0.178721	2008.576009	1.542329	3835.940557	5.388550	1626.579243	2.137843	8077.758920	12.263932
W956	2662.492538	1.766324	407.439849	0.081574	2255.052689	1.768207	4306.657068	6.088296	1826.180278	2.417625	9068.998081	13.843923
W957	3505.639565	2.352390	447.865241	0.143509	3057.774323	2.356764	5839.679697	8.212492	2476.238002	3.258726	12297.251239	18.688003
W958	4848.130004	2.866386	533.920659	0.148190	4314.209344	2.870214	8239.195589	11.134563	3493.720595	4.392122	17350.173883	25.487774
W959	2895.792595	1.830863	586.673896	0.127419	2309.118699	1.835292	4409.911315	6.260544	1869.963859	2.487484	9286.431823	14.227100
W960	3026.721613	2.013096	459.684656	0.346666	2567.036957	2.042727	4902.478736	6.962429	2078.830481	2.766507	10323.684832	15.821299
W961	3534.134251	2.285523	497.247767	0.216738	3036.886484	2.295777	5799.788496	8.109726	2459.322672	3.215311	12213.247980	18.469444
W962	2854.754478	1.773653	460.549102	0.285398	2394.205376	1.796468	4572.408245	6.379640	1938.868507	2.528581	9628.619354	14.533854
W963	2703.646396	1.586823	338.478410	0.248986	2365.167986	1.606238	4516.953184	6.135265	1915.353531	2.422004	9511.841578	14.033159
W964	1845.713414	1.204348	426.590789	0.193446	1419.122625	1.219785	2710.213609	3.948460	1149.229800	1.574321	5707.192755	8.940838
W965	2947.284557	1.686785	366.799405	0.232837	2580.485152	1.702779	4928.161846	6.646864	2089.721059	2.621105	10377.768560	15.219746
W966	3439.387187	1.785793	433.817560	0.207605	3005.569627	1.797820	5739.980153	7.574824	2433.961745	2.976611	12087.303021	17.404068
W967	3932.031251	2.125756	583.829337	0.221607	3348.201914	2.137276	6394.332829	8.557845	2711.431238	3.370558	13465.244908	19.619008
W968	1924.175312	1.301659	480.690957	0.166518	1443.484355	1.312267	2756.739180	4.098337	1168.958346	1.638320	5805.166731	9.255310
W969	4625.241388	3.769756	445.717510	0.239061	4179.523877	3.777329	7981.975826	11.840542	3384.649997	4.731985	16808.518138	26.747253
W970	2344.298984	1.483771	342.382081	0.112741	2001.916903	1.488048	3823.223123	5.319939	1621.186585	2.107740	8050.978430	12.124466
W971	2524.022711	1.706782	429.932171	0.257910	2094.090540	1.726158	3999.254594	5.744431	1695.830374	2.286087	8421.667123	13.032862
W972	2650.539517	1.792712	373.039244	0.189575	2277.500273	1.802708	4349.527041	6.166861	1844.358716	2.449822	9159.274064	14.016763
W973	2555.784112	1.853165	305.930723	0.180779	2249.853390	1.861962	4296.727545	6.179844	1821.969797	2.459804	9048.088399	14.018167
W974	1532.301516	1.127983	375.746890	0.108676	1156.554626	1.133206	2208.766199	3.381459	936.597739	1.356560	4651.240185	7.607928
W975	1730.043962	1.256534	481.069807	0.153644	1248.974155	1.265893	2385.267271	3.703683	1011.440656	1.488255	5022.917767	8.318479
W976	2504.494022	1.779648	266.754506	0.263982	2237.739517	1.799120	4273.592699	6.089089	1812.159775	2.420577	8999.370828	13.830391
W977	3233.256977	1.981798	423.110924	0.184983	2810.146053	1.990413	5366.763899	7.369070	2275.704389	2.913868	11301.380800	16.827641
W978	1669.490381	1.184402	400.219270	0.116215	1269.271111	1.190090	2424.030015	3.646397	1027.877478	1.459778	5104.544709	8.222174
W979	833.674539	0.596885	560.978559	0.155985	272.695980	0.616930	520.789636	1.327950	220.833873	0.552348	1096.683607	2.866853
W980	2070.615889	1.477923	474.055482	0.147155	1596.560407	1.485231	3049.080935	4.572712	1292.921954	1.829933	6420.782688	10.314921
W981	2961.845360	1.775370	485.480602	0.117635	2476.364758	1.779263	4729.314681	6.518813	2005.402581	2.579141	9959.034370	14.877503
W982	3422.423161	2.057580	502.264063	0.204943	2920.159099	2.067761	5576.864738	7.656993	2364.794837	3.027685	11743.813080	17.485320
W983	2677.508070	1.711781	470.544984	0.157670	2206.963087	1.719027	4214.816454	5.946337	1787.236495	2.360578	8875.599270	13.525056
W984	4596.127511	3.044815	479.576426	0.856307	4116.551085	3.162935	7861.711576	11.045802	3333.653552	4.382405	16555.264574	25.138743
W985	3149.786849	2.139077	343.819522	0.155254	2805.967327	2.144703	5358.783447	7.517429	2272.320385	2.981866	11284.575491	17.112488
W986	4411.201164	3.044687	511.560971	0.141704	3899.640193	3.047983	7447.459248	10.518103	3157.995398	4.176099	15682.928211	23.920022
W987	2037.049875	1.300559	468.073142	0.129265	1568.976733	1.306967	2996.402156	4.318982	1270.584222	1.719615	6309.851230	9.794116
W988	1096.327214	0.744573	435.550867	0.487111	660.776347	0.889757	1261.938197	2.256313	535.107999	0.919227	2657.401066	4.991783
W989	2569.534340	1.614997	370.342292	0.270322	2199.192049	1.637464	4199.975472	5.847019	1780.943375	2.316731	8844.346994	13.324768
W990	2167.521501	1.513876	536.091659	0.186881	1631.429841	1.525367	3115.673923	4.681715	1321.159819	1.874002	6561.014815	10.558160
W991	2768.386427	1.665519	576.317261	0.139210	2192.069166	1.671327	4186.372325	5.868426	1775.175143	2.327527	8815.701362	13.360157
W992	3116.380066	2.045176	430.851733	0.156120	2685.528333	2.051126	5128.771330	7.193180	2174.786825	2.853159	10800.213857	16.374894
W993	2260.348918	1.532746	370.084700	0.131976	1890.264218	1.538417	3609.990931	5.163774	1530.768329	2.053843	7601.952119	11.722256
W994	2540.383145	1.539674	485.501622	0.102601	2054.881523	1.543089	3924.373953	5.476734	1664.078241	2.170785	8263.982780	12.476470
W995	2643.291343	1.575384	516.667317	0.146393	2126.624025	1.582171	4061.386430	5.652794	1722.176547	2.239701	8552.504914	12.882578
W996	4001.345291	2.229235	399.205961	0.187668	3602.139330	2.237121	6879.297713	9.150789	2917.074105	3.600563	14486.488422	20.998493
W997	2349.389380	1.369672	402.305310	0.179150	1947.084070	1.381338	3718.504413	5.108051	1576.782018	2.019949	7830.460807	11.663741
W998	2806.921788	1.529282	361.948663	0.239454	2444.973124	1.547915	4669.363532	6.237615	1979.981099	2.455992	9832.788689	14.304005
W999	2866.788690	1.700992	358.458788	0.165476	2508.329902	1.709022	4790.361111	6.511943	2031.288502	2.571026	10087.586504	14.892881
W1000	3667.408683	2.207547	434.777401	0.227017	3232.631282	2.219189	6173.618218	8.408327	2617.840161	3.320720	13000.462048	19.224363
W1001	4280.788625	2.403241	429.408038	0.149580	3851.380587	2.407892	7355.293964	9.798241	3118.913943	3.856223	15488.845706	22.479040
W1002	3423.583077	2.228128	393.180789	0.232401	3030.402288	2.240215	5787.405101	8.040516	2454.071659	3.184900	12187.170912	18.329011
W1003	2337.973575	1.737504	457.576477	0.164152	1880.397098	1.745241	3591.146891	5.380873	1522.777766	2.153112	7562.270166	12.139321
W1004	4040.967884	3.005601	419.530951	0.505193	3621.436932	3.047762	6916.151910	10.003292	2932.701634	3.984675	14564.096330	22.673641
W1005	3857.734222	2.436569	595.689753	0.224222	3262.044469	2.446864	6229.790967	8.691298	2641.659464	3.444766	13118.751140	19.800453
W1006	2726.078204	1.617152	324.732513	0.162897	2401.345690	1.625336	4586.044682	6.223892	1944.650856	2.456674	9657.335089	14.237695
W1007	3738.106085	2.319357	294.715838	0.134901	3443.390247	2.323276	6576.121711	8.917698	2788.516379	3.519538	13848.057607	20.402456
W1008	1987.664587	1.420417	353.768990	0.182751	1633.895597	1.432126	3120.382977	4.577479	1323.156630	1.826759	6570.931184	10.355583
W1009	2523.204342	1.852259	257.899277	0.249186	2265.305065	1.868945	4326.236864	6.215915	1834.482828	2.473819	9110.229394	14.101986
W1010	2592.890396	1.581159	363.671307	0.114123	2229.219089	1.585272	4257.320546	5.851943	1805.259786	2.314337	8965.104779	13.361072
W1011	4363.188335	2.946485	381.308049	0.108259	3981.880286	2.948473	7604.519825	10.570020	3224.594833	4.187139	16013.667819	24.093563
W1012	3997.765938	2.107947	473.899178	0.108182	3523.866759	2.110721	6729.814235	8.883559	2853.687637	3.491053	14171.704740	20.410129
W1013	2941.021269	1.875254	448.566506	0.129409	2492.454763	1.879714	4760.043069	6.651237	2018.432542	2.636791	10023.742493	15.149348
W1014	2351.459072	1.549948	438.886068	0.190056	1912.573003	1.561557	3652.595828	5.230138	1548.834365	2.080533	7691.669904	11.871191
W1015	2935.773473	1.845001	308.618673	0.103229	2627.154800	1.847887	5017.290658	6.876520	2127.514939	2.718351	10565.456832	15.707217
W1016	2445.979129	1.454847	461.082123	0.126850	1984.897005	1.460367	3790.718842	5.259432	1607.403580	2.082886	7982.530617	11.991665
W1017	2228.201643	1.379927	429.738148	0.162466	1798.463495	1.389458	3434.671643	4.833725	1456.426532	1.918222	7232.763150	10.998293
W1018	2575.134832	1.516334	450.077917	0.149775	2125.056915	1.523713	4058.393593	5.590907	1720.907475	2.211835	8546.202570	12.760854
W1019	3447.638622	1.918964	414.935149	0.308050	3032.703473	1.943532	5791.799861	7.758425	2455.935198	3.056139	12196.425438	17.783824
W1020	3559.796108	2.055509	346.428532	0.168144	3213.367576	2.062375	6136.828755	8.223410	2602.240082	3.239477	12922.990458	18.848659
W1021	3316.091015	1.857038	526.392278	0.229046	2789.698737	1.871110	5327.714002	7.214227	2259.145802	2.846588	11219.149166	16.508837
W1022	2778.739202	1.742758	438.491513	0.236992	2340.247688	1.758799	4469.360871	6.238758	1895.172648	2.472908	9411.621246	14.211942
W1023	3211.899433	1.771115	329.593673	0.118107	2882.305761	1.775048	5504.573147	7.308795	2334.140556	2.874945	11591.580783	16.776471
W1024	1569.263165	0.921203	492.082996	0.132250	1077.180169	0.930648	2057.178358	3.002453	872.318944	1.197413	4332.025116	6.797066
W1025	3875.383138	2.318655	379.968644	0.238866	3495.414494	2.330926	6675.476636	9.026461	2830.646505	3.560878	14057.280122	20.660380
W1026	3577.766922	2.152386	497.900104	0.142024	3079.866818	2.157066	5881.871527	8.052434	2494.128883	3.182661	12386.099182	18.396321
W1027	3403.768094	2.080407	371.093011	0.177174	3032.675082	2.087938	5791.745640	7.894024	2455.912207	3.117955	12196.311260	18.046477
W1028	3447.520624	2.375239	347.009501	0.171383	3100.511123	2.381414	5921.297631	8.318608	2510.846994	3.300345	12469.123034	18.932311
W1029	3132.003058	1.888818	487.258981	0.245641	2644.744076	1.904724	5050.882326	6.966522	2141.759036	2.756538	10636.194476	15.897768
W1030	1588.133471	1.315297	282.203157	0.143744	1305.930314	1.323129	2494.041069	3.871967	1057.564729	1.555849	5251.974631	8.696612
W1031	2597.878466	1.501741	409.847762	0.135358	2188.030704	1.507829	4178.659747	5.696786	1771.904728	2.250179	8799.460145	13.022913
W1032	2923.501710	1.635140	375.362736	0.114123	2548.138975	1.639118	4866.387726	6.524388	2063.526571	2.570387	10247.684050	14.953168
W1033	2219.116582	1.461748	275.583845	0.335739	1943.532738	1.499809	3711.722145	5.221819	1573.906088	2.072132	7816.178645	11.881922
W1034	3482.691836	1.860425	595.824667	0.123066	2886.867169	1.864491	5513.284439	7.398553	2337.834462	2.915206	11609.925100	16.954205
W1035	3226.017143	1.698772	481.763953	0.130855	2744.253190	1.703804	5240.922953	6.970969	2222.343220	2.742839	11036.383778	15.996586
W1036	3169.468878	1.985369	409.607309	0.274885	2759.861568	2.004308	5270.731539	7.286435	2234.983152	2.884100	11099.154973	16.622169
W1037	2432.671169	1.933144	325.761260	0.185732	2106.909909	1.942045	4023.736783	6.013203	1706.211719	2.405353	8473.221941	13.570474
W1038	3092.001002	2.029781	563.960320	0.218044	2528.040682	2.041459	4828.004387	6.888672	2047.250629	2.738961	10166.856061	15.643442
W1039	2607.905706	1.694886	403.931955	0.210265	2203.973750	1.707879	4209.107475	5.929000	1784.815679	2.353176	8863.577250	13.488642
W1040	2431.586291	1.555896	292.102583	0.111721	2139.483708	1.559901	4085.945609	5.654709	1732.590538	2.238594	8604.221859	12.897720
W1041	3400.441795	2.126313	325.124991	0.249189	3075.316804	2.140865	5873.181996	8.027851	2490.444203	3.172187	12367.800687	18.344520
W1042	2748.285829	1.748212	334.143181	0.110765	2414.142648	1.751717	4610.484071	6.372164	1955.014051	2.522127	9708.799779	14.537004
W1043	3706.617991	2.292296	282.994060	0.177726	3423.623931	2.299175	6538.372374	8.856296	2772.509279	3.494682	13768.564707	20.265549
W1044	1709.106847	1.299293	402.850021	0.164781	1306.256825	1.309701	2494.664634	3.855838	1057.829143	1.548586	5253.287740	8.665041
W1045	3909.830312	2.392411	301.732507	0.148421	3608.097805	2.397010	6890.677097	9.308931	2921.899380	3.671789	14510.451233	21.309913
W1046	3158.583955	1.772854	444.527169	0.117982	2714.056786	1.776775	5183.254430	6.977746	2197.889655	2.750771	10914.944871	15.982043
W1047	3101.619377	2.077641	468.326910	0.182206	2633.292467	2.085615	5029.012259	7.131624	2132.485327	2.833156	10590.140288	16.209147
W1048	4308.778569	2.454111	449.300376	0.211426	3859.478193	2.463202	7370.758618	9.864243	3125.471523	3.885065	15521.411319	22.614089
W1049	2964.253064	1.887103	350.871135	0.199176	2613.381929	1.897585	4990.987488	6.899361	2116.361432	2.730870	10510.067376	15.739275
W1050	2987.912079	1.796430	293.787189	0.172323	2694.124890	1.804676	5145.188871	6.964867	2181.748464	2.748061	10834.786067	15.938982
W1051	4629.815176	2.429936	444.056959	0.223083	4185.758217	2.440154	7993.882050	10.494703	3389.698672	4.120477	16833.590376	24.132921
W1052	2786.176489	1.675210	429.343311	0.150492	2356.833178	1.681957	4501.035525	6.192814	1908.603861	2.449493	9478.322025	14.137343
W1053	5110.245169	2.708436	408.218867	0.195563	4702.026302	2.715488	8979.841096	11.767455	3807.781407	4.618774	18909.832005	27.067701
W1054	3903.954583	2.416498	283.214742	0.240199	3620.739841	2.428406	6914.820619	9.363224	2932.137117	3.694533	14561.292884	21.426575
W1055	2968.180806	1.809606	311.161320	0.142279	2657.019485	1.815191	5074.325670	6.902618	2151.699872	2.725554	10685.561686	15.784738
W1056	2854.192631	1.752961	377.987666	0.214433	2476.204965	1.766028	4729.009511	6.505367	2005.273178	2.573054	9958.391742	14.851238
W1057	2884.346210	1.644930	362.394181	0.142028	2521.952029	1.651050	4816.376391	6.483886	2042.319934	2.556084	10142.369721	14.850880
W1058	3796.117638	2.015983	374.140386	0.160152	3421.977252	2.022335	6535.227578	8.603117	2771.175770	3.379321	13761.942366	19.774484
W1059	2266.565785	1.378624	474.123865	0.187833	1792.441920	1.391361	3423.171752	4.824425	1451.550157	1.914919	7208.546573	10.974887
W1060	2193.298864	1.561873	414.065300	0.151347	1779.233563	1.569188	3397.946682	4.995714	1440.853803	1.994234	7155.427388	11.298412
W1061	1244.360886	1.133539	315.274591	0.151197	929.086295	1.143578	1774.351472	3.020950	752.389989	1.225456	3736.445657	6.715666
W1062	3021.073199	1.852040	563.011690	0.182546	2458.061510	1.861015	4694.359483	6.566929	1990.580297	2.603794	9885.425393	14.954852
W1063	2911.734080	1.965357	544.786259	0.117140	2366.947821	1.968845	4520.352280	6.512458	1916.794872	2.592786	9518.999424	14.769218
W1064	2118.869095	1.613411	371.771354	0.170611	1747.097741	1.622407	3336.574294	5.000475	1414.829664	2.000950	7026.188849	11.280833
W1065	2992.842038	1.746005	474.690973	0.145984	2518.151065	1.752097	4809.117381	6.572542	2039.241848	2.597073	10127.083631	15.019282
W1066	3388.746517	1.884623	450.150521	0.122523	2938.595996	1.888601	5612.075177	7.522594	2379.725352	2.963550	11817.959546	17.241494
W1067	2551.429847	1.647158	329.664721	0.171313	2221.765127	1.656043	4243.085110	5.908844	1799.223440	2.341332	8935.127667	13.465059
W1068	2536.018205	1.836153	315.311943	0.139351	2220.706262	1.841434	4241.062910	6.103735	1798.365953	2.429722	8930.869298	13.844285
W1069	3443.095615	2.047730	270.639041	0.168270	3172.456574	2.054632	6058.697694	8.135708	2569.109652	3.205989	12758.461352	18.641571
W1070	2388.366581	1.641177	356.144780	0.145386	2032.221801	1.647604	3881.098845	5.544682	1645.728010	2.204971	8172.853658	12.589134
W1071	1819.692434	1.458163	290.241758	0.169129	1529.450677	1.467939	2920.916039	4.434491	1238.575345	1.777253	6150.891870	9.987559
W1072	3710.502257	2.619551	369.135289	0.214995	3341.366968	2.628359	6381.279577	9.030046	2705.896181	3.586270	13437.757250	20.530179
W1073	3595.076196	2.259528	495.363502	0.145367	3099.712694	2.264200	5919.772806	8.196841	2510.200413	3.245223	12465.912044	18.694598
W1074	2821.534440	1.677251	390.668845	0.194208	2430.865595	1.688457	4642.421238	6.341896	1968.556580	2.505766	9776.053360	14.493193
W1075	1610.465395	1.109537	338.036399	0.144934	1272.428996	1.118963	2430.060884	3.568992	1030.434788	1.424512	5117.244569	8.072828
W1076	2965.791981	1.717921	427.930994	0.211430	2537.860987	1.730883	4846.759020	6.590276	2055.203281	2.602055	10206.349740	15.071449
W1077	3194.935852	2.172647	356.742284	0.241107	2838.193568	2.185984	5420.328514	7.621137	2298.417747	3.023985	11414.177660	17.342868
W1078	2940.510782	1.954393	395.625009	0.129172	2544.885773	1.958657	4860.174824	6.832059	2060.892073	2.710804	10234.600863	15.547705
W1079	4259.508625	2.469613	354.151081	0.144385	3905.357544	2.473830	7458.378137	9.964564	3162.625407	3.923514	15705.921308	22.850152
W1080	3926.157326	2.084652	521.110727	0.162312	3405.046599	2.090961	6502.893736	8.629012	2757.465037	3.393918	13693.853463	19.808807
W1081	3464.626565	2.031275	694.004046	0.164626	2770.622519	2.037935	5291.282599	7.340861	2243.697554	2.907161	11142.431584	16.737565
W1082	3383.452524	2.178190	534.310924	0.218678	2849.141599	2.189139	5441.236858	7.645019	2307.283650	3.033150	11458.206641	17.399017
W1083	2559.393604	1.937063	242.292718	0.123325	2317.100886	1.940985	4425.155544	6.390343	1876.427971	2.544972	9318.533262	14.487587
W1084	3993.594894	2.258724	461.649198	0.180493	3531.945696	2.265924	6745.243237	9.037852	2860.230099	3.560261	14204.195273	20.715719
W1085	2992.012202	1.941963	299.006855	0.237042	2693.005348	1.956377	5143.050791	7.110549	2180.841840	2.814518	10830.283679	16.220719
W1086	3918.138832	2.287519	362.479369	0.171529	3555.659464	2.293941	6790.531342	9.110266	2879.433913	3.589519	14299.563382	20.877509
W1087	3636.777904	2.158233	300.015178	0.120732	3336.762726	2.161607	6372.486484	8.557586	2702.167588	3.372269	13419.240673	19.608049
W1088	5264.679588	3.015098	330.169090	0.121572	4934.510498	3.017548	9423.835025	12.493817	3996.051089	4.913292	19844.798507	28.684929
W1089	2935.086216	1.743093	531.463732	0.283562	2403.622484	1.766007	4590.392859	6.366477	1946.494642	2.521165	9666.491519	14.516589
W1090	3796.511341	2.048797	482.591366	0.351682	3313.919974	2.078761	6328.861827	8.437079	2683.669136	3.320912	13327.375470	19.354042
W1091	2309.895159	1.583173	465.742704	0.181632	1844.152456	1.593558	3521.927557	5.140564	1493.426234	2.050131	7416.507456	11.637306
W1092	2512.507256	1.782625	311.653012	0.153788	2200.854244	1.789246	4203.149901	6.010119	1782.289450	2.390354	8851.031736	13.644209
W1093	1865.136821	1.336238	401.226331	0.201339	1463.910490	1.351321	2795.748627	4.180368	1185.499779	1.672311	5887.313182	9.433496
W1094	2920.255101	1.852484	402.087938	0.167428	2518.167163	1.860034	4809.148125	6.679875	2039.254884	2.645852	10127.148372	15.227832
W1095	2959.094340	1.721509	621.390413	0.210427	2337.703926	1.734322	4464.502842	6.208882	1893.112666	2.459741	9401.391164	14.151549
W1096	2739.923342	1.626468	581.197369	0.177731	2158.725973	1.636150	4122.694124	5.769052	1748.173254	2.287539	8681.607221	13.137246
W1097	2381.350450	1.360763	413.203751	0.126849	1968.146700	1.366663	3758.729425	5.134324	1593.838896	2.028615	7915.167007	11.733650
W1098	1576.170782	1.091783	304.460207	0.173841	1271.710575	1.105536	2428.688857	3.552400	1029.852998	1.417139	5114.355342	8.039700
W1099	2411.928018	1.496136	416.446272	0.174348	1995.481746	1.506260	3810.933380	5.326426	1615.975284	2.111667	8025.098577	12.131403
W1100	2719.713294	1.787260	384.028649	0.166636	2335.684645	1.795011	4460.646457	6.267679	1891.477417	2.486715	9393.270352	14.264248
W1101	3363.911303	2.502987	363.382258	0.163478	3000.529046	2.508320	5730.353746	8.269463	2429.879796	3.293032	12067.031645	18.749528
W1102	2873.724552	1.695493	549.007528	0.169443	2324.717024	1.703938	4439.700702	6.153341	1882.595650	2.436521	9349.162589	14.031992
W1103	1947.612319	1.400326	421.984903	2.514671	1525.627416	2.878278	2913.614447	6.477821	1235.479203	2.677639	6135.516112	14.091318
W1104	1949.888919	1.386407	456.336494	0.396581	1493.552426	1.442013	2852.358237	4.340723	1209.504327	1.740165	6006.522221	9.773451
W1105	2790.092543	1.633249	372.181398	0.177017	2417.911145	1.642814	4617.681075	6.272804	1958.065845	2.476344	9723.955297	14.347499
W1106	2539.314592	1.805106	519.105480	0.265744	2020.209112	1.824563	3858.157238	5.721784	1635.999929	2.286596	8124.543011	12.925681
W1107	3276.528502	2.054895	575.096193	0.236813	2701.432309	2.068495	5159.144442	7.241215	2187.666137	2.872520	10864.173837	16.482458
W1108	1500.789261	1.115327	548.917105	0.133635	951.872156	1.123304	1817.867480	3.028995	770.842370	1.226207	3828.082066	6.748773
W1109	1835.644740	1.312225	331.478005	0.339668	1504.166735	1.355473	2872.629244	4.256698	1218.099976	1.700927	6049.209094	9.617048
W1110	2352.464602	1.735332	467.291918	0.146808	1885.172684	1.741531	3600.267215	5.384920	1526.645117	2.154258	7581.475829	12.151247
W1111	3098.617943	1.800113	328.052673	0.139474	2770.565270	1.805508	5291.173267	7.115369	2243.651193	2.804551	11142.201352	16.299974
W1112	1415.483403	1.012338	500.586244	0.125632	914.897159	1.020104	1747.253329	2.831906	740.899384	1.143248	3679.382137	6.328771
W1113	3940.902816	2.854112	611.914515	0.105874	3328.988301	2.856076	6357.639033	9.256354	2695.871725	3.690360	13387.974774	20.961786
W1114	2003.431129	1.467228	345.408590	0.125388	1658.022539	1.472576	3166.460155	4.667193	1342.695040	1.863697	6667.960929	10.551873
W1115	2028.557503	1.439129	515.037571	0.232261	1513.519932	1.457751	2890.491802	4.394467	1225.674355	1.761507	6086.824234	9.895670
W1116	4705.988881	2.510753	464.206366	0.160676	4241.782516	2.515889	8100.876198	10.671952	3435.068109	4.192468	17058.899637	24.526881
W1117	4005.526345	2.102138	429.542826	0.206908	3575.983519	2.112296	6829.345839	8.989397	2895.892681	3.530994	14381.299306	20.662692
W1118	3408.169648	1.670008	573.608931	0.146016	2834.560716	1.676379	5413.390563	7.127334	2295.475801	2.799697	11399.567657	16.381979
W1119	3753.553432	2.867189	482.905584	0.137294	3270.647849	2.870474	6246.221538	9.167208	2648.626628	3.658624	13153.350789	20.737594
W1120	3972.523632	2.763890	377.700619	0.228152	3594.823013	2.773290	6865.325149	9.657604	2911.149226	3.832302	14457.064869	21.975552
W1121	2709.386987	1.621553	377.459337	0.268592	2331.927650	1.643647	4453.471418	6.107122	1888.434938	2.414400	9378.161090	13.948623
W1122	2484.249852	1.513926	377.958871	0.156564	2106.290981	1.522000	4022.554767	5.553240	1705.710501	2.197622	8470.732841	12.670912
W1123	3691.312361	1.874544	496.222369	0.202397	3195.089992	1.885439	6101.922570	8.030298	2587.438582	3.154160	12849.484694	18.458733
W1124	1640.759048	1.125211	323.527866	0.129172	1317.231182	1.132601	2515.623252	3.665411	1066.716364	1.461488	5297.422592	8.299769
W1125	1971.683074	1.351228	317.947392	0.279916	1653.735682	1.379917	3158.273196	4.554891	1339.223470	1.813681	6650.720756	10.328275
W1126	3058.626489	2.175082	477.406017	0.120091	2581.220473	2.178395	4929.566146	7.136710	2090.316534	2.843168	10380.725749	16.174101
W1127	3509.296724	2.017593	488.209095	0.136255	3021.087629	2.022188	5769.616141	7.808711	2446.528489	3.080921	12149.710757	17.870602
W1128	3582.989971	2.092916	328.747640	0.125728	3254.242332	2.096689	6214.890592	8.335415	2635.341159	3.284062	13087.373793	19.102739
W1129	3234.520214	1.882649	610.159681	0.231083	2624.360532	1.896778	5011.954219	6.919554	2125.252093	2.738348	10554.219310	15.788308
W1130	2578.360654	1.699393	470.785859	0.209157	2107.574795	1.712216	4025.006570	5.754092	1706.750155	2.288456	8475.895870	13.063387
W1131	2548.787215	1.683681	625.873939	0.165218	1922.913276	1.691768	3672.343485	5.394399	1557.208095	2.153142	7733.254701	12.201513
W1132	1954.968598	1.424865	370.025027	0.134685	1584.943571	1.431216	3026.895322	4.488721	1283.514441	1.793813	6374.064020	10.140235
W1133	2130.895810	1.624305	383.054567	0.182985	1747.841244	1.634580	3337.994223	5.016220	1415.431766	2.007920	7029.178948	11.312406
W1134	2872.696468	1.871243	516.360390	0.139963	2356.336077	1.876470	4500.086172	6.392465	1908.201300	2.540116	9476.322868	14.525639
W1135	1857.079742	1.514841	338.540066	0.129001	1518.539676	1.520324	2900.078415	4.479711	1229.739430	1.799019	6107.011810	10.067792
W1136	2495.072421	1.939798	449.766686	0.206333	2045.305735	1.950741	3906.086293	5.915331	1656.323603	2.370032	8225.472457	13.326981
W1137	2578.125192	1.758740	412.542469	0.146963	2165.582723	1.764870	4135.789015	5.918470	1753.725968	2.354157	8709.182563	13.434667
W1138	3228.276483	2.628003	292.318494	0.144516	2935.957989	2.631974	5607.037162	8.292631	2377.589049	3.312834	11807.350447	18.740062
W1139	1908.828993	1.650631	322.880021	0.193984	1585.948971	1.661991	3028.815416	4.771608	1284.328631	1.920489	6378.107371	10.698506
W1140	2459.330200	2.075020	431.510227	0.211238	2027.819974	2.085744	3872.692318	6.051384	1642.163335	2.433368	8155.151116	13.581092
W1141	2960.488663	1.820364	470.511267	0.192241	2489.977397	1.830487	4755.311842	6.596250	2016.426329	2.612217	10013.779431	15.040157
W1142	2786.615202	2.069326	281.724098	0.153555	2504.891103	2.075016	4783.793758	6.882560	2028.503704	2.739628	10073.756912	15.611500
W1143	3216.292498	2.627824	336.926378	0.191966	2879.366119	2.634826	5498.959076	8.195221	2331.759984	3.277065	11579.758620	18.501412
W1144	2793.325509	2.144943	489.186690	0.124991	2304.138819	2.148582	4400.400834	6.605350	1865.931067	2.643662	9266.404564	14.898300
W1145	2910.564056	2.085745	334.544794	0.138751	2576.019262	2.090355	4919.632972	7.030401	2086.104505	2.795913	10359.808379	15.961797
W1146	2885.323333	2.152574	334.243447	0.124730	2551.079886	2.156184	4872.004223	7.056968	2065.908171	2.811591	10259.511322	15.992269
W1147	2022.883190	1.293061	678.973711	0.343122	1343.909479	1.337811	2566.572962	3.955063	1088.320907	1.587886	5404.712959	8.891293
W1148	2805.039603	1.700304	417.134887	0.183291	2387.904716	1.710154	4560.375362	6.280432	1933.766124	2.484502	9603.280399	14.335331
W1149	2952.308207	1.802370	402.463328	0.175830	2549.844880	1.810927	4869.645631	6.691296	2064.908042	2.646149	10254.544577	15.278264
W1150	1143.257541	0.850733	516.802580	0.206887	626.454961	0.875527	1196.391863	2.185492	507.313954	0.891930	2519.372993	4.825548
W1151	2863.337287	1.942305	419.856819	0.191465	2443.480468	1.951719	4666.512885	6.635149	1978.772320	2.636895	9826.785771	15.075080
W1152	4221.436304	2.484958	302.944449	0.161630	3918.491855	2.490209	7483.461796	10.005383	3173.261797	3.940046	15758.742708	22.941132
W1153	3458.555190	2.168658	449.369546	0.209795	3009.185644	2.178782	5746.885955	7.938078	2436.890058	3.141646	12101.845323	18.110959
W1154	4619.504506	2.416573	445.619589	0.201895	4173.884917	2.424992	7971.206645	10.457955	3380.083470	4.105593	16785.840299	24.051009
W1155	3142.278954	2.021943	279.180718	0.163492	2863.098236	2.028542	5467.890979	7.508541	2318.585973	2.969054	11514.335136	17.145920
W1156	3673.109873	2.168094	281.796166	0.170870	3391.313707	2.174816	6476.666918	8.677181	2746.343906	3.418132	13638.624790	19.889313
