# Online RefPMT LMS + Module Gain Results (Run: 1308)
# Trigger Condition: 1200 LMS events per fit
# Fit Event Absolute Time Range:
#   Start Time (UTC): 2016-06-11 20:04:40.000000 UTC
#   End Time (UTC):   2016-06-11 20:04:49.476646 UTC
#   Start Time (EDT): 2016-06-11 16:04:40.000000 EDT
#   End Time (EDT):   2016-06-11 16:04:49.476646 EDT
#   Average Time (UTC): 2016-06-11 20:04:44.738322 (UTC)
#   Average Time (seconds since epoch, UTC): 1465675484.738323
#   Average Time (EDT): 2016-06-11 16:04:44.738322 (EDT)
#   Average Time (seconds since epoch, EDT): 1465661084.738323
# Formula: Module Gain = (Module LMS Mean - Module Pedestal Mean) × RefPMT Alpha Signal / RefPMT LMS Signal
# Reference PMT Params:
# RefPMT1: AlphaSignal=0.000000, AlphaError=0.000000, LMSSignal=0.000000, LMSError=0.000000, Valid=No
# RefPMT2: AlphaSignal=0.000000, AlphaError=0.000000, LMSSignal=0.000000, LMSError=0.000000, Valid=No
# RefPMT3: AlphaSignal=0.000000, AlphaError=0.000000, LMSSignal=0.000000, LMSError=0.000000, Valid=No
# Note: -1.0 = Fit failed / Invalid data

# G module
# module name	LMS_Mean	LMS_Err	Pedestal_Mean	Pedestal_Err	module signal(LMS-Pedestal)	signal error	gain1(RefPMT1)	gain1 error	gain2(RefPMT2)	gain2 error	gain3(RefPMT3)	gain3 error
G1	5720.860214	4.853733	-1.000000	-1.000000	-1.000000	-1.000000	0.000000	0.000000	0.000000	0.000000	0.000000	0.000000
G2	5466.817203	5.761245	-1.000000	-1.000000	-1.000000	-1.000000	0.000000	0.000000	0.000000	0.000000	0.000000	0.000000
G3	-1.000000	-1.000000	-1.000000	-1.000000	-1.000000	-1.000000	0.000000	0.000000	0.000000	0.000000	0.000000	0.000000
G4	6134.900716	5.495374	-1.000000	-1.000000	-1.000000	-1.000000	0.000000	0.000000	0.000000	0.000000	0.000000	0.000000
G5	6384.899589	7.855382	-1.000000	-1.000000	-1.000000	-1.000000	0.000000	0.000000	0.000000	0.000000	0.000000	0.000000
G6	5662.315129	5.399504	-1.000000	-1.000000	-1.000000	-1.000000	0.000000	0.000000	0.000000	0.000000	0.000000	0.000000
G7	4421.660597	4.836189	-1.000000	-1.000000	-1.000000	-1.000000	0.000000	0.000000	0.000000	0.000000	0.000000	0.000000
G8	-1.000000	-1.000000	-1.000000	-1.000000	-1.000000	-1.000000	0.000000	0.000000	0.000000	0.000000	0.000000	0.000000
G9	5886.331927	4.368357	-1.000000	-1.000000	-1.000000	-1.000000	0.000000	0.000000	0.000000	0.000000	0.000000	0.000000
G10	6530.055132	4.750335	-1.000000	-1.000000	-1.000000	-1.000000	0.000000	0.000000	0.000000	0.000000	0.000000	0.000000
G11	7014.936027	5.549818	-1.000000	-1.000000	-1.000000	-1.000000	0.000000	0.000000	0.000000	0.000000	0.000000	0.000000
G12	4953.872151	4.946193	-1.000000	-1.000000	-1.000000	-1.000000	0.000000	0.000000	0.000000	0.000000	0.000000	0.000000
G13	3755.572052	4.272726	-1.000000	-1.000000	-1.000000	-1.000000	0.000000	0.000000	0.000000	0.000000	0.000000	0.000000
G14	3498.192165	3.338045	-1.000000	-1.000000	-1.000000	-1.000000	0.000000	0.000000	0.000000	0.000000	0.000000	0.000000
G15	6930.453012	4.548806	-1.000000	-1.000000	-1.000000	-1.000000	0.000000	0.000000	0.000000	0.000000	0.000000	0.000000
G16	-1.000000	-1.000000	-1.000000	-1.000000	-1.000000	-1.000000	0.000000	0.000000	0.000000	0.000000	0.000000	0.000000
G17	7444.265721	8.837739	-1.000000	-1.000000	-1.000000	-1.000000	0.000000	0.000000	0.000000	0.000000	0.000000	0.000000
G18	6187.600707	10.228270	-1.000000	-1.000000	-1.000000	-1.000000	0.000000	0.000000	0.000000	0.000000	0.000000	0.000000
G19	5789.213932	5.444636	-1.000000	-1.000000	-1.000000	-1.000000	0.000000	0.000000	0.000000	0.000000	0.000000	0.000000
G20	4991.245629	5.284801	-1.000000	-1.000000	-1.000000	-1.000000	0.000000	0.000000	0.000000	0.000000	0.000000	0.000000
G21	5942.817709	4.292417	-1.000000	-1.000000	-1.000000	-1.000000	0.000000	0.000000	0.000000	0.000000	0.000000	0.000000
G22	-1.000000	-1.000000	-1.000000	-1.000000	-1.000000	-1.000000	0.000000	0.000000	0.000000	0.000000	0.000000	0.000000
G23	1194.434314	1.658304	-1.000000	-1.000000	-1.000000	-1.000000	0.000000	0.000000	0.000000	0.000000	0.000000	0.000000
G24	6178.774584	5.746965	-1.000000	-1.000000	-1.000000	-1.000000	0.000000	0.000000	0.000000	0.000000	0.000000	0.000000
G25	6171.358903	5.501310	-1.000000	-1.000000	-1.000000	-1.000000	0.000000	0.000000	0.000000	0.000000	0.000000	0.000000
G26	7621.862892	6.725129	-1.000000	-1.000000	-1.000000	-1.000000	0.000000	0.000000	0.000000	0.000000	0.000000	0.000000
G27	3954.984526	5.168102	-1.000000	-1.000000	-1.000000	-1.000000	0.000000	0.000000	0.000000	0.000000	0.000000	0.000000
G28	3293.089559	4.545733	-1.000000	-1.000000	-1.000000	-1.000000	0.000000	0.000000	0.000000	0.000000	0.000000	0.000000
G29	7419.902409	9.368056	-1.000000	-1.000000	-1.000000	-1.000000	0.000000	0.000000	0.000000	0.000000	0.000000	0.000000
G30	6660.343898	5.995820	-1.000000	-1.000000	-1.000000	-1.000000	0.000000	0.000000	0.000000	0.000000	0.000000	0.000000
G31	3893.960647	5.236554	-1.000000	-1.000000	-1.000000	-1.000000	0.000000	0.000000	0.000000	0.000000	0.000000	0.000000
G32	5963.885248	4.695039	-1.000000	-1.000000	-1.000000	-1.000000	0.000000	0.000000	0.000000	0.000000	0.000000	0.000000
G33	4004.383631	3.068684	-1.000000	-1.000000	-1.000000	-1.000000	0.000000	0.000000	0.000000	0.000000	0.000000	0.000000
G34	1540.323608	2.119058	-1.000000	-1.000000	-1.000000	-1.000000	0.000000	0.000000	0.000000	0.000000	0.000000	0.000000
G35	5891.088077	4.048975	-1.000000	-1.000000	-1.000000	-1.000000	0.000000	0.000000	0.000000	0.000000	0.000000	0.000000
G36	4035.007655	3.644083	-1.000000	-1.000000	-1.000000	-1.000000	0.000000	0.000000	0.000000	0.000000	0.000000	0.000000
G37	4711.475322	4.439953	-1.000000	-1.000000	-1.000000	-1.000000	0.000000	0.000000	0.000000	0.000000	0.000000	0.000000
G38	4750.439025	5.075936	-1.000000	-1.000000	-1.000000	-1.000000	0.000000	0.000000	0.000000	0.000000	0.000000	0.000000
G39	5493.952902	5.656496	-1.000000	-1.000000	-1.000000	-1.000000	0.000000	0.000000	0.000000	0.000000	0.000000	0.000000
G40	7516.039516	10.723696	-1.000000	-1.000000	-1.000000	-1.000000	0.000000	0.000000	0.000000	0.000000	0.000000	0.000000
G41	7001.314383	7.305009	-1.000000	-1.000000	-1.000000	-1.000000	0.000000	0.000000	0.000000	0.000000	0.000000	0.000000
G42	5105.874841	5.393212	-1.000000	-1.000000	-1.000000	-1.000000	0.000000	0.000000	0.000000	0.000000	0.000000	0.000000
G43	5308.935068	4.189103	-1.000000	-1.000000	-1.000000	-1.000000	0.000000	0.000000	0.000000	0.000000	0.000000	0.000000
G44	2008.261535	3.242727	-1.000000	-1.000000	-1.000000	-1.000000	0.000000	0.000000	0.000000	0.000000	0.000000	0.000000
G45	3873.409667	4.280946	-1.000000	-1.000000	-1.000000	-1.000000	0.000000	0.000000	0.000000	0.000000	0.000000	0.000000
G46	5156.458156	4.013788	-1.000000	-1.000000	-1.000000	-1.000000	0.000000	0.000000	0.000000	0.000000	0.000000	0.000000
G47	5021.337206	4.875095	-1.000000	-1.000000	-1.000000	-1.000000	0.000000	0.000000	0.000000	0.000000	0.000000	0.000000
G48	7920.969438	2742.661857	-1.000000	-1.000000	-1.000000	-1.000000	0.000000	0.000000	0.000000	0.000000	0.000000	0.000000
G49	4092.356786	4.029124	-1.000000	-1.000000	-1.000000	-1.000000	0.000000	0.000000	0.000000	0.000000	0.000000	0.000000
G50	6758.146583	5.713507	-1.000000	-1.000000	-1.000000	-1.000000	0.000000	0.000000	0.000000	0.000000	0.000000	0.000000
G51	4912.332991	4.812964	-1.000000	-1.000000	-1.000000	-1.000000	0.000000	0.000000	0.000000	0.000000	0.000000	0.000000
G52	3943.425154	3.928838	-1.000000	-1.000000	-1.000000	-1.000000	0.000000	0.000000	0.000000	0.000000	0.000000	0.000000
G53	5709.462348	6.176478	-1.000000	-1.000000	-1.000000	-1.000000	0.000000	0.000000	0.000000	0.000000	0.000000	0.000000
G54	2830.340832	2.656312	-1.000000	-1.000000	-1.000000	-1.000000	0.000000	0.000000	0.000000	0.000000	0.000000	0.000000
G55	3170.280262	3.622489	-1.000000	-1.000000	-1.000000	-1.000000	0.000000	0.000000	0.000000	0.000000	0.000000	0.000000
G56	4900.201287	5.822364	-1.000000	-1.000000	-1.000000	-1.000000	0.000000	0.000000	0.000000	0.000000	0.000000	0.000000
G57	1416.477196	1.789839	-1.000000	-1.000000	-1.000000	-1.000000	0.000000	0.000000	0.000000	0.000000	0.000000	0.000000
G58	3173.991450	4.322909	-1.000000	-1.000000	-1.000000	-1.000000	0.000000	0.000000	0.000000	0.000000	0.000000	0.000000
G59	6321.234989	5.238207	-1.000000	-1.000000	-1.000000	-1.000000	0.000000	0.000000	0.000000	0.000000	0.000000	0.000000
G60	5722.633740	6.567062	-1.000000	-1.000000	-1.000000	-1.000000	0.000000	0.000000	0.000000	0.000000	0.000000	0.000000
G61	4808.800763	4.938463	-1.000000	-1.000000	-1.000000	-1.000000	0.000000	0.000000	0.000000	0.000000	0.000000	0.000000
G62	7974.388192	14.192887	-1.000000	-1.000000	-1.000000	-1.000000	0.000000	0.000000	0.000000	0.000000	0.000000	0.000000
G63	5429.322396	4.630202	-1.000000	-1.000000	-1.000000	-1.000000	0.000000	0.000000	0.000000	0.000000	0.000000	0.000000
G64	7031.758474	5.860595	-1.000000	-1.000000	-1.000000	-1.000000	0.000000	0.000000	0.000000	0.000000	0.000000	0.000000
G65	7716.895425	7.502511	-1.000000	-1.000000	-1.000000	-1.000000	0.000000	0.000000	0.000000	0.000000	0.000000	0.000000
G66	7681.246578	5.523262	-1.000000	-1.000000	-1.000000	-1.000000	0.000000	0.000000	0.000000	0.000000	0.000000	0.000000
G67	4875.632613	4.298436	-1.000000	-1.000000	-1.000000	-1.000000	0.000000	0.000000	0.000000	0.000000	0.000000	0.000000
G68	4571.662351	3.523331	-1.000000	-1.000000	-1.000000	-1.000000	0.000000	0.000000	0.000000	0.000000	0.000000	0.000000
G69	-1.000000	-1.000000	-1.000000	-1.000000	-1.000000	-1.000000	0.000000	0.000000	0.000000	0.000000	0.000000	0.000000
G70	7058.676767	4.410114	-1.000000	-1.000000	-1.000000	-1.000000	0.000000	0.000000	0.000000	0.000000	0.000000	0.000000
G71	4821.477073	4.289298	-1.000000	-1.000000	-1.000000	-1.000000	0.000000	0.000000	0.000000	0.000000	0.000000	0.000000
G72	4865.265576	4.267143	-1.000000	-1.000000	-1.000000	-1.000000	0.000000	0.000000	0.000000	0.000000	0.000000	0.000000
G73	6469.735062	4.302336	-1.000000	-1.000000	-1.000000	-1.000000	0.000000	0.000000	0.000000	0.000000	0.000000	0.000000
G74	7026.398889	11.925883	-1.000000	-1.000000	-1.000000	-1.000000	0.000000	0.000000	0.000000	0.000000	0.000000	0.000000
G75	4748.251662	4.143320	-1.000000	-1.000000	-1.000000	-1.000000	0.000000	0.000000	0.000000	0.000000	0.000000	0.000000
G76	7628.581421	10.922564	-1.000000	-1.000000	-1.000000	-1.000000	0.000000	0.000000	0.000000	0.000000	0.000000	0.000000
G77	-1.000000	-1.000000	-1.000000	-1.000000	-1.000000	-1.000000	0.000000	0.000000	0.000000	0.000000	0.000000	0.000000
G78	5017.627877	6.232950	-1.000000	-1.000000	-1.000000	-1.000000	0.000000	0.000000	0.000000	0.000000	0.000000	0.000000
G79	4378.530676	4.577896	-1.000000	-1.000000	-1.000000	-1.000000	0.000000	0.000000	0.000000	0.000000	0.000000	0.000000
G80	4419.844529	4.406728	-1.000000	-1.000000	-1.000000	-1.000000	0.000000	0.000000	0.000000	0.000000	0.000000	0.000000
G81	4059.156871	2.894597	-1.000000	-1.000000	-1.000000	-1.000000	0.000000	0.000000	0.000000	0.000000	0.000000	0.000000
G82	-1.000000	-1.000000	-1.000000	-1.000000	-1.000000	-1.000000	0.000000	0.000000	0.000000	0.000000	0.000000	0.000000
G83	5725.918363	6.497164	-1.000000	-1.000000	-1.000000	-1.000000	0.000000	0.000000	0.000000	0.000000	0.000000	0.000000
G84	7824.764116	6.047091	-1.000000	-1.000000	-1.000000	-1.000000	0.000000	0.000000	0.000000	0.000000	0.000000	0.000000
G85	5176.600387	4.910578	-1.000000	-1.000000	-1.000000	-1.000000	0.000000	0.000000	0.000000	0.000000	0.000000	0.000000
G86	4382.392951	6.020330	-1.000000	-1.000000	-1.000000	-1.000000	0.000000	0.000000	0.000000	0.000000	0.000000	0.000000
G87	3837.906742	4.100742	-1.000000	-1.000000	-1.000000	-1.000000	0.000000	0.000000	0.000000	0.000000	0.000000	0.000000
G88	5270.746235	5.392656	-1.000000	-1.000000	-1.000000	-1.000000	0.000000	0.000000	0.000000	0.000000	0.000000	0.000000
G89	5912.512562	9.216474	-1.000000	-1.000000	-1.000000	-1.000000	0.000000	0.000000	0.000000	0.000000	0.000000	0.000000
G90	4209.069181	3.995274	-1.000000	-1.000000	-1.000000	-1.000000	0.000000	0.000000	0.000000	0.000000	0.000000	0.000000
G91	6327.288311	4.842894	-1.000000	-1.000000	-1.000000	-1.000000	0.000000	0.000000	0.000000	0.000000	0.000000	0.000000
G92	5360.624575	6.020985	-1.000000	-1.000000	-1.000000	-1.000000	0.000000	0.000000	0.000000	0.000000	0.000000	0.000000
G93	4222.071591	4.372475	-1.000000	-1.000000	-1.000000	-1.000000	0.000000	0.000000	0.000000	0.000000	0.000000	0.000000
G94	3949.872893	3.962869	-1.000000	-1.000000	-1.000000	-1.000000	0.000000	0.000000	0.000000	0.000000	0.000000	0.000000
G95	6023.863363	4.660852	-1.000000	-1.000000	-1.000000	-1.000000	0.000000	0.000000	0.000000	0.000000	0.000000	0.000000
G96	4969.502959	3.260110	-1.000000	-1.000000	-1.000000	-1.000000	0.000000	0.000000	0.000000	0.000000	0.000000	0.000000
G97	6704.344382	6.501315	-1.000000	-1.000000	-1.000000	-1.000000	0.000000	0.000000	0.000000	0.000000	0.000000	0.000000
G98	6897.731836	6.701349	-1.000000	-1.000000	-1.000000	-1.000000	0.000000	0.000000	0.000000	0.000000	0.000000	0.000000
G99	6720.903539	9.405591	-1.000000	-1.000000	-1.000000	-1.000000	0.000000	0.000000	0.000000	0.000000	0.000000	0.000000
G100	4563.632042	4.790936	-1.000000	-1.000000	-1.000000	-1.000000	0.000000	0.000000	0.000000	0.000000	0.000000	0.000000
G101	7490.244833	4.886796	-1.000000	-1.000000	-1.000000	-1.000000	0.000000	0.000000	0.000000	0.000000	0.000000	0.000000
G102	6196.671509	4.608724	-1.000000	-1.000000	-1.000000	-1.000000	0.000000	0.000000	0.000000	0.000000	0.000000	0.000000
G103	6735.606951	5.904236	-1.000000	-1.000000	-1.000000	-1.000000	0.000000	0.000000	0.000000	0.000000	0.000000	0.000000
G104	4209.919227	4.502314	-1.000000	-1.000000	-1.000000	-1.000000	0.000000	0.000000	0.000000	0.000000	0.000000	0.000000
G105	6594.277520	5.624163	-1.000000	-1.000000	-1.000000	-1.000000	0.000000	0.000000	0.000000	0.000000	0.000000	0.000000
G106	5129.966166	5.289285	-1.000000	-1.000000	-1.000000	-1.000000	0.000000	0.000000	0.000000	0.000000	0.000000	0.000000
G107	-1.000000	-1.000000	-1.000000	-1.000000	-1.000000	-1.000000	0.000000	0.000000	0.000000	0.000000	0.000000	0.000000
G108	4047.824137	4.356944	-1.000000	-1.000000	-1.000000	-1.000000	0.000000	0.000000	0.000000	0.000000	0.000000	0.000000
G109	7140.662232	7.056620	-1.000000	-1.000000	-1.000000	-1.000000	0.000000	0.000000	0.000000	0.000000	0.000000	0.000000
G110	7250.499664	8.434902	-1.000000	-1.000000	-1.000000	-1.000000	0.000000	0.000000	0.000000	0.000000	0.000000	0.000000
G111	4217.800621	4.741438	-1.000000	-1.000000	-1.000000	-1.000000	0.000000	0.000000	0.000000	0.000000	0.000000	0.000000
G112	3688.233723	3.178662	-1.000000	-1.000000	-1.000000	-1.000000	0.000000	0.000000	0.000000	0.000000	0.000000	0.000000
G113	5120.545204	5.561344	-1.000000	-1.000000	-1.000000	-1.000000	0.000000	0.000000	0.000000	0.000000	0.000000	0.000000
G114	6166.937009	5.577604	-1.000000	-1.000000	-1.000000	-1.000000	0.000000	0.000000	0.000000	0.000000	0.000000	0.000000
G115	4268.527345	4.776291	-1.000000	-1.000000	-1.000000	-1.000000	0.000000	0.000000	0.000000	0.000000	0.000000	0.000000
G116	4481.992149	4.317698	-1.000000	-1.000000	-1.000000	-1.000000	0.000000	0.000000	0.000000	0.000000	0.000000	0.000000
G117	4479.323211	3.361210	-1.000000	-1.000000	-1.000000	-1.000000	0.000000	0.000000	0.000000	0.000000	0.000000	0.000000
G118	3329.680589	3.127706	-1.000000	-1.000000	-1.000000	-1.000000	0.000000	0.000000	0.000000	0.000000	0.000000	0.000000
G119	2969.628417	3.125086	-1.000000	-1.000000	-1.000000	-1.000000	0.000000	0.000000	0.000000	0.000000	0.000000	0.000000
G120	4828.120225	3.954544	-1.000000	-1.000000	-1.000000	-1.000000	0.000000	0.000000	0.000000	0.000000	0.000000	0.000000
G121	5245.865012	3.746937	-1.000000	-1.000000	-1.000000	-1.000000	0.000000	0.000000	0.000000	0.000000	0.000000	0.000000
G122	3113.531324	2.487907	-1.000000	-1.000000	-1.000000	-1.000000	0.000000	0.000000	0.000000	0.000000	0.000000	0.000000
G123	4683.117532	3.597006	-1.000000	-1.000000	-1.000000	-1.000000	0.000000	0.000000	0.000000	0.000000	0.000000	0.000000
G124	3635.905826	3.136541	-1.000000	-1.000000	-1.000000	-1.000000	0.000000	0.000000	0.000000	0.000000	0.000000	0.000000
G125	3500.726967	3.046931	-1.000000	-1.000000	-1.000000	-1.000000	0.000000	0.000000	0.000000	0.000000	0.000000	0.000000
G126	6051.758196	6.208093	-1.000000	-1.000000	-1.000000	-1.000000	0.000000	0.000000	0.000000	0.000000	0.000000	0.000000
G127	4416.442738	3.134104	-1.000000	-1.000000	-1.000000	-1.000000	0.000000	0.000000	0.000000	0.000000	0.000000	0.000000
G128	4298.939667	3.535110	-1.000000	-1.000000	-1.000000	-1.000000	0.000000	0.000000	0.000000	0.000000	0.000000	0.000000
G129	3249.140292	2.542125	-1.000000	-1.000000	-1.000000	-1.000000	0.000000	0.000000	0.000000	0.000000	0.000000	0.000000
G130	4696.302789	3.707689	-1.000000	-1.000000	-1.000000	-1.000000	0.000000	0.000000	0.000000	0.000000	0.000000	0.000000
G131	5861.121171	4.010829	-1.000000	-1.000000	-1.000000	-1.000000	0.000000	0.000000	0.000000	0.000000	0.000000	0.000000
G132	5666.270623	5.103133	-1.000000	-1.000000	-1.000000	-1.000000	0.000000	0.000000	0.000000	0.000000	0.000000	0.000000
G133	3602.918656	3.156954	-1.000000	-1.000000	-1.000000	-1.000000	0.000000	0.000000	0.000000	0.000000	0.000000	0.000000
G134	3080.844553	3.621143	-1.000000	-1.000000	-1.000000	-1.000000	0.000000	0.000000	0.000000	0.000000	0.000000	0.000000
G135	4116.960716	3.570615	-1.000000	-1.000000	-1.000000	-1.000000	0.000000	0.000000	0.000000	0.000000	0.000000	0.000000
G136	4947.757613	4.032977	-1.000000	-1.000000	-1.000000	-1.000000	0.000000	0.000000	0.000000	0.000000	0.000000	0.000000
G137	4126.808643	3.703006	-1.000000	-1.000000	-1.000000	-1.000000	0.000000	0.000000	0.000000	0.000000	0.000000	0.000000
G138	6768.383607	5.158758	-1.000000	-1.000000	-1.000000	-1.000000	0.000000	0.000000	0.000000	0.000000	0.000000	0.000000
G139	3672.337001	3.923695	-1.000000	-1.000000	-1.000000	-1.000000	0.000000	0.000000	0.000000	0.000000	0.000000	0.000000
G140	4158.647306	3.203218	-1.000000	-1.000000	-1.000000	-1.000000	0.000000	0.000000	0.000000	0.000000	0.000000	0.000000
G141	5075.765495	4.908860	-1.000000	-1.000000	-1.000000	-1.000000	0.000000	0.000000	0.000000	0.000000	0.000000	0.000000
G142	6135.965991	6.101653	-1.000000	-1.000000	-1.000000	-1.000000	0.000000	0.000000	0.000000	0.000000	0.000000	0.000000
G143	5693.848582	4.714968	-1.000000	-1.000000	-1.000000	-1.000000	0.000000	0.000000	0.000000	0.000000	0.000000	0.000000
G144	3782.321985	3.236328	-1.000000	-1.000000	-1.000000	-1.000000	0.000000	0.000000	0.000000	0.000000	0.000000	0.000000
G145	5141.408012	5.293042	-1.000000	-1.000000	-1.000000	-1.000000	0.000000	0.000000	0.000000	0.000000	0.000000	0.000000
G146	7960.273306	15.081617	-1.000000	-1.000000	-1.000000	-1.000000	0.000000	0.000000	0.000000	0.000000	0.000000	0.000000
G147	4552.761615	5.583099	-1.000000	-1.000000	-1.000000	-1.000000	0.000000	0.000000	0.000000	0.000000	0.000000	0.000000
G148	4546.735154	4.856267	-1.000000	-1.000000	-1.000000	-1.000000	0.000000	0.000000	0.000000	0.000000	0.000000	0.000000
G149	6711.688993	5.708768	-1.000000	-1.000000	-1.000000	-1.000000	0.000000	0.000000	0.000000	0.000000	0.000000	0.000000
G150	5204.681198	4.443092	-1.000000	-1.000000	-1.000000	-1.000000	0.000000	0.000000	0.000000	0.000000	0.000000	0.000000
G151	6545.022611	6.232721	-1.000000	-1.000000	-1.000000	-1.000000	0.000000	0.000000	0.000000	0.000000	0.000000	0.000000
G152	3290.139979	3.093333	-1.000000	-1.000000	-1.000000	-1.000000	0.000000	0.000000	0.000000	0.000000	0.000000	0.000000
G153	3528.461522	3.729054	-1.000000	-1.000000	-1.000000	-1.000000	0.000000	0.000000	0.000000	0.000000	0.000000	0.000000
G154	6502.369684	6.349094	-1.000000	-1.000000	-1.000000	-1.000000	0.000000	0.000000	0.000000	0.000000	0.000000	0.000000
G155	5837.673620	5.185214	-1.000000	-1.000000	-1.000000	-1.000000	0.000000	0.000000	0.000000	0.000000	0.000000	0.000000
G156	3295.025195	2.962703	-1.000000	-1.000000	-1.000000	-1.000000	0.000000	0.000000	0.000000	0.000000	0.000000	0.000000
G157	6689.060651	5.902510	-1.000000	-1.000000	-1.000000	-1.000000	0.000000	0.000000	0.000000	0.000000	0.000000	0.000000
G158	6226.181360	5.561588	-1.000000	-1.000000	-1.000000	-1.000000	0.000000	0.000000	0.000000	0.000000	0.000000	0.000000
G159	4366.471035	3.836035	-1.000000	-1.000000	-1.000000	-1.000000	0.000000	0.000000	0.000000	0.000000	0.000000	0.000000
G160	4743.341918	4.002675	-1.000000	-1.000000	-1.000000	-1.000000	0.000000	0.000000	0.000000	0.000000	0.000000	0.000000
G161	5266.060081	4.855138	-1.000000	-1.000000	-1.000000	-1.000000	0.000000	0.000000	0.000000	0.000000	0.000000	0.000000
G162	3312.169366	3.563427	-1.000000	-1.000000	-1.000000	-1.000000	0.000000	0.000000	0.000000	0.000000	0.000000	0.000000
G163	4493.194020	3.791717	-1.000000	-1.000000	-1.000000	-1.000000	0.000000	0.000000	0.000000	0.000000	0.000000	0.000000
G164	3679.867625	3.510610	-1.000000	-1.000000	-1.000000	-1.000000	0.000000	0.000000	0.000000	0.000000	0.000000	0.000000
G165	4645.289405	4.694088	-1.000000	-1.000000	-1.000000	-1.000000	0.000000	0.000000	0.000000	0.000000	0.000000	0.000000
G166	4677.605767	4.424759	-1.000000	-1.000000	-1.000000	-1.000000	0.000000	0.000000	0.000000	0.000000	0.000000	0.000000
G167	5603.301467	5.419181	-1.000000	-1.000000	-1.000000	-1.000000	0.000000	0.000000	0.000000	0.000000	0.000000	0.000000
G168	5218.242393	4.390268	-1.000000	-1.000000	-1.000000	-1.000000	0.000000	0.000000	0.000000	0.000000	0.000000	0.000000
G169	5477.777067	4.274670	-1.000000	-1.000000	-1.000000	-1.000000	0.000000	0.000000	0.000000	0.000000	0.000000	0.000000
G170	3015.744978	2.747001	-1.000000	-1.000000	-1.000000	-1.000000	0.000000	0.000000	0.000000	0.000000	0.000000	0.000000
G171	4994.114632	3.795438	-1.000000	-1.000000	-1.000000	-1.000000	0.000000	0.000000	0.000000	0.000000	0.000000	0.000000
G172	4967.237852	4.190041	-1.000000	-1.000000	-1.000000	-1.000000	0.000000	0.000000	0.000000	0.000000	0.000000	0.000000
G173	4359.212989	4.144623	-1.000000	-1.000000	-1.000000	-1.000000	0.000000	0.000000	0.000000	0.000000	0.000000	0.000000
G174	4713.822971	4.571239	-1.000000	-1.000000	-1.000000	-1.000000	0.000000	0.000000	0.000000	0.000000	0.000000	0.000000
G175	4900.556674	4.341962	-1.000000	-1.000000	-1.000000	-1.000000	0.000000	0.000000	0.000000	0.000000	0.000000	0.000000
G176	4229.040752	4.172875	-1.000000	-1.000000	-1.000000	-1.000000	0.000000	0.000000	0.000000	0.000000	0.000000	0.000000
G177	3442.538958	4.791214	-1.000000	-1.000000	-1.000000	-1.000000	0.000000	0.000000	0.000000	0.000000	0.000000	0.000000
G178	6095.439250	5.106031	-1.000000	-1.000000	-1.000000	-1.000000	0.000000	0.000000	0.000000	0.000000	0.000000	0.000000
G179	4032.806876	4.918697	-1.000000	-1.000000	-1.000000	-1.000000	0.000000	0.000000	0.000000	0.000000	0.000000	0.000000
G180	4244.504376	3.500206	-1.000000	-1.000000	-1.000000	-1.000000	0.000000	0.000000	0.000000	0.000000	0.000000	0.000000
G181	4460.313773	4.019595	-1.000000	-1.000000	-1.000000	-1.000000	0.000000	0.000000	0.000000	0.000000	0.000000	0.000000
G182	3460.330084	2.601371	-1.000000	-1.000000	-1.000000	-1.000000	0.000000	0.000000	0.000000	0.000000	0.000000	0.000000
G183	3276.804940	3.343076	-1.000000	-1.000000	-1.000000	-1.000000	0.000000	0.000000	0.000000	0.000000	0.000000	0.000000
G184	5418.891438	4.322113	-1.000000	-1.000000	-1.000000	-1.000000	0.000000	0.000000	0.000000	0.000000	0.000000	0.000000
G185	3993.937625	3.996808	-1.000000	-1.000000	-1.000000	-1.000000	0.000000	0.000000	0.000000	0.000000	0.000000	0.000000
G186	2972.527243	2.939842	-1.000000	-1.000000	-1.000000	-1.000000	0.000000	0.000000	0.000000	0.000000	0.000000	0.000000
G205	6278.303790	5.222882	-1.000000	-1.000000	-1.000000	-1.000000	0.000000	0.000000	0.000000	0.000000	0.000000	0.000000
G206	5323.128270	4.063293	-1.000000	-1.000000	-1.000000	-1.000000	0.000000	0.000000	0.000000	0.000000	0.000000	0.000000
G207	6537.444062	6.383739	-1.000000	-1.000000	-1.000000	-1.000000	0.000000	0.000000	0.000000	0.000000	0.000000	0.000000
G208	4489.053402	4.201382	-1.000000	-1.000000	-1.000000	-1.000000	0.000000	0.000000	0.000000	0.000000	0.000000	0.000000
G209	4677.677695	4.580383	-1.000000	-1.000000	-1.000000	-1.000000	0.000000	0.000000	0.000000	0.000000	0.000000	0.000000
G210	4502.810534	5.013292	-1.000000	-1.000000	-1.000000	-1.000000	0.000000	0.000000	0.000000	0.000000	0.000000	0.000000
G211	2575.640056	1.777257	-1.000000	-1.000000	-1.000000	-1.000000	0.000000	0.000000	0.000000	0.000000	0.000000	0.000000
G212	5432.785226	5.997047	-1.000000	-1.000000	-1.000000	-1.000000	0.000000	0.000000	0.000000	0.000000	0.000000	0.000000
G213	5720.528912	4.349443	-1.000000	-1.000000	-1.000000	-1.000000	0.000000	0.000000	0.000000	0.000000	0.000000	0.000000
G214	4399.325361	3.952661	-1.000000	-1.000000	-1.000000	-1.000000	0.000000	0.000000	0.000000	0.000000	0.000000	0.000000
G215	5634.383244	5.233508	-1.000000	-1.000000	-1.000000	-1.000000	0.000000	0.000000	0.000000	0.000000	0.000000	0.000000
G216	2973.109874	3.215230	-1.000000	-1.000000	-1.000000	-1.000000	0.000000	0.000000	0.000000	0.000000	0.000000	0.000000
G235	5079.676672	5.508408	-1.000000	-1.000000	-1.000000	-1.000000	0.000000	0.000000	0.000000	0.000000	0.000000	0.000000
G236	3052.692163	3.238611	-1.000000	-1.000000	-1.000000	-1.000000	0.000000	0.000000	0.000000	0.000000	0.000000	0.000000
G237	2425.312235	2.946081	-1.000000	-1.000000	-1.000000	-1.000000	0.000000	0.000000	0.000000	0.000000	0.000000	0.000000
G238	5318.318290	5.564229	-1.000000	-1.000000	-1.000000	-1.000000	0.000000	0.000000	0.000000	0.000000	0.000000	0.000000
G239	4507.547580	4.127944	-1.000000	-1.000000	-1.000000	-1.000000	0.000000	0.000000	0.000000	0.000000	0.000000	0.000000
G240	4720.045497	6.444413	-1.000000	-1.000000	-1.000000	-1.000000	0.000000	0.000000	0.000000	0.000000	0.000000	0.000000
G241	4107.995375	3.086236	-1.000000	-1.000000	-1.000000	-1.000000	0.000000	0.000000	0.000000	0.000000	0.000000	0.000000
G242	4037.037756	3.785417	-1.000000	-1.000000	-1.000000	-1.000000	0.000000	0.000000	0.000000	0.000000	0.000000	0.000000
G243	5667.414848	4.444228	-1.000000	-1.000000	-1.000000	-1.000000	0.000000	0.000000	0.000000	0.000000	0.000000	0.000000
G244	3550.418577	2.994549	-1.000000	-1.000000	-1.000000	-1.000000	0.000000	0.000000	0.000000	0.000000	0.000000	0.000000
G245	4372.845435	3.497342	-1.000000	-1.000000	-1.000000	-1.000000	0.000000	0.000000	0.000000	0.000000	0.000000	0.000000
G246	5148.980256	6.146357	-1.000000	-1.000000	-1.000000	-1.000000	0.000000	0.000000	0.000000	0.000000	0.000000	0.000000
G265	4479.508866	3.980637	-1.000000	-1.000000	-1.000000	-1.000000	0.000000	0.000000	0.000000	0.000000	0.000000	0.000000
G266	1427.417484	1.756490	-1.000000	-1.000000	-1.000000	-1.000000	0.000000	0.000000	0.000000	0.000000	0.000000	0.000000
G267	3687.409000	4.510773	-1.000000	-1.000000	-1.000000	-1.000000	0.000000	0.000000	0.000000	0.000000	0.000000	0.000000
G268	1702.232581	2.306345	-1.000000	-1.000000	-1.000000	-1.000000	0.000000	0.000000	0.000000	0.000000	0.000000	0.000000
G269	4933.652657	5.963810	-1.000000	-1.000000	-1.000000	-1.000000	0.000000	0.000000	0.000000	0.000000	0.000000	0.000000
G270	6649.275946	5.937355	-1.000000	-1.000000	-1.000000	-1.000000	0.000000	0.000000	0.000000	0.000000	0.000000	0.000000
G271	4267.289322	3.153930	-1.000000	-1.000000	-1.000000	-1.000000	0.000000	0.000000	0.000000	0.000000	0.000000	0.000000
G272	3799.346639	3.113035	-1.000000	-1.000000	-1.000000	-1.000000	0.000000	0.000000	0.000000	0.000000	0.000000	0.000000
G273	3510.997742	2.732591	-1.000000	-1.000000	-1.000000	-1.000000	0.000000	0.000000	0.000000	0.000000	0.000000	0.000000
G274	3385.946937	2.713267	-1.000000	-1.000000	-1.000000	-1.000000	0.000000	0.000000	0.000000	0.000000	0.000000	0.000000
G275	3336.384259	3.458682	-1.000000	-1.000000	-1.000000	-1.000000	0.000000	0.000000	0.000000	0.000000	0.000000	0.000000
G276	4390.217874	3.997634	-1.000000	-1.000000	-1.000000	-1.000000	0.000000	0.000000	0.000000	0.000000	0.000000	0.000000
G295	5584.356502	2.924844	-1.000000	-1.000000	-1.000000	-1.000000	0.000000	0.000000	0.000000	0.000000	0.000000	0.000000
G296	5635.179300	4.355923	-1.000000	-1.000000	-1.000000	-1.000000	0.000000	0.000000	0.000000	0.000000	0.000000	0.000000
G297	7322.230280	6.583187	-1.000000	-1.000000	-1.000000	-1.000000	0.000000	0.000000	0.000000	0.000000	0.000000	0.000000
G298	5019.321013	7.289857	-1.000000	-1.000000	-1.000000	-1.000000	0.000000	0.000000	0.000000	0.000000	0.000000	0.000000
G299	4867.221150	3.932123	-1.000000	-1.000000	-1.000000	-1.000000	0.000000	0.000000	0.000000	0.000000	0.000000	0.000000
G300	4308.195518	3.114409	-1.000000	-1.000000	-1.000000	-1.000000	0.000000	0.000000	0.000000	0.000000	0.000000	0.000000
G301	5383.173766	3.777346	-1.000000	-1.000000	-1.000000	-1.000000	0.000000	0.000000	0.000000	0.000000	0.000000	0.000000
G302	3088.928787	3.702247	-1.000000	-1.000000	-1.000000	-1.000000	0.000000	0.000000	0.000000	0.000000	0.000000	0.000000
G303	3343.988171	3.132464	-1.000000	-1.000000	-1.000000	-1.000000	0.000000	0.000000	0.000000	0.000000	0.000000	0.000000
G304	2092.878859	2.336679	-1.000000	-1.000000	-1.000000	-1.000000	0.000000	0.000000	0.000000	0.000000	0.000000	0.000000
G305	3290.101566	2.997565	-1.000000	-1.000000	-1.000000	-1.000000	0.000000	0.000000	0.000000	0.000000	0.000000	0.000000
G306	2890.540739	2.869473	-1.000000	-1.000000	-1.000000	-1.000000	0.000000	0.000000	0.000000	0.000000	0.000000	0.000000
G325	6241.889886	5.887826	-1.000000	-1.000000	-1.000000	-1.000000	0.000000	0.000000	0.000000	0.000000	0.000000	0.000000
G326	4735.749609	4.895696	-1.000000	-1.000000	-1.000000	-1.000000	0.000000	0.000000	0.000000	0.000000	0.000000	0.000000
G327	4693.087516	4.148247	-1.000000	-1.000000	-1.000000	-1.000000	0.000000	0.000000	0.000000	0.000000	0.000000	0.000000
G328	4726.464228	5.073804	-1.000000	-1.000000	-1.000000	-1.000000	0.000000	0.000000	0.000000	0.000000	0.000000	0.000000
G329	5477.356260	4.766930	-1.000000	-1.000000	-1.000000	-1.000000	0.000000	0.000000	0.000000	0.000000	0.000000	0.000000
G330	7068.968344	5.595398	-1.000000	-1.000000	-1.000000	-1.000000	0.000000	0.000000	0.000000	0.000000	0.000000	0.000000
G331	5322.477728	4.361892	-1.000000	-1.000000	-1.000000	-1.000000	0.000000	0.000000	0.000000	0.000000	0.000000	0.000000
G332	3092.758615	3.204617	-1.000000	-1.000000	-1.000000	-1.000000	0.000000	0.000000	0.000000	0.000000	0.000000	0.000000
G333	3909.536638	3.115893	-1.000000	-1.000000	-1.000000	-1.000000	0.000000	0.000000	0.000000	0.000000	0.000000	0.000000
G334	3014.946660	2.542127	-1.000000	-1.000000	-1.000000	-1.000000	0.000000	0.000000	0.000000	0.000000	0.000000	0.000000
G335	3649.025081	3.036160	-1.000000	-1.000000	-1.000000	-1.000000	0.000000	0.000000	0.000000	0.000000	0.000000	0.000000
G336	2551.014310	3.348499	-1.000000	-1.000000	-1.000000	-1.000000	0.000000	0.000000	0.000000	0.000000	0.000000	0.000000
G355	5490.571759	4.189569	-1.000000	-1.000000	-1.000000	-1.000000	0.000000	0.000000	0.000000	0.000000	0.000000	0.000000
G356	8054.136129	16.882274	-1.000000	-1.000000	-1.000000	-1.000000	0.000000	0.000000	0.000000	0.000000	0.000000	0.000000
G357	6073.304880	6.276321	-1.000000	-1.000000	-1.000000	-1.000000	0.000000	0.000000	0.000000	0.000000	0.000000	0.000000
G358	4727.533738	6.809476	-1.000000	-1.000000	-1.000000	-1.000000	0.000000	0.000000	0.000000	0.000000	0.000000	0.000000
G359	3346.815349	4.469325	-1.000000	-1.000000	-1.000000	-1.000000	0.000000	0.000000	0.000000	0.000000	0.000000	0.000000
G360	4633.084237	4.624818	-1.000000	-1.000000	-1.000000	-1.000000	0.000000	0.000000	0.000000	0.000000	0.000000	0.000000
G361	4003.038372	3.810004	-1.000000	-1.000000	-1.000000	-1.000000	0.000000	0.000000	0.000000	0.000000	0.000000	0.000000
G362	3735.375178	3.414495	-1.000000	-1.000000	-1.000000	-1.000000	0.000000	0.000000	0.000000	0.000000	0.000000	0.000000
G363	2189.712327	2.253194	-1.000000	-1.000000	-1.000000	-1.000000	0.000000	0.000000	0.000000	0.000000	0.000000	0.000000
G364	2972.178958	4.343685	-1.000000	-1.000000	-1.000000	-1.000000	0.000000	0.000000	0.000000	0.000000	0.000000	0.000000
G365	3288.384494	3.449285	-1.000000	-1.000000	-1.000000	-1.000000	0.000000	0.000000	0.000000	0.000000	0.000000	0.000000
G366	3507.231128	2.826980	-1.000000	-1.000000	-1.000000	-1.000000	0.000000	0.000000	0.000000	0.000000	0.000000	0.000000
G385	4259.967142	5.068050	-1.000000	-1.000000	-1.000000	-1.000000	0.000000	0.000000	0.000000	0.000000	0.000000	0.000000
G386	745.917814	1.113670	-1.000000	-1.000000	-1.000000	-1.000000	0.000000	0.000000	0.000000	0.000000	0.000000	0.000000
G387	4112.914938	4.008673	-1.000000	-1.000000	-1.000000	-1.000000	0.000000	0.000000	0.000000	0.000000	0.000000	0.000000
G388	5836.615560	4.253299	-1.000000	-1.000000	-1.000000	-1.000000	0.000000	0.000000	0.000000	0.000000	0.000000	0.000000
G389	4921.623032	5.371658	-1.000000	-1.000000	-1.000000	-1.000000	0.000000	0.000000	0.000000	0.000000	0.000000	0.000000
G390	3370.037933	3.615319	-1.000000	-1.000000	-1.000000	-1.000000	0.000000	0.000000	0.000000	0.000000	0.000000	0.000000
G391	3534.700179	3.122526	-1.000000	-1.000000	-1.000000	-1.000000	0.000000	0.000000	0.000000	0.000000	0.000000	0.000000
G392	3547.498064	3.740345	-1.000000	-1.000000	-1.000000	-1.000000	0.000000	0.000000	0.000000	0.000000	0.000000	0.000000
G393	3903.575549	4.875252	-1.000000	-1.000000	-1.000000	-1.000000	0.000000	0.000000	0.000000	0.000000	0.000000	0.000000
G394	3667.760607	3.188490	-1.000000	-1.000000	-1.000000	-1.000000	0.000000	0.000000	0.000000	0.000000	0.000000	0.000000
G395	3479.823430	2.457854	-1.000000	-1.000000	-1.000000	-1.000000	0.000000	0.000000	0.000000	0.000000	0.000000	0.000000
G396	4635.013872	3.327585	-1.000000	-1.000000	-1.000000	-1.000000	0.000000	0.000000	0.000000	0.000000	0.000000	0.000000
G415	7377.064124	7.570551	-1.000000	-1.000000	-1.000000	-1.000000	0.000000	0.000000	0.000000	0.000000	0.000000	0.000000
G416	5514.781177	4.925549	-1.000000	-1.000000	-1.000000	-1.000000	0.000000	0.000000	0.000000	0.000000	0.000000	0.000000
G417	4351.587770	5.105029	-1.000000	-1.000000	-1.000000	-1.000000	0.000000	0.000000	0.000000	0.000000	0.000000	0.000000
G418	4538.486229	4.288077	-1.000000	-1.000000	-1.000000	-1.000000	0.000000	0.000000	0.000000	0.000000	0.000000	0.000000
G419	5032.652209	4.975880	-1.000000	-1.000000	-1.000000	-1.000000	0.000000	0.000000	0.000000	0.000000	0.000000	0.000000
G420	6434.992065	4.094652	-1.000000	-1.000000	-1.000000	-1.000000	0.000000	0.000000	0.000000	0.000000	0.000000	0.000000
G421	6999.542697	5.394880	-1.000000	-1.000000	-1.000000	-1.000000	0.000000	0.000000	0.000000	0.000000	0.000000	0.000000
G422	5023.994101	3.953659	-1.000000	-1.000000	-1.000000	-1.000000	0.000000	0.000000	0.000000	0.000000	0.000000	0.000000
G423	4251.869945	3.588254	-1.000000	-1.000000	-1.000000	-1.000000	0.000000	0.000000	0.000000	0.000000	0.000000	0.000000
G424	3584.543601	3.008529	-1.000000	-1.000000	-1.000000	-1.000000	0.000000	0.000000	0.000000	0.000000	0.000000	0.000000
G425	4048.974933	3.037732	-1.000000	-1.000000	-1.000000	-1.000000	0.000000	0.000000	0.000000	0.000000	0.000000	0.000000
G426	2563.466535	1.840701	-1.000000	-1.000000	-1.000000	-1.000000	0.000000	0.000000	0.000000	0.000000	0.000000	0.000000
G445	5829.364978	4.157468	-1.000000	-1.000000	-1.000000	-1.000000	0.000000	0.000000	0.000000	0.000000	0.000000	0.000000
G446	5921.467934	6.518205	-1.000000	-1.000000	-1.000000	-1.000000	0.000000	0.000000	0.000000	0.000000	0.000000	0.000000
G447	4961.130500	4.396322	-1.000000	-1.000000	-1.000000	-1.000000	0.000000	0.000000	0.000000	0.000000	0.000000	0.000000
G448	4156.475871	4.818445	-1.000000	-1.000000	-1.000000	-1.000000	0.000000	0.000000	0.000000	0.000000	0.000000	0.000000
G449	5110.687892	4.370607	-1.000000	-1.000000	-1.000000	-1.000000	0.000000	0.000000	0.000000	0.000000	0.000000	0.000000
G450	5182.066553	6.533075	-1.000000	-1.000000	-1.000000	-1.000000	0.000000	0.000000	0.000000	0.000000	0.000000	0.000000
G451	3568.977173	2.842911	-1.000000	-1.000000	-1.000000	-1.000000	0.000000	0.000000	0.000000	0.000000	0.000000	0.000000
G452	5140.205713	4.113111	-1.000000	-1.000000	-1.000000	-1.000000	0.000000	0.000000	0.000000	0.000000	0.000000	0.000000
G453	4083.042123	3.472575	-1.000000	-1.000000	-1.000000	-1.000000	0.000000	0.000000	0.000000	0.000000	0.000000	0.000000
G454	4961.187206	4.104400	-1.000000	-1.000000	-1.000000	-1.000000	0.000000	0.000000	0.000000	0.000000	0.000000	0.000000
G455	5910.121823	3.679162	-1.000000	-1.000000	-1.000000	-1.000000	0.000000	0.000000	0.000000	0.000000	0.000000	0.000000
G456	4315.240952	3.560867	-1.000000	-1.000000	-1.000000	-1.000000	0.000000	0.000000	0.000000	0.000000	0.000000	0.000000
G475	7145.393849	6.678325	-1.000000	-1.000000	-1.000000	-1.000000	0.000000	0.000000	0.000000	0.000000	0.000000	0.000000
G476	6644.840794	8.308786	-1.000000	-1.000000	-1.000000	-1.000000	0.000000	0.000000	0.000000	0.000000	0.000000	0.000000
G477	4254.347764	5.000921	-1.000000	-1.000000	-1.000000	-1.000000	0.000000	0.000000	0.000000	0.000000	0.000000	0.000000
G478	4333.689020	5.668713	-1.000000	-1.000000	-1.000000	-1.000000	0.000000	0.000000	0.000000	0.000000	0.000000	0.000000
G479	2258.649654	3.468093	-1.000000	-1.000000	-1.000000	-1.000000	0.000000	0.000000	0.000000	0.000000	0.000000	0.000000
G480	4675.814445	5.065087	-1.000000	-1.000000	-1.000000	-1.000000	0.000000	0.000000	0.000000	0.000000	0.000000	0.000000
G481	3669.282325	3.603409	-1.000000	-1.000000	-1.000000	-1.000000	0.000000	0.000000	0.000000	0.000000	0.000000	0.000000
G482	4707.132192	3.220354	-1.000000	-1.000000	-1.000000	-1.000000	0.000000	0.000000	0.000000	0.000000	0.000000	0.000000
G483	2467.534829	2.102666	-1.000000	-1.000000	-1.000000	-1.000000	0.000000	0.000000	0.000000	0.000000	0.000000	0.000000
G484	4097.315382	3.144871	-1.000000	-1.000000	-1.000000	-1.000000	0.000000	0.000000	0.000000	0.000000	0.000000	0.000000
G485	3395.332609	2.649008	-1.000000	-1.000000	-1.000000	-1.000000	0.000000	0.000000	0.000000	0.000000	0.000000	0.000000
G486	2339.076213	1.784321	-1.000000	-1.000000	-1.000000	-1.000000	0.000000	0.000000	0.000000	0.000000	0.000000	0.000000
G505	6486.541365	5.364133	-1.000000	-1.000000	-1.000000	-1.000000	0.000000	0.000000	0.000000	0.000000	0.000000	0.000000
G506	7348.989519	5.903506	-1.000000	-1.000000	-1.000000	-1.000000	0.000000	0.000000	0.000000	0.000000	0.000000	0.000000
G507	1811.551923	2.221369	-1.000000	-1.000000	-1.000000	-1.000000	0.000000	0.000000	0.000000	0.000000	0.000000	0.000000
G508	4057.608592	4.223876	-1.000000	-1.000000	-1.000000	-1.000000	0.000000	0.000000	0.000000	0.000000	0.000000	0.000000
G509	4916.638590	4.946499	-1.000000	-1.000000	-1.000000	-1.000000	0.000000	0.000000	0.000000	0.000000	0.000000	0.000000
G510	5142.085192	5.073230	-1.000000	-1.000000	-1.000000	-1.000000	0.000000	0.000000	0.000000	0.000000	0.000000	0.000000
G511	3772.947675	3.623657	-1.000000	-1.000000	-1.000000	-1.000000	0.000000	0.000000	0.000000	0.000000	0.000000	0.000000
G512	4209.657802	2.894896	-1.000000	-1.000000	-1.000000	-1.000000	0.000000	0.000000	0.000000	0.000000	0.000000	0.000000
G513	3036.879912	2.702496	-1.000000	-1.000000	-1.000000	-1.000000	0.000000	0.000000	0.000000	0.000000	0.000000	0.000000
G514	3759.071940	3.399036	-1.000000	-1.000000	-1.000000	-1.000000	0.000000	0.000000	0.000000	0.000000	0.000000	0.000000
G515	4387.996930	4.005424	-1.000000	-1.000000	-1.000000	-1.000000	0.000000	0.000000	0.000000	0.000000	0.000000	0.000000
G516	2887.020827	2.021414	-1.000000	-1.000000	-1.000000	-1.000000	0.000000	0.000000	0.000000	0.000000	0.000000	0.000000
G535	4931.278831	5.638218	-1.000000	-1.000000	-1.000000	-1.000000	0.000000	0.000000	0.000000	0.000000	0.000000	0.000000
G536	5199.780653	4.401018	-1.000000	-1.000000	-1.000000	-1.000000	0.000000	0.000000	0.000000	0.000000	0.000000	0.000000
G537	6495.648727	4.837998	-1.000000	-1.000000	-1.000000	-1.000000	0.000000	0.000000	0.000000	0.000000	0.000000	0.000000
G538	5311.685625	6.769883	-1.000000	-1.000000	-1.000000	-1.000000	0.000000	0.000000	0.000000	0.000000	0.000000	0.000000
G539	5464.440015	4.019787	-1.000000	-1.000000	-1.000000	-1.000000	0.000000	0.000000	0.000000	0.000000	0.000000	0.000000
G540	3445.655552	3.416444	-1.000000	-1.000000	-1.000000	-1.000000	0.000000	0.000000	0.000000	0.000000	0.000000	0.000000
G541	4606.965944	3.679343	-1.000000	-1.000000	-1.000000	-1.000000	0.000000	0.000000	0.000000	0.000000	0.000000	0.000000
G542	4043.733183	3.487643	-1.000000	-1.000000	-1.000000	-1.000000	0.000000	0.000000	0.000000	0.000000	0.000000	0.000000
G543	4635.284974	3.569461	-1.000000	-1.000000	-1.000000	-1.000000	0.000000	0.000000	0.000000	0.000000	0.000000	0.000000
G544	4188.048108	2.922702	-1.000000	-1.000000	-1.000000	-1.000000	0.000000	0.000000	0.000000	0.000000	0.000000	0.000000
G545	4960.862225	3.997110	-1.000000	-1.000000	-1.000000	-1.000000	0.000000	0.000000	0.000000	0.000000	0.000000	0.000000
G546	4509.572370	4.675418	-1.000000	-1.000000	-1.000000	-1.000000	0.000000	0.000000	0.000000	0.000000	0.000000	0.000000
G565	4384.616154	5.702371	-1.000000	-1.000000	-1.000000	-1.000000	0.000000	0.000000	0.000000	0.000000	0.000000	0.000000
G566	7225.313695	8.817701	-1.000000	-1.000000	-1.000000	-1.000000	0.000000	0.000000	0.000000	0.000000	0.000000	0.000000
G567	4685.618376	4.431969	-1.000000	-1.000000	-1.000000	-1.000000	0.000000	0.000000	0.000000	0.000000	0.000000	0.000000
G568	4136.911883	5.340929	-1.000000	-1.000000	-1.000000	-1.000000	0.000000	0.000000	0.000000	0.000000	0.000000	0.000000
G569	4206.797716	5.673873	-1.000000	-1.000000	-1.000000	-1.000000	0.000000	0.000000	0.000000	0.000000	0.000000	0.000000
G570	5333.019630	5.308396	-1.000000	-1.000000	-1.000000	-1.000000	0.000000	0.000000	0.000000	0.000000	0.000000	0.000000
G571	4353.408553	4.297158	-1.000000	-1.000000	-1.000000	-1.000000	0.000000	0.000000	0.000000	0.000000	0.000000	0.000000
G572	4050.014180	3.534042	-1.000000	-1.000000	-1.000000	-1.000000	0.000000	0.000000	0.000000	0.000000	0.000000	0.000000
G573	2918.126588	2.759317	-1.000000	-1.000000	-1.000000	-1.000000	0.000000	0.000000	0.000000	0.000000	0.000000	0.000000
G574	6215.481177	6.797469	-1.000000	-1.000000	-1.000000	-1.000000	0.000000	0.000000	0.000000	0.000000	0.000000	0.000000
G575	4002.489745	3.504106	-1.000000	-1.000000	-1.000000	-1.000000	0.000000	0.000000	0.000000	0.000000	0.000000	0.000000
G576	3192.389048	2.841665	-1.000000	-1.000000	-1.000000	-1.000000	0.000000	0.000000	0.000000	0.000000	0.000000	0.000000
G595	4384.592866	5.303540	-1.000000	-1.000000	-1.000000	-1.000000	0.000000	0.000000	0.000000	0.000000	0.000000	0.000000
G596	5823.854791	5.443512	-1.000000	-1.000000	-1.000000	-1.000000	0.000000	0.000000	0.000000	0.000000	0.000000	0.000000
G597	7966.446339	30.586640	-1.000000	-1.000000	-1.000000	-1.000000	0.000000	0.000000	0.000000	0.000000	0.000000	0.000000
G598	7321.127131	7.815372	-1.000000	-1.000000	-1.000000	-1.000000	0.000000	0.000000	0.000000	0.000000	0.000000	0.000000
G599	7096.219263	8.908006	-1.000000	-1.000000	-1.000000	-1.000000	0.000000	0.000000	0.000000	0.000000	0.000000	0.000000
G600	2964.609971	4.038080	-1.000000	-1.000000	-1.000000	-1.000000	0.000000	0.000000	0.000000	0.000000	0.000000	0.000000
G601	4580.684660	3.425360	-1.000000	-1.000000	-1.000000	-1.000000	0.000000	0.000000	0.000000	0.000000	0.000000	0.000000
G602	4734.566290	3.819669	-1.000000	-1.000000	-1.000000	-1.000000	0.000000	0.000000	0.000000	0.000000	0.000000	0.000000
G603	3504.096925	2.866382	-1.000000	-1.000000	-1.000000	-1.000000	0.000000	0.000000	0.000000	0.000000	0.000000	0.000000
G604	3746.105044	2.555343	-1.000000	-1.000000	-1.000000	-1.000000	0.000000	0.000000	0.000000	0.000000	0.000000	0.000000
G605	5622.730808	3.848037	-1.000000	-1.000000	-1.000000	-1.000000	0.000000	0.000000	0.000000	0.000000	0.000000	0.000000
G606	7690.673137	6.528629	-1.000000	-1.000000	-1.000000	-1.000000	0.000000	0.000000	0.000000	0.000000	0.000000	0.000000
G625	6959.143626	8.978091	-1.000000	-1.000000	-1.000000	-1.000000	0.000000	0.000000	0.000000	0.000000	0.000000	0.000000
G626	7836.952861	14.671694	-1.000000	-1.000000	-1.000000	-1.000000	0.000000	0.000000	0.000000	0.000000	0.000000	0.000000
G627	6086.813131	5.671067	-1.000000	-1.000000	-1.000000	-1.000000	0.000000	0.000000	0.000000	0.000000	0.000000	0.000000
G628	4853.309308	5.624859	-1.000000	-1.000000	-1.000000	-1.000000	0.000000	0.000000	0.000000	0.000000	0.000000	0.000000
G629	6649.290752	7.075800	-1.000000	-1.000000	-1.000000	-1.000000	0.000000	0.000000	0.000000	0.000000	0.000000	0.000000
G630	6215.237953	6.073359	-1.000000	-1.000000	-1.000000	-1.000000	0.000000	0.000000	0.000000	0.000000	0.000000	0.000000
G631	4148.906908	4.394135	-1.000000	-1.000000	-1.000000	-1.000000	0.000000	0.000000	0.000000	0.000000	0.000000	0.000000
G632	6427.244217	4.845034	-1.000000	-1.000000	-1.000000	-1.000000	0.000000	0.000000	0.000000	0.000000	0.000000	0.000000
G633	3471.291380	3.077075	-1.000000	-1.000000	-1.000000	-1.000000	0.000000	0.000000	0.000000	0.000000	0.000000	0.000000
G634	4820.460798	4.567435	-1.000000	-1.000000	-1.000000	-1.000000	0.000000	0.000000	0.000000	0.000000	0.000000	0.000000
G635	4370.855030	3.478595	-1.000000	-1.000000	-1.000000	-1.000000	0.000000	0.000000	0.000000	0.000000	0.000000	0.000000
G636	3847.422538	3.412831	-1.000000	-1.000000	-1.000000	-1.000000	0.000000	0.000000	0.000000	0.000000	0.000000	0.000000
G655	7054.166006	6.294950	-1.000000	-1.000000	-1.000000	-1.000000	0.000000	0.000000	0.000000	0.000000	0.000000	0.000000
G656	4170.414152	5.047493	-1.000000	-1.000000	-1.000000	-1.000000	0.000000	0.000000	0.000000	0.000000	0.000000	0.000000
G657	4473.075144	4.617554	-1.000000	-1.000000	-1.000000	-1.000000	0.000000	0.000000	0.000000	0.000000	0.000000	0.000000
G658	6489.861574	6.714712	-1.000000	-1.000000	-1.000000	-1.000000	0.000000	0.000000	0.000000	0.000000	0.000000	0.000000
G659	4571.949368	4.963324	-1.000000	-1.000000	-1.000000	-1.000000	0.000000	0.000000	0.000000	0.000000	0.000000	0.000000
G660	4910.452385	4.963067	-1.000000	-1.000000	-1.000000	-1.000000	0.000000	0.000000	0.000000	0.000000	0.000000	0.000000
G661	3990.727130	2.917582	-1.000000	-1.000000	-1.000000	-1.000000	0.000000	0.000000	0.000000	0.000000	0.000000	0.000000
G662	3743.518307	3.121034	-1.000000	-1.000000	-1.000000	-1.000000	0.000000	0.000000	0.000000	0.000000	0.000000	0.000000
G663	4724.488218	3.377248	-1.000000	-1.000000	-1.000000	-1.000000	0.000000	0.000000	0.000000	0.000000	0.000000	0.000000
G664	3016.643308	2.621510	-1.000000	-1.000000	-1.000000	-1.000000	0.000000	0.000000	0.000000	0.000000	0.000000	0.000000
G665	3834.318219	3.490612	-1.000000	-1.000000	-1.000000	-1.000000	0.000000	0.000000	0.000000	0.000000	0.000000	0.000000
G666	3632.520879	3.086498	-1.000000	-1.000000	-1.000000	-1.000000	0.000000	0.000000	0.000000	0.000000	0.000000	0.000000
G685	5913.799261	5.723569	-1.000000	-1.000000	-1.000000	-1.000000	0.000000	0.000000	0.000000	0.000000	0.000000	0.000000
G686	4557.658598	5.333290	-1.000000	-1.000000	-1.000000	-1.000000	0.000000	0.000000	0.000000	0.000000	0.000000	0.000000
G687	4421.646646	6.488900	-1.000000	-1.000000	-1.000000	-1.000000	0.000000	0.000000	0.000000	0.000000	0.000000	0.000000
G688	5864.041035	5.706640	-1.000000	-1.000000	-1.000000	-1.000000	0.000000	0.000000	0.000000	0.000000	0.000000	0.000000
G689	6749.489862	5.575593	-1.000000	-1.000000	-1.000000	-1.000000	0.000000	0.000000	0.000000	0.000000	0.000000	0.000000
G690	6916.703713	7.655687	-1.000000	-1.000000	-1.000000	-1.000000	0.000000	0.000000	0.000000	0.000000	0.000000	0.000000
G691	2824.172200	3.161022	-1.000000	-1.000000	-1.000000	-1.000000	0.000000	0.000000	0.000000	0.000000	0.000000	0.000000
G692	2712.064925	2.858508	-1.000000	-1.000000	-1.000000	-1.000000	0.000000	0.000000	0.000000	0.000000	0.000000	0.000000
G693	4416.738821	3.092035	-1.000000	-1.000000	-1.000000	-1.000000	0.000000	0.000000	0.000000	0.000000	0.000000	0.000000
G694	3922.141999	3.485457	-1.000000	-1.000000	-1.000000	-1.000000	0.000000	0.000000	0.000000	0.000000	0.000000	0.000000
G695	4981.902480	4.221190	-1.000000	-1.000000	-1.000000	-1.000000	0.000000	0.000000	0.000000	0.000000	0.000000	0.000000
G696	5899.075607	4.731986	-1.000000	-1.000000	-1.000000	-1.000000	0.000000	0.000000	0.000000	0.000000	0.000000	0.000000
G715	7537.933531	6.249216	-1.000000	-1.000000	-1.000000	-1.000000	0.000000	0.000000	0.000000	0.000000	0.000000	0.000000
G716	7808.673191	6.450182	-1.000000	-1.000000	-1.000000	-1.000000	0.000000	0.000000	0.000000	0.000000	0.000000	0.000000
G717	6607.794333	7.035545	-1.000000	-1.000000	-1.000000	-1.000000	0.000000	0.000000	0.000000	0.000000	0.000000	0.000000
G718	5738.316849	5.856781	-1.000000	-1.000000	-1.000000	-1.000000	0.000000	0.000000	0.000000	0.000000	0.000000	0.000000
G719	5085.378842	5.574686	-1.000000	-1.000000	-1.000000	-1.000000	0.000000	0.000000	0.000000	0.000000	0.000000	0.000000
G720	5199.881844	6.516201	-1.000000	-1.000000	-1.000000	-1.000000	0.000000	0.000000	0.000000	0.000000	0.000000	0.000000
G721	3364.626654	2.935805	-1.000000	-1.000000	-1.000000	-1.000000	0.000000	0.000000	0.000000	0.000000	0.000000	0.000000
G722	3963.483791	3.866587	-1.000000	-1.000000	-1.000000	-1.000000	0.000000	0.000000	0.000000	0.000000	0.000000	0.000000
G723	4296.066545	3.205107	-1.000000	-1.000000	-1.000000	-1.000000	0.000000	0.000000	0.000000	0.000000	0.000000	0.000000
G724	8082.280290	65.227324	-1.000000	-1.000000	-1.000000	-1.000000	0.000000	0.000000	0.000000	0.000000	0.000000	0.000000
G725	4803.252375	4.534011	-1.000000	-1.000000	-1.000000	-1.000000	0.000000	0.000000	0.000000	0.000000	0.000000	0.000000
G726	5173.879389	4.560693	-1.000000	-1.000000	-1.000000	-1.000000	0.000000	0.000000	0.000000	0.000000	0.000000	0.000000
G727	3144.328464	3.106261	-1.000000	-1.000000	-1.000000	-1.000000	0.000000	0.000000	0.000000	0.000000	0.000000	0.000000
G728	2408.353837	3.131595	-1.000000	-1.000000	-1.000000	-1.000000	0.000000	0.000000	0.000000	0.000000	0.000000	0.000000
G729	3292.861660	3.200993	-1.000000	-1.000000	-1.000000	-1.000000	0.000000	0.000000	0.000000	0.000000	0.000000	0.000000
G730	2438.341221	2.473067	-1.000000	-1.000000	-1.000000	-1.000000	0.000000	0.000000	0.000000	0.000000	0.000000	0.000000
G731	3052.076293	2.530253	-1.000000	-1.000000	-1.000000	-1.000000	0.000000	0.000000	0.000000	0.000000	0.000000	0.000000
G732	1845.832903	1.468414	-1.000000	-1.000000	-1.000000	-1.000000	0.000000	0.000000	0.000000	0.000000	0.000000	0.000000
G733	2933.962830	2.582174	-1.000000	-1.000000	-1.000000	-1.000000	0.000000	0.000000	0.000000	0.000000	0.000000	0.000000
G734	3624.124029	3.411440	-1.000000	-1.000000	-1.000000	-1.000000	0.000000	0.000000	0.000000	0.000000	0.000000	0.000000
G735	3192.430529	2.726629	-1.000000	-1.000000	-1.000000	-1.000000	0.000000	0.000000	0.000000	0.000000	0.000000	0.000000
G736	3301.230246	2.835234	-1.000000	-1.000000	-1.000000	-1.000000	0.000000	0.000000	0.000000	0.000000	0.000000	0.000000
G737	4126.616916	3.426272	-1.000000	-1.000000	-1.000000	-1.000000	0.000000	0.000000	0.000000	0.000000	0.000000	0.000000
G738	3452.803041	2.881242	-1.000000	-1.000000	-1.000000	-1.000000	0.000000	0.000000	0.000000	0.000000	0.000000	0.000000
G739	3124.144527	2.837037	-1.000000	-1.000000	-1.000000	-1.000000	0.000000	0.000000	0.000000	0.000000	0.000000	0.000000
G740	3299.960536	2.401756	-1.000000	-1.000000	-1.000000	-1.000000	0.000000	0.000000	0.000000	0.000000	0.000000	0.000000
G741	4337.112822	2.799782	-1.000000	-1.000000	-1.000000	-1.000000	0.000000	0.000000	0.000000	0.000000	0.000000	0.000000
G742	2974.451155	2.771250	-1.000000	-1.000000	-1.000000	-1.000000	0.000000	0.000000	0.000000	0.000000	0.000000	0.000000
G743	3254.787685	2.355947	-1.000000	-1.000000	-1.000000	-1.000000	0.000000	0.000000	0.000000	0.000000	0.000000	0.000000
G744	-1.000000	-1.000000	-1.000000	-1.000000	-1.000000	-1.000000	0.000000	0.000000	0.000000	0.000000	0.000000	0.000000
G745	1384.617395	1.472901	-1.000000	-1.000000	-1.000000	-1.000000	0.000000	0.000000	0.000000	0.000000	0.000000	0.000000
G746	3632.559879	3.375324	-1.000000	-1.000000	-1.000000	-1.000000	0.000000	0.000000	0.000000	0.000000	0.000000	0.000000
G747	4903.586866	4.502826	-1.000000	-1.000000	-1.000000	-1.000000	0.000000	0.000000	0.000000	0.000000	0.000000	0.000000
G748	3374.411007	3.179244	-1.000000	-1.000000	-1.000000	-1.000000	0.000000	0.000000	0.000000	0.000000	0.000000	0.000000
G749	3096.599303	3.042343	-1.000000	-1.000000	-1.000000	-1.000000	0.000000	0.000000	0.000000	0.000000	0.000000	0.000000
G750	4318.149661	5.092907	-1.000000	-1.000000	-1.000000	-1.000000	0.000000	0.000000	0.000000	0.000000	0.000000	0.000000
G751	3551.341936	2.653980	-1.000000	-1.000000	-1.000000	-1.000000	0.000000	0.000000	0.000000	0.000000	0.000000	0.000000
G752	3942.536737	2.807016	-1.000000	-1.000000	-1.000000	-1.000000	0.000000	0.000000	0.000000	0.000000	0.000000	0.000000
G753	2751.473248	2.865200	-1.000000	-1.000000	-1.000000	-1.000000	0.000000	0.000000	0.000000	0.000000	0.000000	0.000000
G754	4879.915397	4.806606	-1.000000	-1.000000	-1.000000	-1.000000	0.000000	0.000000	0.000000	0.000000	0.000000	0.000000
G755	4069.527937	4.067110	-1.000000	-1.000000	-1.000000	-1.000000	0.000000	0.000000	0.000000	0.000000	0.000000	0.000000
G756	4254.178243	3.417854	-1.000000	-1.000000	-1.000000	-1.000000	0.000000	0.000000	0.000000	0.000000	0.000000	0.000000
G757	4771.899849	4.396345	-1.000000	-1.000000	-1.000000	-1.000000	0.000000	0.000000	0.000000	0.000000	0.000000	0.000000
G758	4577.690512	3.853158	-1.000000	-1.000000	-1.000000	-1.000000	0.000000	0.000000	0.000000	0.000000	0.000000	0.000000
G759	2172.839303	2.283371	-1.000000	-1.000000	-1.000000	-1.000000	0.000000	0.000000	0.000000	0.000000	0.000000	0.000000
G760	2015.615285	2.009517	-1.000000	-1.000000	-1.000000	-1.000000	0.000000	0.000000	0.000000	0.000000	0.000000	0.000000
G761	4357.232253	3.527000	-1.000000	-1.000000	-1.000000	-1.000000	0.000000	0.000000	0.000000	0.000000	0.000000	0.000000
G762	3513.095710	4.690376	-1.000000	-1.000000	-1.000000	-1.000000	0.000000	0.000000	0.000000	0.000000	0.000000	0.000000
G763	4304.010964	4.466248	-1.000000	-1.000000	-1.000000	-1.000000	0.000000	0.000000	0.000000	0.000000	0.000000	0.000000
G764	2013.279080	2.026159	-1.000000	-1.000000	-1.000000	-1.000000	0.000000	0.000000	0.000000	0.000000	0.000000	0.000000
G765	3682.861071	3.578297	-1.000000	-1.000000	-1.000000	-1.000000	0.000000	0.000000	0.000000	0.000000	0.000000	0.000000
G766	5374.826172	3.345634	-1.000000	-1.000000	-1.000000	-1.000000	0.000000	0.000000	0.000000	0.000000	0.000000	0.000000
G767	4918.745453	3.687969	-1.000000	-1.000000	-1.000000	-1.000000	0.000000	0.000000	0.000000	0.000000	0.000000	0.000000
G768	2530.556215	2.531960	-1.000000	-1.000000	-1.000000	-1.000000	0.000000	0.000000	0.000000	0.000000	0.000000	0.000000
G769	3562.983194	2.752637	-1.000000	-1.000000	-1.000000	-1.000000	0.000000	0.000000	0.000000	0.000000	0.000000	0.000000
G770	3062.515938	2.507470	-1.000000	-1.000000	-1.000000	-1.000000	0.000000	0.000000	0.000000	0.000000	0.000000	0.000000
G771	3666.182562	2.712196	-1.000000	-1.000000	-1.000000	-1.000000	0.000000	0.000000	0.000000	0.000000	0.000000	0.000000
G772	3021.809322	3.205358	-1.000000	-1.000000	-1.000000	-1.000000	0.000000	0.000000	0.000000	0.000000	0.000000	0.000000
G773	3842.842066	3.078776	-1.000000	-1.000000	-1.000000	-1.000000	0.000000	0.000000	0.000000	0.000000	0.000000	0.000000
G774	3925.178861	3.777546	-1.000000	-1.000000	-1.000000	-1.000000	0.000000	0.000000	0.000000	0.000000	0.000000	0.000000
G775	652.026493	0.089514	-1.000000	-1.000000	-1.000000	-1.000000	0.000000	0.000000	0.000000	0.000000	0.000000	0.000000
G776	4183.148551	2.676827	-1.000000	-1.000000	-1.000000	-1.000000	0.000000	0.000000	0.000000	0.000000	0.000000	0.000000
G777	2237.388887	2.720055	-1.000000	-1.000000	-1.000000	-1.000000	0.000000	0.000000	0.000000	0.000000	0.000000	0.000000
G778	2874.142266	2.447834	-1.000000	-1.000000	-1.000000	-1.000000	0.000000	0.000000	0.000000	0.000000	0.000000	0.000000
G779	2775.180111	3.098476	-1.000000	-1.000000	-1.000000	-1.000000	0.000000	0.000000	0.000000	0.000000	0.000000	0.000000
G780	2451.962243	2.265613	-1.000000	-1.000000	-1.000000	-1.000000	0.000000	0.000000	0.000000	0.000000	0.000000	0.000000
G781	5110.502665	4.045788	-1.000000	-1.000000	-1.000000	-1.000000	0.000000	0.000000	0.000000	0.000000	0.000000	0.000000
G782	3377.904444	2.981188	-1.000000	-1.000000	-1.000000	-1.000000	0.000000	0.000000	0.000000	0.000000	0.000000	0.000000
G783	4381.506719	4.457309	-1.000000	-1.000000	-1.000000	-1.000000	0.000000	0.000000	0.000000	0.000000	0.000000	0.000000
G784	3085.435847	2.475841	-1.000000	-1.000000	-1.000000	-1.000000	0.000000	0.000000	0.000000	0.000000	0.000000	0.000000
G785	4079.732161	3.417365	-1.000000	-1.000000	-1.000000	-1.000000	0.000000	0.000000	0.000000	0.000000	0.000000	0.000000
G786	3940.547423	3.082064	-1.000000	-1.000000	-1.000000	-1.000000	0.000000	0.000000	0.000000	0.000000	0.000000	0.000000
G787	4944.687278	3.630612	-1.000000	-1.000000	-1.000000	-1.000000	0.000000	0.000000	0.000000	0.000000	0.000000	0.000000
G788	2769.285605	2.316171	-1.000000	-1.000000	-1.000000	-1.000000	0.000000	0.000000	0.000000	0.000000	0.000000	0.000000
G789	4366.189711	3.961942	-1.000000	-1.000000	-1.000000	-1.000000	0.000000	0.000000	0.000000	0.000000	0.000000	0.000000
G790	2315.956472	2.934096	-1.000000	-1.000000	-1.000000	-1.000000	0.000000	0.000000	0.000000	0.000000	0.000000	0.000000
G791	2772.232459	2.489882	-1.000000	-1.000000	-1.000000	-1.000000	0.000000	0.000000	0.000000	0.000000	0.000000	0.000000
G792	2827.580381	2.273237	-1.000000	-1.000000	-1.000000	-1.000000	0.000000	0.000000	0.000000	0.000000	0.000000	0.000000
G793	3776.430667	3.602119	-1.000000	-1.000000	-1.000000	-1.000000	0.000000	0.000000	0.000000	0.000000	0.000000	0.000000
G794	2777.829892	2.941034	-1.000000	-1.000000	-1.000000	-1.000000	0.000000	0.000000	0.000000	0.000000	0.000000	0.000000
G795	4446.052394	3.687098	-1.000000	-1.000000	-1.000000	-1.000000	0.000000	0.000000	0.000000	0.000000	0.000000	0.000000
G796	4262.910929	3.401342	-1.000000	-1.000000	-1.000000	-1.000000	0.000000	0.000000	0.000000	0.000000	0.000000	0.000000
G797	3132.259288	2.650997	-1.000000	-1.000000	-1.000000	-1.000000	0.000000	0.000000	0.000000	0.000000	0.000000	0.000000
G798	3396.475350	3.005253	-1.000000	-1.000000	-1.000000	-1.000000	0.000000	0.000000	0.000000	0.000000	0.000000	0.000000
G799	3521.083862	2.928372	-1.000000	-1.000000	-1.000000	-1.000000	0.000000	0.000000	0.000000	0.000000	0.000000	0.000000
G800	3136.663258	2.620644	-1.000000	-1.000000	-1.000000	-1.000000	0.000000	0.000000	0.000000	0.000000	0.000000	0.000000
G801	4604.716924	4.391514	-1.000000	-1.000000	-1.000000	-1.000000	0.000000	0.000000	0.000000	0.000000	0.000000	0.000000
G802	3389.007200	3.698979	-1.000000	-1.000000	-1.000000	-1.000000	0.000000	0.000000	0.000000	0.000000	0.000000	0.000000
G803	4255.278864	3.743945	-1.000000	-1.000000	-1.000000	-1.000000	0.000000	0.000000	0.000000	0.000000	0.000000	0.000000
G804	4564.651490	4.128959	-1.000000	-1.000000	-1.000000	-1.000000	0.000000	0.000000	0.000000	0.000000	0.000000	0.000000
G805	5337.443774	3.875815	-1.000000	-1.000000	-1.000000	-1.000000	0.000000	0.000000	0.000000	0.000000	0.000000	0.000000
G806	2835.317254	2.609334	-1.000000	-1.000000	-1.000000	-1.000000	0.000000	0.000000	0.000000	0.000000	0.000000	0.000000
G807	3876.198733	3.658453	-1.000000	-1.000000	-1.000000	-1.000000	0.000000	0.000000	0.000000	0.000000	0.000000	0.000000
G808	3628.611057	3.252660	-1.000000	-1.000000	-1.000000	-1.000000	0.000000	0.000000	0.000000	0.000000	0.000000	0.000000
G809	2017.646956	3.367490	-1.000000	-1.000000	-1.000000	-1.000000	0.000000	0.000000	0.000000	0.000000	0.000000	0.000000
G810	2964.134019	3.494311	-1.000000	-1.000000	-1.000000	-1.000000	0.000000	0.000000	0.000000	0.000000	0.000000	0.000000
G811	2761.784620	3.086252	-1.000000	-1.000000	-1.000000	-1.000000	0.000000	0.000000	0.000000	0.000000	0.000000	0.000000
G812	5685.252346	4.229944	-1.000000	-1.000000	-1.000000	-1.000000	0.000000	0.000000	0.000000	0.000000	0.000000	0.000000
G813	3011.989208	3.065421	-1.000000	-1.000000	-1.000000	-1.000000	0.000000	0.000000	0.000000	0.000000	0.000000	0.000000
G814	2264.899827	2.200881	-1.000000	-1.000000	-1.000000	-1.000000	0.000000	0.000000	0.000000	0.000000	0.000000	0.000000
G815	3720.514357	2.829252	-1.000000	-1.000000	-1.000000	-1.000000	0.000000	0.000000	0.000000	0.000000	0.000000	0.000000
G816	1960.245641	2.086199	-1.000000	-1.000000	-1.000000	-1.000000	0.000000	0.000000	0.000000	0.000000	0.000000	0.000000
G817	5562.375724	4.148860	-1.000000	-1.000000	-1.000000	-1.000000	0.000000	0.000000	0.000000	0.000000	0.000000	0.000000
G818	3135.105087	3.365619	-1.000000	-1.000000	-1.000000	-1.000000	0.000000	0.000000	0.000000	0.000000	0.000000	0.000000
G819	2881.135260	2.697941	-1.000000	-1.000000	-1.000000	-1.000000	0.000000	0.000000	0.000000	0.000000	0.000000	0.000000
G820	4172.970746	4.266142	-1.000000	-1.000000	-1.000000	-1.000000	0.000000	0.000000	0.000000	0.000000	0.000000	0.000000
G821	2702.751170	3.136581	-1.000000	-1.000000	-1.000000	-1.000000	0.000000	0.000000	0.000000	0.000000	0.000000	0.000000
G822	3308.411164	4.347650	-1.000000	-1.000000	-1.000000	-1.000000	0.000000	0.000000	0.000000	0.000000	0.000000	0.000000
G823	2885.125961	3.153561	-1.000000	-1.000000	-1.000000	-1.000000	0.000000	0.000000	0.000000	0.000000	0.000000	0.000000
G824	2487.516709	3.776315	-1.000000	-1.000000	-1.000000	-1.000000	0.000000	0.000000	0.000000	0.000000	0.000000	0.000000
G825	1291.709777	1.597209	-1.000000	-1.000000	-1.000000	-1.000000	0.000000	0.000000	0.000000	0.000000	0.000000	0.000000
G826	3612.744742	3.930720	-1.000000	-1.000000	-1.000000	-1.000000	0.000000	0.000000	0.000000	0.000000	0.000000	0.000000
G827	3900.500100	3.173644	-1.000000	-1.000000	-1.000000	-1.000000	0.000000	0.000000	0.000000	0.000000	0.000000	0.000000
G828	2320.978783	2.635551	-1.000000	-1.000000	-1.000000	-1.000000	0.000000	0.000000	0.000000	0.000000	0.000000	0.000000
G829	5159.677849	5.448732	-1.000000	-1.000000	-1.000000	-1.000000	0.000000	0.000000	0.000000	0.000000	0.000000	0.000000
G830	5236.034875	4.133795	-1.000000	-1.000000	-1.000000	-1.000000	0.000000	0.000000	0.000000	0.000000	0.000000	0.000000
G831	2769.606595	3.009043	-1.000000	-1.000000	-1.000000	-1.000000	0.000000	0.000000	0.000000	0.000000	0.000000	0.000000
G832	2339.246408	2.394461	-1.000000	-1.000000	-1.000000	-1.000000	0.000000	0.000000	0.000000	0.000000	0.000000	0.000000
G833	3106.070659	3.830632	-1.000000	-1.000000	-1.000000	-1.000000	0.000000	0.000000	0.000000	0.000000	0.000000	0.000000
G834	4416.019783	4.142864	-1.000000	-1.000000	-1.000000	-1.000000	0.000000	0.000000	0.000000	0.000000	0.000000	0.000000
G835	2592.479351	2.329294	-1.000000	-1.000000	-1.000000	-1.000000	0.000000	0.000000	0.000000	0.000000	0.000000	0.000000
G836	3446.017298	3.208014	-1.000000	-1.000000	-1.000000	-1.000000	0.000000	0.000000	0.000000	0.000000	0.000000	0.000000
G837	4787.472518	3.597877	-1.000000	-1.000000	-1.000000	-1.000000	0.000000	0.000000	0.000000	0.000000	0.000000	0.000000
G838	2780.948901	3.165221	-1.000000	-1.000000	-1.000000	-1.000000	0.000000	0.000000	0.000000	0.000000	0.000000	0.000000
G839	2176.546038	2.489401	-1.000000	-1.000000	-1.000000	-1.000000	0.000000	0.000000	0.000000	0.000000	0.000000	0.000000
G840	2837.124457	2.672080	-1.000000	-1.000000	-1.000000	-1.000000	0.000000	0.000000	0.000000	0.000000	0.000000	0.000000
G841	2723.750976	2.466868	-1.000000	-1.000000	-1.000000	-1.000000	0.000000	0.000000	0.000000	0.000000	0.000000	0.000000
G842	4246.712115	3.992854	-1.000000	-1.000000	-1.000000	-1.000000	0.000000	0.000000	0.000000	0.000000	0.000000	0.000000
G843	3061.035920	2.693485	-1.000000	-1.000000	-1.000000	-1.000000	0.000000	0.000000	0.000000	0.000000	0.000000	0.000000
G844	3282.394221	2.939014	-1.000000	-1.000000	-1.000000	-1.000000	0.000000	0.000000	0.000000	0.000000	0.000000	0.000000
G845	2975.814788	2.472217	-1.000000	-1.000000	-1.000000	-1.000000	0.000000	0.000000	0.000000	0.000000	0.000000	0.000000
G846	3886.394880	2.784211	-1.000000	-1.000000	-1.000000	-1.000000	0.000000	0.000000	0.000000	0.000000	0.000000	0.000000
G847	1679.921405	1.921913	-1.000000	-1.000000	-1.000000	-1.000000	0.000000	0.000000	0.000000	0.000000	0.000000	0.000000
G848	1759.848017	1.576054	-1.000000	-1.000000	-1.000000	-1.000000	0.000000	0.000000	0.000000	0.000000	0.000000	0.000000
G849	4980.650277	6.938044	-1.000000	-1.000000	-1.000000	-1.000000	0.000000	0.000000	0.000000	0.000000	0.000000	0.000000
G850	3523.130641	3.973888	-1.000000	-1.000000	-1.000000	-1.000000	0.000000	0.000000	0.000000	0.000000	0.000000	0.000000
G851	3332.378729	3.778210	-1.000000	-1.000000	-1.000000	-1.000000	0.000000	0.000000	0.000000	0.000000	0.000000	0.000000
G852	3142.850500	3.633176	-1.000000	-1.000000	-1.000000	-1.000000	0.000000	0.000000	0.000000	0.000000	0.000000	0.000000
G853	3230.130464	3.585561	-1.000000	-1.000000	-1.000000	-1.000000	0.000000	0.000000	0.000000	0.000000	0.000000	0.000000
G854	4185.478623	3.880219	-1.000000	-1.000000	-1.000000	-1.000000	0.000000	0.000000	0.000000	0.000000	0.000000	0.000000
G855	3839.456859	3.186313	-1.000000	-1.000000	-1.000000	-1.000000	0.000000	0.000000	0.000000	0.000000	0.000000	0.000000
G856	3541.548153	3.306629	-1.000000	-1.000000	-1.000000	-1.000000	0.000000	0.000000	0.000000	0.000000	0.000000	0.000000
G857	4590.399631	3.432635	-1.000000	-1.000000	-1.000000	-1.000000	0.000000	0.000000	0.000000	0.000000	0.000000	0.000000
G858	5763.332124	4.555752	-1.000000	-1.000000	-1.000000	-1.000000	0.000000	0.000000	0.000000	0.000000	0.000000	0.000000
G859	4468.241727	4.840158	-1.000000	-1.000000	-1.000000	-1.000000	0.000000	0.000000	0.000000	0.000000	0.000000	0.000000
G860	3900.227914	3.844755	-1.000000	-1.000000	-1.000000	-1.000000	0.000000	0.000000	0.000000	0.000000	0.000000	0.000000
G861	4342.991305	4.178090	-1.000000	-1.000000	-1.000000	-1.000000	0.000000	0.000000	0.000000	0.000000	0.000000	0.000000
G862	4541.563047	3.343227	-1.000000	-1.000000	-1.000000	-1.000000	0.000000	0.000000	0.000000	0.000000	0.000000	0.000000
G863	4755.917456	3.947286	-1.000000	-1.000000	-1.000000	-1.000000	0.000000	0.000000	0.000000	0.000000	0.000000	0.000000
G864	5778.928439	5.311559	-1.000000	-1.000000	-1.000000	-1.000000	0.000000	0.000000	0.000000	0.000000	0.000000	0.000000
G865	2055.524093	3.059816	-1.000000	-1.000000	-1.000000	-1.000000	0.000000	0.000000	0.000000	0.000000	0.000000	0.000000
G866	3160.619495	3.803862	-1.000000	-1.000000	-1.000000	-1.000000	0.000000	0.000000	0.000000	0.000000	0.000000	0.000000
G867	3914.210307	3.632408	-1.000000	-1.000000	-1.000000	-1.000000	0.000000	0.000000	0.000000	0.000000	0.000000	0.000000
G868	2821.236547	3.171100	-1.000000	-1.000000	-1.000000	-1.000000	0.000000	0.000000	0.000000	0.000000	0.000000	0.000000
G869	4789.388062	4.359673	-1.000000	-1.000000	-1.000000	-1.000000	0.000000	0.000000	0.000000	0.000000	0.000000	0.000000
G870	2188.763233	3.530852	-1.000000	-1.000000	-1.000000	-1.000000	0.000000	0.000000	0.000000	0.000000	0.000000	0.000000
G871	5687.826196	4.170969	-1.000000	-1.000000	-1.000000	-1.000000	0.000000	0.000000	0.000000	0.000000	0.000000	0.000000
G872	4760.832078	5.085311	-1.000000	-1.000000	-1.000000	-1.000000	0.000000	0.000000	0.000000	0.000000	0.000000	0.000000
G873	3599.718733	3.478617	-1.000000	-1.000000	-1.000000	-1.000000	0.000000	0.000000	0.000000	0.000000	0.000000	0.000000
G874	4181.569409	3.904704	-1.000000	-1.000000	-1.000000	-1.000000	0.000000	0.000000	0.000000	0.000000	0.000000	0.000000
G875	3831.658847	3.352517	-1.000000	-1.000000	-1.000000	-1.000000	0.000000	0.000000	0.000000	0.000000	0.000000	0.000000
G876	2114.542591	2.335433	-1.000000	-1.000000	-1.000000	-1.000000	0.000000	0.000000	0.000000	0.000000	0.000000	0.000000
G877	2701.121653	2.912772	-1.000000	-1.000000	-1.000000	-1.000000	0.000000	0.000000	0.000000	0.000000	0.000000	0.000000
G878	3257.009524	2.935278	-1.000000	-1.000000	-1.000000	-1.000000	0.000000	0.000000	0.000000	0.000000	0.000000	0.000000
G879	4021.026077	3.753938	-1.000000	-1.000000	-1.000000	-1.000000	0.000000	0.000000	0.000000	0.000000	0.000000	0.000000
G880	3609.166475	3.241226	-1.000000	-1.000000	-1.000000	-1.000000	0.000000	0.000000	0.000000	0.000000	0.000000	0.000000
G881	3951.533624	3.133032	-1.000000	-1.000000	-1.000000	-1.000000	0.000000	0.000000	0.000000	0.000000	0.000000	0.000000
G882	3868.285880	3.001054	-1.000000	-1.000000	-1.000000	-1.000000	0.000000	0.000000	0.000000	0.000000	0.000000	0.000000
G883	2379.964006	2.641952	-1.000000	-1.000000	-1.000000	-1.000000	0.000000	0.000000	0.000000	0.000000	0.000000	0.000000
G884	4022.235763	4.175865	-1.000000	-1.000000	-1.000000	-1.000000	0.000000	0.000000	0.000000	0.000000	0.000000	0.000000
G885	4953.458872	4.033249	-1.000000	-1.000000	-1.000000	-1.000000	0.000000	0.000000	0.000000	0.000000	0.000000	0.000000
G886	2756.886783	3.222681	-1.000000	-1.000000	-1.000000	-1.000000	0.000000	0.000000	0.000000	0.000000	0.000000	0.000000
G887	4098.828905	3.461183	-1.000000	-1.000000	-1.000000	-1.000000	0.000000	0.000000	0.000000	0.000000	0.000000	0.000000
G888	4554.219178	3.904338	-1.000000	-1.000000	-1.000000	-1.000000	0.000000	0.000000	0.000000	0.000000	0.000000	0.000000
G889	4444.443300	3.518962	-1.000000	-1.000000	-1.000000	-1.000000	0.000000	0.000000	0.000000	0.000000	0.000000	0.000000
G890	3795.626719	3.843240	-1.000000	-1.000000	-1.000000	-1.000000	0.000000	0.000000	0.000000	0.000000	0.000000	0.000000
G891	3418.792272	3.575056	-1.000000	-1.000000	-1.000000	-1.000000	0.000000	0.000000	0.000000	0.000000	0.000000	0.000000
G892	5755.427898	5.158635	-1.000000	-1.000000	-1.000000	-1.000000	0.000000	0.000000	0.000000	0.000000	0.000000	0.000000
G893	4593.313429	3.552360	-1.000000	-1.000000	-1.000000	-1.000000	0.000000	0.000000	0.000000	0.000000	0.000000	0.000000
G894	3784.216007	3.868824	-1.000000	-1.000000	-1.000000	-1.000000	0.000000	0.000000	0.000000	0.000000	0.000000	0.000000
G895	4548.346788	3.808533	-1.000000	-1.000000	-1.000000	-1.000000	0.000000	0.000000	0.000000	0.000000	0.000000	0.000000
G896	1507.040582	1.951578	-1.000000	-1.000000	-1.000000	-1.000000	0.000000	0.000000	0.000000	0.000000	0.000000	0.000000
G897	3990.978941	4.328218	-1.000000	-1.000000	-1.000000	-1.000000	0.000000	0.000000	0.000000	0.000000	0.000000	0.000000
G898	2792.815217	4.131068	-1.000000	-1.000000	-1.000000	-1.000000	0.000000	0.000000	0.000000	0.000000	0.000000	0.000000
G899	3444.390712	3.152505	-1.000000	-1.000000	-1.000000	-1.000000	0.000000	0.000000	0.000000	0.000000	0.000000	0.000000
G900	484.300125	0.057158	-1.000000	-1.000000	-1.000000	-1.000000	0.000000	0.000000	0.000000	0.000000	0.000000	0.000000

# W module
# module name	LMS_Mean	LMS_Err	Pedestal_Mean	Pedestal_Err	module signal(LMS-Pedestal)	signal error	gain1(RefPMT1)	gain1 error	gain2(RefPMT2)	gain2 error	gain3(RefPMT3)	gain3 error
W1	4489.308622	2.679225	-1.000000	-1.000000	-1.000000	-1.000000	0.000000	0.000000	0.000000	0.000000	0.000000	0.000000
W2	2242.992993	1.336409	-1.000000	-1.000000	-1.000000	-1.000000	0.000000	0.000000	0.000000	0.000000	0.000000	0.000000
W3	2202.896082	1.068056	-1.000000	-1.000000	-1.000000	-1.000000	0.000000	0.000000	0.000000	0.000000	0.000000	0.000000
W4	2339.710408	1.043618	-1.000000	-1.000000	-1.000000	-1.000000	0.000000	0.000000	0.000000	0.000000	0.000000	0.000000
W5	2774.117881	1.648314	-1.000000	-1.000000	-1.000000	-1.000000	0.000000	0.000000	0.000000	0.000000	0.000000	0.000000
W6	922.412556	0.934432	-1.000000	-1.000000	-1.000000	-1.000000	0.000000	0.000000	0.000000	0.000000	0.000000	0.000000
W7	3258.343032	1.680098	-1.000000	-1.000000	-1.000000	-1.000000	0.000000	0.000000	0.000000	0.000000	0.000000	0.000000
W8	1647.761206	1.079040	-1.000000	-1.000000	-1.000000	-1.000000	0.000000	0.000000	0.000000	0.000000	0.000000	0.000000
W9	1182.587892	0.811156	-1.000000	-1.000000	-1.000000	-1.000000	0.000000	0.000000	0.000000	0.000000	0.000000	0.000000
W10	1483.094439	1.030195	-1.000000	-1.000000	-1.000000	-1.000000	0.000000	0.000000	0.000000	0.000000	0.000000	0.000000
W11	2807.992029	1.489201	-1.000000	-1.000000	-1.000000	-1.000000	0.000000	0.000000	0.000000	0.000000	0.000000	0.000000
W12	1539.042732	0.930870	-1.000000	-1.000000	-1.000000	-1.000000	0.000000	0.000000	0.000000	0.000000	0.000000	0.000000
W13	2350.423838	1.364376	-1.000000	-1.000000	-1.000000	-1.000000	0.000000	0.000000	0.000000	0.000000	0.000000	0.000000
W14	2480.142921	1.379508	-1.000000	-1.000000	-1.000000	-1.000000	0.000000	0.000000	0.000000	0.000000	0.000000	0.000000
W15	3637.889054	2.488577	-1.000000	-1.000000	-1.000000	-1.000000	0.000000	0.000000	0.000000	0.000000	0.000000	0.000000
W16	3334.718507	2.037836	-1.000000	-1.000000	-1.000000	-1.000000	0.000000	0.000000	0.000000	0.000000	0.000000	0.000000
W17	3710.863999	2.153130	-1.000000	-1.000000	-1.000000	-1.000000	0.000000	0.000000	0.000000	0.000000	0.000000	0.000000
W18	640.261626	0.540750	-1.000000	-1.000000	-1.000000	-1.000000	0.000000	0.000000	0.000000	0.000000	0.000000	0.000000
W19	2353.521349	1.515080	-1.000000	-1.000000	-1.000000	-1.000000	0.000000	0.000000	0.000000	0.000000	0.000000	0.000000
W20	2254.273786	1.574755	-1.000000	-1.000000	-1.000000	-1.000000	0.000000	0.000000	0.000000	0.000000	0.000000	0.000000
W21	2246.506813	1.711247	-1.000000	-1.000000	-1.000000	-1.000000	0.000000	0.000000	0.000000	0.000000	0.000000	0.000000
W22	3255.113508	2.247349	-1.000000	-1.000000	-1.000000	-1.000000	0.000000	0.000000	0.000000	0.000000	0.000000	0.000000
W23	2347.264671	1.614451	-1.000000	-1.000000	-1.000000	-1.000000	0.000000	0.000000	0.000000	0.000000	0.000000	0.000000
W24	1846.221294	1.145181	-1.000000	-1.000000	-1.000000	-1.000000	0.000000	0.000000	0.000000	0.000000	0.000000	0.000000
W25	2364.336908	1.506477	-1.000000	-1.000000	-1.000000	-1.000000	0.000000	0.000000	0.000000	0.000000	0.000000	0.000000
W26	3055.471182	1.830780	-1.000000	-1.000000	-1.000000	-1.000000	0.000000	0.000000	0.000000	0.000000	0.000000	0.000000
W27	1958.486283	1.199974	-1.000000	-1.000000	-1.000000	-1.000000	0.000000	0.000000	0.000000	0.000000	0.000000	0.000000
W28	2147.961482	1.329379	-1.000000	-1.000000	-1.000000	-1.000000	0.000000	0.000000	0.000000	0.000000	0.000000	0.000000
W29	2517.869263	1.581198	-1.000000	-1.000000	-1.000000	-1.000000	0.000000	0.000000	0.000000	0.000000	0.000000	0.000000
W30	3097.614420	1.629609	-1.000000	-1.000000	-1.000000	-1.000000	0.000000	0.000000	0.000000	0.000000	0.000000	0.000000
W31	2718.395261	1.513898	-1.000000	-1.000000	-1.000000	-1.000000	0.000000	0.000000	0.000000	0.000000	0.000000	0.000000
W32	3916.343260	2.037936	-1.000000	-1.000000	-1.000000	-1.000000	0.000000	0.000000	0.000000	0.000000	0.000000	0.000000
W33	2648.517605	1.481298	-1.000000	-1.000000	-1.000000	-1.000000	0.000000	0.000000	0.000000	0.000000	0.000000	0.000000
W34	3661.953706	2.119688	-1.000000	-1.000000	-1.000000	-1.000000	0.000000	0.000000	0.000000	0.000000	0.000000	0.000000
W35	3071.812598	1.910636	-1.000000	-1.000000	-1.000000	-1.000000	0.000000	0.000000	0.000000	0.000000	0.000000	0.000000
W36	2307.791838	1.530617	-1.000000	-1.000000	-1.000000	-1.000000	0.000000	0.000000	0.000000	0.000000	0.000000	0.000000
W37	2773.380302	1.758165	-1.000000	-1.000000	-1.000000	-1.000000	0.000000	0.000000	0.000000	0.000000	0.000000	0.000000
W38	1586.319933	0.859167	-1.000000	-1.000000	-1.000000	-1.000000	0.000000	0.000000	0.000000	0.000000	0.000000	0.000000
W39	2444.257709	1.314218	-1.000000	-1.000000	-1.000000	-1.000000	0.000000	0.000000	0.000000	0.000000	0.000000	0.000000
W40	2739.957134	1.342725	-1.000000	-1.000000	-1.000000	-1.000000	0.000000	0.000000	0.000000	0.000000	0.000000	0.000000
W41	1794.783671	1.142100	-1.000000	-1.000000	-1.000000	-1.000000	0.000000	0.000000	0.000000	0.000000	0.000000	0.000000
W42	1809.997408	1.086441	-1.000000	-1.000000	-1.000000	-1.000000	0.000000	0.000000	0.000000	0.000000	0.000000	0.000000
W43	3580.894823	1.870653	-1.000000	-1.000000	-1.000000	-1.000000	0.000000	0.000000	0.000000	0.000000	0.000000	0.000000
W44	2790.907494	1.695654	-1.000000	-1.000000	-1.000000	-1.000000	0.000000	0.000000	0.000000	0.000000	0.000000	0.000000
W45	2365.801173	1.272997	-1.000000	-1.000000	-1.000000	-1.000000	0.000000	0.000000	0.000000	0.000000	0.000000	0.000000
W46	2948.646094	1.654124	-1.000000	-1.000000	-1.000000	-1.000000	0.000000	0.000000	0.000000	0.000000	0.000000	0.000000
W47	2314.005783	1.186867	-1.000000	-1.000000	-1.000000	-1.000000	0.000000	0.000000	0.000000	0.000000	0.000000	0.000000
W48	1197.703105	0.791787	-1.000000	-1.000000	-1.000000	-1.000000	0.000000	0.000000	0.000000	0.000000	0.000000	0.000000
W49	1799.938015	1.318338	-1.000000	-1.000000	-1.000000	-1.000000	0.000000	0.000000	0.000000	0.000000	0.000000	0.000000
W50	3995.487217	2.267145	-1.000000	-1.000000	-1.000000	-1.000000	0.000000	0.000000	0.000000	0.000000	0.000000	0.000000
W51	2653.956941	1.519153	-1.000000	-1.000000	-1.000000	-1.000000	0.000000	0.000000	0.000000	0.000000	0.000000	0.000000
W52	3738.571686	2.393951	-1.000000	-1.000000	-1.000000	-1.000000	0.000000	0.000000	0.000000	0.000000	0.000000	0.000000
W53	910.232752	0.676301	-1.000000	-1.000000	-1.000000	-1.000000	0.000000	0.000000	0.000000	0.000000	0.000000	0.000000
W54	2231.022323	1.429177	-1.000000	-1.000000	-1.000000	-1.000000	0.000000	0.000000	0.000000	0.000000	0.000000	0.000000
W55	1376.269153	0.889802	-1.000000	-1.000000	-1.000000	-1.000000	0.000000	0.000000	0.000000	0.000000	0.000000	0.000000
W56	2716.660126	1.613484	-1.000000	-1.000000	-1.000000	-1.000000	0.000000	0.000000	0.000000	0.000000	0.000000	0.000000
W57	2353.031567	1.348431	-1.000000	-1.000000	-1.000000	-1.000000	0.000000	0.000000	0.000000	0.000000	0.000000	0.000000
W58	3133.144845	1.807370	-1.000000	-1.000000	-1.000000	-1.000000	0.000000	0.000000	0.000000	0.000000	0.000000	0.000000
W59	1892.499046	1.182918	-1.000000	-1.000000	-1.000000	-1.000000	0.000000	0.000000	0.000000	0.000000	0.000000	0.000000
W60	4154.362240	2.062604	-1.000000	-1.000000	-1.000000	-1.000000	0.000000	0.000000	0.000000	0.000000	0.000000	0.000000
W61	1970.645910	1.170183	-1.000000	-1.000000	-1.000000	-1.000000	0.000000	0.000000	0.000000	0.000000	0.000000	0.000000
W62	3511.533643	1.971035	-1.000000	-1.000000	-1.000000	-1.000000	0.000000	0.000000	0.000000	0.000000	0.000000	0.000000
W63	2671.328947	1.388058	-1.000000	-1.000000	-1.000000	-1.000000	0.000000	0.000000	0.000000	0.000000	0.000000	0.000000
W64	2123.998607	1.105380	-1.000000	-1.000000	-1.000000	-1.000000	0.000000	0.000000	0.000000	0.000000	0.000000	0.000000
W65	3121.911623	1.682644	-1.000000	-1.000000	-1.000000	-1.000000	0.000000	0.000000	0.000000	0.000000	0.000000	0.000000
W66	3084.076958	1.981788	-1.000000	-1.000000	-1.000000	-1.000000	0.000000	0.000000	0.000000	0.000000	0.000000	0.000000
W67	3288.689649	1.937302	-1.000000	-1.000000	-1.000000	-1.000000	0.000000	0.000000	0.000000	0.000000	0.000000	0.000000
W68	2781.283980	1.523660	-1.000000	-1.000000	-1.000000	-1.000000	0.000000	0.000000	0.000000	0.000000	0.000000	0.000000
W69	2537.426347	1.737806	-1.000000	-1.000000	-1.000000	-1.000000	0.000000	0.000000	0.000000	0.000000	0.000000	0.000000
W70	2245.763673	1.397461	-1.000000	-1.000000	-1.000000	-1.000000	0.000000	0.000000	0.000000	0.000000	0.000000	0.000000
W71	2377.789466	1.271636	-1.000000	-1.000000	-1.000000	-1.000000	0.000000	0.000000	0.000000	0.000000	0.000000	0.000000
W72	1444.579586	0.922115	-1.000000	-1.000000	-1.000000	-1.000000	0.000000	0.000000	0.000000	0.000000	0.000000	0.000000
W73	2188.363568	1.440002	-1.000000	-1.000000	-1.000000	-1.000000	0.000000	0.000000	0.000000	0.000000	0.000000	0.000000
W74	2406.217236	1.359360	-1.000000	-1.000000	-1.000000	-1.000000	0.000000	0.000000	0.000000	0.000000	0.000000	0.000000
W75	3025.162102	1.668654	-1.000000	-1.000000	-1.000000	-1.000000	0.000000	0.000000	0.000000	0.000000	0.000000	0.000000
W76	2813.364396	1.557494	-1.000000	-1.000000	-1.000000	-1.000000	0.000000	0.000000	0.000000	0.000000	0.000000	0.000000
W77	2048.514260	1.130475	-1.000000	-1.000000	-1.000000	-1.000000	0.000000	0.000000	0.000000	0.000000	0.000000	0.000000
W78	2718.037817	1.481664	-1.000000	-1.000000	-1.000000	-1.000000	0.000000	0.000000	0.000000	0.000000	0.000000	0.000000
W79	2568.137289	1.331600	-1.000000	-1.000000	-1.000000	-1.000000	0.000000	0.000000	0.000000	0.000000	0.000000	0.000000
W80	2608.095413	1.422817	-1.000000	-1.000000	-1.000000	-1.000000	0.000000	0.000000	0.000000	0.000000	0.000000	0.000000
W81	1855.008008	1.120538	-1.000000	-1.000000	-1.000000	-1.000000	0.000000	0.000000	0.000000	0.000000	0.000000	0.000000
W82	643.191329	0.462395	-1.000000	-1.000000	-1.000000	-1.000000	0.000000	0.000000	0.000000	0.000000	0.000000	0.000000
W83	1818.479151	1.068516	-1.000000	-1.000000	-1.000000	-1.000000	0.000000	0.000000	0.000000	0.000000	0.000000	0.000000
W84	1249.055002	0.756542	-1.000000	-1.000000	-1.000000	-1.000000	0.000000	0.000000	0.000000	0.000000	0.000000	0.000000
W85	1430.404050	0.892879	-1.000000	-1.000000	-1.000000	-1.000000	0.000000	0.000000	0.000000	0.000000	0.000000	0.000000
W86	790.238458	0.616300	-1.000000	-1.000000	-1.000000	-1.000000	0.000000	0.000000	0.000000	0.000000	0.000000	0.000000
W87	1896.570067	1.325633	-1.000000	-1.000000	-1.000000	-1.000000	0.000000	0.000000	0.000000	0.000000	0.000000	0.000000
W88	1843.770765	1.177534	-1.000000	-1.000000	-1.000000	-1.000000	0.000000	0.000000	0.000000	0.000000	0.000000	0.000000
W89	2239.948037	1.246379	-1.000000	-1.000000	-1.000000	-1.000000	0.000000	0.000000	0.000000	0.000000	0.000000	0.000000
W90	1497.079539	1.034988	-1.000000	-1.000000	-1.000000	-1.000000	0.000000	0.000000	0.000000	0.000000	0.000000	0.000000
W91	1189.085804	0.753824	-1.000000	-1.000000	-1.000000	-1.000000	0.000000	0.000000	0.000000	0.000000	0.000000	0.000000
W92	1528.302402	0.969446	-1.000000	-1.000000	-1.000000	-1.000000	0.000000	0.000000	0.000000	0.000000	0.000000	0.000000
W93	1445.577931	0.901568	-1.000000	-1.000000	-1.000000	-1.000000	0.000000	0.000000	0.000000	0.000000	0.000000	0.000000
W94	3495.435904	1.771742	-1.000000	-1.000000	-1.000000	-1.000000	0.000000	0.000000	0.000000	0.000000	0.000000	0.000000
W95	2099.471924	1.452677	-1.000000	-1.000000	-1.000000	-1.000000	0.000000	0.000000	0.000000	0.000000	0.000000	0.000000
W96	2041.414793	1.237747	-1.000000	-1.000000	-1.000000	-1.000000	0.000000	0.000000	0.000000	0.000000	0.000000	0.000000
W97	2613.886455	1.320379	-1.000000	-1.000000	-1.000000	-1.000000	0.000000	0.000000	0.000000	0.000000	0.000000	0.000000
W98	3011.752075	1.528600	-1.000000	-1.000000	-1.000000	-1.000000	0.000000	0.000000	0.000000	0.000000	0.000000	0.000000
W99	2739.227244	1.522445	-1.000000	-1.000000	-1.000000	-1.000000	0.000000	0.000000	0.000000	0.000000	0.000000	0.000000
W100	2664.089187	1.516038	-1.000000	-1.000000	-1.000000	-1.000000	0.000000	0.000000	0.000000	0.000000	0.000000	0.000000
W101	2809.982779	1.670329	-1.000000	-1.000000	-1.000000	-1.000000	0.000000	0.000000	0.000000	0.000000	0.000000	0.000000
W102	3124.407394	1.788832	-1.000000	-1.000000	-1.000000	-1.000000	0.000000	0.000000	0.000000	0.000000	0.000000	0.000000
W103	2988.595477	1.653042	-1.000000	-1.000000	-1.000000	-1.000000	0.000000	0.000000	0.000000	0.000000	0.000000	0.000000
W104	2455.392996	1.437400	-1.000000	-1.000000	-1.000000	-1.000000	0.000000	0.000000	0.000000	0.000000	0.000000	0.000000
W105	2804.257067	1.893599	-1.000000	-1.000000	-1.000000	-1.000000	0.000000	0.000000	0.000000	0.000000	0.000000	0.000000
W106	2143.933976	1.361861	-1.000000	-1.000000	-1.000000	-1.000000	0.000000	0.000000	0.000000	0.000000	0.000000	0.000000
W107	3252.967394	2.019581	-1.000000	-1.000000	-1.000000	-1.000000	0.000000	0.000000	0.000000	0.000000	0.000000	0.000000
W108	3258.218079	1.790093	-1.000000	-1.000000	-1.000000	-1.000000	0.000000	0.000000	0.000000	0.000000	0.000000	0.000000
W109	2724.128998	1.742057	-1.000000	-1.000000	-1.000000	-1.000000	0.000000	0.000000	0.000000	0.000000	0.000000	0.000000
W110	2361.593174	1.551227	-1.000000	-1.000000	-1.000000	-1.000000	0.000000	0.000000	0.000000	0.000000	0.000000	0.000000
W111	2298.286502	1.449121	-1.000000	-1.000000	-1.000000	-1.000000	0.000000	0.000000	0.000000	0.000000	0.000000	0.000000
W112	2510.405309	1.569951	-1.000000	-1.000000	-1.000000	-1.000000	0.000000	0.000000	0.000000	0.000000	0.000000	0.000000
W113	1810.480143	1.277021	-1.000000	-1.000000	-1.000000	-1.000000	0.000000	0.000000	0.000000	0.000000	0.000000	0.000000
W114	2025.002822	1.181232	-1.000000	-1.000000	-1.000000	-1.000000	0.000000	0.000000	0.000000	0.000000	0.000000	0.000000
W115	2235.282175	1.502799	-1.000000	-1.000000	-1.000000	-1.000000	0.000000	0.000000	0.000000	0.000000	0.000000	0.000000
W116	1274.503728	0.922071	-1.000000	-1.000000	-1.000000	-1.000000	0.000000	0.000000	0.000000	0.000000	0.000000	0.000000
W117	1503.576671	0.960243	-1.000000	-1.000000	-1.000000	-1.000000	0.000000	0.000000	0.000000	0.000000	0.000000	0.000000
W118	3041.740315	1.924377	-1.000000	-1.000000	-1.000000	-1.000000	0.000000	0.000000	0.000000	0.000000	0.000000	0.000000
W119	1578.355938	1.064613	-1.000000	-1.000000	-1.000000	-1.000000	0.000000	0.000000	0.000000	0.000000	0.000000	0.000000
W120	1390.021751	0.970897	-1.000000	-1.000000	-1.000000	-1.000000	0.000000	0.000000	0.000000	0.000000	0.000000	0.000000
W121	2765.262822	1.878778	-1.000000	-1.000000	-1.000000	-1.000000	0.000000	0.000000	0.000000	0.000000	0.000000	0.000000
W122	3148.755637	1.522894	-1.000000	-1.000000	-1.000000	-1.000000	0.000000	0.000000	0.000000	0.000000	0.000000	0.000000
W123	3164.805238	1.902503	-1.000000	-1.000000	-1.000000	-1.000000	0.000000	0.000000	0.000000	0.000000	0.000000	0.000000
W124	2243.965516	1.502254	-1.000000	-1.000000	-1.000000	-1.000000	0.000000	0.000000	0.000000	0.000000	0.000000	0.000000
W125	2326.542585	1.526782	-1.000000	-1.000000	-1.000000	-1.000000	0.000000	0.000000	0.000000	0.000000	0.000000	0.000000
W126	1693.750208	1.086221	-1.000000	-1.000000	-1.000000	-1.000000	0.000000	0.000000	0.000000	0.000000	0.000000	0.000000
W127	1530.796883	1.044627	-1.000000	-1.000000	-1.000000	-1.000000	0.000000	0.000000	0.000000	0.000000	0.000000	0.000000
W128	2177.111079	1.278936	-1.000000	-1.000000	-1.000000	-1.000000	0.000000	0.000000	0.000000	0.000000	0.000000	0.000000
W129	3287.199431	1.750304	-1.000000	-1.000000	-1.000000	-1.000000	0.000000	0.000000	0.000000	0.000000	0.000000	0.000000
W130	1336.296063	1.010689	-1.000000	-1.000000	-1.000000	-1.000000	0.000000	0.000000	0.000000	0.000000	0.000000	0.000000
W131	2446.417434	1.303166	-1.000000	-1.000000	-1.000000	-1.000000	0.000000	0.000000	0.000000	0.000000	0.000000	0.000000
W132	2217.934196	1.246259	-1.000000	-1.000000	-1.000000	-1.000000	0.000000	0.000000	0.000000	0.000000	0.000000	0.000000
W133	3298.353443	1.849423	-1.000000	-1.000000	-1.000000	-1.000000	0.000000	0.000000	0.000000	0.000000	0.000000	0.000000
W134	2083.607215	1.335834	-1.000000	-1.000000	-1.000000	-1.000000	0.000000	0.000000	0.000000	0.000000	0.000000	0.000000
W135	2817.750997	1.433873	-1.000000	-1.000000	-1.000000	-1.000000	0.000000	0.000000	0.000000	0.000000	0.000000	0.000000
W136	3125.217510	2.017732	-1.000000	-1.000000	-1.000000	-1.000000	0.000000	0.000000	0.000000	0.000000	0.000000	0.000000
W137	2802.531720	1.591885	-1.000000	-1.000000	-1.000000	-1.000000	0.000000	0.000000	0.000000	0.000000	0.000000	0.000000
W138	4096.257405	2.516397	-1.000000	-1.000000	-1.000000	-1.000000	0.000000	0.000000	0.000000	0.000000	0.000000	0.000000
W139	1844.505790	1.156396	-1.000000	-1.000000	-1.000000	-1.000000	0.000000	0.000000	0.000000	0.000000	0.000000	0.000000
W140	2147.990375	1.180308	-1.000000	-1.000000	-1.000000	-1.000000	0.000000	0.000000	0.000000	0.000000	0.000000	0.000000
W141	2405.551837	1.555826	-1.000000	-1.000000	-1.000000	-1.000000	0.000000	0.000000	0.000000	0.000000	0.000000	0.000000
W142	2833.987300	1.687013	-1.000000	-1.000000	-1.000000	-1.000000	0.000000	0.000000	0.000000	0.000000	0.000000	0.000000
W143	3228.849897	1.683055	-1.000000	-1.000000	-1.000000	-1.000000	0.000000	0.000000	0.000000	0.000000	0.000000	0.000000
W144	2334.435124	1.360145	-1.000000	-1.000000	-1.000000	-1.000000	0.000000	0.000000	0.000000	0.000000	0.000000	0.000000
W145	1666.047607	1.134531	-1.000000	-1.000000	-1.000000	-1.000000	0.000000	0.000000	0.000000	0.000000	0.000000	0.000000
W146	1701.104283	0.989505	-1.000000	-1.000000	-1.000000	-1.000000	0.000000	0.000000	0.000000	0.000000	0.000000	0.000000
W147	1459.219499	1.093878	-1.000000	-1.000000	-1.000000	-1.000000	0.000000	0.000000	0.000000	0.000000	0.000000	0.000000
W148	3898.406749	1.938579	-1.000000	-1.000000	-1.000000	-1.000000	0.000000	0.000000	0.000000	0.000000	0.000000	0.000000
W149	1572.978601	0.901727	-1.000000	-1.000000	-1.000000	-1.000000	0.000000	0.000000	0.000000	0.000000	0.000000	0.000000
W150	1297.231116	0.838773	-1.000000	-1.000000	-1.000000	-1.000000	0.000000	0.000000	0.000000	0.000000	0.000000	0.000000
W151	1432.418794	1.023032	-1.000000	-1.000000	-1.000000	-1.000000	0.000000	0.000000	0.000000	0.000000	0.000000	0.000000
W152	2776.863483	1.575194	-1.000000	-1.000000	-1.000000	-1.000000	0.000000	0.000000	0.000000	0.000000	0.000000	0.000000
W153	1938.779545	1.216716	-1.000000	-1.000000	-1.000000	-1.000000	0.000000	0.000000	0.000000	0.000000	0.000000	0.000000
W154	1741.379279	1.146705	-1.000000	-1.000000	-1.000000	-1.000000	0.000000	0.000000	0.000000	0.000000	0.000000	0.000000
W155	2399.449917	1.429034	-1.000000	-1.000000	-1.000000	-1.000000	0.000000	0.000000	0.000000	0.000000	0.000000	0.000000
W156	1275.705563	1.051688	-1.000000	-1.000000	-1.000000	-1.000000	0.000000	0.000000	0.000000	0.000000	0.000000	0.000000
W157	2009.579757	1.341783	-1.000000	-1.000000	-1.000000	-1.000000	0.000000	0.000000	0.000000	0.000000	0.000000	0.000000
W158	2064.677225	1.265550	-1.000000	-1.000000	-1.000000	-1.000000	0.000000	0.000000	0.000000	0.000000	0.000000	0.000000
W159	2044.312179	1.265609	-1.000000	-1.000000	-1.000000	-1.000000	0.000000	0.000000	0.000000	0.000000	0.000000	0.000000
W160	1183.108097	0.817601	-1.000000	-1.000000	-1.000000	-1.000000	0.000000	0.000000	0.000000	0.000000	0.000000	0.000000
W161	2037.928862	1.123411	-1.000000	-1.000000	-1.000000	-1.000000	0.000000	0.000000	0.000000	0.000000	0.000000	0.000000
W162	1309.098386	0.747002	-1.000000	-1.000000	-1.000000	-1.000000	0.000000	0.000000	0.000000	0.000000	0.000000	0.000000
W163	2059.651602	1.173602	-1.000000	-1.000000	-1.000000	-1.000000	0.000000	0.000000	0.000000	0.000000	0.000000	0.000000
W164	2011.383987	0.839686	-1.000000	-1.000000	-1.000000	-1.000000	0.000000	0.000000	0.000000	0.000000	0.000000	0.000000
W165	2723.919179	1.288171	-1.000000	-1.000000	-1.000000	-1.000000	0.000000	0.000000	0.000000	0.000000	0.000000	0.000000
W166	1521.622306	1.129745	-1.000000	-1.000000	-1.000000	-1.000000	0.000000	0.000000	0.000000	0.000000	0.000000	0.000000
W167	1433.713602	1.118755	-1.000000	-1.000000	-1.000000	-1.000000	0.000000	0.000000	0.000000	0.000000	0.000000	0.000000
W168	1661.279200	1.203664	-1.000000	-1.000000	-1.000000	-1.000000	0.000000	0.000000	0.000000	0.000000	0.000000	0.000000
W169	2321.554128	1.407668	-1.000000	-1.000000	-1.000000	-1.000000	0.000000	0.000000	0.000000	0.000000	0.000000	0.000000
W170	1825.362632	1.053216	-1.000000	-1.000000	-1.000000	-1.000000	0.000000	0.000000	0.000000	0.000000	0.000000	0.000000
W171	4229.850923	2.971781	-1.000000	-1.000000	-1.000000	-1.000000	0.000000	0.000000	0.000000	0.000000	0.000000	0.000000
W172	1615.509014	1.322854	-1.000000	-1.000000	-1.000000	-1.000000	0.000000	0.000000	0.000000	0.000000	0.000000	0.000000
W173	2655.957043	1.509741	-1.000000	-1.000000	-1.000000	-1.000000	0.000000	0.000000	0.000000	0.000000	0.000000	0.000000
W174	1950.387884	1.244799	-1.000000	-1.000000	-1.000000	-1.000000	0.000000	0.000000	0.000000	0.000000	0.000000	0.000000
W175	3343.662681	2.349312	-1.000000	-1.000000	-1.000000	-1.000000	0.000000	0.000000	0.000000	0.000000	0.000000	0.000000
W176	3102.504098	1.967404	-1.000000	-1.000000	-1.000000	-1.000000	0.000000	0.000000	0.000000	0.000000	0.000000	0.000000
W177	3472.972682	1.836644	-1.000000	-1.000000	-1.000000	-1.000000	0.000000	0.000000	0.000000	0.000000	0.000000	0.000000
W178	3154.675497	1.974572	-1.000000	-1.000000	-1.000000	-1.000000	0.000000	0.000000	0.000000	0.000000	0.000000	0.000000
W179	2354.102117	1.453318	-1.000000	-1.000000	-1.000000	-1.000000	0.000000	0.000000	0.000000	0.000000	0.000000	0.000000
W180	2468.367647	1.377299	-1.000000	-1.000000	-1.000000	-1.000000	0.000000	0.000000	0.000000	0.000000	0.000000	0.000000
W181	2167.481044	1.446286	-1.000000	-1.000000	-1.000000	-1.000000	0.000000	0.000000	0.000000	0.000000	0.000000	0.000000
W182	2112.125096	1.345143	-1.000000	-1.000000	-1.000000	-1.000000	0.000000	0.000000	0.000000	0.000000	0.000000	0.000000
W183	1486.874416	1.105625	-1.000000	-1.000000	-1.000000	-1.000000	0.000000	0.000000	0.000000	0.000000	0.000000	0.000000
W184	2138.390739	1.438360	-1.000000	-1.000000	-1.000000	-1.000000	0.000000	0.000000	0.000000	0.000000	0.000000	0.000000
W185	3006.807958	1.566980	-1.000000	-1.000000	-1.000000	-1.000000	0.000000	0.000000	0.000000	0.000000	0.000000	0.000000
W186	2110.845431	1.281594	-1.000000	-1.000000	-1.000000	-1.000000	0.000000	0.000000	0.000000	0.000000	0.000000	0.000000
W187	1673.594794	1.225022	-1.000000	-1.000000	-1.000000	-1.000000	0.000000	0.000000	0.000000	0.000000	0.000000	0.000000
W188	1807.721718	1.394205	-1.000000	-1.000000	-1.000000	-1.000000	0.000000	0.000000	0.000000	0.000000	0.000000	0.000000
W189	2402.062945	1.490160	-1.000000	-1.000000	-1.000000	-1.000000	0.000000	0.000000	0.000000	0.000000	0.000000	0.000000
W190	2334.181924	1.554490	-1.000000	-1.000000	-1.000000	-1.000000	0.000000	0.000000	0.000000	0.000000	0.000000	0.000000
W191	2470.995095	1.399520	-1.000000	-1.000000	-1.000000	-1.000000	0.000000	0.000000	0.000000	0.000000	0.000000	0.000000
W192	2059.670563	1.271389	-1.000000	-1.000000	-1.000000	-1.000000	0.000000	0.000000	0.000000	0.000000	0.000000	0.000000
W193	1592.471206	1.095336	-1.000000	-1.000000	-1.000000	-1.000000	0.000000	0.000000	0.000000	0.000000	0.000000	0.000000
W194	2670.396958	2.133546	-1.000000	-1.000000	-1.000000	-1.000000	0.000000	0.000000	0.000000	0.000000	0.000000	0.000000
W195	2863.491417	1.816761	-1.000000	-1.000000	-1.000000	-1.000000	0.000000	0.000000	0.000000	0.000000	0.000000	0.000000
W196	1545.486013	0.979706	-1.000000	-1.000000	-1.000000	-1.000000	0.000000	0.000000	0.000000	0.000000	0.000000	0.000000
W197	3131.017535	1.786312	-1.000000	-1.000000	-1.000000	-1.000000	0.000000	0.000000	0.000000	0.000000	0.000000	0.000000
W198	3332.304463	1.977990	-1.000000	-1.000000	-1.000000	-1.000000	0.000000	0.000000	0.000000	0.000000	0.000000	0.000000
W199	1430.400972	0.674913	-1.000000	-1.000000	-1.000000	-1.000000	0.000000	0.000000	0.000000	0.000000	0.000000	0.000000
W200	1366.008424	0.870903	-1.000000	-1.000000	-1.000000	-1.000000	0.000000	0.000000	0.000000	0.000000	0.000000	0.000000
W201	3129.815962	1.986341	-1.000000	-1.000000	-1.000000	-1.000000	0.000000	0.000000	0.000000	0.000000	0.000000	0.000000
W202	1863.893638	1.113137	-1.000000	-1.000000	-1.000000	-1.000000	0.000000	0.000000	0.000000	0.000000	0.000000	0.000000
W203	2878.567958	1.797589	-1.000000	-1.000000	-1.000000	-1.000000	0.000000	0.000000	0.000000	0.000000	0.000000	0.000000
W204	2541.957349	1.596028	-1.000000	-1.000000	-1.000000	-1.000000	0.000000	0.000000	0.000000	0.000000	0.000000	0.000000
W205	3748.571968	2.540421	-1.000000	-1.000000	-1.000000	-1.000000	0.000000	0.000000	0.000000	0.000000	0.000000	0.000000
W206	2451.333753	1.601695	-1.000000	-1.000000	-1.000000	-1.000000	0.000000	0.000000	0.000000	0.000000	0.000000	0.000000
W207	3155.003562	1.833077	-1.000000	-1.000000	-1.000000	-1.000000	0.000000	0.000000	0.000000	0.000000	0.000000	0.000000
W208	3128.350415	1.764138	-1.000000	-1.000000	-1.000000	-1.000000	0.000000	0.000000	0.000000	0.000000	0.000000	0.000000
W209	2272.844133	1.420739	-1.000000	-1.000000	-1.000000	-1.000000	0.000000	0.000000	0.000000	0.000000	0.000000	0.000000
W210	2221.194722	1.344529	-1.000000	-1.000000	-1.000000	-1.000000	0.000000	0.000000	0.000000	0.000000	0.000000	0.000000
W211	3349.157420	1.852310	-1.000000	-1.000000	-1.000000	-1.000000	0.000000	0.000000	0.000000	0.000000	0.000000	0.000000
W212	2694.757084	1.705871	-1.000000	-1.000000	-1.000000	-1.000000	0.000000	0.000000	0.000000	0.000000	0.000000	0.000000
W213	3545.096750	1.850514	-1.000000	-1.000000	-1.000000	-1.000000	0.000000	0.000000	0.000000	0.000000	0.000000	0.000000
W214	3067.706937	1.705651	-1.000000	-1.000000	-1.000000	-1.000000	0.000000	0.000000	0.000000	0.000000	0.000000	0.000000
W215	3905.358411	2.144284	-1.000000	-1.000000	-1.000000	-1.000000	0.000000	0.000000	0.000000	0.000000	0.000000	0.000000
W216	2979.827233	1.635316	-1.000000	-1.000000	-1.000000	-1.000000	0.000000	0.000000	0.000000	0.000000	0.000000	0.000000
W217	2174.997643	1.372319	-1.000000	-1.000000	-1.000000	-1.000000	0.000000	0.000000	0.000000	0.000000	0.000000	0.000000
W218	1546.564922	1.199320	-1.000000	-1.000000	-1.000000	-1.000000	0.000000	0.000000	0.000000	0.000000	0.000000	0.000000
W219	2965.354532	1.626480	-1.000000	-1.000000	-1.000000	-1.000000	0.000000	0.000000	0.000000	0.000000	0.000000	0.000000
W220	3425.867434	1.919850	-1.000000	-1.000000	-1.000000	-1.000000	0.000000	0.000000	0.000000	0.000000	0.000000	0.000000
W221	3127.798917	1.692868	-1.000000	-1.000000	-1.000000	-1.000000	0.000000	0.000000	0.000000	0.000000	0.000000	0.000000
W222	1922.130971	1.141636	-1.000000	-1.000000	-1.000000	-1.000000	0.000000	0.000000	0.000000	0.000000	0.000000	0.000000
W223	1936.296052	1.169013	-1.000000	-1.000000	-1.000000	-1.000000	0.000000	0.000000	0.000000	0.000000	0.000000	0.000000
W224	2837.044523	1.635864	-1.000000	-1.000000	-1.000000	-1.000000	0.000000	0.000000	0.000000	0.000000	0.000000	0.000000
W225	2327.419837	1.578118	-1.000000	-1.000000	-1.000000	-1.000000	0.000000	0.000000	0.000000	0.000000	0.000000	0.000000
W226	1923.802812	1.573024	-1.000000	-1.000000	-1.000000	-1.000000	0.000000	0.000000	0.000000	0.000000	0.000000	0.000000
W227	3157.288750	1.809098	-1.000000	-1.000000	-1.000000	-1.000000	0.000000	0.000000	0.000000	0.000000	0.000000	0.000000
W228	1503.023181	1.098142	-1.000000	-1.000000	-1.000000	-1.000000	0.000000	0.000000	0.000000	0.000000	0.000000	0.000000
W229	2909.113948	1.891029	-1.000000	-1.000000	-1.000000	-1.000000	0.000000	0.000000	0.000000	0.000000	0.000000	0.000000
W230	4535.738015	2.953470	-1.000000	-1.000000	-1.000000	-1.000000	0.000000	0.000000	0.000000	0.000000	0.000000	0.000000
W231	1745.269447	1.226932	-1.000000	-1.000000	-1.000000	-1.000000	0.000000	0.000000	0.000000	0.000000	0.000000	0.000000
W232	2795.936950	1.571221	-1.000000	-1.000000	-1.000000	-1.000000	0.000000	0.000000	0.000000	0.000000	0.000000	0.000000
W233	2803.516328	1.646637	-1.000000	-1.000000	-1.000000	-1.000000	0.000000	0.000000	0.000000	0.000000	0.000000	0.000000
W234	1907.899911	1.247210	-1.000000	-1.000000	-1.000000	-1.000000	0.000000	0.000000	0.000000	0.000000	0.000000	0.000000
W235	2650.958255	1.475785	-1.000000	-1.000000	-1.000000	-1.000000	0.000000	0.000000	0.000000	0.000000	0.000000	0.000000
W236	4198.423225	2.352782	-1.000000	-1.000000	-1.000000	-1.000000	0.000000	0.000000	0.000000	0.000000	0.000000	0.000000
W237	1938.038164	1.150268	-1.000000	-1.000000	-1.000000	-1.000000	0.000000	0.000000	0.000000	0.000000	0.000000	0.000000
W238	3934.677066	2.052717	-1.000000	-1.000000	-1.000000	-1.000000	0.000000	0.000000	0.000000	0.000000	0.000000	0.000000
W239	2521.299406	1.608532	-1.000000	-1.000000	-1.000000	-1.000000	0.000000	0.000000	0.000000	0.000000	0.000000	0.000000
W240	3503.648899	1.630116	-1.000000	-1.000000	-1.000000	-1.000000	0.000000	0.000000	0.000000	0.000000	0.000000	0.000000
W241	1657.624831	1.240804	-1.000000	-1.000000	-1.000000	-1.000000	0.000000	0.000000	0.000000	0.000000	0.000000	0.000000
W242	2896.954747	1.821526	-1.000000	-1.000000	-1.000000	-1.000000	0.000000	0.000000	0.000000	0.000000	0.000000	0.000000
W243	1710.691527	1.114249	-1.000000	-1.000000	-1.000000	-1.000000	0.000000	0.000000	0.000000	0.000000	0.000000	0.000000
W244	1856.280108	1.308488	-1.000000	-1.000000	-1.000000	-1.000000	0.000000	0.000000	0.000000	0.000000	0.000000	0.000000
W245	3219.528166	1.936978	-1.000000	-1.000000	-1.000000	-1.000000	0.000000	0.000000	0.000000	0.000000	0.000000	0.000000
W246	3284.210909	1.806722	-1.000000	-1.000000	-1.000000	-1.000000	0.000000	0.000000	0.000000	0.000000	0.000000	0.000000
W247	1603.066095	1.112147	-1.000000	-1.000000	-1.000000	-1.000000	0.000000	0.000000	0.000000	0.000000	0.000000	0.000000
W248	3511.984378	1.922769	-1.000000	-1.000000	-1.000000	-1.000000	0.000000	0.000000	0.000000	0.000000	0.000000	0.000000
W249	4052.795278	2.444518	-1.000000	-1.000000	-1.000000	-1.000000	0.000000	0.000000	0.000000	0.000000	0.000000	0.000000
W250	3064.686510	1.774573	-1.000000	-1.000000	-1.000000	-1.000000	0.000000	0.000000	0.000000	0.000000	0.000000	0.000000
W251	2037.495454	1.532178	-1.000000	-1.000000	-1.000000	-1.000000	0.000000	0.000000	0.000000	0.000000	0.000000	0.000000
W252	2196.981510	1.422559	-1.000000	-1.000000	-1.000000	-1.000000	0.000000	0.000000	0.000000	0.000000	0.000000	0.000000
W253	3580.617372	2.231625	-1.000000	-1.000000	-1.000000	-1.000000	0.000000	0.000000	0.000000	0.000000	0.000000	0.000000
W254	4465.880496	2.234405	-1.000000	-1.000000	-1.000000	-1.000000	0.000000	0.000000	0.000000	0.000000	0.000000	0.000000
W255	2826.871592	1.760187	-1.000000	-1.000000	-1.000000	-1.000000	0.000000	0.000000	0.000000	0.000000	0.000000	0.000000
W256	2658.861937	1.923293	-1.000000	-1.000000	-1.000000	-1.000000	0.000000	0.000000	0.000000	0.000000	0.000000	0.000000
W257	3111.951043	1.820505	-1.000000	-1.000000	-1.000000	-1.000000	0.000000	0.000000	0.000000	0.000000	0.000000	0.000000
W258	3652.037466	2.069228	-1.000000	-1.000000	-1.000000	-1.000000	0.000000	0.000000	0.000000	0.000000	0.000000	0.000000
W259	2639.021450	1.761371	-1.000000	-1.000000	-1.000000	-1.000000	0.000000	0.000000	0.000000	0.000000	0.000000	0.000000
W260	2273.364949	1.506982	-1.000000	-1.000000	-1.000000	-1.000000	0.000000	0.000000	0.000000	0.000000	0.000000	0.000000
W261	2058.461474	1.245949	-1.000000	-1.000000	-1.000000	-1.000000	0.000000	0.000000	0.000000	0.000000	0.000000	0.000000
W262	2345.912309	1.348669	-1.000000	-1.000000	-1.000000	-1.000000	0.000000	0.000000	0.000000	0.000000	0.000000	0.000000
W263	3509.346900	2.408024	-1.000000	-1.000000	-1.000000	-1.000000	0.000000	0.000000	0.000000	0.000000	0.000000	0.000000
W264	2644.519953	1.547030	-1.000000	-1.000000	-1.000000	-1.000000	0.000000	0.000000	0.000000	0.000000	0.000000	0.000000
W265	3189.544325	1.836347	-1.000000	-1.000000	-1.000000	-1.000000	0.000000	0.000000	0.000000	0.000000	0.000000	0.000000
W266	2618.741374	1.408959	-1.000000	-1.000000	-1.000000	-1.000000	0.000000	0.000000	0.000000	0.000000	0.000000	0.000000
W267	2739.021623	1.669604	-1.000000	-1.000000	-1.000000	-1.000000	0.000000	0.000000	0.000000	0.000000	0.000000	0.000000
W268	1968.590022	1.252593	-1.000000	-1.000000	-1.000000	-1.000000	0.000000	0.000000	0.000000	0.000000	0.000000	0.000000
W269	2191.777701	1.495794	-1.000000	-1.000000	-1.000000	-1.000000	0.000000	0.000000	0.000000	0.000000	0.000000	0.000000
W270	2297.676126	1.752611	-1.000000	-1.000000	-1.000000	-1.000000	0.000000	0.000000	0.000000	0.000000	0.000000	0.000000
W271	3056.047824	1.615159	-1.000000	-1.000000	-1.000000	-1.000000	0.000000	0.000000	0.000000	0.000000	0.000000	0.000000
W272	2889.700620	1.647703	-1.000000	-1.000000	-1.000000	-1.000000	0.000000	0.000000	0.000000	0.000000	0.000000	0.000000
W273	4325.580526	2.383803	-1.000000	-1.000000	-1.000000	-1.000000	0.000000	0.000000	0.000000	0.000000	0.000000	0.000000
W274	2778.628607	1.491115	-1.000000	-1.000000	-1.000000	-1.000000	0.000000	0.000000	0.000000	0.000000	0.000000	0.000000
W275	3199.017044	1.662668	-1.000000	-1.000000	-1.000000	-1.000000	0.000000	0.000000	0.000000	0.000000	0.000000	0.000000
W276	2807.515697	1.458315	-1.000000	-1.000000	-1.000000	-1.000000	0.000000	0.000000	0.000000	0.000000	0.000000	0.000000
W277	1866.490215	1.212828	-1.000000	-1.000000	-1.000000	-1.000000	0.000000	0.000000	0.000000	0.000000	0.000000	0.000000
W278	2683.392750	1.601644	-1.000000	-1.000000	-1.000000	-1.000000	0.000000	0.000000	0.000000	0.000000	0.000000	0.000000
W279	2028.371647	1.189893	-1.000000	-1.000000	-1.000000	-1.000000	0.000000	0.000000	0.000000	0.000000	0.000000	0.000000
W280	2191.383751	1.436407	-1.000000	-1.000000	-1.000000	-1.000000	0.000000	0.000000	0.000000	0.000000	0.000000	0.000000
W281	2121.576731	1.422004	-1.000000	-1.000000	-1.000000	-1.000000	0.000000	0.000000	0.000000	0.000000	0.000000	0.000000
W282	2732.797940	1.592783	-1.000000	-1.000000	-1.000000	-1.000000	0.000000	0.000000	0.000000	0.000000	0.000000	0.000000
W283	2207.488741	1.434956	-1.000000	-1.000000	-1.000000	-1.000000	0.000000	0.000000	0.000000	0.000000	0.000000	0.000000
W284	1601.693313	1.184079	-1.000000	-1.000000	-1.000000	-1.000000	0.000000	0.000000	0.000000	0.000000	0.000000	0.000000
W285	2150.754398	1.383392	-1.000000	-1.000000	-1.000000	-1.000000	0.000000	0.000000	0.000000	0.000000	0.000000	0.000000
W286	3996.095608	1.993585	-1.000000	-1.000000	-1.000000	-1.000000	0.000000	0.000000	0.000000	0.000000	0.000000	0.000000
W287	2022.629706	1.236082	-1.000000	-1.000000	-1.000000	-1.000000	0.000000	0.000000	0.000000	0.000000	0.000000	0.000000
W288	4576.326199	2.485232	-1.000000	-1.000000	-1.000000	-1.000000	0.000000	0.000000	0.000000	0.000000	0.000000	0.000000
W289	3857.449750	2.095093	-1.000000	-1.000000	-1.000000	-1.000000	0.000000	0.000000	0.000000	0.000000	0.000000	0.000000
W290	3060.518947	1.715946	-1.000000	-1.000000	-1.000000	-1.000000	0.000000	0.000000	0.000000	0.000000	0.000000	0.000000
W291	3067.988215	2.251065	-1.000000	-1.000000	-1.000000	-1.000000	0.000000	0.000000	0.000000	0.000000	0.000000	0.000000
W292	2308.669633	1.460745	-1.000000	-1.000000	-1.000000	-1.000000	0.000000	0.000000	0.000000	0.000000	0.000000	0.000000
W293	2458.845960	1.605395	-1.000000	-1.000000	-1.000000	-1.000000	0.000000	0.000000	0.000000	0.000000	0.000000	0.000000
W294	1694.229735	1.369607	-1.000000	-1.000000	-1.000000	-1.000000	0.000000	0.000000	0.000000	0.000000	0.000000	0.000000
W295	4261.023429	2.326047	-1.000000	-1.000000	-1.000000	-1.000000	0.000000	0.000000	0.000000	0.000000	0.000000	0.000000
W296	3035.053518	1.798927	-1.000000	-1.000000	-1.000000	-1.000000	0.000000	0.000000	0.000000	0.000000	0.000000	0.000000
W297	3613.309239	1.940317	-1.000000	-1.000000	-1.000000	-1.000000	0.000000	0.000000	0.000000	0.000000	0.000000	0.000000
W298	3060.193386	1.722661	-1.000000	-1.000000	-1.000000	-1.000000	0.000000	0.000000	0.000000	0.000000	0.000000	0.000000
W299	3499.788099	1.933052	-1.000000	-1.000000	-1.000000	-1.000000	0.000000	0.000000	0.000000	0.000000	0.000000	0.000000
W300	2674.212964	1.748880	-1.000000	-1.000000	-1.000000	-1.000000	0.000000	0.000000	0.000000	0.000000	0.000000	0.000000
W301	2011.235926	1.359536	-1.000000	-1.000000	-1.000000	-1.000000	0.000000	0.000000	0.000000	0.000000	0.000000	0.000000
W302	1904.756022	1.259102	-1.000000	-1.000000	-1.000000	-1.000000	0.000000	0.000000	0.000000	0.000000	0.000000	0.000000
W303	2983.736358	1.871619	-1.000000	-1.000000	-1.000000	-1.000000	0.000000	0.000000	0.000000	0.000000	0.000000	0.000000
W304	2816.056451	1.687652	-1.000000	-1.000000	-1.000000	-1.000000	0.000000	0.000000	0.000000	0.000000	0.000000	0.000000
W305	2931.539035	2.220173	-1.000000	-1.000000	-1.000000	-1.000000	0.000000	0.000000	0.000000	0.000000	0.000000	0.000000
W306	1174.530399	1.055975	-1.000000	-1.000000	-1.000000	-1.000000	0.000000	0.000000	0.000000	0.000000	0.000000	0.000000
W307	2959.482045	1.578060	-1.000000	-1.000000	-1.000000	-1.000000	0.000000	0.000000	0.000000	0.000000	0.000000	0.000000
W308	4060.932981	2.129177	-1.000000	-1.000000	-1.000000	-1.000000	0.000000	0.000000	0.000000	0.000000	0.000000	0.000000
W309	2589.477583	1.487675	-1.000000	-1.000000	-1.000000	-1.000000	0.000000	0.000000	0.000000	0.000000	0.000000	0.000000
W310	1719.044434	1.069954	-1.000000	-1.000000	-1.000000	-1.000000	0.000000	0.000000	0.000000	0.000000	0.000000	0.000000
W311	2019.941963	1.480733	-1.000000	-1.000000	-1.000000	-1.000000	0.000000	0.000000	0.000000	0.000000	0.000000	0.000000
W312	2216.057456	1.628027	-1.000000	-1.000000	-1.000000	-1.000000	0.000000	0.000000	0.000000	0.000000	0.000000	0.000000
W313	1997.396097	1.320205	-1.000000	-1.000000	-1.000000	-1.000000	0.000000	0.000000	0.000000	0.000000	0.000000	0.000000
W314	2328.541441	1.619348	-1.000000	-1.000000	-1.000000	-1.000000	0.000000	0.000000	0.000000	0.000000	0.000000	0.000000
W315	3887.738148	2.264516	-1.000000	-1.000000	-1.000000	-1.000000	0.000000	0.000000	0.000000	0.000000	0.000000	0.000000
W316	2282.044870	1.443576	-1.000000	-1.000000	-1.000000	-1.000000	0.000000	0.000000	0.000000	0.000000	0.000000	0.000000
W317	2279.102939	1.350066	-1.000000	-1.000000	-1.000000	-1.000000	0.000000	0.000000	0.000000	0.000000	0.000000	0.000000
W318	2131.497443	1.292192	-1.000000	-1.000000	-1.000000	-1.000000	0.000000	0.000000	0.000000	0.000000	0.000000	0.000000
W319	3003.986264	1.443553	-1.000000	-1.000000	-1.000000	-1.000000	0.000000	0.000000	0.000000	0.000000	0.000000	0.000000
W320	2755.303585	1.575183	-1.000000	-1.000000	-1.000000	-1.000000	0.000000	0.000000	0.000000	0.000000	0.000000	0.000000
W321	1591.208302	1.158498	-1.000000	-1.000000	-1.000000	-1.000000	0.000000	0.000000	0.000000	0.000000	0.000000	0.000000
W322	2265.184428	1.429899	-1.000000	-1.000000	-1.000000	-1.000000	0.000000	0.000000	0.000000	0.000000	0.000000	0.000000
W323	2119.057116	1.179862	-1.000000	-1.000000	-1.000000	-1.000000	0.000000	0.000000	0.000000	0.000000	0.000000	0.000000
W324	1654.634537	0.983894	-1.000000	-1.000000	-1.000000	-1.000000	0.000000	0.000000	0.000000	0.000000	0.000000	0.000000
W325	2941.726692	1.482595	-1.000000	-1.000000	-1.000000	-1.000000	0.000000	0.000000	0.000000	0.000000	0.000000	0.000000
W326	2380.498448	1.253100	-1.000000	-1.000000	-1.000000	-1.000000	0.000000	0.000000	0.000000	0.000000	0.000000	0.000000
W327	2919.817629	1.560951	-1.000000	-1.000000	-1.000000	-1.000000	0.000000	0.000000	0.000000	0.000000	0.000000	0.000000
W328	2894.061088	1.754556	-1.000000	-1.000000	-1.000000	-1.000000	0.000000	0.000000	0.000000	0.000000	0.000000	0.000000
W329	1490.546716	1.098337	-1.000000	-1.000000	-1.000000	-1.000000	0.000000	0.000000	0.000000	0.000000	0.000000	0.000000
W330	3174.699568	1.789257	-1.000000	-1.000000	-1.000000	-1.000000	0.000000	0.000000	0.000000	0.000000	0.000000	0.000000
W331	3328.784621	2.053473	-1.000000	-1.000000	-1.000000	-1.000000	0.000000	0.000000	0.000000	0.000000	0.000000	0.000000
W332	3413.273918	1.881218	-1.000000	-1.000000	-1.000000	-1.000000	0.000000	0.000000	0.000000	0.000000	0.000000	0.000000
W333	2098.445001	1.567179	-1.000000	-1.000000	-1.000000	-1.000000	0.000000	0.000000	0.000000	0.000000	0.000000	0.000000
W334	2541.529574	1.527167	-1.000000	-1.000000	-1.000000	-1.000000	0.000000	0.000000	0.000000	0.000000	0.000000	0.000000
W335	1749.265422	1.708842	-1.000000	-1.000000	-1.000000	-1.000000	0.000000	0.000000	0.000000	0.000000	0.000000	0.000000
W336	3477.027434	1.740930	-1.000000	-1.000000	-1.000000	-1.000000	0.000000	0.000000	0.000000	0.000000	0.000000	0.000000
W337	2476.170633	1.618867	-1.000000	-1.000000	-1.000000	-1.000000	0.000000	0.000000	0.000000	0.000000	0.000000	0.000000
W338	2080.875125	1.332941	-1.000000	-1.000000	-1.000000	-1.000000	0.000000	0.000000	0.000000	0.000000	0.000000	0.000000
W339	1082.627099	0.866719	-1.000000	-1.000000	-1.000000	-1.000000	0.000000	0.000000	0.000000	0.000000	0.000000	0.000000
W340	2705.987460	1.741136	-1.000000	-1.000000	-1.000000	-1.000000	0.000000	0.000000	0.000000	0.000000	0.000000	0.000000
W341	2537.313202	1.804293	-1.000000	-1.000000	-1.000000	-1.000000	0.000000	0.000000	0.000000	0.000000	0.000000	0.000000
W342	1118.056807	0.809669	-1.000000	-1.000000	-1.000000	-1.000000	0.000000	0.000000	0.000000	0.000000	0.000000	0.000000
W343	2322.355654	1.340541	-1.000000	-1.000000	-1.000000	-1.000000	0.000000	0.000000	0.000000	0.000000	0.000000	0.000000
W344	2408.424476	1.449149	-1.000000	-1.000000	-1.000000	-1.000000	0.000000	0.000000	0.000000	0.000000	0.000000	0.000000
W345	2341.161620	1.292709	-1.000000	-1.000000	-1.000000	-1.000000	0.000000	0.000000	0.000000	0.000000	0.000000	0.000000
W346	3214.017698	1.689194	-1.000000	-1.000000	-1.000000	-1.000000	0.000000	0.000000	0.000000	0.000000	0.000000	0.000000
W347	2944.376361	1.483464	-1.000000	-1.000000	-1.000000	-1.000000	0.000000	0.000000	0.000000	0.000000	0.000000	0.000000
W348	2637.162751	1.562171	-1.000000	-1.000000	-1.000000	-1.000000	0.000000	0.000000	0.000000	0.000000	0.000000	0.000000
W349	1730.276535	1.238555	-1.000000	-1.000000	-1.000000	-1.000000	0.000000	0.000000	0.000000	0.000000	0.000000	0.000000
W350	2608.797641	1.482556	-1.000000	-1.000000	-1.000000	-1.000000	0.000000	0.000000	0.000000	0.000000	0.000000	0.000000
W351	1744.572655	1.179196	-1.000000	-1.000000	-1.000000	-1.000000	0.000000	0.000000	0.000000	0.000000	0.000000	0.000000
W352	2863.918068	1.769288	-1.000000	-1.000000	-1.000000	-1.000000	0.000000	0.000000	0.000000	0.000000	0.000000	0.000000
W353	2143.729209	1.422634	-1.000000	-1.000000	-1.000000	-1.000000	0.000000	0.000000	0.000000	0.000000	0.000000	0.000000
W354	2558.284381	1.739498	-1.000000	-1.000000	-1.000000	-1.000000	0.000000	0.000000	0.000000	0.000000	0.000000	0.000000
W355	2088.796869	1.243525	-1.000000	-1.000000	-1.000000	-1.000000	0.000000	0.000000	0.000000	0.000000	0.000000	0.000000
W356	3298.399294	1.900449	-1.000000	-1.000000	-1.000000	-1.000000	0.000000	0.000000	0.000000	0.000000	0.000000	0.000000
W357	2712.418713	1.542942	-1.000000	-1.000000	-1.000000	-1.000000	0.000000	0.000000	0.000000	0.000000	0.000000	0.000000
W358	2247.105903	1.523411	-1.000000	-1.000000	-1.000000	-1.000000	0.000000	0.000000	0.000000	0.000000	0.000000	0.000000
W359	3484.693337	2.027758	-1.000000	-1.000000	-1.000000	-1.000000	0.000000	0.000000	0.000000	0.000000	0.000000	0.000000
W360	2503.110235	1.449783	-1.000000	-1.000000	-1.000000	-1.000000	0.000000	0.000000	0.000000	0.000000	0.000000	0.000000
W361	2509.467685	1.525693	-1.000000	-1.000000	-1.000000	-1.000000	0.000000	0.000000	0.000000	0.000000	0.000000	0.000000
W362	3113.982763	2.104061	-1.000000	-1.000000	-1.000000	-1.000000	0.000000	0.000000	0.000000	0.000000	0.000000	0.000000
W363	2156.612758	1.251771	-1.000000	-1.000000	-1.000000	-1.000000	0.000000	0.000000	0.000000	0.000000	0.000000	0.000000
W364	2090.555889	1.193484	-1.000000	-1.000000	-1.000000	-1.000000	0.000000	0.000000	0.000000	0.000000	0.000000	0.000000
W365	1611.296029	1.192337	-1.000000	-1.000000	-1.000000	-1.000000	0.000000	0.000000	0.000000	0.000000	0.000000	0.000000
W366	3631.387979	1.781424	-1.000000	-1.000000	-1.000000	-1.000000	0.000000	0.000000	0.000000	0.000000	0.000000	0.000000
W367	3072.467998	2.207732	-1.000000	-1.000000	-1.000000	-1.000000	0.000000	0.000000	0.000000	0.000000	0.000000	0.000000
W368	3508.985023	1.922393	-1.000000	-1.000000	-1.000000	-1.000000	0.000000	0.000000	0.000000	0.000000	0.000000	0.000000
W369	2965.955383	1.615354	-1.000000	-1.000000	-1.000000	-1.000000	0.000000	0.000000	0.000000	0.000000	0.000000	0.000000
W370	3315.750247	1.827772	-1.000000	-1.000000	-1.000000	-1.000000	0.000000	0.000000	0.000000	0.000000	0.000000	0.000000
W371	2329.342817	1.352672	-1.000000	-1.000000	-1.000000	-1.000000	0.000000	0.000000	0.000000	0.000000	0.000000	0.000000
W372	1704.863089	1.160429	-1.000000	-1.000000	-1.000000	-1.000000	0.000000	0.000000	0.000000	0.000000	0.000000	0.000000
W373	2514.421711	1.482720	-1.000000	-1.000000	-1.000000	-1.000000	0.000000	0.000000	0.000000	0.000000	0.000000	0.000000
W374	3974.516270	2.370640	-1.000000	-1.000000	-1.000000	-1.000000	0.000000	0.000000	0.000000	0.000000	0.000000	0.000000
W375	2737.873309	1.702043	-1.000000	-1.000000	-1.000000	-1.000000	0.000000	0.000000	0.000000	0.000000	0.000000	0.000000
W376	1404.926786	1.084406	-1.000000	-1.000000	-1.000000	-1.000000	0.000000	0.000000	0.000000	0.000000	0.000000	0.000000
W377	2735.375673	1.552312	-1.000000	-1.000000	-1.000000	-1.000000	0.000000	0.000000	0.000000	0.000000	0.000000	0.000000
W378	2107.392948	1.353621	-1.000000	-1.000000	-1.000000	-1.000000	0.000000	0.000000	0.000000	0.000000	0.000000	0.000000
W379	1734.850112	1.105179	-1.000000	-1.000000	-1.000000	-1.000000	0.000000	0.000000	0.000000	0.000000	0.000000	0.000000
W380	3054.506361	1.830579	-1.000000	-1.000000	-1.000000	-1.000000	0.000000	0.000000	0.000000	0.000000	0.000000	0.000000
W381	2950.639020	1.661941	-1.000000	-1.000000	-1.000000	-1.000000	0.000000	0.000000	0.000000	0.000000	0.000000	0.000000
W382	2208.181760	1.359549	-1.000000	-1.000000	-1.000000	-1.000000	0.000000	0.000000	0.000000	0.000000	0.000000	0.000000
W383	2215.636929	1.462780	-1.000000	-1.000000	-1.000000	-1.000000	0.000000	0.000000	0.000000	0.000000	0.000000	0.000000
W384	2730.488158	1.583894	-1.000000	-1.000000	-1.000000	-1.000000	0.000000	0.000000	0.000000	0.000000	0.000000	0.000000
W385	2080.044339	1.305115	-1.000000	-1.000000	-1.000000	-1.000000	0.000000	0.000000	0.000000	0.000000	0.000000	0.000000
W386	1784.655150	1.317795	-1.000000	-1.000000	-1.000000	-1.000000	0.000000	0.000000	0.000000	0.000000	0.000000	0.000000
W387	2343.242890	1.656296	-1.000000	-1.000000	-1.000000	-1.000000	0.000000	0.000000	0.000000	0.000000	0.000000	0.000000
W388	2099.870576	1.349236	-1.000000	-1.000000	-1.000000	-1.000000	0.000000	0.000000	0.000000	0.000000	0.000000	0.000000
W389	2336.552145	1.643206	-1.000000	-1.000000	-1.000000	-1.000000	0.000000	0.000000	0.000000	0.000000	0.000000	0.000000
W390	1868.060881	1.165403	-1.000000	-1.000000	-1.000000	-1.000000	0.000000	0.000000	0.000000	0.000000	0.000000	0.000000
W391	2751.780641	1.641405	-1.000000	-1.000000	-1.000000	-1.000000	0.000000	0.000000	0.000000	0.000000	0.000000	0.000000
W392	1040.280625	0.816305	-1.000000	-1.000000	-1.000000	-1.000000	0.000000	0.000000	0.000000	0.000000	0.000000	0.000000
W393	2427.665924	1.375664	-1.000000	-1.000000	-1.000000	-1.000000	0.000000	0.000000	0.000000	0.000000	0.000000	0.000000
W394	2579.482434	1.416571	-1.000000	-1.000000	-1.000000	-1.000000	0.000000	0.000000	0.000000	0.000000	0.000000	0.000000
W395	1600.151302	1.135673	-1.000000	-1.000000	-1.000000	-1.000000	0.000000	0.000000	0.000000	0.000000	0.000000	0.000000
W396	2443.875399	1.463229	-1.000000	-1.000000	-1.000000	-1.000000	0.000000	0.000000	0.000000	0.000000	0.000000	0.000000
W397	2011.153794	1.196328	-1.000000	-1.000000	-1.000000	-1.000000	0.000000	0.000000	0.000000	0.000000	0.000000	0.000000
W398	2822.676982	1.734476	-1.000000	-1.000000	-1.000000	-1.000000	0.000000	0.000000	0.000000	0.000000	0.000000	0.000000
W399	1730.403410	1.415659	-1.000000	-1.000000	-1.000000	-1.000000	0.000000	0.000000	0.000000	0.000000	0.000000	0.000000
W400	2636.466055	1.646372	-1.000000	-1.000000	-1.000000	-1.000000	0.000000	0.000000	0.000000	0.000000	0.000000	0.000000
W401	2741.996478	1.615235	-1.000000	-1.000000	-1.000000	-1.000000	0.000000	0.000000	0.000000	0.000000	0.000000	0.000000
W402	4124.893236	2.226237	-1.000000	-1.000000	-1.000000	-1.000000	0.000000	0.000000	0.000000	0.000000	0.000000	0.000000
W403	3479.446770	2.140538	-1.000000	-1.000000	-1.000000	-1.000000	0.000000	0.000000	0.000000	0.000000	0.000000	0.000000
W404	2193.094155	1.520244	-1.000000	-1.000000	-1.000000	-1.000000	0.000000	0.000000	0.000000	0.000000	0.000000	0.000000
W405	2248.789701	1.538873	-1.000000	-1.000000	-1.000000	-1.000000	0.000000	0.000000	0.000000	0.000000	0.000000	0.000000
W406	2517.284675	1.528994	-1.000000	-1.000000	-1.000000	-1.000000	0.000000	0.000000	0.000000	0.000000	0.000000	0.000000
W407	2380.681813	1.258792	-1.000000	-1.000000	-1.000000	-1.000000	0.000000	0.000000	0.000000	0.000000	0.000000	0.000000
W408	4442.683721	2.496231	-1.000000	-1.000000	-1.000000	-1.000000	0.000000	0.000000	0.000000	0.000000	0.000000	0.000000
W409	3064.992638	1.643566	-1.000000	-1.000000	-1.000000	-1.000000	0.000000	0.000000	0.000000	0.000000	0.000000	0.000000
W410	2825.436947	1.508261	-1.000000	-1.000000	-1.000000	-1.000000	0.000000	0.000000	0.000000	0.000000	0.000000	0.000000
W411	1943.224836	1.073617	-1.000000	-1.000000	-1.000000	-1.000000	0.000000	0.000000	0.000000	0.000000	0.000000	0.000000
W412	2192.667581	1.286900	-1.000000	-1.000000	-1.000000	-1.000000	0.000000	0.000000	0.000000	0.000000	0.000000	0.000000
W413	3500.241038	1.696009	-1.000000	-1.000000	-1.000000	-1.000000	0.000000	0.000000	0.000000	0.000000	0.000000	0.000000
W414	3121.731235	1.538508	-1.000000	-1.000000	-1.000000	-1.000000	0.000000	0.000000	0.000000	0.000000	0.000000	0.000000
W415	2948.148160	1.479718	-1.000000	-1.000000	-1.000000	-1.000000	0.000000	0.000000	0.000000	0.000000	0.000000	0.000000
W416	2487.893250	1.660082	-1.000000	-1.000000	-1.000000	-1.000000	0.000000	0.000000	0.000000	0.000000	0.000000	0.000000
W417	2466.961340	1.584467	-1.000000	-1.000000	-1.000000	-1.000000	0.000000	0.000000	0.000000	0.000000	0.000000	0.000000
W418	3039.502295	1.548100	-1.000000	-1.000000	-1.000000	-1.000000	0.000000	0.000000	0.000000	0.000000	0.000000	0.000000
W419	2220.141524	1.309710	-1.000000	-1.000000	-1.000000	-1.000000	0.000000	0.000000	0.000000	0.000000	0.000000	0.000000
W420	2191.352905	1.154223	-1.000000	-1.000000	-1.000000	-1.000000	0.000000	0.000000	0.000000	0.000000	0.000000	0.000000
W421	2463.169273	1.400197	-1.000000	-1.000000	-1.000000	-1.000000	0.000000	0.000000	0.000000	0.000000	0.000000	0.000000
W422	2411.165561	1.529445	-1.000000	-1.000000	-1.000000	-1.000000	0.000000	0.000000	0.000000	0.000000	0.000000	0.000000
W423	1763.667364	0.995011	-1.000000	-1.000000	-1.000000	-1.000000	0.000000	0.000000	0.000000	0.000000	0.000000	0.000000
W424	1698.618017	1.088369	-1.000000	-1.000000	-1.000000	-1.000000	0.000000	0.000000	0.000000	0.000000	0.000000	0.000000
W425	1267.978414	1.039478	-1.000000	-1.000000	-1.000000	-1.000000	0.000000	0.000000	0.000000	0.000000	0.000000	0.000000
W426	3373.575868	1.895181	-1.000000	-1.000000	-1.000000	-1.000000	0.000000	0.000000	0.000000	0.000000	0.000000	0.000000
W427	1848.022458	1.373162	-1.000000	-1.000000	-1.000000	-1.000000	0.000000	0.000000	0.000000	0.000000	0.000000	0.000000
W428	2567.325795	1.490557	-1.000000	-1.000000	-1.000000	-1.000000	0.000000	0.000000	0.000000	0.000000	0.000000	0.000000
W429	2313.384245	1.390515	-1.000000	-1.000000	-1.000000	-1.000000	0.000000	0.000000	0.000000	0.000000	0.000000	0.000000
W430	3699.600362	1.963933	-1.000000	-1.000000	-1.000000	-1.000000	0.000000	0.000000	0.000000	0.000000	0.000000	0.000000
W431	4145.150007	2.164520	-1.000000	-1.000000	-1.000000	-1.000000	0.000000	0.000000	0.000000	0.000000	0.000000	0.000000
W432	2624.196695	1.662592	-1.000000	-1.000000	-1.000000	-1.000000	0.000000	0.000000	0.000000	0.000000	0.000000	0.000000
W433	2747.699792	1.465530	-1.000000	-1.000000	-1.000000	-1.000000	0.000000	0.000000	0.000000	0.000000	0.000000	0.000000
W434	2404.808720	1.350002	-1.000000	-1.000000	-1.000000	-1.000000	0.000000	0.000000	0.000000	0.000000	0.000000	0.000000
W435	3285.642588	1.821830	-1.000000	-1.000000	-1.000000	-1.000000	0.000000	0.000000	0.000000	0.000000	0.000000	0.000000
W436	2533.691437	1.659948	-1.000000	-1.000000	-1.000000	-1.000000	0.000000	0.000000	0.000000	0.000000	0.000000	0.000000
W437	2110.159539	1.194632	-1.000000	-1.000000	-1.000000	-1.000000	0.000000	0.000000	0.000000	0.000000	0.000000	0.000000
W438	3267.849003	1.745842	-1.000000	-1.000000	-1.000000	-1.000000	0.000000	0.000000	0.000000	0.000000	0.000000	0.000000
W439	2761.979133	1.605181	-1.000000	-1.000000	-1.000000	-1.000000	0.000000	0.000000	0.000000	0.000000	0.000000	0.000000
W440	2500.314573	1.362759	-1.000000	-1.000000	-1.000000	-1.000000	0.000000	0.000000	0.000000	0.000000	0.000000	0.000000
W441	3574.266395	1.916606	-1.000000	-1.000000	-1.000000	-1.000000	0.000000	0.000000	0.000000	0.000000	0.000000	0.000000
W442	1974.477587	1.484466	-1.000000	-1.000000	-1.000000	-1.000000	0.000000	0.000000	0.000000	0.000000	0.000000	0.000000
W443	2063.855446	1.244128	-1.000000	-1.000000	-1.000000	-1.000000	0.000000	0.000000	0.000000	0.000000	0.000000	0.000000
W444	2611.147864	1.293164	-1.000000	-1.000000	-1.000000	-1.000000	0.000000	0.000000	0.000000	0.000000	0.000000	0.000000
W445	2684.160944	1.430143	-1.000000	-1.000000	-1.000000	-1.000000	0.000000	0.000000	0.000000	0.000000	0.000000	0.000000
W446	3199.662987	2.027423	-1.000000	-1.000000	-1.000000	-1.000000	0.000000	0.000000	0.000000	0.000000	0.000000	0.000000
W447	3166.273914	1.947745	-1.000000	-1.000000	-1.000000	-1.000000	0.000000	0.000000	0.000000	0.000000	0.000000	0.000000
W448	2992.486249	1.442373	-1.000000	-1.000000	-1.000000	-1.000000	0.000000	0.000000	0.000000	0.000000	0.000000	0.000000
W449	2523.456608	1.392696	-1.000000	-1.000000	-1.000000	-1.000000	0.000000	0.000000	0.000000	0.000000	0.000000	0.000000
W450	2208.936258	1.064896	-1.000000	-1.000000	-1.000000	-1.000000	0.000000	0.000000	0.000000	0.000000	0.000000	0.000000
W451	2918.184562	1.676013	-1.000000	-1.000000	-1.000000	-1.000000	0.000000	0.000000	0.000000	0.000000	0.000000	0.000000
W452	3335.937425	1.944178	-1.000000	-1.000000	-1.000000	-1.000000	0.000000	0.000000	0.000000	0.000000	0.000000	0.000000
W453	2097.745273	1.286705	-1.000000	-1.000000	-1.000000	-1.000000	0.000000	0.000000	0.000000	0.000000	0.000000	0.000000
W454	964.592202	0.716948	-1.000000	-1.000000	-1.000000	-1.000000	0.000000	0.000000	0.000000	0.000000	0.000000	0.000000
W455	1424.512521	0.987720	-1.000000	-1.000000	-1.000000	-1.000000	0.000000	0.000000	0.000000	0.000000	0.000000	0.000000
W456	2121.883967	1.687821	-1.000000	-1.000000	-1.000000	-1.000000	0.000000	0.000000	0.000000	0.000000	0.000000	0.000000
W457	2244.913964	1.382126	-1.000000	-1.000000	-1.000000	-1.000000	0.000000	0.000000	0.000000	0.000000	0.000000	0.000000
W458	2668.717795	1.522579	-1.000000	-1.000000	-1.000000	-1.000000	0.000000	0.000000	0.000000	0.000000	0.000000	0.000000
W459	1849.410670	1.092946	-1.000000	-1.000000	-1.000000	-1.000000	0.000000	0.000000	0.000000	0.000000	0.000000	0.000000
W460	2448.843970	1.325006	-1.000000	-1.000000	-1.000000	-1.000000	0.000000	0.000000	0.000000	0.000000	0.000000	0.000000
W461	1900.692124	1.310425	-1.000000	-1.000000	-1.000000	-1.000000	0.000000	0.000000	0.000000	0.000000	0.000000	0.000000
W462	1647.127353	1.008465	-1.000000	-1.000000	-1.000000	-1.000000	0.000000	0.000000	0.000000	0.000000	0.000000	0.000000
W463	2208.941263	1.352018	-1.000000	-1.000000	-1.000000	-1.000000	0.000000	0.000000	0.000000	0.000000	0.000000	0.000000
W464	1789.041180	1.080632	-1.000000	-1.000000	-1.000000	-1.000000	0.000000	0.000000	0.000000	0.000000	0.000000	0.000000
W465	3005.813550	1.847818	-1.000000	-1.000000	-1.000000	-1.000000	0.000000	0.000000	0.000000	0.000000	0.000000	0.000000
W466	1916.161725	1.079005	-1.000000	-1.000000	-1.000000	-1.000000	0.000000	0.000000	0.000000	0.000000	0.000000	0.000000
W467	1931.137033	1.414280	-1.000000	-1.000000	-1.000000	-1.000000	0.000000	0.000000	0.000000	0.000000	0.000000	0.000000
W468	2713.306565	1.861897	-1.000000	-1.000000	-1.000000	-1.000000	0.000000	0.000000	0.000000	0.000000	0.000000	0.000000
W469	2891.276959	1.801311	-1.000000	-1.000000	-1.000000	-1.000000	0.000000	0.000000	0.000000	0.000000	0.000000	0.000000
W470	3262.140263	1.910435	-1.000000	-1.000000	-1.000000	-1.000000	0.000000	0.000000	0.000000	0.000000	0.000000	0.000000
W471	2229.183087	1.284966	-1.000000	-1.000000	-1.000000	-1.000000	0.000000	0.000000	0.000000	0.000000	0.000000	0.000000
W472	2933.946477	1.399332	-1.000000	-1.000000	-1.000000	-1.000000	0.000000	0.000000	0.000000	0.000000	0.000000	0.000000
W473	1978.062754	1.193586	-1.000000	-1.000000	-1.000000	-1.000000	0.000000	0.000000	0.000000	0.000000	0.000000	0.000000
W474	2521.987431	1.495088	-1.000000	-1.000000	-1.000000	-1.000000	0.000000	0.000000	0.000000	0.000000	0.000000	0.000000
W475	2686.054527	1.674353	-1.000000	-1.000000	-1.000000	-1.000000	0.000000	0.000000	0.000000	0.000000	0.000000	0.000000
W476	2947.108272	1.900923	-1.000000	-1.000000	-1.000000	-1.000000	0.000000	0.000000	0.000000	0.000000	0.000000	0.000000
W477	3251.919430	2.112411	-1.000000	-1.000000	-1.000000	-1.000000	0.000000	0.000000	0.000000	0.000000	0.000000	0.000000
W478	2460.892024	1.486453	-1.000000	-1.000000	-1.000000	-1.000000	0.000000	0.000000	0.000000	0.000000	0.000000	0.000000
W479	2393.119307	1.345549	-1.000000	-1.000000	-1.000000	-1.000000	0.000000	0.000000	0.000000	0.000000	0.000000	0.000000
W480	2222.803156	1.343204	-1.000000	-1.000000	-1.000000	-1.000000	0.000000	0.000000	0.000000	0.000000	0.000000	0.000000
W481	2441.357546	1.346908	-1.000000	-1.000000	-1.000000	-1.000000	0.000000	0.000000	0.000000	0.000000	0.000000	0.000000
W482	2630.121613	1.427634	-1.000000	-1.000000	-1.000000	-1.000000	0.000000	0.000000	0.000000	0.000000	0.000000	0.000000
W483	3544.950996	1.947884	-1.000000	-1.000000	-1.000000	-1.000000	0.000000	0.000000	0.000000	0.000000	0.000000	0.000000
W484	1929.061581	1.134890	-1.000000	-1.000000	-1.000000	-1.000000	0.000000	0.000000	0.000000	0.000000	0.000000	0.000000
W485	2189.259316	1.346092	-1.000000	-1.000000	-1.000000	-1.000000	0.000000	0.000000	0.000000	0.000000	0.000000	0.000000
W486	2336.691444	1.367506	-1.000000	-1.000000	-1.000000	-1.000000	0.000000	0.000000	0.000000	0.000000	0.000000	0.000000
W487	2298.273277	1.324211	-1.000000	-1.000000	-1.000000	-1.000000	0.000000	0.000000	0.000000	0.000000	0.000000	0.000000
W488	2299.645927	1.335189	-1.000000	-1.000000	-1.000000	-1.000000	0.000000	0.000000	0.000000	0.000000	0.000000	0.000000
W489	1816.987938	1.170230	-1.000000	-1.000000	-1.000000	-1.000000	0.000000	0.000000	0.000000	0.000000	0.000000	0.000000
W490	1350.588918	1.029834	-1.000000	-1.000000	-1.000000	-1.000000	0.000000	0.000000	0.000000	0.000000	0.000000	0.000000
W491	1904.321987	1.327683	-1.000000	-1.000000	-1.000000	-1.000000	0.000000	0.000000	0.000000	0.000000	0.000000	0.000000
W492	2156.749652	1.405923	-1.000000	-1.000000	-1.000000	-1.000000	0.000000	0.000000	0.000000	0.000000	0.000000	0.000000
W493	1828.869830	1.131184	-1.000000	-1.000000	-1.000000	-1.000000	0.000000	0.000000	0.000000	0.000000	0.000000	0.000000
W494	768.786342	0.525452	-1.000000	-1.000000	-1.000000	-1.000000	0.000000	0.000000	0.000000	0.000000	0.000000	0.000000
W495	3142.402084	1.901672	-1.000000	-1.000000	-1.000000	-1.000000	0.000000	0.000000	0.000000	0.000000	0.000000	0.000000
W496	1713.816452	1.133154	-1.000000	-1.000000	-1.000000	-1.000000	0.000000	0.000000	0.000000	0.000000	0.000000	0.000000
W497	1728.404509	1.191244	-1.000000	-1.000000	-1.000000	-1.000000	0.000000	0.000000	0.000000	0.000000	0.000000	0.000000
W498	2673.811526	1.527094	-1.000000	-1.000000	-1.000000	-1.000000	0.000000	0.000000	0.000000	0.000000	0.000000	0.000000
W499	2729.882404	1.651265	-1.000000	-1.000000	-1.000000	-1.000000	0.000000	0.000000	0.000000	0.000000	0.000000	0.000000
W500	2082.493629	1.313620	-1.000000	-1.000000	-1.000000	-1.000000	0.000000	0.000000	0.000000	0.000000	0.000000	0.000000
W501	3270.916539	1.723397	-1.000000	-1.000000	-1.000000	-1.000000	0.000000	0.000000	0.000000	0.000000	0.000000	0.000000
W502	1035.678267	0.678320	-1.000000	-1.000000	-1.000000	-1.000000	0.000000	0.000000	0.000000	0.000000	0.000000	0.000000
W503	3080.417792	1.883688	-1.000000	-1.000000	-1.000000	-1.000000	0.000000	0.000000	0.000000	0.000000	0.000000	0.000000
W504	2722.771248	1.635585	-1.000000	-1.000000	-1.000000	-1.000000	0.000000	0.000000	0.000000	0.000000	0.000000	0.000000
W505	2799.966127	1.645295	-1.000000	-1.000000	-1.000000	-1.000000	0.000000	0.000000	0.000000	0.000000	0.000000	0.000000
W506	3472.374060	1.911070	-1.000000	-1.000000	-1.000000	-1.000000	0.000000	0.000000	0.000000	0.000000	0.000000	0.000000
W507	2803.433898	1.713306	-1.000000	-1.000000	-1.000000	-1.000000	0.000000	0.000000	0.000000	0.000000	0.000000	0.000000
W508	2085.475930	1.369445	-1.000000	-1.000000	-1.000000	-1.000000	0.000000	0.000000	0.000000	0.000000	0.000000	0.000000
W509	3030.180373	1.803902	-1.000000	-1.000000	-1.000000	-1.000000	0.000000	0.000000	0.000000	0.000000	0.000000	0.000000
W510	2933.950228	1.746851	-1.000000	-1.000000	-1.000000	-1.000000	0.000000	0.000000	0.000000	0.000000	0.000000	0.000000
W511	2660.032857	1.665835	-1.000000	-1.000000	-1.000000	-1.000000	0.000000	0.000000	0.000000	0.000000	0.000000	0.000000
W512	2268.930507	1.547447	-1.000000	-1.000000	-1.000000	-1.000000	0.000000	0.000000	0.000000	0.000000	0.000000	0.000000
W513	1234.658166	0.893137	-1.000000	-1.000000	-1.000000	-1.000000	0.000000	0.000000	0.000000	0.000000	0.000000	0.000000
W514	3329.794290	1.904557	-1.000000	-1.000000	-1.000000	-1.000000	0.000000	0.000000	0.000000	0.000000	0.000000	0.000000
W515	3176.168758	1.877205	-1.000000	-1.000000	-1.000000	-1.000000	0.000000	0.000000	0.000000	0.000000	0.000000	0.000000
W516	1706.923972	1.101677	-1.000000	-1.000000	-1.000000	-1.000000	0.000000	0.000000	0.000000	0.000000	0.000000	0.000000
W517	3864.037612	2.185816	-1.000000	-1.000000	-1.000000	-1.000000	0.000000	0.000000	0.000000	0.000000	0.000000	0.000000
W518	1962.728325	1.281177	-1.000000	-1.000000	-1.000000	-1.000000	0.000000	0.000000	0.000000	0.000000	0.000000	0.000000
W519	2133.566772	1.272698	-1.000000	-1.000000	-1.000000	-1.000000	0.000000	0.000000	0.000000	0.000000	0.000000	0.000000
W520	2742.116570	1.473275	-1.000000	-1.000000	-1.000000	-1.000000	0.000000	0.000000	0.000000	0.000000	0.000000	0.000000
W521	2820.051505	1.601047	-1.000000	-1.000000	-1.000000	-1.000000	0.000000	0.000000	0.000000	0.000000	0.000000	0.000000
W522	2355.407430	1.395021	-1.000000	-1.000000	-1.000000	-1.000000	0.000000	0.000000	0.000000	0.000000	0.000000	0.000000
W523	1465.375410	1.018064	-1.000000	-1.000000	-1.000000	-1.000000	0.000000	0.000000	0.000000	0.000000	0.000000	0.000000
W524	2561.240305	1.488729	-1.000000	-1.000000	-1.000000	-1.000000	0.000000	0.000000	0.000000	0.000000	0.000000	0.000000
W525	1645.647830	1.191010	-1.000000	-1.000000	-1.000000	-1.000000	0.000000	0.000000	0.000000	0.000000	0.000000	0.000000
W526	2811.926987	1.965209	-1.000000	-1.000000	-1.000000	-1.000000	0.000000	0.000000	0.000000	0.000000	0.000000	0.000000
W527	4362.505211	2.926439	-1.000000	-1.000000	-1.000000	-1.000000	0.000000	0.000000	0.000000	0.000000	0.000000	0.000000
W528	3851.010928	2.287184	-1.000000	-1.000000	-1.000000	-1.000000	0.000000	0.000000	0.000000	0.000000	0.000000	0.000000
W529	1434.368367	1.062869	-1.000000	-1.000000	-1.000000	-1.000000	0.000000	0.000000	0.000000	0.000000	0.000000	0.000000
W530	1667.592457	0.914111	-1.000000	-1.000000	-1.000000	-1.000000	0.000000	0.000000	0.000000	0.000000	0.000000	0.000000
W531	3088.539975	1.875964	-1.000000	-1.000000	-1.000000	-1.000000	0.000000	0.000000	0.000000	0.000000	0.000000	0.000000
W532	2104.247953	1.346214	-1.000000	-1.000000	-1.000000	-1.000000	0.000000	0.000000	0.000000	0.000000	0.000000	0.000000
W533	2011.656710	1.240941	-1.000000	-1.000000	-1.000000	-1.000000	0.000000	0.000000	0.000000	0.000000	0.000000	0.000000
W534	3135.022128	1.997577	-1.000000	-1.000000	-1.000000	-1.000000	0.000000	0.000000	0.000000	0.000000	0.000000	0.000000
W535	1917.792620	1.078548	-1.000000	-1.000000	-1.000000	-1.000000	0.000000	0.000000	0.000000	0.000000	0.000000	0.000000
W536	2160.134481	1.168886	-1.000000	-1.000000	-1.000000	-1.000000	0.000000	0.000000	0.000000	0.000000	0.000000	0.000000
W537	2657.949764	1.362469	-1.000000	-1.000000	-1.000000	-1.000000	0.000000	0.000000	0.000000	0.000000	0.000000	0.000000
W538	2196.392595	1.249784	-1.000000	-1.000000	-1.000000	-1.000000	0.000000	0.000000	0.000000	0.000000	0.000000	0.000000
W539	3781.154733	1.966652	-1.000000	-1.000000	-1.000000	-1.000000	0.000000	0.000000	0.000000	0.000000	0.000000	0.000000
W540	1426.490902	1.096338	-1.000000	-1.000000	-1.000000	-1.000000	0.000000	0.000000	0.000000	0.000000	0.000000	0.000000
W541	3784.654052	2.196575	-1.000000	-1.000000	-1.000000	-1.000000	0.000000	0.000000	0.000000	0.000000	0.000000	0.000000
W542	3710.782922	2.067362	-1.000000	-1.000000	-1.000000	-1.000000	0.000000	0.000000	0.000000	0.000000	0.000000	0.000000
W543	3269.769980	1.900700	-1.000000	-1.000000	-1.000000	-1.000000	0.000000	0.000000	0.000000	0.000000	0.000000	0.000000
W544	2699.659948	1.734397	-1.000000	-1.000000	-1.000000	-1.000000	0.000000	0.000000	0.000000	0.000000	0.000000	0.000000
W545	1818.281293	1.389766	-1.000000	-1.000000	-1.000000	-1.000000	0.000000	0.000000	0.000000	0.000000	0.000000	0.000000
W546	2550.916183	1.631964	-1.000000	-1.000000	-1.000000	-1.000000	0.000000	0.000000	0.000000	0.000000	0.000000	0.000000
W547	3131.575432	1.711663	-1.000000	-1.000000	-1.000000	-1.000000	0.000000	0.000000	0.000000	0.000000	0.000000	0.000000
W548	2770.595116	1.768066	-1.000000	-1.000000	-1.000000	-1.000000	0.000000	0.000000	0.000000	0.000000	0.000000	0.000000
W549	2551.932548	1.546319	-1.000000	-1.000000	-1.000000	-1.000000	0.000000	0.000000	0.000000	0.000000	0.000000	0.000000
W550	2952.710436	1.521091	-1.000000	-1.000000	-1.000000	-1.000000	0.000000	0.000000	0.000000	0.000000	0.000000	0.000000
W551	2514.715894	1.525812	-1.000000	-1.000000	-1.000000	-1.000000	0.000000	0.000000	0.000000	0.000000	0.000000	0.000000
W552	2216.674344	1.343297	-1.000000	-1.000000	-1.000000	-1.000000	0.000000	0.000000	0.000000	0.000000	0.000000	0.000000
W553	3424.169267	1.948354	-1.000000	-1.000000	-1.000000	-1.000000	0.000000	0.000000	0.000000	0.000000	0.000000	0.000000
W554	1976.983731	1.182355	-1.000000	-1.000000	-1.000000	-1.000000	0.000000	0.000000	0.000000	0.000000	0.000000	0.000000
W555	2886.070011	1.532173	-1.000000	-1.000000	-1.000000	-1.000000	0.000000	0.000000	0.000000	0.000000	0.000000	0.000000
W556	1298.756380	0.731157	-1.000000	-1.000000	-1.000000	-1.000000	0.000000	0.000000	0.000000	0.000000	0.000000	0.000000
W557	1179.816270	0.835674	-1.000000	-1.000000	-1.000000	-1.000000	0.000000	0.000000	0.000000	0.000000	0.000000	0.000000
W558	1872.006648	1.006639	-1.000000	-1.000000	-1.000000	-1.000000	0.000000	0.000000	0.000000	0.000000	0.000000	0.000000
W559	2026.756701	1.431410	-1.000000	-1.000000	-1.000000	-1.000000	0.000000	0.000000	0.000000	0.000000	0.000000	0.000000
W560	2057.622584	0.992084	-1.000000	-1.000000	-1.000000	-1.000000	0.000000	0.000000	0.000000	0.000000	0.000000	0.000000
W563	477.655532	0.187873	-1.000000	-1.000000	-1.000000	-1.000000	0.000000	0.000000	0.000000	0.000000	0.000000	0.000000
W564	2508.560786	1.506768	-1.000000	-1.000000	-1.000000	-1.000000	0.000000	0.000000	0.000000	0.000000	0.000000	0.000000
W565	2104.852563	1.317069	-1.000000	-1.000000	-1.000000	-1.000000	0.000000	0.000000	0.000000	0.000000	0.000000	0.000000
W566	1388.116036	0.927482	-1.000000	-1.000000	-1.000000	-1.000000	0.000000	0.000000	0.000000	0.000000	0.000000	0.000000
W567	2822.303062	1.536625	-1.000000	-1.000000	-1.000000	-1.000000	0.000000	0.000000	0.000000	0.000000	0.000000	0.000000
W568	1746.450142	0.993657	-1.000000	-1.000000	-1.000000	-1.000000	0.000000	0.000000	0.000000	0.000000	0.000000	0.000000
W569	2644.373008	1.741235	-1.000000	-1.000000	-1.000000	-1.000000	0.000000	0.000000	0.000000	0.000000	0.000000	0.000000
W570	1661.704307	1.290334	-1.000000	-1.000000	-1.000000	-1.000000	0.000000	0.000000	0.000000	0.000000	0.000000	0.000000
W571	3171.685110	1.938749	-1.000000	-1.000000	-1.000000	-1.000000	0.000000	0.000000	0.000000	0.000000	0.000000	0.000000
W572	2582.336533	1.757531	-1.000000	-1.000000	-1.000000	-1.000000	0.000000	0.000000	0.000000	0.000000	0.000000	0.000000
W573	2543.320828	1.393008	-1.000000	-1.000000	-1.000000	-1.000000	0.000000	0.000000	0.000000	0.000000	0.000000	0.000000
W574	1951.044755	1.080786	-1.000000	-1.000000	-1.000000	-1.000000	0.000000	0.000000	0.000000	0.000000	0.000000	0.000000
W575	1835.297494	1.308227	-1.000000	-1.000000	-1.000000	-1.000000	0.000000	0.000000	0.000000	0.000000	0.000000	0.000000
W576	2738.793082	1.609022	-1.000000	-1.000000	-1.000000	-1.000000	0.000000	0.000000	0.000000	0.000000	0.000000	0.000000
W577	3957.773533	2.436332	-1.000000	-1.000000	-1.000000	-1.000000	0.000000	0.000000	0.000000	0.000000	0.000000	0.000000
W578	1961.123619	1.340742	-1.000000	-1.000000	-1.000000	-1.000000	0.000000	0.000000	0.000000	0.000000	0.000000	0.000000
W579	2092.915011	1.326971	-1.000000	-1.000000	-1.000000	-1.000000	0.000000	0.000000	0.000000	0.000000	0.000000	0.000000
W580	2432.508330	1.421729	-1.000000	-1.000000	-1.000000	-1.000000	0.000000	0.000000	0.000000	0.000000	0.000000	0.000000
W581	1606.835722	0.913853	-1.000000	-1.000000	-1.000000	-1.000000	0.000000	0.000000	0.000000	0.000000	0.000000	0.000000
W582	3343.853992	2.098054	-1.000000	-1.000000	-1.000000	-1.000000	0.000000	0.000000	0.000000	0.000000	0.000000	0.000000
W583	3498.258321	1.962759	-1.000000	-1.000000	-1.000000	-1.000000	0.000000	0.000000	0.000000	0.000000	0.000000	0.000000
W584	1630.831057	1.120096	-1.000000	-1.000000	-1.000000	-1.000000	0.000000	0.000000	0.000000	0.000000	0.000000	0.000000
W585	2356.409076	1.366041	-1.000000	-1.000000	-1.000000	-1.000000	0.000000	0.000000	0.000000	0.000000	0.000000	0.000000
W586	2889.541226	1.647750	-1.000000	-1.000000	-1.000000	-1.000000	0.000000	0.000000	0.000000	0.000000	0.000000	0.000000
W587	2056.904349	1.398263	-1.000000	-1.000000	-1.000000	-1.000000	0.000000	0.000000	0.000000	0.000000	0.000000	0.000000
W588	1779.254635	1.277919	-1.000000	-1.000000	-1.000000	-1.000000	0.000000	0.000000	0.000000	0.000000	0.000000	0.000000
W589	2724.598309	1.457126	-1.000000	-1.000000	-1.000000	-1.000000	0.000000	0.000000	0.000000	0.000000	0.000000	0.000000
W590	2025.248706	1.230937	-1.000000	-1.000000	-1.000000	-1.000000	0.000000	0.000000	0.000000	0.000000	0.000000	0.000000
W591	3448.274897	1.706479	-1.000000	-1.000000	-1.000000	-1.000000	0.000000	0.000000	0.000000	0.000000	0.000000	0.000000
W592	1974.038352	1.096806	-1.000000	-1.000000	-1.000000	-1.000000	0.000000	0.000000	0.000000	0.000000	0.000000	0.000000
W593	1916.041672	1.202008	-1.000000	-1.000000	-1.000000	-1.000000	0.000000	0.000000	0.000000	0.000000	0.000000	0.000000
W594	3529.052322	2.432388	-1.000000	-1.000000	-1.000000	-1.000000	0.000000	0.000000	0.000000	0.000000	0.000000	0.000000
W597	2739.718533	1.797587	-1.000000	-1.000000	-1.000000	-1.000000	0.000000	0.000000	0.000000	0.000000	0.000000	0.000000
W598	1960.257065	1.172171	-1.000000	-1.000000	-1.000000	-1.000000	0.000000	0.000000	0.000000	0.000000	0.000000	0.000000
W599	2741.485939	1.429578	-1.000000	-1.000000	-1.000000	-1.000000	0.000000	0.000000	0.000000	0.000000	0.000000	0.000000
W600	1931.777125	1.361915	-1.000000	-1.000000	-1.000000	-1.000000	0.000000	0.000000	0.000000	0.000000	0.000000	0.000000
W601	2509.370556	1.482167	-1.000000	-1.000000	-1.000000	-1.000000	0.000000	0.000000	0.000000	0.000000	0.000000	0.000000
W602	1725.955031	1.330860	-1.000000	-1.000000	-1.000000	-1.000000	0.000000	0.000000	0.000000	0.000000	0.000000	0.000000
W603	3345.862414	2.059864	-1.000000	-1.000000	-1.000000	-1.000000	0.000000	0.000000	0.000000	0.000000	0.000000	0.000000
W604	2052.477821	1.392640	-1.000000	-1.000000	-1.000000	-1.000000	0.000000	0.000000	0.000000	0.000000	0.000000	0.000000
W605	2520.713647	1.724795	-1.000000	-1.000000	-1.000000	-1.000000	0.000000	0.000000	0.000000	0.000000	0.000000	0.000000
W606	2375.874956	1.637852	-1.000000	-1.000000	-1.000000	-1.000000	0.000000	0.000000	0.000000	0.000000	0.000000	0.000000
W607	3171.914032	1.726971	-1.000000	-1.000000	-1.000000	-1.000000	0.000000	0.000000	0.000000	0.000000	0.000000	0.000000
W608	3632.578698	1.865656	-1.000000	-1.000000	-1.000000	-1.000000	0.000000	0.000000	0.000000	0.000000	0.000000	0.000000
W609	3002.096501	1.634799	-1.000000	-1.000000	-1.000000	-1.000000	0.000000	0.000000	0.000000	0.000000	0.000000	0.000000
W610	2789.696526	1.620851	-1.000000	-1.000000	-1.000000	-1.000000	0.000000	0.000000	0.000000	0.000000	0.000000	0.000000
W611	3713.626536	1.836470	-1.000000	-1.000000	-1.000000	-1.000000	0.000000	0.000000	0.000000	0.000000	0.000000	0.000000
W612	3268.298222	2.054025	-1.000000	-1.000000	-1.000000	-1.000000	0.000000	0.000000	0.000000	0.000000	0.000000	0.000000
W613	3050.569433	2.008617	-1.000000	-1.000000	-1.000000	-1.000000	0.000000	0.000000	0.000000	0.000000	0.000000	0.000000
W614	2505.226765	1.435518	-1.000000	-1.000000	-1.000000	-1.000000	0.000000	0.000000	0.000000	0.000000	0.000000	0.000000
W615	1160.301424	0.895627	-1.000000	-1.000000	-1.000000	-1.000000	0.000000	0.000000	0.000000	0.000000	0.000000	0.000000
W616	2630.450878	1.400676	-1.000000	-1.000000	-1.000000	-1.000000	0.000000	0.000000	0.000000	0.000000	0.000000	0.000000
W617	2961.745094	1.809372	-1.000000	-1.000000	-1.000000	-1.000000	0.000000	0.000000	0.000000	0.000000	0.000000	0.000000
W618	2942.605228	1.701227	-1.000000	-1.000000	-1.000000	-1.000000	0.000000	0.000000	0.000000	0.000000	0.000000	0.000000
W619	2326.132414	1.329447	-1.000000	-1.000000	-1.000000	-1.000000	0.000000	0.000000	0.000000	0.000000	0.000000	0.000000
W620	2718.141395	1.646210	-1.000000	-1.000000	-1.000000	-1.000000	0.000000	0.000000	0.000000	0.000000	0.000000	0.000000
W621	2136.703903	1.391257	-1.000000	-1.000000	-1.000000	-1.000000	0.000000	0.000000	0.000000	0.000000	0.000000	0.000000
W622	3423.052398	1.931831	-1.000000	-1.000000	-1.000000	-1.000000	0.000000	0.000000	0.000000	0.000000	0.000000	0.000000
W623	2712.024605	1.489547	-1.000000	-1.000000	-1.000000	-1.000000	0.000000	0.000000	0.000000	0.000000	0.000000	0.000000
W624	3453.831560	1.890608	-1.000000	-1.000000	-1.000000	-1.000000	0.000000	0.000000	0.000000	0.000000	0.000000	0.000000
W625	1502.671640	1.214111	-1.000000	-1.000000	-1.000000	-1.000000	0.000000	0.000000	0.000000	0.000000	0.000000	0.000000
W626	1831.732412	1.081248	-1.000000	-1.000000	-1.000000	-1.000000	0.000000	0.000000	0.000000	0.000000	0.000000	0.000000
W627	2801.124775	1.714203	-1.000000	-1.000000	-1.000000	-1.000000	0.000000	0.000000	0.000000	0.000000	0.000000	0.000000
W628	556.531216	0.081351	-1.000000	-1.000000	-1.000000	-1.000000	0.000000	0.000000	0.000000	0.000000	0.000000	0.000000
W629	3393.286581	2.063376	-1.000000	-1.000000	-1.000000	-1.000000	0.000000	0.000000	0.000000	0.000000	0.000000	0.000000
W630	2168.841330	1.457028	-1.000000	-1.000000	-1.000000	-1.000000	0.000000	0.000000	0.000000	0.000000	0.000000	0.000000
W631	1751.936938	1.224708	-1.000000	-1.000000	-1.000000	-1.000000	0.000000	0.000000	0.000000	0.000000	0.000000	0.000000
W632	2167.798097	1.330695	-1.000000	-1.000000	-1.000000	-1.000000	0.000000	0.000000	0.000000	0.000000	0.000000	0.000000
W633	2588.381613	1.690405	-1.000000	-1.000000	-1.000000	-1.000000	0.000000	0.000000	0.000000	0.000000	0.000000	0.000000
W634	2086.604568	1.185748	-1.000000	-1.000000	-1.000000	-1.000000	0.000000	0.000000	0.000000	0.000000	0.000000	0.000000
W635	1698.457071	1.037626	-1.000000	-1.000000	-1.000000	-1.000000	0.000000	0.000000	0.000000	0.000000	0.000000	0.000000
W636	1339.536013	0.750877	-1.000000	-1.000000	-1.000000	-1.000000	0.000000	0.000000	0.000000	0.000000	0.000000	0.000000
W637	2776.135323	1.670594	-1.000000	-1.000000	-1.000000	-1.000000	0.000000	0.000000	0.000000	0.000000	0.000000	0.000000
W638	2349.371198	1.282764	-1.000000	-1.000000	-1.000000	-1.000000	0.000000	0.000000	0.000000	0.000000	0.000000	0.000000
W639	3657.156141	2.011567	-1.000000	-1.000000	-1.000000	-1.000000	0.000000	0.000000	0.000000	0.000000	0.000000	0.000000
W640	3523.086468	1.979303	-1.000000	-1.000000	-1.000000	-1.000000	0.000000	0.000000	0.000000	0.000000	0.000000	0.000000
W641	4868.163556	2.508285	-1.000000	-1.000000	-1.000000	-1.000000	0.000000	0.000000	0.000000	0.000000	0.000000	0.000000
W642	2786.991524	1.929472	-1.000000	-1.000000	-1.000000	-1.000000	0.000000	0.000000	0.000000	0.000000	0.000000	0.000000
W643	4263.363279	2.114716	-1.000000	-1.000000	-1.000000	-1.000000	0.000000	0.000000	0.000000	0.000000	0.000000	0.000000
W644	2673.909968	1.708921	-1.000000	-1.000000	-1.000000	-1.000000	0.000000	0.000000	0.000000	0.000000	0.000000	0.000000
W645	4613.726739	2.770737	-1.000000	-1.000000	-1.000000	-1.000000	0.000000	0.000000	0.000000	0.000000	0.000000	0.000000
W646	4800.688741	2.957445	-1.000000	-1.000000	-1.000000	-1.000000	0.000000	0.000000	0.000000	0.000000	0.000000	0.000000
W647	4491.853169	2.646067	-1.000000	-1.000000	-1.000000	-1.000000	0.000000	0.000000	0.000000	0.000000	0.000000	0.000000
W648	3237.326695	1.915311	-1.000000	-1.000000	-1.000000	-1.000000	0.000000	0.000000	0.000000	0.000000	0.000000	0.000000
W649	4111.804511	2.174677	-1.000000	-1.000000	-1.000000	-1.000000	0.000000	0.000000	0.000000	0.000000	0.000000	0.000000
W650	3354.959326	1.844674	-1.000000	-1.000000	-1.000000	-1.000000	0.000000	0.000000	0.000000	0.000000	0.000000	0.000000
W651	2967.802831	1.545508	-1.000000	-1.000000	-1.000000	-1.000000	0.000000	0.000000	0.000000	0.000000	0.000000	0.000000
W652	2043.303127	1.317204	-1.000000	-1.000000	-1.000000	-1.000000	0.000000	0.000000	0.000000	0.000000	0.000000	0.000000
W653	2045.460351	1.273897	-1.000000	-1.000000	-1.000000	-1.000000	0.000000	0.000000	0.000000	0.000000	0.000000	0.000000
W654	3903.611731	2.242483	-1.000000	-1.000000	-1.000000	-1.000000	0.000000	0.000000	0.000000	0.000000	0.000000	0.000000
W655	3948.050484	2.322082	-1.000000	-1.000000	-1.000000	-1.000000	0.000000	0.000000	0.000000	0.000000	0.000000	0.000000
W656	2010.146007	1.369544	-1.000000	-1.000000	-1.000000	-1.000000	0.000000	0.000000	0.000000	0.000000	0.000000	0.000000
W657	2003.293922	1.146858	-1.000000	-1.000000	-1.000000	-1.000000	0.000000	0.000000	0.000000	0.000000	0.000000	0.000000
W658	1991.887131	1.174499	-1.000000	-1.000000	-1.000000	-1.000000	0.000000	0.000000	0.000000	0.000000	0.000000	0.000000
W659	2111.995091	1.303088	-1.000000	-1.000000	-1.000000	-1.000000	0.000000	0.000000	0.000000	0.000000	0.000000	0.000000
W660	2543.178205	1.365915	-1.000000	-1.000000	-1.000000	-1.000000	0.000000	0.000000	0.000000	0.000000	0.000000	0.000000
W661	1478.354177	0.954422	-1.000000	-1.000000	-1.000000	-1.000000	0.000000	0.000000	0.000000	0.000000	0.000000	0.000000
W662	3030.300874	1.887709	-1.000000	-1.000000	-1.000000	-1.000000	0.000000	0.000000	0.000000	0.000000	0.000000	0.000000
W663	784.253780	0.663694	-1.000000	-1.000000	-1.000000	-1.000000	0.000000	0.000000	0.000000	0.000000	0.000000	0.000000
W664	1559.980732	1.051033	-1.000000	-1.000000	-1.000000	-1.000000	0.000000	0.000000	0.000000	0.000000	0.000000	0.000000
W665	3927.818782	2.310271	-1.000000	-1.000000	-1.000000	-1.000000	0.000000	0.000000	0.000000	0.000000	0.000000	0.000000
W666	2574.843745	1.626915	-1.000000	-1.000000	-1.000000	-1.000000	0.000000	0.000000	0.000000	0.000000	0.000000	0.000000
W667	2573.671004	2.090013	-1.000000	-1.000000	-1.000000	-1.000000	0.000000	0.000000	0.000000	0.000000	0.000000	0.000000
W668	2101.751368	1.376073	-1.000000	-1.000000	-1.000000	-1.000000	0.000000	0.000000	0.000000	0.000000	0.000000	0.000000
W669	3566.388929	1.845890	-1.000000	-1.000000	-1.000000	-1.000000	0.000000	0.000000	0.000000	0.000000	0.000000	0.000000
W670	2469.586351	1.533280	-1.000000	-1.000000	-1.000000	-1.000000	0.000000	0.000000	0.000000	0.000000	0.000000	0.000000
W671	2533.744949	1.541541	-1.000000	-1.000000	-1.000000	-1.000000	0.000000	0.000000	0.000000	0.000000	0.000000	0.000000
W672	1781.801194	0.978296	-1.000000	-1.000000	-1.000000	-1.000000	0.000000	0.000000	0.000000	0.000000	0.000000	0.000000
W673	2357.518246	1.382617	-1.000000	-1.000000	-1.000000	-1.000000	0.000000	0.000000	0.000000	0.000000	0.000000	0.000000
W674	3185.100375	1.965732	-1.000000	-1.000000	-1.000000	-1.000000	0.000000	0.000000	0.000000	0.000000	0.000000	0.000000
W675	3419.409227	1.836428	-1.000000	-1.000000	-1.000000	-1.000000	0.000000	0.000000	0.000000	0.000000	0.000000	0.000000
W676	2759.382194	1.626474	-1.000000	-1.000000	-1.000000	-1.000000	0.000000	0.000000	0.000000	0.000000	0.000000	0.000000
W677	3363.105385	2.070962	-1.000000	-1.000000	-1.000000	-1.000000	0.000000	0.000000	0.000000	0.000000	0.000000	0.000000
W678	2559.428079	1.651936	-1.000000	-1.000000	-1.000000	-1.000000	0.000000	0.000000	0.000000	0.000000	0.000000	0.000000
W679	4091.661315	2.329234	-1.000000	-1.000000	-1.000000	-1.000000	0.000000	0.000000	0.000000	0.000000	0.000000	0.000000
W680	3548.128237	2.353982	-1.000000	-1.000000	-1.000000	-1.000000	0.000000	0.000000	0.000000	0.000000	0.000000	0.000000
W681	3943.891615	2.466333	-1.000000	-1.000000	-1.000000	-1.000000	0.000000	0.000000	0.000000	0.000000	0.000000	0.000000
W682	2866.228991	1.690255	-1.000000	-1.000000	-1.000000	-1.000000	0.000000	0.000000	0.000000	0.000000	0.000000	0.000000
W683	3035.614956	1.773815	-1.000000	-1.000000	-1.000000	-1.000000	0.000000	0.000000	0.000000	0.000000	0.000000	0.000000
W684	3513.043467	2.044486	-1.000000	-1.000000	-1.000000	-1.000000	0.000000	0.000000	0.000000	0.000000	0.000000	0.000000
W685	1846.502831	1.058014	-1.000000	-1.000000	-1.000000	-1.000000	0.000000	0.000000	0.000000	0.000000	0.000000	0.000000
W686	2284.538403	1.413141	-1.000000	-1.000000	-1.000000	-1.000000	0.000000	0.000000	0.000000	0.000000	0.000000	0.000000
W687	2442.337784	1.493055	-1.000000	-1.000000	-1.000000	-1.000000	0.000000	0.000000	0.000000	0.000000	0.000000	0.000000
W688	2739.936873	1.628207	-1.000000	-1.000000	-1.000000	-1.000000	0.000000	0.000000	0.000000	0.000000	0.000000	0.000000
W689	2710.917416	1.575620	-1.000000	-1.000000	-1.000000	-1.000000	0.000000	0.000000	0.000000	0.000000	0.000000	0.000000
W690	1947.986265	1.288280	-1.000000	-1.000000	-1.000000	-1.000000	0.000000	0.000000	0.000000	0.000000	0.000000	0.000000
W691	2809.063957	1.790583	-1.000000	-1.000000	-1.000000	-1.000000	0.000000	0.000000	0.000000	0.000000	0.000000	0.000000
W692	3336.907037	1.962294	-1.000000	-1.000000	-1.000000	-1.000000	0.000000	0.000000	0.000000	0.000000	0.000000	0.000000
W693	1623.021105	1.317027	-1.000000	-1.000000	-1.000000	-1.000000	0.000000	0.000000	0.000000	0.000000	0.000000	0.000000
W694	1918.672374	1.175448	-1.000000	-1.000000	-1.000000	-1.000000	0.000000	0.000000	0.000000	0.000000	0.000000	0.000000
W695	3294.190985	1.882633	-1.000000	-1.000000	-1.000000	-1.000000	0.000000	0.000000	0.000000	0.000000	0.000000	0.000000
W696	1355.696179	0.984515	-1.000000	-1.000000	-1.000000	-1.000000	0.000000	0.000000	0.000000	0.000000	0.000000	0.000000
W697	1851.078879	1.503647	-1.000000	-1.000000	-1.000000	-1.000000	0.000000	0.000000	0.000000	0.000000	0.000000	0.000000
W698	2024.975301	1.429611	-1.000000	-1.000000	-1.000000	-1.000000	0.000000	0.000000	0.000000	0.000000	0.000000	0.000000
W699	1922.656123	1.495012	-1.000000	-1.000000	-1.000000	-1.000000	0.000000	0.000000	0.000000	0.000000	0.000000	0.000000
W700	1570.539570	1.170466	-1.000000	-1.000000	-1.000000	-1.000000	0.000000	0.000000	0.000000	0.000000	0.000000	0.000000
W701	4379.616202	2.430737	-1.000000	-1.000000	-1.000000	-1.000000	0.000000	0.000000	0.000000	0.000000	0.000000	0.000000
W702	2927.167962	1.875111	-1.000000	-1.000000	-1.000000	-1.000000	0.000000	0.000000	0.000000	0.000000	0.000000	0.000000
W703	2483.001478	1.561958	-1.000000	-1.000000	-1.000000	-1.000000	0.000000	0.000000	0.000000	0.000000	0.000000	0.000000
W704	1395.744211	1.044104	-1.000000	-1.000000	-1.000000	-1.000000	0.000000	0.000000	0.000000	0.000000	0.000000	0.000000
W705	3929.127688	2.026247	-1.000000	-1.000000	-1.000000	-1.000000	0.000000	0.000000	0.000000	0.000000	0.000000	0.000000
W706	1615.690580	1.180432	-1.000000	-1.000000	-1.000000	-1.000000	0.000000	0.000000	0.000000	0.000000	0.000000	0.000000
W707	3432.854442	2.068010	-1.000000	-1.000000	-1.000000	-1.000000	0.000000	0.000000	0.000000	0.000000	0.000000	0.000000
W708	2744.113899	1.654833	-1.000000	-1.000000	-1.000000	-1.000000	0.000000	0.000000	0.000000	0.000000	0.000000	0.000000
W709	3346.271018	1.946413	-1.000000	-1.000000	-1.000000	-1.000000	0.000000	0.000000	0.000000	0.000000	0.000000	0.000000
W710	3948.435594	2.402891	-1.000000	-1.000000	-1.000000	-1.000000	0.000000	0.000000	0.000000	0.000000	0.000000	0.000000
W711	2869.083727	1.769523	-1.000000	-1.000000	-1.000000	-1.000000	0.000000	0.000000	0.000000	0.000000	0.000000	0.000000
W712	3514.106606	2.235495	-1.000000	-1.000000	-1.000000	-1.000000	0.000000	0.000000	0.000000	0.000000	0.000000	0.000000
W713	3354.451418	1.966092	-1.000000	-1.000000	-1.000000	-1.000000	0.000000	0.000000	0.000000	0.000000	0.000000	0.000000
W714	3743.351305	2.368703	-1.000000	-1.000000	-1.000000	-1.000000	0.000000	0.000000	0.000000	0.000000	0.000000	0.000000
W715	2262.891459	1.580272	-1.000000	-1.000000	-1.000000	-1.000000	0.000000	0.000000	0.000000	0.000000	0.000000	0.000000
W716	3428.235673	1.898726	-1.000000	-1.000000	-1.000000	-1.000000	0.000000	0.000000	0.000000	0.000000	0.000000	0.000000
W717	4883.238858	2.769990	-1.000000	-1.000000	-1.000000	-1.000000	0.000000	0.000000	0.000000	0.000000	0.000000	0.000000
W718	3100.864681	1.664928	-1.000000	-1.000000	-1.000000	-1.000000	0.000000	0.000000	0.000000	0.000000	0.000000	0.000000
W719	3321.090391	2.316219	-1.000000	-1.000000	-1.000000	-1.000000	0.000000	0.000000	0.000000	0.000000	0.000000	0.000000
W720	1910.958392	1.138121	-1.000000	-1.000000	-1.000000	-1.000000	0.000000	0.000000	0.000000	0.000000	0.000000	0.000000
W721	2458.896568	1.526466	-1.000000	-1.000000	-1.000000	-1.000000	0.000000	0.000000	0.000000	0.000000	0.000000	0.000000
W722	3370.711118	1.913526	-1.000000	-1.000000	-1.000000	-1.000000	0.000000	0.000000	0.000000	0.000000	0.000000	0.000000
W723	2419.543196	1.618331	-1.000000	-1.000000	-1.000000	-1.000000	0.000000	0.000000	0.000000	0.000000	0.000000	0.000000
W724	2977.987595	1.595688	-1.000000	-1.000000	-1.000000	-1.000000	0.000000	0.000000	0.000000	0.000000	0.000000	0.000000
W725	2458.677465	1.497323	-1.000000	-1.000000	-1.000000	-1.000000	0.000000	0.000000	0.000000	0.000000	0.000000	0.000000
W726	2664.019788	1.842959	-1.000000	-1.000000	-1.000000	-1.000000	0.000000	0.000000	0.000000	0.000000	0.000000	0.000000
W727	2785.217335	1.917739	-1.000000	-1.000000	-1.000000	-1.000000	0.000000	0.000000	0.000000	0.000000	0.000000	0.000000
W728	3530.411497	2.820992	-1.000000	-1.000000	-1.000000	-1.000000	0.000000	0.000000	0.000000	0.000000	0.000000	0.000000
W729	1842.945891	1.381983	-1.000000	-1.000000	-1.000000	-1.000000	0.000000	0.000000	0.000000	0.000000	0.000000	0.000000
W730	2652.544463	1.498084	-1.000000	-1.000000	-1.000000	-1.000000	0.000000	0.000000	0.000000	0.000000	0.000000	0.000000
W731	2313.202952	1.339082	-1.000000	-1.000000	-1.000000	-1.000000	0.000000	0.000000	0.000000	0.000000	0.000000	0.000000
W732	2041.616647	1.287433	-1.000000	-1.000000	-1.000000	-1.000000	0.000000	0.000000	0.000000	0.000000	0.000000	0.000000
W733	3104.039757	1.917145	-1.000000	-1.000000	-1.000000	-1.000000	0.000000	0.000000	0.000000	0.000000	0.000000	0.000000
W734	2262.152133	1.262658	-1.000000	-1.000000	-1.000000	-1.000000	0.000000	0.000000	0.000000	0.000000	0.000000	0.000000
W735	1946.651380	1.330365	-1.000000	-1.000000	-1.000000	-1.000000	0.000000	0.000000	0.000000	0.000000	0.000000	0.000000
W736	2959.656624	1.696547	-1.000000	-1.000000	-1.000000	-1.000000	0.000000	0.000000	0.000000	0.000000	0.000000	0.000000
W737	3014.685458	2.054258	-1.000000	-1.000000	-1.000000	-1.000000	0.000000	0.000000	0.000000	0.000000	0.000000	0.000000
W738	2818.928477	1.676380	-1.000000	-1.000000	-1.000000	-1.000000	0.000000	0.000000	0.000000	0.000000	0.000000	0.000000
W739	2291.675858	1.326035	-1.000000	-1.000000	-1.000000	-1.000000	0.000000	0.000000	0.000000	0.000000	0.000000	0.000000
W740	3365.997881	1.935945	-1.000000	-1.000000	-1.000000	-1.000000	0.000000	0.000000	0.000000	0.000000	0.000000	0.000000
W741	2201.291885	1.483100	-1.000000	-1.000000	-1.000000	-1.000000	0.000000	0.000000	0.000000	0.000000	0.000000	0.000000
W742	3383.987925	1.881799	-1.000000	-1.000000	-1.000000	-1.000000	0.000000	0.000000	0.000000	0.000000	0.000000	0.000000
W743	1896.068486	1.128611	-1.000000	-1.000000	-1.000000	-1.000000	0.000000	0.000000	0.000000	0.000000	0.000000	0.000000
W744	2776.768930	1.567128	-1.000000	-1.000000	-1.000000	-1.000000	0.000000	0.000000	0.000000	0.000000	0.000000	0.000000
W745	2749.059483	1.895269	-1.000000	-1.000000	-1.000000	-1.000000	0.000000	0.000000	0.000000	0.000000	0.000000	0.000000
W746	3113.743423	1.741633	-1.000000	-1.000000	-1.000000	-1.000000	0.000000	0.000000	0.000000	0.000000	0.000000	0.000000
W747	3168.562427	1.740192	-1.000000	-1.000000	-1.000000	-1.000000	0.000000	0.000000	0.000000	0.000000	0.000000	0.000000
W748	3176.512526	2.044177	-1.000000	-1.000000	-1.000000	-1.000000	0.000000	0.000000	0.000000	0.000000	0.000000	0.000000
W749	3073.973771	1.779468	-1.000000	-1.000000	-1.000000	-1.000000	0.000000	0.000000	0.000000	0.000000	0.000000	0.000000
W750	2803.752259	1.566632	-1.000000	-1.000000	-1.000000	-1.000000	0.000000	0.000000	0.000000	0.000000	0.000000	0.000000
W751	2764.745322	1.827414	-1.000000	-1.000000	-1.000000	-1.000000	0.000000	0.000000	0.000000	0.000000	0.000000	0.000000
W752	2447.718458	1.568915	-1.000000	-1.000000	-1.000000	-1.000000	0.000000	0.000000	0.000000	0.000000	0.000000	0.000000
W753	2271.169757	1.409950	-1.000000	-1.000000	-1.000000	-1.000000	0.000000	0.000000	0.000000	0.000000	0.000000	0.000000
W754	1918.504150	1.251180	-1.000000	-1.000000	-1.000000	-1.000000	0.000000	0.000000	0.000000	0.000000	0.000000	0.000000
W755	2147.360765	1.494632	-1.000000	-1.000000	-1.000000	-1.000000	0.000000	0.000000	0.000000	0.000000	0.000000	0.000000
W756	3641.256052	2.008667	-1.000000	-1.000000	-1.000000	-1.000000	0.000000	0.000000	0.000000	0.000000	0.000000	0.000000
W757	2238.224089	1.339474	-1.000000	-1.000000	-1.000000	-1.000000	0.000000	0.000000	0.000000	0.000000	0.000000	0.000000
W758	2326.690036	1.514097	-1.000000	-1.000000	-1.000000	-1.000000	0.000000	0.000000	0.000000	0.000000	0.000000	0.000000
W759	2108.267572	1.374610	-1.000000	-1.000000	-1.000000	-1.000000	0.000000	0.000000	0.000000	0.000000	0.000000	0.000000
W760	1672.211599	1.142723	-1.000000	-1.000000	-1.000000	-1.000000	0.000000	0.000000	0.000000	0.000000	0.000000	0.000000
W761	1243.420885	0.871485	-1.000000	-1.000000	-1.000000	-1.000000	0.000000	0.000000	0.000000	0.000000	0.000000	0.000000
W762	2807.270870	1.864009	-1.000000	-1.000000	-1.000000	-1.000000	0.000000	0.000000	0.000000	0.000000	0.000000	0.000000
W763	2014.321799	1.328083	-1.000000	-1.000000	-1.000000	-1.000000	0.000000	0.000000	0.000000	0.000000	0.000000	0.000000
W764	2068.652779	1.377929	-1.000000	-1.000000	-1.000000	-1.000000	0.000000	0.000000	0.000000	0.000000	0.000000	0.000000
W765	2067.989192	1.401195	-1.000000	-1.000000	-1.000000	-1.000000	0.000000	0.000000	0.000000	0.000000	0.000000	0.000000
W766	4181.241165	2.390483	-1.000000	-1.000000	-1.000000	-1.000000	0.000000	0.000000	0.000000	0.000000	0.000000	0.000000
W767	2609.870551	1.441701	-1.000000	-1.000000	-1.000000	-1.000000	0.000000	0.000000	0.000000	0.000000	0.000000	0.000000
W768	2967.447108	1.864261	-1.000000	-1.000000	-1.000000	-1.000000	0.000000	0.000000	0.000000	0.000000	0.000000	0.000000
W769	2804.592934	1.635885	-1.000000	-1.000000	-1.000000	-1.000000	0.000000	0.000000	0.000000	0.000000	0.000000	0.000000
W770	1619.666748	1.250034	-1.000000	-1.000000	-1.000000	-1.000000	0.000000	0.000000	0.000000	0.000000	0.000000	0.000000
W771	1977.949352	1.205913	-1.000000	-1.000000	-1.000000	-1.000000	0.000000	0.000000	0.000000	0.000000	0.000000	0.000000
W772	2734.554883	1.786046	-1.000000	-1.000000	-1.000000	-1.000000	0.000000	0.000000	0.000000	0.000000	0.000000	0.000000
W773	2398.096176	1.362886	-1.000000	-1.000000	-1.000000	-1.000000	0.000000	0.000000	0.000000	0.000000	0.000000	0.000000
W774	4034.940361	2.294764	-1.000000	-1.000000	-1.000000	-1.000000	0.000000	0.000000	0.000000	0.000000	0.000000	0.000000
W775	3805.180068	2.048334	-1.000000	-1.000000	-1.000000	-1.000000	0.000000	0.000000	0.000000	0.000000	0.000000	0.000000
W776	3427.133435	1.905830	-1.000000	-1.000000	-1.000000	-1.000000	0.000000	0.000000	0.000000	0.000000	0.000000	0.000000
W777	3537.449713	2.293775	-1.000000	-1.000000	-1.000000	-1.000000	0.000000	0.000000	0.000000	0.000000	0.000000	0.000000
W778	3915.034475	2.027444	-1.000000	-1.000000	-1.000000	-1.000000	0.000000	0.000000	0.000000	0.000000	0.000000	0.000000
W779	3214.840189	1.972876	-1.000000	-1.000000	-1.000000	-1.000000	0.000000	0.000000	0.000000	0.000000	0.000000	0.000000
W780	3446.788847	1.954934	-1.000000	-1.000000	-1.000000	-1.000000	0.000000	0.000000	0.000000	0.000000	0.000000	0.000000
W781	3047.169664	1.952420	-1.000000	-1.000000	-1.000000	-1.000000	0.000000	0.000000	0.000000	0.000000	0.000000	0.000000
W782	4681.769083	2.877773	-1.000000	-1.000000	-1.000000	-1.000000	0.000000	0.000000	0.000000	0.000000	0.000000	0.000000
W783	3701.096519	2.120960	-1.000000	-1.000000	-1.000000	-1.000000	0.000000	0.000000	0.000000	0.000000	0.000000	0.000000
W784	1882.274762	1.588149	-1.000000	-1.000000	-1.000000	-1.000000	0.000000	0.000000	0.000000	0.000000	0.000000	0.000000
W785	3815.210698	2.054595	-1.000000	-1.000000	-1.000000	-1.000000	0.000000	0.000000	0.000000	0.000000	0.000000	0.000000
W786	4178.578881	2.476390	-1.000000	-1.000000	-1.000000	-1.000000	0.000000	0.000000	0.000000	0.000000	0.000000	0.000000
W787	3546.394617	2.091316	-1.000000	-1.000000	-1.000000	-1.000000	0.000000	0.000000	0.000000	0.000000	0.000000	0.000000
W788	4215.740804	2.308080	-1.000000	-1.000000	-1.000000	-1.000000	0.000000	0.000000	0.000000	0.000000	0.000000	0.000000
W789	4386.336396	2.450576	-1.000000	-1.000000	-1.000000	-1.000000	0.000000	0.000000	0.000000	0.000000	0.000000	0.000000
W790	3308.022173	1.906587	-1.000000	-1.000000	-1.000000	-1.000000	0.000000	0.000000	0.000000	0.000000	0.000000	0.000000
W791	3001.861208	1.879458	-1.000000	-1.000000	-1.000000	-1.000000	0.000000	0.000000	0.000000	0.000000	0.000000	0.000000
W792	2168.798900	1.361981	-1.000000	-1.000000	-1.000000	-1.000000	0.000000	0.000000	0.000000	0.000000	0.000000	0.000000
W793	2282.173247	1.508664	-1.000000	-1.000000	-1.000000	-1.000000	0.000000	0.000000	0.000000	0.000000	0.000000	0.000000
W794	3509.434396	2.023764	-1.000000	-1.000000	-1.000000	-1.000000	0.000000	0.000000	0.000000	0.000000	0.000000	0.000000
W795	3756.366645	1.973185	-1.000000	-1.000000	-1.000000	-1.000000	0.000000	0.000000	0.000000	0.000000	0.000000	0.000000
W796	4232.438653	2.537671	-1.000000	-1.000000	-1.000000	-1.000000	0.000000	0.000000	0.000000	0.000000	0.000000	0.000000
W797	2356.971050	1.538295	-1.000000	-1.000000	-1.000000	-1.000000	0.000000	0.000000	0.000000	0.000000	0.000000	0.000000
W798	1978.415103	1.195142	-1.000000	-1.000000	-1.000000	-1.000000	0.000000	0.000000	0.000000	0.000000	0.000000	0.000000
W799	1966.021075	1.261871	-1.000000	-1.000000	-1.000000	-1.000000	0.000000	0.000000	0.000000	0.000000	0.000000	0.000000
W800	1486.840990	0.936453	-1.000000	-1.000000	-1.000000	-1.000000	0.000000	0.000000	0.000000	0.000000	0.000000	0.000000
W801	1944.826526	1.416257	-1.000000	-1.000000	-1.000000	-1.000000	0.000000	0.000000	0.000000	0.000000	0.000000	0.000000
W802	1533.784895	1.153232	-1.000000	-1.000000	-1.000000	-1.000000	0.000000	0.000000	0.000000	0.000000	0.000000	0.000000
W803	2365.843846	1.517097	-1.000000	-1.000000	-1.000000	-1.000000	0.000000	0.000000	0.000000	0.000000	0.000000	0.000000
W804	2503.504453	1.629605	-1.000000	-1.000000	-1.000000	-1.000000	0.000000	0.000000	0.000000	0.000000	0.000000	0.000000
W805	2445.178375	1.421756	-1.000000	-1.000000	-1.000000	-1.000000	0.000000	0.000000	0.000000	0.000000	0.000000	0.000000
W806	3170.826947	1.816326	-1.000000	-1.000000	-1.000000	-1.000000	0.000000	0.000000	0.000000	0.000000	0.000000	0.000000
W807	2074.065086	1.175987	-1.000000	-1.000000	-1.000000	-1.000000	0.000000	0.000000	0.000000	0.000000	0.000000	0.000000
W808	1668.381854	0.945859	-1.000000	-1.000000	-1.000000	-1.000000	0.000000	0.000000	0.000000	0.000000	0.000000	0.000000
W809	2614.063455	1.728469	-1.000000	-1.000000	-1.000000	-1.000000	0.000000	0.000000	0.000000	0.000000	0.000000	0.000000
W810	3186.308542	1.755460	-1.000000	-1.000000	-1.000000	-1.000000	0.000000	0.000000	0.000000	0.000000	0.000000	0.000000
W811	2726.744112	1.652768	-1.000000	-1.000000	-1.000000	-1.000000	0.000000	0.000000	0.000000	0.000000	0.000000	0.000000
W812	3842.688794	2.192332	-1.000000	-1.000000	-1.000000	-1.000000	0.000000	0.000000	0.000000	0.000000	0.000000	0.000000
W813	4254.487187	2.900941	-1.000000	-1.000000	-1.000000	-1.000000	0.000000	0.000000	0.000000	0.000000	0.000000	0.000000
W814	3125.090000	1.674595	-1.000000	-1.000000	-1.000000	-1.000000	0.000000	0.000000	0.000000	0.000000	0.000000	0.000000
W815	3392.002949	2.024934	-1.000000	-1.000000	-1.000000	-1.000000	0.000000	0.000000	0.000000	0.000000	0.000000	0.000000
W816	3094.800290	1.709121	-1.000000	-1.000000	-1.000000	-1.000000	0.000000	0.000000	0.000000	0.000000	0.000000	0.000000
W817	3734.713749	2.231453	-1.000000	-1.000000	-1.000000	-1.000000	0.000000	0.000000	0.000000	0.000000	0.000000	0.000000
W818	2284.646037	1.773145	-1.000000	-1.000000	-1.000000	-1.000000	0.000000	0.000000	0.000000	0.000000	0.000000	0.000000
W819	4232.693417	2.623039	-1.000000	-1.000000	-1.000000	-1.000000	0.000000	0.000000	0.000000	0.000000	0.000000	0.000000
W820	4180.295768	2.606167	-1.000000	-1.000000	-1.000000	-1.000000	0.000000	0.000000	0.000000	0.000000	0.000000	0.000000
W821	3652.105915	2.371646	-1.000000	-1.000000	-1.000000	-1.000000	0.000000	0.000000	0.000000	0.000000	0.000000	0.000000
W822	3633.793932	2.016529	-1.000000	-1.000000	-1.000000	-1.000000	0.000000	0.000000	0.000000	0.000000	0.000000	0.000000
W823	1984.321713	1.414963	-1.000000	-1.000000	-1.000000	-1.000000	0.000000	0.000000	0.000000	0.000000	0.000000	0.000000
W824	2532.640878	1.635895	-1.000000	-1.000000	-1.000000	-1.000000	0.000000	0.000000	0.000000	0.000000	0.000000	0.000000
W825	2916.312650	2.002309	-1.000000	-1.000000	-1.000000	-1.000000	0.000000	0.000000	0.000000	0.000000	0.000000	0.000000
W826	2333.704446	1.521927	-1.000000	-1.000000	-1.000000	-1.000000	0.000000	0.000000	0.000000	0.000000	0.000000	0.000000
W827	2186.654702	1.497230	-1.000000	-1.000000	-1.000000	-1.000000	0.000000	0.000000	0.000000	0.000000	0.000000	0.000000
W828	3119.650446	1.881254	-1.000000	-1.000000	-1.000000	-1.000000	0.000000	0.000000	0.000000	0.000000	0.000000	0.000000
W829	3094.124307	1.797187	-1.000000	-1.000000	-1.000000	-1.000000	0.000000	0.000000	0.000000	0.000000	0.000000	0.000000
W830	2723.221368	1.811318	-1.000000	-1.000000	-1.000000	-1.000000	0.000000	0.000000	0.000000	0.000000	0.000000	0.000000
W831	2168.084722	1.425744	-1.000000	-1.000000	-1.000000	-1.000000	0.000000	0.000000	0.000000	0.000000	0.000000	0.000000
W832	2461.678005	1.445328	-1.000000	-1.000000	-1.000000	-1.000000	0.000000	0.000000	0.000000	0.000000	0.000000	0.000000
W833	3232.842022	1.774624	-1.000000	-1.000000	-1.000000	-1.000000	0.000000	0.000000	0.000000	0.000000	0.000000	0.000000
W834	1888.642790	1.295575	-1.000000	-1.000000	-1.000000	-1.000000	0.000000	0.000000	0.000000	0.000000	0.000000	0.000000
W835	240.360215	0.060000	-1.000000	-1.000000	-1.000000	-1.000000	0.000000	0.000000	0.000000	0.000000	0.000000	0.000000
W836	2165.960349	1.480151	-1.000000	-1.000000	-1.000000	-1.000000	0.000000	0.000000	0.000000	0.000000	0.000000	0.000000
W837	3003.321213	1.741289	-1.000000	-1.000000	-1.000000	-1.000000	0.000000	0.000000	0.000000	0.000000	0.000000	0.000000
W838	3598.968013	2.121154	-1.000000	-1.000000	-1.000000	-1.000000	0.000000	0.000000	0.000000	0.000000	0.000000	0.000000
W839	3259.152958	1.926453	-1.000000	-1.000000	-1.000000	-1.000000	0.000000	0.000000	0.000000	0.000000	0.000000	0.000000
W840	2061.244207	1.460784	-1.000000	-1.000000	-1.000000	-1.000000	0.000000	0.000000	0.000000	0.000000	0.000000	0.000000
W841	1981.608934	1.398676	-1.000000	-1.000000	-1.000000	-1.000000	0.000000	0.000000	0.000000	0.000000	0.000000	0.000000
W842	4307.430726	2.617715	-1.000000	-1.000000	-1.000000	-1.000000	0.000000	0.000000	0.000000	0.000000	0.000000	0.000000
W843	4243.918091	2.590668	-1.000000	-1.000000	-1.000000	-1.000000	0.000000	0.000000	0.000000	0.000000	0.000000	0.000000
W844	4544.651119	2.399969	-1.000000	-1.000000	-1.000000	-1.000000	0.000000	0.000000	0.000000	0.000000	0.000000	0.000000
W845	3401.275137	1.850177	-1.000000	-1.000000	-1.000000	-1.000000	0.000000	0.000000	0.000000	0.000000	0.000000	0.000000
W846	3715.238786	2.274292	-1.000000	-1.000000	-1.000000	-1.000000	0.000000	0.000000	0.000000	0.000000	0.000000	0.000000
W847	3322.175051	2.179809	-1.000000	-1.000000	-1.000000	-1.000000	0.000000	0.000000	0.000000	0.000000	0.000000	0.000000
W848	2649.967714	1.628467	-1.000000	-1.000000	-1.000000	-1.000000	0.000000	0.000000	0.000000	0.000000	0.000000	0.000000
W849	3251.559688	1.909171	-1.000000	-1.000000	-1.000000	-1.000000	0.000000	0.000000	0.000000	0.000000	0.000000	0.000000
W850	3072.664807	1.945220	-1.000000	-1.000000	-1.000000	-1.000000	0.000000	0.000000	0.000000	0.000000	0.000000	0.000000
W851	3463.042853	2.282367	-1.000000	-1.000000	-1.000000	-1.000000	0.000000	0.000000	0.000000	0.000000	0.000000	0.000000
W852	3773.810826	2.611488	-1.000000	-1.000000	-1.000000	-1.000000	0.000000	0.000000	0.000000	0.000000	0.000000	0.000000
W853	2006.855819	1.482916	-1.000000	-1.000000	-1.000000	-1.000000	0.000000	0.000000	0.000000	0.000000	0.000000	0.000000
W854	4490.620696	2.229509	-1.000000	-1.000000	-1.000000	-1.000000	0.000000	0.000000	0.000000	0.000000	0.000000	0.000000
W855	2512.347782	1.669460	-1.000000	-1.000000	-1.000000	-1.000000	0.000000	0.000000	0.000000	0.000000	0.000000	0.000000
W856	3414.243769	2.099966	-1.000000	-1.000000	-1.000000	-1.000000	0.000000	0.000000	0.000000	0.000000	0.000000	0.000000
W857	3675.061904	2.550346	-1.000000	-1.000000	-1.000000	-1.000000	0.000000	0.000000	0.000000	0.000000	0.000000	0.000000
W858	3753.115419	2.209211	-1.000000	-1.000000	-1.000000	-1.000000	0.000000	0.000000	0.000000	0.000000	0.000000	0.000000
W859	3200.500644	1.966498	-1.000000	-1.000000	-1.000000	-1.000000	0.000000	0.000000	0.000000	0.000000	0.000000	0.000000
W860	3259.958896	2.050343	-1.000000	-1.000000	-1.000000	-1.000000	0.000000	0.000000	0.000000	0.000000	0.000000	0.000000
W861	2977.857005	1.906580	-1.000000	-1.000000	-1.000000	-1.000000	0.000000	0.000000	0.000000	0.000000	0.000000	0.000000
W862	2495.954940	1.657736	-1.000000	-1.000000	-1.000000	-1.000000	0.000000	0.000000	0.000000	0.000000	0.000000	0.000000
W863	2407.463843	1.537958	-1.000000	-1.000000	-1.000000	-1.000000	0.000000	0.000000	0.000000	0.000000	0.000000	0.000000
W864	4189.767927	2.531398	-1.000000	-1.000000	-1.000000	-1.000000	0.000000	0.000000	0.000000	0.000000	0.000000	0.000000
W865	3204.320627	2.424185	-1.000000	-1.000000	-1.000000	-1.000000	0.000000	0.000000	0.000000	0.000000	0.000000	0.000000
W866	2775.561586	1.686403	-1.000000	-1.000000	-1.000000	-1.000000	0.000000	0.000000	0.000000	0.000000	0.000000	0.000000
W867	1968.730388	1.475171	-1.000000	-1.000000	-1.000000	-1.000000	0.000000	0.000000	0.000000	0.000000	0.000000	0.000000
W868	2377.343608	1.693970	-1.000000	-1.000000	-1.000000	-1.000000	0.000000	0.000000	0.000000	0.000000	0.000000	0.000000
W869	2807.827882	1.635168	-1.000000	-1.000000	-1.000000	-1.000000	0.000000	0.000000	0.000000	0.000000	0.000000	0.000000
W870	3444.575049	2.030035	-1.000000	-1.000000	-1.000000	-1.000000	0.000000	0.000000	0.000000	0.000000	0.000000	0.000000
W871	1654.921546	1.418239	-1.000000	-1.000000	-1.000000	-1.000000	0.000000	0.000000	0.000000	0.000000	0.000000	0.000000
W872	2477.809546	1.666021	-1.000000	-1.000000	-1.000000	-1.000000	0.000000	0.000000	0.000000	0.000000	0.000000	0.000000
W873	3544.820814	1.907316	-1.000000	-1.000000	-1.000000	-1.000000	0.000000	0.000000	0.000000	0.000000	0.000000	0.000000
W874	3691.953698	2.285571	-1.000000	-1.000000	-1.000000	-1.000000	0.000000	0.000000	0.000000	0.000000	0.000000	0.000000
W875	3129.181797	1.796253	-1.000000	-1.000000	-1.000000	-1.000000	0.000000	0.000000	0.000000	0.000000	0.000000	0.000000
W876	4116.167392	2.131988	-1.000000	-1.000000	-1.000000	-1.000000	0.000000	0.000000	0.000000	0.000000	0.000000	0.000000
W877	3679.827578	2.583078	-1.000000	-1.000000	-1.000000	-1.000000	0.000000	0.000000	0.000000	0.000000	0.000000	0.000000
W878	2152.852377	1.491565	-1.000000	-1.000000	-1.000000	-1.000000	0.000000	0.000000	0.000000	0.000000	0.000000	0.000000
W879	4943.421581	2.740169	-1.000000	-1.000000	-1.000000	-1.000000	0.000000	0.000000	0.000000	0.000000	0.000000	0.000000
W880	2815.878437	1.812052	-1.000000	-1.000000	-1.000000	-1.000000	0.000000	0.000000	0.000000	0.000000	0.000000	0.000000
W881	4059.253195	2.223861	-1.000000	-1.000000	-1.000000	-1.000000	0.000000	0.000000	0.000000	0.000000	0.000000	0.000000
W882	4283.621532	2.538266	-1.000000	-1.000000	-1.000000	-1.000000	0.000000	0.000000	0.000000	0.000000	0.000000	0.000000
W883	2930.851069	1.768270	-1.000000	-1.000000	-1.000000	-1.000000	0.000000	0.000000	0.000000	0.000000	0.000000	0.000000
W884	3061.263515	2.034743	-1.000000	-1.000000	-1.000000	-1.000000	0.000000	0.000000	0.000000	0.000000	0.000000	0.000000
W885	3069.584354	2.271550	-1.000000	-1.000000	-1.000000	-1.000000	0.000000	0.000000	0.000000	0.000000	0.000000	0.000000
W886	3081.712968	1.856396	-1.000000	-1.000000	-1.000000	-1.000000	0.000000	0.000000	0.000000	0.000000	0.000000	0.000000
W887	3265.361470	1.912578	-1.000000	-1.000000	-1.000000	-1.000000	0.000000	0.000000	0.000000	0.000000	0.000000	0.000000
W888	3133.576527	1.969620	-1.000000	-1.000000	-1.000000	-1.000000	0.000000	0.000000	0.000000	0.000000	0.000000	0.000000
W889	2939.556829	1.989341	-1.000000	-1.000000	-1.000000	-1.000000	0.000000	0.000000	0.000000	0.000000	0.000000	0.000000
W890	3749.418186	2.455524	-1.000000	-1.000000	-1.000000	-1.000000	0.000000	0.000000	0.000000	0.000000	0.000000	0.000000
W891	2849.592825	1.650088	-1.000000	-1.000000	-1.000000	-1.000000	0.000000	0.000000	0.000000	0.000000	0.000000	0.000000
W892	2284.540638	1.519919	-1.000000	-1.000000	-1.000000	-1.000000	0.000000	0.000000	0.000000	0.000000	0.000000	0.000000
W893	3189.883864	1.852398	-1.000000	-1.000000	-1.000000	-1.000000	0.000000	0.000000	0.000000	0.000000	0.000000	0.000000
W894	2155.475975	1.327970	-1.000000	-1.000000	-1.000000	-1.000000	0.000000	0.000000	0.000000	0.000000	0.000000	0.000000
W895	3987.365876	2.244043	-1.000000	-1.000000	-1.000000	-1.000000	0.000000	0.000000	0.000000	0.000000	0.000000	0.000000
W896	3781.650266	2.100052	-1.000000	-1.000000	-1.000000	-1.000000	0.000000	0.000000	0.000000	0.000000	0.000000	0.000000
W897	3555.149810	2.107320	-1.000000	-1.000000	-1.000000	-1.000000	0.000000	0.000000	0.000000	0.000000	0.000000	0.000000
W898	2133.692212	1.240993	-1.000000	-1.000000	-1.000000	-1.000000	0.000000	0.000000	0.000000	0.000000	0.000000	0.000000
W899	3004.866936	2.167628	-1.000000	-1.000000	-1.000000	-1.000000	0.000000	0.000000	0.000000	0.000000	0.000000	0.000000
W900	3270.826760	2.622862	-1.000000	-1.000000	-1.000000	-1.000000	0.000000	0.000000	0.000000	0.000000	0.000000	0.000000
W901	2725.677608	1.911438	-1.000000	-1.000000	-1.000000	-1.000000	0.000000	0.000000	0.000000	0.000000	0.000000	0.000000
W902	4555.798304	2.840021	-1.000000	-1.000000	-1.000000	-1.000000	0.000000	0.000000	0.000000	0.000000	0.000000	0.000000
W903	3577.435875	2.100340	-1.000000	-1.000000	-1.000000	-1.000000	0.000000	0.000000	0.000000	0.000000	0.000000	0.000000
W904	2126.999479	1.349445	-1.000000	-1.000000	-1.000000	-1.000000	0.000000	0.000000	0.000000	0.000000	0.000000	0.000000
W905	1989.105777	1.469977	-1.000000	-1.000000	-1.000000	-1.000000	0.000000	0.000000	0.000000	0.000000	0.000000	0.000000
W906	2016.544434	1.675595	-1.000000	-1.000000	-1.000000	-1.000000	0.000000	0.000000	0.000000	0.000000	0.000000	0.000000
W907	3745.290278	2.438652	-1.000000	-1.000000	-1.000000	-1.000000	0.000000	0.000000	0.000000	0.000000	0.000000	0.000000
W908	2782.476121	2.237680	-1.000000	-1.000000	-1.000000	-1.000000	0.000000	0.000000	0.000000	0.000000	0.000000	0.000000
W909	3003.964228	2.069141	-1.000000	-1.000000	-1.000000	-1.000000	0.000000	0.000000	0.000000	0.000000	0.000000	0.000000
W910	2523.663434	1.718028	-1.000000	-1.000000	-1.000000	-1.000000	0.000000	0.000000	0.000000	0.000000	0.000000	0.000000
W911	3431.712045	2.456075	-1.000000	-1.000000	-1.000000	-1.000000	0.000000	0.000000	0.000000	0.000000	0.000000	0.000000
W912	2729.332526	1.819810	-1.000000	-1.000000	-1.000000	-1.000000	0.000000	0.000000	0.000000	0.000000	0.000000	0.000000
W913	2030.276576	1.460940	-1.000000	-1.000000	-1.000000	-1.000000	0.000000	0.000000	0.000000	0.000000	0.000000	0.000000
W914	4670.045816	2.501957	-1.000000	-1.000000	-1.000000	-1.000000	0.000000	0.000000	0.000000	0.000000	0.000000	0.000000
W915	3848.295036	2.243927	-1.000000	-1.000000	-1.000000	-1.000000	0.000000	0.000000	0.000000	0.000000	0.000000	0.000000
W916	2810.465480	1.696156	-1.000000	-1.000000	-1.000000	-1.000000	0.000000	0.000000	0.000000	0.000000	0.000000	0.000000
W917	3786.034473	2.423652	-1.000000	-1.000000	-1.000000	-1.000000	0.000000	0.000000	0.000000	0.000000	0.000000	0.000000
W918	4955.332770	2.841907	-1.000000	-1.000000	-1.000000	-1.000000	0.000000	0.000000	0.000000	0.000000	0.000000	0.000000
W919	4298.663211	2.596157	-1.000000	-1.000000	-1.000000	-1.000000	0.000000	0.000000	0.000000	0.000000	0.000000	0.000000
W920	2447.509375	1.486366	-1.000000	-1.000000	-1.000000	-1.000000	0.000000	0.000000	0.000000	0.000000	0.000000	0.000000
W921	2508.948671	1.701671	-1.000000	-1.000000	-1.000000	-1.000000	0.000000	0.000000	0.000000	0.000000	0.000000	0.000000
W922	3143.717852	2.161232	-1.000000	-1.000000	-1.000000	-1.000000	0.000000	0.000000	0.000000	0.000000	0.000000	0.000000
W923	3159.323828	2.032117	-1.000000	-1.000000	-1.000000	-1.000000	0.000000	0.000000	0.000000	0.000000	0.000000	0.000000
W924	3058.937584	1.756619	-1.000000	-1.000000	-1.000000	-1.000000	0.000000	0.000000	0.000000	0.000000	0.000000	0.000000
W925	1567.333645	1.367371	-1.000000	-1.000000	-1.000000	-1.000000	0.000000	0.000000	0.000000	0.000000	0.000000	0.000000
W926	3986.705678	2.377487	-1.000000	-1.000000	-1.000000	-1.000000	0.000000	0.000000	0.000000	0.000000	0.000000	0.000000
W927	3671.828498	2.695791	-1.000000	-1.000000	-1.000000	-1.000000	0.000000	0.000000	0.000000	0.000000	0.000000	0.000000
W928	2737.637976	1.776326	-1.000000	-1.000000	-1.000000	-1.000000	0.000000	0.000000	0.000000	0.000000	0.000000	0.000000
W929	3422.464049	2.198016	-1.000000	-1.000000	-1.000000	-1.000000	0.000000	0.000000	0.000000	0.000000	0.000000	0.000000
W930	1997.157246	1.514298	-1.000000	-1.000000	-1.000000	-1.000000	0.000000	0.000000	0.000000	0.000000	0.000000	0.000000
W931	3152.455344	1.852151	-1.000000	-1.000000	-1.000000	-1.000000	0.000000	0.000000	0.000000	0.000000	0.000000	0.000000
W932	1777.504650	1.226149	-1.000000	-1.000000	-1.000000	-1.000000	0.000000	0.000000	0.000000	0.000000	0.000000	0.000000
W933	3325.964501	2.067091	-1.000000	-1.000000	-1.000000	-1.000000	0.000000	0.000000	0.000000	0.000000	0.000000	0.000000
W934	3209.432458	2.094715	-1.000000	-1.000000	-1.000000	-1.000000	0.000000	0.000000	0.000000	0.000000	0.000000	0.000000
W935	1753.793559	1.295007	-1.000000	-1.000000	-1.000000	-1.000000	0.000000	0.000000	0.000000	0.000000	0.000000	0.000000
W936	2681.032685	1.618931	-1.000000	-1.000000	-1.000000	-1.000000	0.000000	0.000000	0.000000	0.000000	0.000000	0.000000
W937	3699.157397	2.389622	-1.000000	-1.000000	-1.000000	-1.000000	0.000000	0.000000	0.000000	0.000000	0.000000	0.000000
W938	2772.023327	2.061881	-1.000000	-1.000000	-1.000000	-1.000000	0.000000	0.000000	0.000000	0.000000	0.000000	0.000000
W939	2204.188063	1.629276	-1.000000	-1.000000	-1.000000	-1.000000	0.000000	0.000000	0.000000	0.000000	0.000000	0.000000
W940	3563.045861	2.178350	-1.000000	-1.000000	-1.000000	-1.000000	0.000000	0.000000	0.000000	0.000000	0.000000	0.000000
W941	3043.812623	1.842863	-1.000000	-1.000000	-1.000000	-1.000000	0.000000	0.000000	0.000000	0.000000	0.000000	0.000000
W942	1077.087612	0.998383	-1.000000	-1.000000	-1.000000	-1.000000	0.000000	0.000000	0.000000	0.000000	0.000000	0.000000
W943	3082.162230	1.920983	-1.000000	-1.000000	-1.000000	-1.000000	0.000000	0.000000	0.000000	0.000000	0.000000	0.000000
W944	949.545992	0.563904	-1.000000	-1.000000	-1.000000	-1.000000	0.000000	0.000000	0.000000	0.000000	0.000000	0.000000
W945	1311.824053	0.961000	-1.000000	-1.000000	-1.000000	-1.000000	0.000000	0.000000	0.000000	0.000000	0.000000	0.000000
W946	3594.793162	1.848661	-1.000000	-1.000000	-1.000000	-1.000000	0.000000	0.000000	0.000000	0.000000	0.000000	0.000000
W947	4237.223133	2.512680	-1.000000	-1.000000	-1.000000	-1.000000	0.000000	0.000000	0.000000	0.000000	0.000000	0.000000
W948	3998.510632	2.310127	-1.000000	-1.000000	-1.000000	-1.000000	0.000000	0.000000	0.000000	0.000000	0.000000	0.000000
W949	3270.752091	2.245724	-1.000000	-1.000000	-1.000000	-1.000000	0.000000	0.000000	0.000000	0.000000	0.000000	0.000000
W950	3193.329741	2.063298	-1.000000	-1.000000	-1.000000	-1.000000	0.000000	0.000000	0.000000	0.000000	0.000000	0.000000
W951	4182.053017	2.079531	-1.000000	-1.000000	-1.000000	-1.000000	0.000000	0.000000	0.000000	0.000000	0.000000	0.000000
W952	3745.485969	2.072010	-1.000000	-1.000000	-1.000000	-1.000000	0.000000	0.000000	0.000000	0.000000	0.000000	0.000000
W953	3708.437294	2.296530	-1.000000	-1.000000	-1.000000	-1.000000	0.000000	0.000000	0.000000	0.000000	0.000000	0.000000
W954	2585.031624	1.617515	-1.000000	-1.000000	-1.000000	-1.000000	0.000000	0.000000	0.000000	0.000000	0.000000	0.000000
W955	2338.809012	1.569794	-1.000000	-1.000000	-1.000000	-1.000000	0.000000	0.000000	0.000000	0.000000	0.000000	0.000000
W956	2722.134094	1.844396	-1.000000	-1.000000	-1.000000	-1.000000	0.000000	0.000000	0.000000	0.000000	0.000000	0.000000
W957	3555.317688	2.265122	-1.000000	-1.000000	-1.000000	-1.000000	0.000000	0.000000	0.000000	0.000000	0.000000	0.000000
W958	5003.715543	2.678269	-1.000000	-1.000000	-1.000000	-1.000000	0.000000	0.000000	0.000000	0.000000	0.000000	0.000000
W959	2957.322200	1.841077	-1.000000	-1.000000	-1.000000	-1.000000	0.000000	0.000000	0.000000	0.000000	0.000000	0.000000
W960	3168.680129	1.954413	-1.000000	-1.000000	-1.000000	-1.000000	0.000000	0.000000	0.000000	0.000000	0.000000	0.000000
W961	3723.960510	2.251389	-1.000000	-1.000000	-1.000000	-1.000000	0.000000	0.000000	0.000000	0.000000	0.000000	0.000000
W962	2982.216062	2.025298	-1.000000	-1.000000	-1.000000	-1.000000	0.000000	0.000000	0.000000	0.000000	0.000000	0.000000
W963	2821.379957	1.748864	-1.000000	-1.000000	-1.000000	-1.000000	0.000000	0.000000	0.000000	0.000000	0.000000	0.000000
W964	1907.559681	1.279326	-1.000000	-1.000000	-1.000000	-1.000000	0.000000	0.000000	0.000000	0.000000	0.000000	0.000000
W965	3132.657449	1.840105	-1.000000	-1.000000	-1.000000	-1.000000	0.000000	0.000000	0.000000	0.000000	0.000000	0.000000
W966	3501.604243	1.983912	-1.000000	-1.000000	-1.000000	-1.000000	0.000000	0.000000	0.000000	0.000000	0.000000	0.000000
W967	4102.165863	2.082438	-1.000000	-1.000000	-1.000000	-1.000000	0.000000	0.000000	0.000000	0.000000	0.000000	0.000000
W968	1995.528810	1.368098	-1.000000	-1.000000	-1.000000	-1.000000	0.000000	0.000000	0.000000	0.000000	0.000000	0.000000
W969	5071.694000	3.461039	-1.000000	-1.000000	-1.000000	-1.000000	0.000000	0.000000	0.000000	0.000000	0.000000	0.000000
W970	2476.718175	1.464203	-1.000000	-1.000000	-1.000000	-1.000000	0.000000	0.000000	0.000000	0.000000	0.000000	0.000000
W971	2662.335589	1.574191	-1.000000	-1.000000	-1.000000	-1.000000	0.000000	0.000000	0.000000	0.000000	0.000000	0.000000
W972	2796.493989	1.772901	-1.000000	-1.000000	-1.000000	-1.000000	0.000000	0.000000	0.000000	0.000000	0.000000	0.000000
W973	2724.050751	1.725081	-1.000000	-1.000000	-1.000000	-1.000000	0.000000	0.000000	0.000000	0.000000	0.000000	0.000000
W974	1584.805973	1.187330	-1.000000	-1.000000	-1.000000	-1.000000	0.000000	0.000000	0.000000	0.000000	0.000000	0.000000
W975	1828.237247	1.289125	-1.000000	-1.000000	-1.000000	-1.000000	0.000000	0.000000	0.000000	0.000000	0.000000	0.000000
W976	2677.407089	1.827570	-1.000000	-1.000000	-1.000000	-1.000000	0.000000	0.000000	0.000000	0.000000	0.000000	0.000000
W977	3415.361503	1.927012	-1.000000	-1.000000	-1.000000	-1.000000	0.000000	0.000000	0.000000	0.000000	0.000000	0.000000
W978	1737.240457	1.363091	-1.000000	-1.000000	-1.000000	-1.000000	0.000000	0.000000	0.000000	0.000000	0.000000	0.000000
W979	844.886339	0.605451	-1.000000	-1.000000	-1.000000	-1.000000	0.000000	0.000000	0.000000	0.000000	0.000000	0.000000
W980	2114.734772	1.491142	-1.000000	-1.000000	-1.000000	-1.000000	0.000000	0.000000	0.000000	0.000000	0.000000	0.000000
W981	2939.985761	1.780076	-1.000000	-1.000000	-1.000000	-1.000000	0.000000	0.000000	0.000000	0.000000	0.000000	0.000000
W982	3490.945619	2.205611	-1.000000	-1.000000	-1.000000	-1.000000	0.000000	0.000000	0.000000	0.000000	0.000000	0.000000
W983	2725.741379	1.782012	-1.000000	-1.000000	-1.000000	-1.000000	0.000000	0.000000	0.000000	0.000000	0.000000	0.000000
W984	4658.133894	2.778900	-1.000000	-1.000000	-1.000000	-1.000000	0.000000	0.000000	0.000000	0.000000	0.000000	0.000000
W985	3237.859607	2.132113	-1.000000	-1.000000	-1.000000	-1.000000	0.000000	0.000000	0.000000	0.000000	0.000000	0.000000
W986	4326.452367	2.662462	-1.000000	-1.000000	-1.000000	-1.000000	0.000000	0.000000	0.000000	0.000000	0.000000	0.000000
W987	2070.950981	1.369764	-1.000000	-1.000000	-1.000000	-1.000000	0.000000	0.000000	0.000000	0.000000	0.000000	0.000000
W988	1100.394017	0.731907	-1.000000	-1.000000	-1.000000	-1.000000	0.000000	0.000000	0.000000	0.000000	0.000000	0.000000
W989	2582.183326	1.788580	-1.000000	-1.000000	-1.000000	-1.000000	0.000000	0.000000	0.000000	0.000000	0.000000	0.000000
W990	2228.129588	1.549893	-1.000000	-1.000000	-1.000000	-1.000000	0.000000	0.000000	0.000000	0.000000	0.000000	0.000000
W991	2813.431188	1.591470	-1.000000	-1.000000	-1.000000	-1.000000	0.000000	0.000000	0.000000	0.000000	0.000000	0.000000
W992	3239.709522	1.969450	-1.000000	-1.000000	-1.000000	-1.000000	0.000000	0.000000	0.000000	0.000000	0.000000	0.000000
W993	2314.229969	1.485440	-1.000000	-1.000000	-1.000000	-1.000000	0.000000	0.000000	0.000000	0.000000	0.000000	0.000000
W994	2599.999977	1.625918	-1.000000	-1.000000	-1.000000	-1.000000	0.000000	0.000000	0.000000	0.000000	0.000000	0.000000
W995	2667.662341	1.500975	-1.000000	-1.000000	-1.000000	-1.000000	0.000000	0.000000	0.000000	0.000000	0.000000	0.000000
W996	4009.727898	2.107195	-1.000000	-1.000000	-1.000000	-1.000000	0.000000	0.000000	0.000000	0.000000	0.000000	0.000000
W997	2412.969036	1.436975	-1.000000	-1.000000	-1.000000	-1.000000	0.000000	0.000000	0.000000	0.000000	0.000000	0.000000
W998	2914.466542	1.651702	-1.000000	-1.000000	-1.000000	-1.000000	0.000000	0.000000	0.000000	0.000000	0.000000	0.000000
W999	2947.392734	1.801060	-1.000000	-1.000000	-1.000000	-1.000000	0.000000	0.000000	0.000000	0.000000	0.000000	0.000000
W1000	3730.231484	2.098577	-1.000000	-1.000000	-1.000000	-1.000000	0.000000	0.000000	0.000000	0.000000	0.000000	0.000000
W1001	4477.426724	2.314459	-1.000000	-1.000000	-1.000000	-1.000000	0.000000	0.000000	0.000000	0.000000	0.000000	0.000000
W1002	3654.926326	2.239375	-1.000000	-1.000000	-1.000000	-1.000000	0.000000	0.000000	0.000000	0.000000	0.000000	0.000000
W1003	2424.582934	1.701435	-1.000000	-1.000000	-1.000000	-1.000000	0.000000	0.000000	0.000000	0.000000	0.000000	0.000000
W1004	4330.402168	2.374520	-1.000000	-1.000000	-1.000000	-1.000000	0.000000	0.000000	0.000000	0.000000	0.000000	0.000000
W1005	4056.532875	2.108410	-1.000000	-1.000000	-1.000000	-1.000000	0.000000	0.000000	0.000000	0.000000	0.000000	0.000000
W1006	2812.983729	1.658393	-1.000000	-1.000000	-1.000000	-1.000000	0.000000	0.000000	0.000000	0.000000	0.000000	0.000000
W1007	3905.030835	2.537125	-1.000000	-1.000000	-1.000000	-1.000000	0.000000	0.000000	0.000000	0.000000	0.000000	0.000000
W1008	2080.816829	1.434904	-1.000000	-1.000000	-1.000000	-1.000000	0.000000	0.000000	0.000000	0.000000	0.000000	0.000000
W1009	2630.944613	2.044046	-1.000000	-1.000000	-1.000000	-1.000000	0.000000	0.000000	0.000000	0.000000	0.000000	0.000000
W1010	2698.682248	1.725035	-1.000000	-1.000000	-1.000000	-1.000000	0.000000	0.000000	0.000000	0.000000	0.000000	0.000000
W1011	4548.018946	2.764610	-1.000000	-1.000000	-1.000000	-1.000000	0.000000	0.000000	0.000000	0.000000	0.000000	0.000000
W1012	4097.474149	2.209976	-1.000000	-1.000000	-1.000000	-1.000000	0.000000	0.000000	0.000000	0.000000	0.000000	0.000000
W1013	2965.445390	1.894033	-1.000000	-1.000000	-1.000000	-1.000000	0.000000	0.000000	0.000000	0.000000	0.000000	0.000000
W1014	2397.532521	1.623364	-1.000000	-1.000000	-1.000000	-1.000000	0.000000	0.000000	0.000000	0.000000	0.000000	0.000000
W1015	2983.259371	1.835091	-1.000000	-1.000000	-1.000000	-1.000000	0.000000	0.000000	0.000000	0.000000	0.000000	0.000000
W1016	2503.361141	1.511057	-1.000000	-1.000000	-1.000000	-1.000000	0.000000	0.000000	0.000000	0.000000	0.000000	0.000000
W1017	2270.778757	1.520514	-1.000000	-1.000000	-1.000000	-1.000000	0.000000	0.000000	0.000000	0.000000	0.000000	0.000000
W1018	2601.724551	1.598708	-1.000000	-1.000000	-1.000000	-1.000000	0.000000	0.000000	0.000000	0.000000	0.000000	0.000000
W1019	3493.502305	2.006813	-1.000000	-1.000000	-1.000000	-1.000000	0.000000	0.000000	0.000000	0.000000	0.000000	0.000000
W1020	3504.083707	2.093649	-1.000000	-1.000000	-1.000000	-1.000000	0.000000	0.000000	0.000000	0.000000	0.000000	0.000000
W1021	3333.204416	1.841963	-1.000000	-1.000000	-1.000000	-1.000000	0.000000	0.000000	0.000000	0.000000	0.000000	0.000000
W1022	2854.646938	1.675016	-1.000000	-1.000000	-1.000000	-1.000000	0.000000	0.000000	0.000000	0.000000	0.000000	0.000000
W1023	3235.950064	1.871422	-1.000000	-1.000000	-1.000000	-1.000000	0.000000	0.000000	0.000000	0.000000	0.000000	0.000000
W1024	1589.910515	0.826012	-1.000000	-1.000000	-1.000000	-1.000000	0.000000	0.000000	0.000000	0.000000	0.000000	0.000000
W1025	3964.748468	2.130159	-1.000000	-1.000000	-1.000000	-1.000000	0.000000	0.000000	0.000000	0.000000	0.000000	0.000000
W1026	3689.308419	2.267262	-1.000000	-1.000000	-1.000000	-1.000000	0.000000	0.000000	0.000000	0.000000	0.000000	0.000000
W1027	3469.476695	2.045879	-1.000000	-1.000000	-1.000000	-1.000000	0.000000	0.000000	0.000000	0.000000	0.000000	0.000000
W1028	3522.237197	2.221481	-1.000000	-1.000000	-1.000000	-1.000000	0.000000	0.000000	0.000000	0.000000	0.000000	0.000000
W1029	3203.672713	1.922925	-1.000000	-1.000000	-1.000000	-1.000000	0.000000	0.000000	0.000000	0.000000	0.000000	0.000000
W1030	1611.572535	1.337861	-1.000000	-1.000000	-1.000000	-1.000000	0.000000	0.000000	0.000000	0.000000	0.000000	0.000000
W1031	2651.092741	1.534495	-1.000000	-1.000000	-1.000000	-1.000000	0.000000	0.000000	0.000000	0.000000	0.000000	0.000000
W1032	2997.437012	1.748511	-1.000000	-1.000000	-1.000000	-1.000000	0.000000	0.000000	0.000000	0.000000	0.000000	0.000000
W1033	2309.417912	1.539516	-1.000000	-1.000000	-1.000000	-1.000000	0.000000	0.000000	0.000000	0.000000	0.000000	0.000000
W1034	3596.821994	2.079949	-1.000000	-1.000000	-1.000000	-1.000000	0.000000	0.000000	0.000000	0.000000	0.000000	0.000000
W1035	3340.801656	1.606595	-1.000000	-1.000000	-1.000000	-1.000000	0.000000	0.000000	0.000000	0.000000	0.000000	0.000000
W1036	3345.113491	1.986649	-1.000000	-1.000000	-1.000000	-1.000000	0.000000	0.000000	0.000000	0.000000	0.000000	0.000000
W1037	2556.454583	2.074025	-1.000000	-1.000000	-1.000000	-1.000000	0.000000	0.000000	0.000000	0.000000	0.000000	0.000000
W1038	3250.374383	2.012694	-1.000000	-1.000000	-1.000000	-1.000000	0.000000	0.000000	0.000000	0.000000	0.000000	0.000000
W1039	2731.594586	1.669855	-1.000000	-1.000000	-1.000000	-1.000000	0.000000	0.000000	0.000000	0.000000	0.000000	0.000000
W1040	2493.709167	1.658777	-1.000000	-1.000000	-1.000000	-1.000000	0.000000	0.000000	0.000000	0.000000	0.000000	0.000000
W1041	3522.844401	2.162668	-1.000000	-1.000000	-1.000000	-1.000000	0.000000	0.000000	0.000000	0.000000	0.000000	0.000000
W1042	2866.881409	1.803560	-1.000000	-1.000000	-1.000000	-1.000000	0.000000	0.000000	0.000000	0.000000	0.000000	0.000000
W1043	3836.376685	2.327104	-1.000000	-1.000000	-1.000000	-1.000000	0.000000	0.000000	0.000000	0.000000	0.000000	0.000000
W1044	1766.629738	1.348246	-1.000000	-1.000000	-1.000000	-1.000000	0.000000	0.000000	0.000000	0.000000	0.000000	0.000000
W1045	4010.458651	2.303203	-1.000000	-1.000000	-1.000000	-1.000000	0.000000	0.000000	0.000000	0.000000	0.000000	0.000000
W1046	3237.455478	1.778092	-1.000000	-1.000000	-1.000000	-1.000000	0.000000	0.000000	0.000000	0.000000	0.000000	0.000000
W1047	3121.678420	2.165436	-1.000000	-1.000000	-1.000000	-1.000000	0.000000	0.000000	0.000000	0.000000	0.000000	0.000000
W1048	4369.339542	2.474037	-1.000000	-1.000000	-1.000000	-1.000000	0.000000	0.000000	0.000000	0.000000	0.000000	0.000000
W1049	3020.612496	1.873239	-1.000000	-1.000000	-1.000000	-1.000000	0.000000	0.000000	0.000000	0.000000	0.000000	0.000000
W1050	3051.409792	1.909292	-1.000000	-1.000000	-1.000000	-1.000000	0.000000	0.000000	0.000000	0.000000	0.000000	0.000000
W1051	4711.110717	2.695352	-1.000000	-1.000000	-1.000000	-1.000000	0.000000	0.000000	0.000000	0.000000	0.000000	0.000000
W1052	2829.446736	1.883999	-1.000000	-1.000000	-1.000000	-1.000000	0.000000	0.000000	0.000000	0.000000	0.000000	0.000000
W1053	5110.750715	2.851515	-1.000000	-1.000000	-1.000000	-1.000000	0.000000	0.000000	0.000000	0.000000	0.000000	0.000000
W1054	3877.184489	2.235095	-1.000000	-1.000000	-1.000000	-1.000000	0.000000	0.000000	0.000000	0.000000	0.000000	0.000000
W1055	2993.668886	1.853781	-1.000000	-1.000000	-1.000000	-1.000000	0.000000	0.000000	0.000000	0.000000	0.000000	0.000000
W1056	2885.242495	1.760327	-1.000000	-1.000000	-1.000000	-1.000000	0.000000	0.000000	0.000000	0.000000	0.000000	0.000000
W1057	2877.254107	1.666591	-1.000000	-1.000000	-1.000000	-1.000000	0.000000	0.000000	0.000000	0.000000	0.000000	0.000000
W1058	3788.320123	2.039381	-1.000000	-1.000000	-1.000000	-1.000000	0.000000	0.000000	0.000000	0.000000	0.000000	0.000000
W1059	2317.355662	1.350321	-1.000000	-1.000000	-1.000000	-1.000000	0.000000	0.000000	0.000000	0.000000	0.000000	0.000000
W1060	2252.557997	1.741564	-1.000000	-1.000000	-1.000000	-1.000000	0.000000	0.000000	0.000000	0.000000	0.000000	0.000000
W1061	1263.081865	1.096641	-1.000000	-1.000000	-1.000000	-1.000000	0.000000	0.000000	0.000000	0.000000	0.000000	0.000000
W1062	3067.737015	1.765810	-1.000000	-1.000000	-1.000000	-1.000000	0.000000	0.000000	0.000000	0.000000	0.000000	0.000000
W1063	2982.388182	2.074066	-1.000000	-1.000000	-1.000000	-1.000000	0.000000	0.000000	0.000000	0.000000	0.000000	0.000000
W1064	2159.373953	1.525501	-1.000000	-1.000000	-1.000000	-1.000000	0.000000	0.000000	0.000000	0.000000	0.000000	0.000000
W1065	3043.382730	1.800479	-1.000000	-1.000000	-1.000000	-1.000000	0.000000	0.000000	0.000000	0.000000	0.000000	0.000000
W1066	3455.946618	1.968182	-1.000000	-1.000000	-1.000000	-1.000000	0.000000	0.000000	0.000000	0.000000	0.000000	0.000000
W1067	2595.459120	1.699456	-1.000000	-1.000000	-1.000000	-1.000000	0.000000	0.000000	0.000000	0.000000	0.000000	0.000000
W1068	2596.054632	1.765935	-1.000000	-1.000000	-1.000000	-1.000000	0.000000	0.000000	0.000000	0.000000	0.000000	0.000000
W1069	3604.190997	2.006191	-1.000000	-1.000000	-1.000000	-1.000000	0.000000	0.000000	0.000000	0.000000	0.000000	0.000000
W1070	2441.780292	1.654680	-1.000000	-1.000000	-1.000000	-1.000000	0.000000	0.000000	0.000000	0.000000	0.000000	0.000000
W1071	1894.426618	1.509589	-1.000000	-1.000000	-1.000000	-1.000000	0.000000	0.000000	0.000000	0.000000	0.000000	0.000000
W1072	3950.136308	2.268614	-1.000000	-1.000000	-1.000000	-1.000000	0.000000	0.000000	0.000000	0.000000	0.000000	0.000000
W1073	3740.003048	2.348511	-1.000000	-1.000000	-1.000000	-1.000000	0.000000	0.000000	0.000000	0.000000	0.000000	0.000000
W1074	2978.234373	1.590006	-1.000000	-1.000000	-1.000000	-1.000000	0.000000	0.000000	0.000000	0.000000	0.000000	0.000000
W1075	1668.574614	1.182402	-1.000000	-1.000000	-1.000000	-1.000000	0.000000	0.000000	0.000000	0.000000	0.000000	0.000000
W1076	3049.838023	1.763647	-1.000000	-1.000000	-1.000000	-1.000000	0.000000	0.000000	0.000000	0.000000	0.000000	0.000000
W1077	3260.560727	2.090876	-1.000000	-1.000000	-1.000000	-1.000000	0.000000	0.000000	0.000000	0.000000	0.000000	0.000000
W1078	2990.915169	2.042792	-1.000000	-1.000000	-1.000000	-1.000000	0.000000	0.000000	0.000000	0.000000	0.000000	0.000000
W1079	4381.560552	2.560639	-1.000000	-1.000000	-1.000000	-1.000000	0.000000	0.000000	0.000000	0.000000	0.000000	0.000000
W1080	4006.015757	2.126469	-1.000000	-1.000000	-1.000000	-1.000000	0.000000	0.000000	0.000000	0.000000	0.000000	0.000000
W1081	3539.372139	2.239833	-1.000000	-1.000000	-1.000000	-1.000000	0.000000	0.000000	0.000000	0.000000	0.000000	0.000000
W1082	3468.097583	2.154104	-1.000000	-1.000000	-1.000000	-1.000000	0.000000	0.000000	0.000000	0.000000	0.000000	0.000000
W1083	2514.392683	1.904447	-1.000000	-1.000000	-1.000000	-1.000000	0.000000	0.000000	0.000000	0.000000	0.000000	0.000000
W1084	3923.705551	2.138718	-1.000000	-1.000000	-1.000000	-1.000000	0.000000	0.000000	0.000000	0.000000	0.000000	0.000000
W1085	3028.079525	1.870273	-1.000000	-1.000000	-1.000000	-1.000000	0.000000	0.000000	0.000000	0.000000	0.000000	0.000000
W1086	3912.869046	2.150747	-1.000000	-1.000000	-1.000000	-1.000000	0.000000	0.000000	0.000000	0.000000	0.000000	0.000000
W1087	3697.688287	2.167222	-1.000000	-1.000000	-1.000000	-1.000000	0.000000	0.000000	0.000000	0.000000	0.000000	0.000000
W1088	5276.410035	3.299765	-1.000000	-1.000000	-1.000000	-1.000000	0.000000	0.000000	0.000000	0.000000	0.000000	0.000000
W1089	2943.960969	1.695810	-1.000000	-1.000000	-1.000000	-1.000000	0.000000	0.000000	0.000000	0.000000	0.000000	0.000000
W1090	3831.260179	2.094907	-1.000000	-1.000000	-1.000000	-1.000000	0.000000	0.000000	0.000000	0.000000	0.000000	0.000000
W1091	2350.234989	1.535014	-1.000000	-1.000000	-1.000000	-1.000000	0.000000	0.000000	0.000000	0.000000	0.000000	0.000000
W1092	2518.761605	1.841102	-1.000000	-1.000000	-1.000000	-1.000000	0.000000	0.000000	0.000000	0.000000	0.000000	0.000000
W1093	1889.489076	1.433385	-1.000000	-1.000000	-1.000000	-1.000000	0.000000	0.000000	0.000000	0.000000	0.000000	0.000000
W1094	2948.057578	1.901913	-1.000000	-1.000000	-1.000000	-1.000000	0.000000	0.000000	0.000000	0.000000	0.000000	0.000000
W1095	2995.463529	1.859956	-1.000000	-1.000000	-1.000000	-1.000000	0.000000	0.000000	0.000000	0.000000	0.000000	0.000000
W1096	2800.034097	1.700501	-1.000000	-1.000000	-1.000000	-1.000000	0.000000	0.000000	0.000000	0.000000	0.000000	0.000000
W1097	2385.941137	1.480216	-1.000000	-1.000000	-1.000000	-1.000000	0.000000	0.000000	0.000000	0.000000	0.000000	0.000000
W1098	1570.134769	1.120562	-1.000000	-1.000000	-1.000000	-1.000000	0.000000	0.000000	0.000000	0.000000	0.000000	0.000000
W1099	2442.476824	1.428745	-1.000000	-1.000000	-1.000000	-1.000000	0.000000	0.000000	0.000000	0.000000	0.000000	0.000000
W1100	2759.782751	1.706705	-1.000000	-1.000000	-1.000000	-1.000000	0.000000	0.000000	0.000000	0.000000	0.000000	0.000000
W1101	3430.184089	2.656935	-1.000000	-1.000000	-1.000000	-1.000000	0.000000	0.000000	0.000000	0.000000	0.000000	0.000000
W1102	3007.783863	1.650133	-1.000000	-1.000000	-1.000000	-1.000000	0.000000	0.000000	0.000000	0.000000	0.000000	0.000000
W1103	2026.146460	1.448149	-1.000000	-1.000000	-1.000000	-1.000000	0.000000	0.000000	0.000000	0.000000	0.000000	0.000000
W1104	2029.276655	1.385051	-1.000000	-1.000000	-1.000000	-1.000000	0.000000	0.000000	0.000000	0.000000	0.000000	0.000000
W1105	2891.373577	1.634510	-1.000000	-1.000000	-1.000000	-1.000000	0.000000	0.000000	0.000000	0.000000	0.000000	0.000000
W1106	2659.561009	1.656020	-1.000000	-1.000000	-1.000000	-1.000000	0.000000	0.000000	0.000000	0.000000	0.000000	0.000000
W1107	3390.705557	1.756394	-1.000000	-1.000000	-1.000000	-1.000000	0.000000	0.000000	0.000000	0.000000	0.000000	0.000000
W1108	1556.560091	1.110419	-1.000000	-1.000000	-1.000000	-1.000000	0.000000	0.000000	0.000000	0.000000	0.000000	0.000000
W1109	1890.715835	1.413774	-1.000000	-1.000000	-1.000000	-1.000000	0.000000	0.000000	0.000000	0.000000	0.000000	0.000000
W1110	2405.742918	1.775575	-1.000000	-1.000000	-1.000000	-1.000000	0.000000	0.000000	0.000000	0.000000	0.000000	0.000000
W1111	3244.244779	1.830494	-1.000000	-1.000000	-1.000000	-1.000000	0.000000	0.000000	0.000000	0.000000	0.000000	0.000000
W1112	1457.937893	1.059222	-1.000000	-1.000000	-1.000000	-1.000000	0.000000	0.000000	0.000000	0.000000	0.000000	0.000000
W1113	4118.062146	2.481685	-1.000000	-1.000000	-1.000000	-1.000000	0.000000	0.000000	0.000000	0.000000	0.000000	0.000000
W1114	2053.555168	1.527010	-1.000000	-1.000000	-1.000000	-1.000000	0.000000	0.000000	0.000000	0.000000	0.000000	0.000000
W1115	2083.275613	1.481506	-1.000000	-1.000000	-1.000000	-1.000000	0.000000	0.000000	0.000000	0.000000	0.000000	0.000000
W1116	4846.980359	2.650928	-1.000000	-1.000000	-1.000000	-1.000000	0.000000	0.000000	0.000000	0.000000	0.000000	0.000000
W1117	4062.821939	2.172984	-1.000000	-1.000000	-1.000000	-1.000000	0.000000	0.000000	0.000000	0.000000	0.000000	0.000000
W1118	3480.062829	1.681473	-1.000000	-1.000000	-1.000000	-1.000000	0.000000	0.000000	0.000000	0.000000	0.000000	0.000000
W1119	3811.646388	2.763307	-1.000000	-1.000000	-1.000000	-1.000000	0.000000	0.000000	0.000000	0.000000	0.000000	0.000000
W1120	4061.961706	2.729921	-1.000000	-1.000000	-1.000000	-1.000000	0.000000	0.000000	0.000000	0.000000	0.000000	0.000000
W1121	2768.437249	1.631098	-1.000000	-1.000000	-1.000000	-1.000000	0.000000	0.000000	0.000000	0.000000	0.000000	0.000000
W1122	2522.868683	1.672621	-1.000000	-1.000000	-1.000000	-1.000000	0.000000	0.000000	0.000000	0.000000	0.000000	0.000000
W1123	3684.778676	1.921667	-1.000000	-1.000000	-1.000000	-1.000000	0.000000	0.000000	0.000000	0.000000	0.000000	0.000000
W1124	1666.040555	1.143211	-1.000000	-1.000000	-1.000000	-1.000000	0.000000	0.000000	0.000000	0.000000	0.000000	0.000000
W1125	1995.357457	1.386692	-1.000000	-1.000000	-1.000000	-1.000000	0.000000	0.000000	0.000000	0.000000	0.000000	0.000000
W1126	3114.751320	2.121856	-1.000000	-1.000000	-1.000000	-1.000000	0.000000	0.000000	0.000000	0.000000	0.000000	0.000000
W1127	3489.867192	1.912270	-1.000000	-1.000000	-1.000000	-1.000000	0.000000	0.000000	0.000000	0.000000	0.000000	0.000000
W1128	3636.012107	2.142994	-1.000000	-1.000000	-1.000000	-1.000000	0.000000	0.000000	0.000000	0.000000	0.000000	0.000000
W1129	3354.292639	1.872897	-1.000000	-1.000000	-1.000000	-1.000000	0.000000	0.000000	0.000000	0.000000	0.000000	0.000000
W1130	2618.801413	1.628725	-1.000000	-1.000000	-1.000000	-1.000000	0.000000	0.000000	0.000000	0.000000	0.000000	0.000000
W1131	2609.517892	1.607070	-1.000000	-1.000000	-1.000000	-1.000000	0.000000	0.000000	0.000000	0.000000	0.000000	0.000000
W1132	1990.148649	1.504812	-1.000000	-1.000000	-1.000000	-1.000000	0.000000	0.000000	0.000000	0.000000	0.000000	0.000000
W1133	2176.038338	1.659245	-1.000000	-1.000000	-1.000000	-1.000000	0.000000	0.000000	0.000000	0.000000	0.000000	0.000000
W1134	2944.956561	1.955598	-1.000000	-1.000000	-1.000000	-1.000000	0.000000	0.000000	0.000000	0.000000	0.000000	0.000000
W1135	1933.431872	1.454551	-1.000000	-1.000000	-1.000000	-1.000000	0.000000	0.000000	0.000000	0.000000	0.000000	0.000000
W1136	2575.580034	1.833093	-1.000000	-1.000000	-1.000000	-1.000000	0.000000	0.000000	0.000000	0.000000	0.000000	0.000000
W1137	2693.595302	1.761162	-1.000000	-1.000000	-1.000000	-1.000000	0.000000	0.000000	0.000000	0.000000	0.000000	0.000000
W1138	3274.469922	2.506684	-1.000000	-1.000000	-1.000000	-1.000000	0.000000	0.000000	0.000000	0.000000	0.000000	0.000000
W1139	1972.269182	1.672544	-1.000000	-1.000000	-1.000000	-1.000000	0.000000	0.000000	0.000000	0.000000	0.000000	0.000000
W1140	2583.185969	2.065668	-1.000000	-1.000000	-1.000000	-1.000000	0.000000	0.000000	0.000000	0.000000	0.000000	0.000000
W1141	3079.274894	1.861547	-1.000000	-1.000000	-1.000000	-1.000000	0.000000	0.000000	0.000000	0.000000	0.000000	0.000000
W1142	2820.117766	1.912059	-1.000000	-1.000000	-1.000000	-1.000000	0.000000	0.000000	0.000000	0.000000	0.000000	0.000000
W1143	3305.855711	2.172004	-1.000000	-1.000000	-1.000000	-1.000000	0.000000	0.000000	0.000000	0.000000	0.000000	0.000000
W1144	2925.467043	2.118835	-1.000000	-1.000000	-1.000000	-1.000000	0.000000	0.000000	0.000000	0.000000	0.000000	0.000000
W1145	3025.766961	2.069803	-1.000000	-1.000000	-1.000000	-1.000000	0.000000	0.000000	0.000000	0.000000	0.000000	0.000000
W1146	3025.492258	1.959461	-1.000000	-1.000000	-1.000000	-1.000000	0.000000	0.000000	0.000000	0.000000	0.000000	0.000000
W1147	2093.320925	1.299636	-1.000000	-1.000000	-1.000000	-1.000000	0.000000	0.000000	0.000000	0.000000	0.000000	0.000000
W1148	2869.643426	1.724945	-1.000000	-1.000000	-1.000000	-1.000000	0.000000	0.000000	0.000000	0.000000	0.000000	0.000000
W1149	2967.283456	1.697983	-1.000000	-1.000000	-1.000000	-1.000000	0.000000	0.000000	0.000000	0.000000	0.000000	0.000000
W1150	1148.089621	0.875653	-1.000000	-1.000000	-1.000000	-1.000000	0.000000	0.000000	0.000000	0.000000	0.000000	0.000000
W1151	2887.533984	1.853113	-1.000000	-1.000000	-1.000000	-1.000000	0.000000	0.000000	0.000000	0.000000	0.000000	0.000000
W1152	4218.042251	2.372157	-1.000000	-1.000000	-1.000000	-1.000000	0.000000	0.000000	0.000000	0.000000	0.000000	0.000000
W1153	3434.323852	2.013004	-1.000000	-1.000000	-1.000000	-1.000000	0.000000	0.000000	0.000000	0.000000	0.000000	0.000000
W1154	4618.564999	2.325650	-1.000000	-1.000000	-1.000000	-1.000000	0.000000	0.000000	0.000000	0.000000	0.000000	0.000000
W1155	3158.181261	2.074790	-1.000000	-1.000000	-1.000000	-1.000000	0.000000	0.000000	0.000000	0.000000	0.000000	0.000000
W1156	3688.296302	2.303137	-1.000000	-1.000000	-1.000000	-1.000000	0.000000	0.000000	0.000000	0.000000	0.000000	0.000000
