# Online RefPMT LMS + Module Gain Results (Run: 1508)
# Trigger Condition: 1200 LMS events per fit
# Fit Event Absolute Time Range:
#   Start Time (UTC): 2016-06-22 00:16:34.000000 UTC
#   End Time (UTC):   2016-06-22 00:17:37.973570 UTC
#   Start Time (EDT): 2016-06-21 20:16:34.000000 EDT
#   End Time (EDT):   2016-06-21 20:17:37.973570 EDT
#   Average Time (UTC): 2016-06-22 00:17:05.986784 (UTC)
#   Average Time (seconds since epoch, UTC): 1466554625.986785
#   Average Time (EDT): 2016-06-21 20:17:05.986784 (EDT)
#   Average Time (seconds since epoch, EDT): 1466540225.986785
# Formula: Module Gain = (Module LMS Mean - Module Pedestal Mean) × RefPMT Alpha Signal / RefPMT LMS Signal
# Reference PMT Params:
# RefPMT1: AlphaSignal=-572.032898, AlphaError=0.099514, LMSSignal=2304.644874, LMSError=2.591843, Valid=No
# RefPMT2: AlphaSignal=2074.424821, AlphaError=2.186975, LMSSignal=2278.690758, LMSError=2.147468, Valid=Yes
# RefPMT3: AlphaSignal=5513.092031, AlphaError=7.854997, LMSSignal=1269.086473, LMSError=2.314126, Valid=Yes
# Note: -1.0 = Fit failed / Invalid data

# G module
# module name	LMS_Mean	LMS_Err	Pedestal_Mean	Pedestal_Err	module signal(LMS-Pedestal)	signal error	gain1(RefPMT1)	gain1 error	gain2(RefPMT2)	gain2 error	gain3(RefPMT3)	gain3 error
G1	3089.650597	2.446924	623.390151	0.048906	2466.260445	2.447412	0.000000	0.000000	2245.180425	3.878625	10713.785941	26.976196
G2	3103.539056	2.673123	664.489657	0.046905	2439.049399	2.673535	0.000000	0.000000	2220.408626	3.972681	10595.577287	27.130769
G3	4566.068968	3.758818	680.419840	0.055015	3885.649128	3.759221	0.000000	0.000000	3537.332554	6.060704	16879.812135	42.337749
G4	3361.235523	2.889041	592.295747	0.044391	2768.939776	2.889382	0.000000	0.000000	2520.727036	4.429948	12028.667977	30.534608
G5	3490.244913	3.738350	538.677287	0.037929	2951.567626	3.738543	0.000000	0.000000	2686.983797	5.100989	12822.029316	33.825319
G6	2871.012184	2.645749	510.848961	0.041782	2360.163223	2.646079	0.000000	0.000000	2148.593948	3.877339	10252.884526	26.364043
G7	2336.010352	2.004992	537.074363	0.046270	1798.935989	2.005526	0.000000	0.000000	1637.676133	2.948939	7814.833646	20.073467
G8	4587.823467	3.247864	543.741164	0.043891	4044.082303	3.248161	0.000000	0.000000	3681.563494	5.987167	17568.068368	43.033294
G9	3087.738954	2.028325	643.549772	0.045078	2444.189181	2.028825	0.000000	0.000000	2225.087668	3.648465	10617.905231	26.103696
G10	3454.330928	2.404987	598.684728	0.046027	2855.646200	2.405427	0.000000	0.000000	2599.660940	4.278900	12405.333007	30.549787
G11	3656.778178	2.680511	452.009972	0.065389	3204.768206	2.681309	0.000000	0.000000	2917.487022	4.793567	13921.968628	34.257744
G12	2449.244670	2.061279	511.940572	0.051391	1937.304098	2.061920	0.000000	0.000000	1763.640675	3.121387	8415.924379	21.436354
G13	2096.208354	1.785533	608.148377	0.054765	1488.059976	1.786372	0.000000	0.000000	1354.667605	2.512800	6464.344058	16.852181
G14	1989.348541	1.662776	435.330794	0.045817	1554.017747	1.663408	0.000000	0.000000	1414.712802	2.509007	6750.873987	17.212430
G15	3658.890112	2.219315	529.076819	0.050079	3129.813292	2.219880	0.000000	0.000000	2849.251202	4.507459	13596.353828	32.907917
G16	2958.825590	2.300316	378.616371	0.043757	2580.209219	2.300732	0.000000	0.000000	2348.914626	3.926764	11208.795611	27.797194
G17	3845.529251	3.891996	310.853605	0.050485	3534.675647	3.892324	0.000000	0.000000	3217.820967	5.767177	15355.133445	39.351191
G18	3152.361226	3.972453	381.798332	0.049732	2770.562893	3.972764	0.000000	0.000000	2522.204654	5.079424	12035.719030	32.765352
G19	3195.778783	2.696319	562.006379	0.051169	2633.772405	2.696805	0.000000	0.000000	2397.676311	4.186013	11441.481703	28.952743
G20	2589.788326	2.389731	443.569313	0.050892	2146.219013	2.390273	0.000000	0.000000	1953.828082	3.516867	9323.480466	23.944075
G21	3125.966355	2.169520	471.172101	0.050602	2654.794254	2.170110	0.000000	0.000000	2416.813724	3.947472	11532.803605	28.304089
G22	4483.619856	3.045900	531.749364	0.052417	3951.870492	3.046351	0.000000	0.000000	3597.617716	5.794095	17167.487156	41.873381
G23	794.305423	0.874795	392.333962	0.050580	401.971460	0.876256	0.000000	0.000000	365.938016	0.950844	1746.221162	5.551493
G24	3266.636405	2.451101	522.247967	0.042052	2744.388438	2.451462	0.000000	0.000000	2498.376524	4.178730	11922.013476	29.572709
G25	3182.532007	2.649857	371.077529	0.090172	2811.454478	2.651391	0.000000	0.000000	2559.430644	4.350260	12213.357888	30.519715
G26	4007.213844	2.850017	390.814497	0.094057	3616.399347	2.851569	0.000000	0.000000	3292.218807	5.330292	15710.152814	38.407304
G27	2128.048091	2.403999	413.585876	0.120479	1714.462215	2.407016	0.000000	0.000000	1560.774740	3.110084	7447.867564	20.158966
G28	1867.182175	2.187841	517.348485	0.090309	1349.833690	2.189704	0.000000	0.000000	1228.832171	2.644457	5863.869421	16.571596
G29	3794.061460	4.815379	330.054414	0.069072	3464.007047	4.815875	0.000000	0.000000	3153.487227	6.253473	15048.139001	40.623987
G30	3435.149333	2.825389	431.296208	0.084255	3003.853125	2.826645	0.000000	0.000000	2734.582330	4.644840	13049.164958	32.598157
G31	2205.063079	2.293350	540.145042	0.041961	1664.918037	2.293734	0.000000	0.000000	1515.671791	2.992297	7232.640613	19.478568
G32	3187.536917	2.327409	557.754772	0.046725	2629.782145	2.327878	0.000000	0.000000	2394.043746	3.993947	11424.147449	28.304696
G33	2337.396773	1.419531	731.227368	0.042797	1606.169405	1.420176	0.000000	0.000000	1462.189492	2.438575	6977.428206	17.284930
G34	1099.277891	1.008470	645.342874	0.048935	453.935017	1.009656	0.000000	0.000000	413.243466	1.089177	1971.958237	6.329411
G35	3239.058201	2.085034	705.732631	0.050304	2533.325571	2.085641	0.000000	0.000000	2306.233712	3.773630	11005.126378	27.030567
G36	2299.589553	1.738209	625.305037	0.038970	1674.284516	1.738646	0.000000	0.000000	1524.198642	2.674071	7273.329929	18.448160
G37	2601.379125	2.188241	490.965477	0.048016	2110.413648	2.188768	0.000000	0.000000	1921.232374	3.369138	9167.936870	23.248735
G38	2493.425795	2.437438	347.307334	0.039999	2146.118461	2.437766	0.000000	0.000000	1953.736543	3.543680	9323.043653	24.033359
G39	3042.464180	2.628235	468.911277	0.038597	2573.552903	2.628519	0.000000	0.000000	2342.854994	4.086768	11179.879627	28.279123
G40	3878.594463	4.367511	462.473228	0.043826	3416.121234	4.367731	0.000000	0.000000	3109.893985	5.928673	14840.116225	39.234506
G41	3619.974611	3.134491	291.183028	0.038634	3328.791583	3.134729	0.000000	0.000000	3030.392721	5.148459	14460.743809	36.128216
G42	2700.397082	2.664907	377.936543	0.047776	2322.460539	2.665336	0.000000	0.000000	2114.271000	3.850449	10089.098706	26.060534
G43	2924.459636	2.421853	382.494670	0.048209	2541.964966	2.422333	0.000000	0.000000	2314.098656	3.945988	11042.657138	27.635591
G44	1113.073696	1.734487	255.767642	0.033523	857.306054	1.734811	0.000000	0.000000	780.455598	1.926698	3724.259361	11.448583
G45	2081.255087	2.082559	324.122887	0.039312	1757.132199	2.082930	0.000000	0.000000	1599.619710	2.951637	7633.232042	19.846745
G46	2742.840726	2.068609	320.533612	0.044437	2422.307114	2.069087	0.000000	0.000000	2205.167150	3.643015	10522.846423	25.956790
G47	2484.113734	2.171834	235.938510	0.032245	2248.175224	2.172073	0.000000	0.000000	2046.644755	3.505110	9766.392739	24.491009
G48	4569.426436	5.462517	207.835700	0.035059	4361.590736	5.462629	0.000000	0.000000	3970.609900	7.500359	18947.370133	49.855821
G49	2146.098381	1.678785	430.256336	0.047192	1715.842046	1.679449	0.000000	0.000000	1562.030880	2.686342	7453.861744	18.728418
G50	3613.391958	2.766508	344.448148	0.045662	3268.943810	2.766885	0.000000	0.000000	2975.909809	4.904402	14200.756573	34.991092
G51	2705.284166	2.411353	379.727407	0.052172	2325.556759	2.411917	0.000000	0.000000	2117.089670	3.712610	10102.549127	25.618828
G52	2249.002927	2.056039	538.964151	0.046177	1710.038776	2.056557	0.000000	0.000000	1556.747826	2.889827	7428.651517	19.373494
G53	3001.371610	2.817433	325.674530	0.038857	2675.697080	2.817701	0.000000	0.000000	2435.842783	4.294660	11623.608452	29.552290
G54	1557.764809	1.298249	377.112223	0.047912	1180.652586	1.299132	0.000000	0.000000	1074.816766	1.925804	5128.922658	13.142255
G55	1669.814547	1.658320	231.374464	0.101504	1438.440083	1.661424	0.000000	0.000000	1309.495728	2.390920	6248.788188	16.161414
G56	2602.190375	2.395376	390.435614	0.089545	2211.754761	2.397049	0.000000	0.000000	2013.489087	3.587273	9608.177070	24.551849
G57	998.104935	0.839361	602.926230	0.088615	395.178704	0.844026	0.000000	0.000000	359.754175	0.921510	1716.712464	5.406065
G58	1848.746846	2.051756	580.553944	0.095370	1268.192902	2.053971	0.000000	0.000000	1154.509810	2.482255	5509.210232	15.561100
G59	3385.786161	2.907676	601.106700	0.115333	2784.679461	2.909963	0.000000	0.000000	2535.055788	4.457377	12097.043408	30.715605
G60	3127.752670	2.451840	507.227904	0.076626	2620.524766	2.453037	0.000000	0.000000	2385.616215	4.045611	11383.932079	28.417182
G61	2571.164474	2.216392	492.185696	0.038061	2078.978778	2.216718	0.000000	0.000000	1892.615383	3.351851	9031.379330	23.011277
G62	4322.384893	3.713962	482.285560	0.039403	3840.099333	3.714171	0.000000	0.000000	3495.865925	5.989152	16681.937355	41.839797
G63	2889.388226	2.320539	527.180664	0.050589	2362.207561	2.321091	0.000000	0.000000	2150.455029	3.702962	10261.765422	25.798731
G64	3762.615554	2.873011	576.574493	0.034463	3186.041061	2.873217	0.000000	0.000000	2900.438612	4.864501	13840.615250	34.374622
G65	4248.995052	3.256492	681.517576	0.052392	3567.477476	3.256913	0.000000	0.000000	3247.682381	5.466408	15497.629255	38.552965
G66	4250.982002	2.880011	589.305870	0.044218	3661.676132	2.880351	0.000000	0.000000	3333.436900	5.393961	15906.841604	38.878473
G67	2543.412823	1.955782	394.445544	0.032542	2148.967279	1.956052	0.000000	0.000000	1956.329989	3.289960	9335.419326	23.214134
G68	2407.447092	1.712814	369.439460	0.035244	2038.007632	1.713177	0.000000	0.000000	1855.316964	3.052112	8853.394845	21.797439
G69	4344.283115	3.307640	524.939658	0.035650	3819.343457	3.307832	0.000000	0.000000	3476.970642	5.765570	16591.770876	40.995806
G70	3722.504356	2.341403	459.214347	0.039497	3263.290009	2.341737	0.000000	0.000000	2970.762826	4.710836	14176.195660	34.346130
G71	2531.423314	2.183963	363.672734	0.045110	2167.750580	2.184429	0.000000	0.000000	1973.429521	3.426641	9417.016655	23.768356
G72	2564.513243	1.942522	454.699825	0.035594	2109.813417	1.942848	0.000000	0.000000	1920.685949	3.241118	9165.329383	22.827030
G73	3297.276464	2.965742	310.992938	0.034888	2986.283526	2.965947	0.000000	0.000000	2718.587702	4.697752	12972.840122	32.668516
G74	3597.978588	4.350153	294.964343	0.038135	3303.014245	4.350321	0.000000	0.000000	3006.926110	5.810676	14348.763388	38.205759
G75	2566.172241	2.120591	388.928489	0.035398	2177.243752	2.120887	0.000000	0.000000	1982.071708	3.403454	9458.256343	23.747431
G76	4281.611862	4.169084	260.883641	0.034114	4020.728222	4.169223	0.000000	0.000000	3660.302915	6.418409	17466.614921	44.291746
G77	5695.008792	7.274788	253.222832	0.034898	5441.785961	7.274872	0.000000	0.000000	4953.974483	9.640257	23639.891735	63.177375
G78	2628.509643	2.696487	368.784978	0.037927	2259.724665	2.696754	0.000000	0.000000	2057.158883	3.806467	9816.565153	25.559340
G79	2364.862936	2.307406	371.532526	0.044237	1993.330410	2.307830	0.000000	0.000000	1814.644688	3.316406	8659.310642	22.406491
G80	2406.309585	1.987690	523.990798	0.037244	1882.318787	1.988039	0.000000	0.000000	1713.584347	3.024407	8177.060373	20.800148
G81	2308.911934	1.575608	613.358916	0.042389	1695.553018	1.576179	0.000000	0.000000	1543.560597	2.612107	7365.723324	18.368840
G82	4449.847189	3.274365	500.293973	0.037233	3949.553216	3.274577	0.000000	0.000000	3595.508165	5.893790	17157.420581	42.175274
G83	2982.064374	2.959296	334.820624	0.041109	2647.243750	2.959581	0.000000	0.000000	2409.940061	4.344241	11500.003143	29.555047
G84	4147.353531	2.932428	561.274267	0.036088	3586.079263	2.932650	0.000000	0.000000	3264.616671	5.332804	15578.438063	38.234836
G85	2732.250973	2.192032	370.435666	0.083570	2361.815307	2.193624	0.000000	0.000000	2150.097936	3.637572	10260.061412	25.583729
G86	2364.063266	2.790128	360.130734	0.097154	2003.932532	2.791819	0.000000	0.000000	1824.296417	3.621365	8705.367769	23.514080
G87	2155.713513	1.998633	498.551931	0.098853	1657.161582	2.001076	0.000000	0.000000	1508.610638	2.805258	7198.945469	18.790708
G88	2840.394663	2.678504	475.161883	0.066896	2365.232780	2.679339	0.000000	0.000000	2153.209061	3.901314	10274.907401	26.473123
G89	3254.366337	4.162719	626.990007	0.081400	2627.376330	4.163515	0.000000	0.000000	2391.853592	5.079954	11413.696244	32.011689
G90	2399.505072	1.994652	545.131461	0.081568	1854.373611	1.996319	0.000000	0.000000	1688.144227	3.000222	8055.662558	20.560060
G91	3399.603679	2.505577	644.725470	0.047121	2754.878210	2.506020	0.000000	0.000000	2507.925974	4.216816	11967.582535	29.756999
G92	2993.286831	2.741202	642.699837	0.062187	2350.586994	2.741908	0.000000	0.000000	2139.876150	3.922615	10211.284027	26.462195
G93	2321.725488	2.032240	568.465692	0.050283	1753.259795	2.032862	0.000000	0.000000	1596.094435	2.918708	7616.409766	19.713719
G94	2306.135651	2.081971	603.972216	0.082933	1702.163434	2.083622	0.000000	0.000000	1549.578444	2.898178	7394.439913	19.357976
G95	3339.343058	2.399415	602.916619	0.051089	2736.426439	2.399958	0.000000	0.000000	2491.128253	4.145165	11887.425419	29.418018
G96	2761.486319	1.642762	645.530828	0.046133	2115.955491	1.643409	0.000000	0.000000	1926.277436	3.107714	9192.011425	22.437263
G97	3513.066422	3.002087	544.662004	0.036009	2968.404418	3.002303	0.000000	0.000000	2702.311309	4.698113	12895.170735	32.566358
G98	3687.868547	3.567065	431.791248	0.034609	3256.077299	3.567233	0.000000	0.000000	2964.196676	5.302395	14144.862621	36.215490
G99	3789.386044	3.750223	647.161549	0.041616	3142.224495	3.750454	0.000000	0.000000	2860.549842	5.293331	13650.269857	35.542184
G100	2525.122163	2.264663	495.474737	0.069530	2029.647426	2.265730	0.000000	0.000000	1847.706181	3.328828	8817.076922	22.653521
G101	4002.500619	2.331640	649.851270	0.055296	3352.649350	2.332296	0.000000	0.000000	3052.111834	4.809898	14564.385337	35.193307
G102	3131.834736	2.216950	441.067657	0.037449	2690.767079	2.217267	0.000000	0.000000	2449.561880	4.009073	11689.074670	28.713390
G103	3563.472225	3.020519	499.154175	0.043760	3064.318050	3.020836	0.000000	0.000000	2789.627071	4.808705	13311.833187	33.483552
G104	2208.212713	2.152784	377.131073	0.043006	1831.081640	2.153214	0.000000	0.000000	1666.940190	3.065719	7954.478923	20.647694
G105	3540.148840	2.707602	534.544565	0.041713	3005.604275	2.707923	0.000000	0.000000	2736.176504	4.587748	13056.772204	32.423807
G106	2668.340204	2.424315	445.764201	0.042472	2222.576003	2.424687	0.000000	0.000000	2023.340294	3.613653	9655.186085	24.701365
G107	2358.612780	1.842429	365.353071	0.034838	1993.259709	1.842758	0.000000	0.000000	1814.580325	3.065669	8659.003507	21.577632
G108	2227.429323	1.963036	393.622483	0.037525	1833.806840	1.963395	0.000000	0.000000	1669.421098	2.961011	7966.317578	20.312315
G109	3840.912615	3.415859	517.996648	0.050118	3322.915967	3.416226	0.000000	0.000000	3025.043805	5.288681	14435.219296	36.552687
G110	3982.285028	3.740975	599.869992	0.045961	3382.415036	3.741258	0.000000	0.000000	3079.209270	5.528047	14693.691707	37.687133
G111	2284.902856	2.290980	390.597154	0.037324	1894.305702	2.291284	0.000000	0.000000	1724.496733	3.208974	8229.133235	21.487447
G112	1996.684640	1.415093	584.114646	0.043314	1412.569994	1.415755	0.000000	0.000000	1285.944680	2.228848	6136.404844	15.474865
G113	2743.865561	2.548914	523.753784	0.035095	2220.111777	2.549156	0.000000	0.000000	2021.096966	3.681497	9644.481136	24.914539
G114	3263.968455	2.646339	511.529316	0.040027	2752.439139	2.646642	0.000000	0.000000	2505.705546	4.284830	11956.986865	29.963234
G115	2426.328649	1.956412	530.723857	0.080273	1895.604792	1.958058	0.000000	0.000000	1725.679370	3.021948	8234.776667	20.868301
G116	2375.776250	2.021994	518.912338	0.096958	1856.863912	2.024317	0.000000	0.000000	1690.411292	3.018268	8066.480777	20.634303
G117	2391.468309	1.777379	368.069839	0.103684	2023.398470	1.780401	0.000000	0.000000	1842.017394	3.067848	8789.930571	21.761532
G118	1886.322970	1.472959	450.946512	0.105748	1435.376458	1.476750	0.000000	0.000000	1306.706732	2.285085	6235.479366	15.791287
G119	1748.805162	1.490152	513.089170	0.090302	1235.715993	1.492886	0.000000	0.000000	1124.944189	2.092256	5368.125923	14.013342
G120	2488.438515	1.772996	367.916358	0.073312	2120.522157	1.774511	0.000000	0.000000	1930.434738	3.171957	9211.849671	22.668086
G121	2837.399864	1.788912	626.755751	0.060505	2210.644113	1.789935	0.000000	0.000000	2012.478000	3.279287	9603.352258	23.544126
G122	1896.333145	1.342862	672.567591	0.051229	1223.765555	1.343839	0.000000	0.000000	1114.065010	1.994600	5316.211521	13.617066
G123	2612.888365	1.660371	639.755125	0.054082	1973.133240	1.661252	0.000000	0.000000	1796.258029	2.956171	8571.571267	21.107450
G124	2138.575490	1.484371	664.633670	0.048588	1473.941820	1.485166	0.000000	0.000000	1341.815025	2.329851	6403.012779	16.160871
G125	1928.766872	1.339319	540.686843	0.046065	1388.080029	1.340111	0.000000	0.000000	1263.650039	2.163640	6030.016954	15.119724
G126	3183.174869	2.529767	585.311012	0.040213	2597.863857	2.530086	0.000000	0.000000	2364.986671	4.060690	11285.489869	28.334282
G127	2321.209077	1.511581	412.556406	0.036210	1908.652671	1.512014	0.000000	0.000000	1737.557614	2.816325	8291.458508	20.280354
G128	2285.704141	1.756803	309.513438	0.035454	1976.190702	1.757161	0.000000	0.000000	1799.041415	3.005107	8584.853316	21.282197
G129	1774.346453	1.204932	463.105133	0.031848	1311.241320	1.205353	0.000000	0.000000	1193.699291	2.013290	5696.218682	14.183514
G130	2326.707069	1.835643	244.862966	0.038055	2081.844103	1.836037	0.000000	0.000000	1895.223855	3.158490	9043.826708	22.396618
G131	2934.360516	1.794615	396.448988	0.049499	2537.911528	1.795298	0.000000	0.000000	2310.408576	3.653078	11025.048429	26.678403
G132	2974.547423	2.333004	443.779350	0.037033	2530.768073	2.333298	0.000000	0.000000	2303.905473	3.889189	10994.016244	27.386043
G133	2032.490395	1.531175	469.486730	0.034185	1563.003666	1.531556	0.000000	0.000000	1422.893207	2.447940	6789.910097	17.063073
G134	1684.618638	1.739899	266.846045	0.047550	1417.772593	1.740549	0.000000	0.000000	1290.680908	2.416973	6159.005672	16.133991
G135	2282.640639	1.834717	495.955106	0.031063	1786.685533	1.834979	0.000000	0.000000	1626.523830	2.842645	7761.615923	19.650559
G136	2572.421356	2.107045	256.648331	0.033198	2315.773025	2.107307	0.000000	0.000000	2108.182967	3.545047	10060.047194	25.015129
G137	2160.719774	1.888984	246.743980	0.039240	1913.975795	1.889392	0.000000	0.000000	1742.403563	3.004863	8314.582913	20.918243
G138	3550.250889	2.569563	314.521659	0.032763	3235.729231	2.569772	0.000000	0.000000	2945.672645	4.777379	14056.467720	34.390283
G139	1997.104390	1.904407	318.021443	0.040440	1679.082948	1.904836	0.000000	0.000000	1528.566934	2.771126	7294.174998	18.798609
G140	2177.285608	1.619321	362.634101	0.046579	1814.651507	1.619991	0.000000	0.000000	1651.982883	2.762599	7883.104090	19.552624
G141	2744.937234	2.590454	370.708768	0.034661	2374.228466	2.590686	0.000000	0.000000	2161.398358	3.860532	10313.985941	26.387838
G142	3273.676881	2.949881	290.764490	0.033737	2982.912391	2.950074	0.000000	0.000000	2715.518761	4.685904	12958.195431	32.610216
G143	3026.688936	2.390062	271.777363	0.047477	2754.911574	2.390533	0.000000	0.000000	2507.956347	4.160912	11967.727473	29.577456
G144	2045.604009	1.545492	472.844308	0.031984	1572.759701	1.545822	0.000000	0.000000	1431.774694	2.465663	6832.291700	17.177560
G145	2817.006840	2.269950	460.790211	0.107485	2356.216629	2.272494	0.000000	0.000000	2145.001134	3.671522	10235.739961	25.661353
G146	4300.859428	4.427052	619.996764	0.084331	3680.862663	4.427855	0.000000	0.000000	3350.903516	6.221016	15990.190626	41.703719
G147	2547.700118	2.738178	591.281889	0.103161	1956.418229	2.740121	0.000000	0.000000	1781.041381	3.544775	8498.958881	22.989096
G148	2387.711867	2.508104	365.721727	0.088670	2021.990141	2.509671	0.000000	0.000000	1840.735309	3.463395	8783.812587	23.065786
G149	3548.177909	2.958954	439.459197	0.086709	3108.718712	2.960224	0.000000	0.000000	2830.047578	4.824667	13504.715974	33.793571
G150	2679.097561	2.238984	323.842087	0.069307	2355.255474	2.240057	0.000000	0.000000	2144.126139	3.653938	10231.564566	25.598537
G151	3644.262914	3.069194	618.324603	0.052744	3025.938312	3.069647	0.000000	0.000000	2754.687761	4.794025	13145.106148	33.213507
G152	1970.400371	1.437286	610.310295	0.045984	1360.090076	1.438021	0.000000	0.000000	1238.169156	2.186159	5908.424620	15.032157
G153	1943.987943	1.884913	442.477252	0.056496	1501.510691	1.885760	0.000000	0.000000	1366.912573	2.585202	6522.775872	17.174026
G154	3318.961291	2.642416	322.621922	0.049921	2996.339369	2.642887	0.000000	0.000000	2727.742121	4.546084	13016.524135	32.235330
G155	3055.236230	2.805256	271.358406	0.050316	2783.877824	2.805707	0.000000	0.000000	2534.326011	4.400792	12093.560983	30.524610
G156	1846.662742	1.369187	544.883182	0.049345	1301.779561	1.370076	0.000000	0.000000	1185.085700	2.089007	5655.115453	14.376351
G157	3564.934516	2.881488	408.318536	0.032256	3156.615980	2.881668	0.000000	0.000000	2873.651249	4.836775	13712.788515	34.112633
G158	3224.766993	2.547030	507.384515	0.034896	2717.382478	2.547269	0.000000	0.000000	2473.791427	4.196934	11804.695747	29.473325
G159	2343.139525	1.838850	448.027018	0.039027	1895.112507	1.839264	0.000000	0.000000	1725.231214	2.958924	8232.638109	20.658762
G160	2630.256626	2.027461	697.688171	0.040811	1932.568454	2.027872	0.000000	0.000000	1759.329544	3.097949	8395.352071	21.331607
G161	2853.104107	2.371012	459.603468	0.066401	2393.500638	2.371941	0.000000	0.000000	2178.942938	3.762489	10397.706997	26.174751
G162	1808.575513	1.774705	433.971687	0.050619	1374.603826	1.775427	0.000000	0.000000	1251.381867	2.396586	5971.474412	15.825234
G163	2323.771598	1.847798	383.423841	0.033525	1940.347757	1.848102	0.000000	0.000000	1766.411495	3.011603	8429.146465	21.093429
G164	1946.138517	1.516036	408.497090	0.050552	1537.641427	1.516879	0.000000	0.000000	1399.804485	2.413506	6679.732926	16.803480
G165	2538.487496	2.504906	450.104895	0.049093	2088.382601	2.505387	0.000000	0.000000	1901.176230	3.525555	9072.230871	23.647484
G166	2375.046392	2.133442	266.714765	0.041326	2108.331627	2.133842	0.000000	0.000000	1919.336989	3.337630	9158.892276	23.132996
G167	2836.536907	2.260890	336.855587	0.044209	2499.681320	2.261322	0.000000	0.000000	2275.605393	3.820022	10858.970973	26.980569
G168	2803.697404	2.333188	361.597386	0.043048	2442.100018	2.333586	0.000000	0.000000	2223.185782	3.794232	10608.829610	26.560513
G169	2915.419804	2.190423	336.356086	0.037215	2579.063718	2.190739	0.000000	0.000000	2347.871809	3.873016	11203.819391	27.618175
G170	1796.897598	1.453102	514.533800	0.056102	1282.363798	1.454184	0.000000	0.000000	1167.410402	2.116050	5570.770620	14.355901
G171	2731.788199	2.074495	525.134085	0.048111	2206.654114	2.075053	0.000000	0.000000	2008.845671	3.411419	9586.019134	23.944535
G172	2528.387090	2.052240	341.834325	0.045297	2186.552765	2.052740	0.000000	0.000000	1990.546244	3.378625	9498.696020	23.720840
G173	2448.192200	2.147893	477.829046	0.044988	1970.363154	2.148365	0.000000	0.000000	1793.736258	3.202931	8559.537618	21.896136
G174	2616.755016	2.141290	605.119291	0.047670	2011.635725	2.141820	0.000000	0.000000	1831.309082	3.241582	8738.831535	22.260267
G175	2523.708154	2.069716	352.789719	0.096693	2170.918436	2.071973	0.000000	0.000000	1976.313404	3.371640	9430.778270	23.607006
G176	2303.127109	2.051884	296.554402	0.094120	2006.572707	2.054042	0.000000	0.000000	1826.699922	3.188872	8716.837063	22.057040
G177	1982.247085	2.354970	558.843661	0.096689	1423.403423	2.356954	0.000000	0.000000	1295.806981	2.821607	6183.466800	17.595078
G178	3243.043494	2.571901	442.335516	0.090305	2800.707977	2.573486	0.000000	0.000000	2549.647479	4.299707	12166.673559	30.293177
G179	2271.952121	2.352427	442.807642	0.102571	1829.144479	2.354662	0.000000	0.000000	1665.176679	3.184254	7946.063619	21.041579
G180	2369.654892	1.833758	462.588248	0.075254	1907.066645	1.835301	0.000000	0.000000	1736.113762	2.969593	8284.568583	20.763017
G181	2439.302415	1.859806	565.416719	0.075375	1873.885697	1.861333	0.000000	0.000000	1705.907214	2.947937	8140.425829	20.499772
G182	1782.884543	1.393550	258.839102	0.051007	1524.045441	1.394483	0.000000	0.000000	1387.427268	2.336817	6620.670030	16.475000
G183	1880.277516	1.712215	466.744125	0.052186	1413.533391	1.713010	0.000000	0.000000	1286.821717	2.396466	6140.589978	16.040508
G184	2946.332716	2.148277	404.235838	0.048243	2542.096878	2.148818	0.000000	0.000000	2314.218744	3.812580	11043.230186	27.206598
G185	2254.727908	1.816868	633.689341	0.049992	1621.038567	1.817556	0.000000	0.000000	1475.725756	2.663165	7042.021958	18.107968
G186	1782.233630	1.453753	597.373574	0.050087	1184.860057	1.454615	0.000000	0.000000	1078.647071	2.019914	5147.200508	13.483499
G205	3366.480059	2.566067	478.506548	0.090321	2887.973511	2.567656	0.000000	0.000000	2629.090373	4.391503	12545.767442	31.101102
G206	2835.516394	2.037322	429.580955	0.094153	2405.935439	2.039496	0.000000	0.000000	2190.263061	3.611068	10451.725539	25.757959
G207	3506.871260	3.311750	427.524907	0.085553	3079.346353	3.312855	0.000000	0.000000	2803.308210	4.980912	13377.118271	34.137705
G208	2499.401694	1.968138	481.020530	0.092219	2018.381164	1.970298	0.000000	0.000000	1837.449847	3.157272	8768.134678	22.021719
G209	2636.510905	2.284167	663.023240	0.080781	1973.487665	2.285595	0.000000	0.000000	1796.580683	3.283818	8573.110938	22.184880
G210	2603.966705	2.588950	623.828900	0.078167	1980.137806	2.590129	0.000000	0.000000	1802.634693	3.472404	8602.000093	22.865846
G211	1576.283970	0.838356	659.287369	0.060360	916.996601	0.840526	0.000000	0.000000	834.795377	1.406765	3983.563582	9.915148
G212	2862.680380	2.590056	462.761737	0.048036	2399.918643	2.590502	0.000000	0.000000	2184.785621	3.886665	10425.587722	26.621317
G213	3021.848640	2.238060	368.674911	0.053319	2653.173729	2.238695	0.000000	0.000000	2415.338465	3.977296	11525.763811	28.389408
G214	2391.929994	2.144711	324.124262	0.047447	2067.805732	2.145236	0.000000	0.000000	1882.443908	3.301472	8982.842027	22.780527
G215	3011.423648	2.635049	341.075487	0.046521	2670.348161	2.635459	0.000000	0.000000	2430.973351	4.192029	11600.371988	29.183791
G216	1747.256173	1.650420	453.040943	0.051460	1294.215230	1.651222	0.000000	0.000000	1178.199450	2.243963	5622.254923	14.856816
G235	2813.903633	2.679015	601.562559	0.107213	2212.341074	2.681160	0.000000	0.000000	2014.022842	3.750804	9610.724098	25.105435
G236	1753.803493	1.481552	545.861048	0.076061	1207.942445	1.483503	0.000000	0.000000	1099.660312	2.059593	5247.473683	13.747292
G237	1416.828430	1.568662	412.233390	0.100627	1004.595040	1.571886	0.000000	0.000000	914.541335	1.928766	4364.103654	12.190856
G238	2839.971725	2.759352	392.549704	0.085131	2447.422021	2.760665	0.000000	0.000000	2228.030711	4.030185	10631.949148	27.370578
G239	2468.965140	2.119204	452.680725	0.090196	2016.284415	2.121123	0.000000	0.000000	1835.541055	3.235082	8759.026104	22.265369
G240	2553.559344	3.136151	461.192119	0.072354	2092.367225	3.136985	0.000000	0.000000	1904.803665	3.925631	9089.540645	25.062718
G241	2230.632023	1.552858	530.310285	0.061777	1700.321738	1.554086	0.000000	0.000000	1547.901840	2.606267	7386.439322	18.377860
G242	2223.852296	1.799487	472.381291	0.059264	1751.471006	1.800463	0.000000	0.000000	1594.465996	2.787501	7608.639011	19.266166
G243	3150.848724	2.114226	447.947116	0.060015	2702.901608	2.115078	0.000000	0.000000	2460.608648	3.976710	11741.788789	28.683064
G244	2043.871192	1.526180	569.309259	0.059906	1474.561933	1.527355	0.000000	0.000000	1342.379550	2.352991	6405.706639	16.240598
G245	2264.731272	1.717227	389.534855	0.058685	1875.196417	1.718230	0.000000	0.000000	1707.100439	2.876448	8146.119787	20.274870
G246	2719.777610	2.680044	516.085659	0.065792	2203.691951	2.680852	0.000000	0.000000	2006.149042	3.742174	9573.151077	25.027820
G265	2454.393826	1.835271	559.176348	0.062681	1895.217478	1.836341	0.000000	0.000000	1725.326776	2.957530	8233.094120	20.654827
G266	977.183159	0.890469	516.410122	0.070729	460.773038	0.893274	0.000000	0.000000	419.468514	1.006543	2001.663573	6.042689
G267	2123.992655	1.969184	523.408527	0.094693	1600.584128	1.971459	0.000000	0.000000	1457.104889	2.732495	6953.164968	18.227560
G268	1137.671563	1.088272	564.552508	0.072975	573.119055	1.090716	0.000000	0.000000	521.743632	1.237036	2489.710641	7.459542
G269	2770.658357	2.050021	438.597364	0.052465	2332.060992	2.050693	0.000000	0.000000	2123.010852	3.535212	10130.804441	25.079169
G270	3555.449872	2.903280	452.149779	0.082383	3103.300092	2.904449	0.000000	0.000000	2825.114693	4.790673	13481.176720	33.651610
G271	2197.344107	1.503951	404.345667	0.053173	1792.998440	1.504890	0.000000	0.000000	1632.270836	2.684105	7789.040089	19.173501
G272	2001.756794	1.451485	421.821281	0.052416	1579.935513	1.452431	0.000000	0.000000	1438.307253	2.425886	6863.464449	17.090072
G273	1939.157799	1.537637	447.841731	0.064700	1491.316068	1.538998	0.000000	0.000000	1357.631815	2.376657	6478.488983	16.415005
G274	1951.690561	1.418432	508.231985	0.060471	1443.458576	1.419721	0.000000	0.000000	1314.064354	2.263465	6270.589232	15.767016
G275	1950.854524	1.708439	567.819191	0.093566	1383.035332	1.710999	0.000000	0.000000	1259.057559	2.365587	6008.102075	15.765429
G276	2346.342629	1.899561	403.457573	0.092230	1942.885056	1.901798	0.000000	0.000000	1768.721347	3.041867	8440.168855	21.206800
G295	3040.647634	2.065457	471.192620	0.079093	2569.455014	2.066971	0.000000	0.000000	2339.124447	3.805463	11162.077817	27.346289
G296	3049.295861	2.354073	473.055931	0.089095	2576.239930	2.355758	0.000000	0.000000	2345.301151	3.949418	11191.552457	27.846921
G297	4021.133471	3.419716	587.283127	0.069211	3433.850343	3.420416	0.000000	0.000000	3126.033825	5.407035	14917.133996	37.581752
G298	2815.805337	3.129200	633.154510	0.089665	2182.650828	3.130485	0.000000	0.000000	1986.994083	4.002052	9481.745447	25.814252
G299	2573.182463	1.898469	465.369900	0.078762	2107.812563	1.900102	0.000000	0.000000	1918.864456	3.217875	9156.637390	22.740283
G300	2371.272922	2.153778	548.362722	0.073457	1822.910200	2.155030	0.000000	0.000000	1659.501252	3.058698	7918.981026	20.578083
G301	2850.936889	1.831740	614.981557	0.097267	2235.955333	1.834320	0.000000	0.000000	2035.520277	3.327694	9713.307794	23.848177
G302	1830.760391	1.856363	480.779088	0.076196	1349.981303	1.857926	0.000000	0.000000	1228.966552	2.425051	5864.510673	15.789718
G303	1722.779889	1.415903	304.255269	0.082261	1418.524621	1.418290	0.000000	0.000000	1291.365523	2.236438	6162.272589	15.534177
G304	1239.902870	1.151651	432.375279	0.080858	807.527592	1.154486	0.000000	0.000000	735.139367	1.478254	3508.014645	9.542148
G305	1761.070261	1.440618	389.580539	0.078281	1371.489723	1.442743	0.000000	0.000000	1248.546918	2.200492	5957.946305	15.144944
G306	1655.909130	1.344011	432.776675	0.070401	1223.132456	1.345853	0.000000	0.000000	1113.488663	1.995082	5313.461249	13.615073
G325	3410.005850	3.048137	522.216995	0.061419	2887.788855	3.048755	0.000000	0.000000	2628.922270	4.639274	12544.965270	31.908663
G326	2743.441583	2.466470	558.875102	0.090805	2184.566482	2.468141	0.000000	0.000000	1988.738015	3.599597	9490.067322	24.438521
G327	2574.770803	1.930745	425.454614	0.072802	2149.316188	1.932117	0.000000	0.000000	1956.647621	3.278597	9336.935037	23.179545
G328	2512.524631	2.267349	367.974143	0.070712	2144.550488	2.268452	0.000000	0.000000	1952.309127	3.447629	9316.232157	23.704114
G329	2848.446399	2.243043	396.902564	0.083658	2451.543835	2.244602	0.000000	0.000000	2231.783038	3.759676	10649.854892	26.503646
G330	3747.444778	2.651091	428.877757	0.068951	3318.567021	2.651988	0.000000	0.000000	3021.084707	4.907024	14416.326857	35.293936
G331	2817.610837	2.015283	462.516062	0.081307	2355.094775	2.016923	0.000000	0.000000	2143.979845	3.544404	10230.866467	25.244464
G332	1782.169231	1.556861	480.595383	0.077941	1301.573848	1.558810	0.000000	0.000000	1184.898429	2.195719	5654.221810	14.732861
G333	2198.835376	1.406540	642.715422	0.090834	1556.119953	1.409470	0.000000	0.000000	1416.626563	2.378920	6760.006272	16.798887
G334	1768.629220	1.268131	525.691181	0.085757	1242.938039	1.271028	0.000000	0.000000	1131.518839	1.974592	5399.499520	13.660557
G335	1911.456328	1.409689	382.142393	0.090571	1529.313935	1.412595	0.000000	0.000000	1392.223484	2.351490	6643.557117	16.553270
G336	1448.670352	1.578292	320.214121	0.074362	1128.456231	1.580043	0.000000	0.000000	1027.299385	2.044327	4902.174269	13.259029
G355	3039.045477	2.145906	599.934606	0.090413	2439.110871	2.147810	0.000000	0.000000	2220.464587	3.698926	10595.844330	26.234998
G356	4293.776156	3.151027	525.576839	0.094959	3768.199316	3.152457	0.000000	0.000000	3430.411155	5.636208	16369.593460	40.280233
G357	3347.243925	2.810191	623.612711	0.068871	2723.631214	2.811035	0.000000	0.000000	2479.480015	4.340726	11831.841145	29.979739
G358	2568.872153	3.081033	530.835398	0.076695	2038.036756	3.081987	0.000000	0.000000	1855.343477	3.841255	8853.521362	24.474623
G359	1916.050012	2.300915	393.229182	0.064786	1522.820830	2.301827	0.000000	0.000000	1386.312433	2.869498	6615.350146	18.284979
G360	2478.230151	2.216847	352.743121	0.072509	2125.487031	2.218032	0.000000	0.000000	1934.954552	3.400556	9233.417788	23.439068
G361	2129.479109	1.756193	427.278742	0.072610	1702.200367	1.757693	0.000000	0.000000	1549.612065	2.713310	7394.600352	18.738112
G362	2015.654351	1.585168	499.875264	0.077466	1515.779087	1.587060	0.000000	0.000000	1379.901925	2.427946	6584.759815	16.724886
G363	1422.526220	1.101797	598.508042	0.101277	824.018178	1.106442	0.000000	0.000000	750.151707	1.462805	3579.652097	9.577142
G364	1705.021679	2.016047	572.455631	0.095733	1132.566048	2.018319	0.000000	0.000000	1031.040791	2.345565	4920.027900	14.370204
G365	1785.893477	1.415392	463.317805	0.103207	1322.575672	1.419150	0.000000	0.000000	1204.017611	2.137248	5745.456716	14.655304
G366	1895.627174	1.272441	391.659752	0.087923	1503.967422	1.275475	0.000000	0.000000	1369.149078	2.257572	6533.448263	16.102338
G385	2333.529051	2.394772	412.788905	0.090475	1920.740146	2.396481	0.000000	0.000000	1748.561546	3.297473	8343.968218	21.936458
G386	584.172263	0.511958	433.440206	0.087439	150.732057	0.519371	0.000000	0.000000	137.220165	0.511081	654.801482	2.717828
G387	2380.894152	2.057349	550.516500	0.095453	1830.377652	2.059562	0.000000	0.000000	1666.299308	3.011210	7951.420699	20.460237
G388	3125.266684	2.109173	550.904562	0.115963	2574.362122	2.112359	0.000000	0.000000	2343.591673	3.831525	11183.394990	27.458152
G389	2781.327731	2.589012	586.775757	0.075353	2194.551975	2.590108	0.000000	0.000000	1997.828390	3.679789	9533.445722	24.764954
G390	2009.853513	1.657266	601.778738	0.093318	1408.074775	1.659891	0.000000	0.000000	1281.852421	2.359882	6116.876974	15.885851
G391	2000.245073	1.595897	490.031660	0.092927	1510.213414	1.598601	0.000000	0.000000	1374.835168	2.428473	6560.581739	16.694719
G392	1859.952097	1.740175	327.392311	0.080903	1532.559786	1.742055	0.000000	0.000000	1395.178371	2.531269	6657.657555	17.164757
G393	2202.040633	2.452083	487.939956	0.088712	1714.100677	2.453687	0.000000	0.000000	1560.445611	3.139836	7446.296991	20.261779
G394	1923.516505	1.473825	404.746946	0.069503	1518.769559	1.475463	0.000000	0.000000	1382.624325	2.372070	6597.750851	16.558658
G395	1998.544232	1.280900	515.003721	0.087827	1483.540511	1.283907	0.000000	0.000000	1350.553272	2.239059	6444.710857	15.922482
G396	2511.558428	1.707109	498.125506	0.088001	2013.432921	1.709376	0.000000	0.000000	1832.945174	3.023179	8746.638810	21.559714
G415	4091.669479	3.351194	492.370049	0.103235	3599.299430	3.352784	0.000000	0.000000	3276.651758	5.548398	15635.868347	39.004319
G416	2845.092170	2.374449	488.269216	0.104551	2356.822954	2.376750	0.000000	0.000000	2145.553107	3.726462	10238.373923	25.844557
G417	2399.934931	2.527886	483.899755	0.085020	1916.035176	2.529315	0.000000	0.000000	1744.278338	3.374267	8323.529160	22.175029
G418	2464.187500	1.992185	507.165783	0.094789	1957.021718	1.994439	0.000000	0.000000	1781.590772	3.105392	8501.580521	21.496780
G419	2786.877752	2.581022	520.792271	0.087843	2266.085481	2.582517	0.000000	0.000000	2062.949504	3.746610	9844.197441	25.393068
G420	3422.657722	2.408041	516.950220	0.076806	2905.707502	2.409265	0.000000	0.000000	2645.234657	4.336158	12622.806420	31.028783
G421	3657.284264	2.625705	507.769319	0.082687	3149.514946	2.627007	0.000000	0.000000	2867.186763	4.707183	13681.940612	33.655199
G422	2832.833391	1.839571	618.169647	0.065091	2214.663744	1.840722	0.000000	0.000000	2016.137305	3.306964	9620.814109	23.655933
G423	2242.840985	1.726989	353.786320	0.083918	1889.054665	1.729027	0.000000	0.000000	1719.716409	2.896764	8206.321985	20.421667
G424	2008.992653	1.509943	427.633777	0.075171	1581.358876	1.511813	0.000000	0.000000	1439.603023	2.457287	6869.647738	17.200207
G425	2233.888655	1.632383	449.480107	0.080644	1784.408547	1.634374	0.000000	0.000000	1624.450957	2.736854	7751.724374	19.292192
G426	1544.007531	0.984582	473.816863	0.070049	1070.190668	0.987071	0.000000	0.000000	974.256853	1.644820	4649.060385	11.581406
G445	3176.367627	2.136008	504.277459	0.086266	2672.090168	2.137749	0.000000	0.000000	2432.559201	3.952175	11607.939513	28.421848
G446	3170.564695	3.022195	494.217330	0.106067	2676.347366	3.024055	0.000000	0.000000	2436.434776	4.410092	11626.433385	29.940587
G447	2573.367392	2.177599	388.951838	0.085726	2184.415554	2.179285	0.000000	0.000000	1988.600616	3.441432	9489.411668	23.913192
G448	2264.832058	2.190907	427.672385	0.092983	1837.159673	2.192879	0.000000	0.000000	1672.473377	3.094906	7980.882762	20.780607
G449	2790.225688	2.073996	454.473854	0.079816	2335.751833	2.075531	0.000000	0.000000	2126.370839	3.551227	10146.837979	25.152335
G450	2864.895583	2.943404	447.838418	0.085243	2417.057164	2.944638	0.000000	0.000000	2200.387815	4.107005	10500.039895	27.459595
G451	2028.140043	1.301425	698.570206	0.049973	1329.569837	1.302384	0.000000	0.000000	1210.384806	2.082116	5775.840363	14.513974
G452	2903.551921	2.175910	674.883780	0.040155	2228.668141	2.176280	0.000000	0.000000	2028.886322	3.486580	9681.651198	24.317264
G453	2307.241271	1.506471	686.740095	0.042038	1620.501176	1.507057	0.000000	0.000000	1475.236537	2.496808	7039.687456	17.556810
G454	2808.394431	1.886899	690.023810	0.041094	2118.370621	1.887346	0.000000	0.000000	1928.476070	3.223139	9202.503094	22.819246
G455	3167.066881	1.747101	583.399134	0.037001	2583.667747	1.747493	0.000000	0.000000	2352.063125	3.686864	11223.819947	27.059626
G456	2328.741268	1.666035	578.408878	0.038430	1750.332389	1.666478	0.000000	0.000000	1593.429447	2.716355	7603.692700	19.026719
G475	3821.472524	3.181061	514.999182	0.086794	3306.473342	3.182245	0.000000	0.000000	3010.075127	5.148784	14363.790197	35.999263
G476	3638.373230	3.735816	480.618780	0.098368	3157.754450	3.737111	0.000000	0.000000	2874.687664	5.300820	13717.734189	35.654575
G477	2180.223665	2.183786	501.960514	0.075559	1678.263151	2.185093	0.000000	0.000000	1527.820625	2.936753	7290.613683	19.358221
G478	2347.723212	2.709146	484.845183	0.092701	1862.878029	2.710731	0.000000	0.000000	1695.886293	3.441021	8092.606957	22.121746
G479	1253.959946	1.576667	291.869699	0.075478	962.090247	1.578472	0.000000	0.000000	875.846747	1.897052	4179.456788	11.855832
G480	2523.968649	2.413977	439.146643	0.080342	2084.822006	2.415313	0.000000	0.000000	1897.934813	3.469523	9056.763141	23.437950
G481	2019.413937	1.784346	362.500653	0.042614	1656.913284	1.784855	0.000000	0.000000	1508.384598	2.681361	7197.866826	18.372788
G482	2573.703154	1.619145	580.819414	0.036057	1992.883740	1.619546	0.000000	0.000000	1814.238059	2.958945	8657.370245	21.233423
G483	1566.629440	0.993182	657.474969	0.045848	909.154471	0.994240	0.000000	0.000000	827.656230	1.479523	3949.496255	10.108673
G484	2270.998047	1.661776	662.889487	0.040491	1608.108561	1.662269	0.000000	0.000000	1463.954818	2.564259	6985.852172	17.705406
G485	2001.249856	1.327904	633.532795	0.036109	1367.717061	1.328395	0.000000	0.000000	1245.112445	2.135985	5941.557328	14.911239
G486	1474.185310	0.847204	643.407914	0.042309	830.777396	0.848259	0.000000	0.000000	756.305017	1.319124	3609.015099	9.128421
G505	3392.094314	2.617086	381.165174	0.033925	3010.929140	2.617306	0.000000	0.000000	2741.024039	4.549792	13079.904174	32.333177
G506	3876.227639	2.842413	315.781630	0.049564	3560.446009	2.842845	0.000000	0.000000	3241.281228	5.263589	15467.083563	37.862936
G507	1216.719676	1.086959	604.752313	0.059234	611.967362	1.088572	0.000000	0.000000	557.109508	1.265970	2658.473210	7.759455
G508	2225.203972	2.061555	387.951053	0.053057	1837.252920	2.062238	0.000000	0.000000	1672.558265	3.019655	7981.287840	20.527486
G509	2581.913668	2.190203	422.632783	0.043774	2159.280885	2.190640	0.000000	0.000000	1965.719064	3.421060	9380.223095	23.701138
G510	2789.305397	2.341546	536.769267	0.046677	2252.536129	2.342011	0.000000	0.000000	2050.614741	3.599177	9785.337131	24.824779
G511	2043.023924	1.671389	527.031052	0.038825	1515.992872	1.671840	0.000000	0.000000	1380.096546	2.474868	6585.688527	16.881982
G512	2379.161273	1.558949	530.838373	0.034609	1848.322901	1.559333	0.000000	0.000000	1682.635913	2.770653	8029.377410	19.777004
G513	1787.414504	1.262515	564.921552	0.034820	1222.492952	1.262995	0.000000	0.000000	1112.906486	1.949003	5310.683155	13.458559
G514	2215.106019	1.868593	561.596619	0.030040	1653.509399	1.868834	0.000000	0.000000	1505.285844	2.724943	7183.079868	18.498946
G515	2421.268032	1.854271	657.196416	0.044132	1764.071615	1.854796	0.000000	0.000000	1605.937064	2.829870	7663.377851	19.478443
G516	1754.756378	1.109486	616.983562	0.040595	1137.772816	1.110229	0.000000	0.000000	1035.780815	1.779545	4942.646840	12.413026
G535	2642.992250	2.570493	346.466018	0.042634	2296.526232	2.570847	0.000000	0.000000	2090.661492	3.770598	9976.436393	25.645834
G536	2747.814461	2.236379	438.101805	0.049463	2309.712656	2.236926	0.000000	0.000000	2102.665861	3.603828	10033.720092	25.170426
G537	3487.757605	2.633054	428.061729	0.044261	3059.695875	2.633426	0.000000	0.000000	2785.419236	4.611003	13291.753803	32.816904
G538	2753.125017	3.168774	337.985290	0.066242	2415.139727	3.169467	0.000000	0.000000	2198.642259	4.241622	10491.710273	27.911187
G539	2995.827935	1.964672	475.508469	0.046440	2520.319466	1.965221	0.000000	0.000000	2294.393497	3.705008	10948.626009	26.735810
G540	1971.716961	1.808956	565.253880	0.058486	1406.463081	1.809902	0.000000	0.000000	1280.385202	2.448039	6109.875545	16.177905
G541	2518.703966	1.829497	655.119228	0.043868	1863.584738	1.830023	0.000000	0.000000	1696.529651	2.920744	8095.677000	20.351139
G542	2323.414452	1.834051	637.940465	0.041064	1685.473987	1.834511	0.000000	0.000000	1534.385069	2.738035	7321.938582	18.724264
G543	2562.659325	1.886399	520.347055	0.039214	2042.312270	1.886806	0.000000	0.000000	1859.235727	3.140464	8872.094807	22.106545
G544	2374.358962	1.431447	574.029353	0.042087	1800.329609	1.432066	0.000000	0.000000	1638.944826	2.659101	7820.887731	19.137635
G545	2763.606538	1.994453	630.925187	0.035518	2132.681351	1.994769	0.000000	0.000000	1941.503960	3.291664	9264.670938	23.124356
G546	2612.994812	2.293303	583.862248	0.033055	2029.132564	2.293541	0.000000	0.000000	1847.237473	3.344056	8814.840287	22.701623
G565	2359.672057	2.725049	435.219746	0.044415	1924.452311	2.725411	0.000000	0.000000	1751.940946	3.506169	8360.094391	22.681368
G566	3910.054727	3.621438	543.143936	0.051498	3366.910792	3.621804	0.000000	0.000000	3065.094855	5.445821	14626.339067	37.324879
G567	2479.626983	2.121824	386.539785	0.046346	2093.087199	2.122330	0.000000	0.000000	1905.459099	3.315574	9092.668313	22.972556
G568	2198.631116	2.230622	475.773917	0.041160	1722.857200	2.231001	0.000000	0.000000	1568.417183	3.007305	7484.336572	19.846764
G569	2268.733225	2.574336	362.302776	0.044308	1906.430449	2.574717	0.000000	0.000000	1735.534596	3.393654	8281.804861	22.189972
G570	2868.154299	2.598125	514.012468	0.048640	2354.141832	2.598580	0.000000	0.000000	2143.112325	3.844511	10226.726745	26.220085
G571	2471.353578	2.035808	606.607220	0.046083	1864.746358	2.036329	0.000000	0.000000	1697.587142	3.032982	8100.723242	20.728230
G572	2401.750419	1.895090	646.216667	0.050431	1755.533752	1.895761	0.000000	0.000000	1598.164550	2.843535	7626.288160	19.474917
G573	1770.494065	1.334979	628.170767	0.041689	1142.323298	1.335629	0.000000	0.000000	1039.923384	1.908105	4962.414784	12.866064
G574	3405.562838	3.059003	626.341372	0.037884	2779.221466	3.059238	0.000000	0.000000	2530.087057	4.533911	12073.333099	30.938569
G575	2270.060302	1.691536	536.081531	0.038971	1733.978771	1.691984	0.000000	0.000000	1578.541797	2.712038	7532.650258	18.917565
G576	1895.206819	1.358855	564.007969	0.036925	1331.198850	1.359357	0.000000	0.000000	1211.867792	2.113781	5782.917028	14.627211
G595	2397.810594	2.804942	408.905819	0.048083	1988.904776	2.805354	0.000000	0.000000	1810.615776	3.616301	8640.085059	23.415332
G596	3215.597855	2.678280	494.526375	0.062000	2721.071480	2.678998	0.000000	0.000000	2477.149740	4.268262	11820.721296	29.727034
G597	4216.897364	5.374834	522.580711	0.045166	3694.316653	5.375024	0.000000	0.000000	3363.151467	6.823519	16048.636670	43.868552
G598	4011.966356	4.245531	569.693507	0.050453	3442.272850	4.245831	0.000000	0.000000	3133.701323	5.880153	14953.722561	39.212968
G599	3786.776325	4.082088	299.251440	0.044849	3487.524884	4.082335	0.000000	0.000000	3174.896883	5.828158	15150.303831	39.289329
G600	1622.130310	2.068662	418.384644	0.057542	1203.745666	2.069462	0.000000	0.000000	1095.839740	2.439369	5229.242280	15.074940
G601	2572.592418	1.836447	577.526226	0.033702	1995.066193	1.836756	0.000000	0.000000	1816.224872	3.064631	8666.851129	21.584845
G602	2671.822645	1.944162	631.532334	0.039989	2040.290311	1.944573	0.000000	0.000000	1857.395019	3.167375	8863.311128	22.182017
G603	1981.341449	1.247045	650.296604	0.035700	1331.044845	1.247555	0.000000	0.000000	1211.727592	2.055686	5782.248008	14.436538
G604	1986.417772	1.230783	478.376851	0.038367	1508.040921	1.231381	0.000000	0.000000	1372.857422	2.241730	6551.144122	16.076043
G605	3042.572058	2.124671	457.912937	0.037254	2584.659122	2.124997	0.000000	0.000000	2352.965631	3.848765	11228.126620	27.574067
G606	4047.465539	2.919313	397.537544	0.035518	3649.927996	2.919529	0.000000	0.000000	3322.741888	5.398221	15855.806032	38.821942
G625	3644.778594	3.879612	477.079857	0.039748	3167.698737	3.879816	0.000000	0.000000	2883.740527	5.394790	13760.933584	36.029411
G626	4071.816852	5.060190	310.925121	0.044096	3760.891732	5.060382	0.000000	0.000000	3423.758635	6.682947	16337.848274	43.733794
G627	3206.125850	2.501288	506.294817	0.047622	2699.831033	2.501741	0.000000	0.000000	2457.813325	4.155260	11728.449775	29.235772
G628	2591.249796	2.574680	416.799475	0.042626	2174.450322	2.575033	0.000000	0.000000	1979.528685	3.651134	9446.121283	24.555206
G629	3538.538963	3.225203	452.919714	0.047587	3085.619249	3.225554	0.000000	0.000000	2809.018792	4.939687	13404.368624	34.037023
G630	3340.692296	2.920563	488.260400	0.041548	2852.431895	2.920859	0.000000	0.000000	2596.734772	4.533628	12391.369612	31.356724
G631	2181.207060	2.173263	343.632889	0.036023	1837.574171	2.173561	0.000000	0.000000	1672.850718	3.084002	7982.683399	20.745982
G632	3480.001736	2.560303	448.256099	0.050306	3031.745638	2.560797	0.000000	0.000000	2759.974508	4.546048	13170.333998	32.444169
G633	1978.964565	1.508308	498.310827	0.034624	1480.653738	1.508705	0.000000	0.000000	1347.925275	2.349356	6432.170305	16.263695
G634	2838.149439	2.389856	529.502698	0.039284	2308.646741	2.390179	0.000000	0.000000	2101.695496	3.683354	10029.089605	25.425086
G635	2556.796014	2.139948	587.286909	0.040792	1969.509105	2.140337	0.000000	0.000000	1792.958768	3.197602	8555.827509	21.873523
G636	2050.116554	1.613720	407.049814	0.039829	1643.066741	1.614212	0.000000	0.000000	1495.779284	2.575515	7137.715475	17.944237
G655	3863.334555	3.096004	497.389298	0.047629	3365.945257	3.096371	0.000000	0.000000	3064.215873	5.169211	14622.144649	36.412551
G656	2266.315037	2.111574	448.842333	0.053304	1817.472704	2.112247	0.000000	0.000000	1654.551183	3.028453	7895.359769	20.445337
G657	2383.729364	2.104707	444.306662	0.046032	1939.422701	2.105210	0.000000	0.000000	1765.569363	3.147407	8425.127893	21.534894
G658	3456.509564	3.260434	459.154485	0.052726	2997.355079	3.260860	0.000000	0.000000	2728.666781	4.868321	13020.936523	33.295374
G659	2546.150678	2.556320	590.060372	0.053074	1956.090306	2.556871	0.000000	0.000000	1780.742854	3.429119	8497.534337	22.584303
G660	2752.842731	2.619133	563.962822	0.060488	2188.879909	2.619832	0.000000	0.000000	1992.664778	3.691610	9508.805462	24.773226
G661	2271.613497	1.472076	631.534159	0.042907	1640.079339	1.472701	0.000000	0.000000	1493.059678	2.500999	7124.737776	17.685044
G662	2007.257522	1.446414	471.664590	0.036432	1535.592932	1.446873	0.000000	0.000000	1397.939621	2.375422	6670.833973	16.667492
G663	2586.879559	1.893950	379.773966	0.042200	2207.105593	1.894420	0.000000	0.000000	2009.256679	3.323680	9587.980424	23.664549
G664	1585.033033	1.241195	336.336030	0.037714	1248.697004	1.241768	0.000000	0.000000	1136.761559	1.965162	5424.517280	13.662848
G665	2055.590882	1.627467	474.151512	0.041455	1581.439370	1.627995	0.000000	0.000000	1439.676302	2.518135	6869.997418	17.399914
G666	1974.992956	1.395532	511.959598	0.025345	1463.033359	1.395762	0.000000	0.000000	1331.884418	2.271928	6355.624873	15.908344
G685	3249.468707	2.697441	558.469452	0.049304	2690.999255	2.697891	0.000000	0.000000	2449.773244	4.246474	11690.083277	29.481625
G686	2437.081085	2.601628	521.173167	0.052495	1915.907918	2.602157	0.000000	0.000000	1744.162488	3.419744	8322.976332	22.332411
G687	2449.138172	3.270666	387.853584	0.049789	2061.284588	3.271045	0.000000	0.000000	1876.507332	3.988555	8954.513253	25.125772
G688	2987.371057	2.730575	370.039335	0.054833	2617.331722	2.731125	0.000000	0.000000	2382.709401	4.187365	11370.061040	28.862646
G689	3643.417647	3.146874	420.239264	0.052177	3223.178383	3.147307	0.000000	0.000000	2934.246878	5.042360	14001.945055	35.168305
G690	3645.107391	3.869984	418.127080	0.054403	3226.980311	3.870367	0.000000	0.000000	2937.707994	5.447135	14018.461168	36.538282
G691	1635.440130	1.486650	540.225658	0.040278	1095.214472	1.487195	0.000000	0.000000	997.037477	1.954676	4757.767344	12.765477
G692	1633.228592	1.419096	578.495667	0.039376	1054.732925	1.419642	0.000000	0.000000	960.184770	1.874511	4581.909753	12.266062
G693	2368.266782	1.512885	607.851143	0.048551	1760.415639	1.513664	0.000000	0.000000	1602.608816	2.652263	7647.495768	18.879153
G694	2066.070442	1.657964	444.150921	0.039096	1621.919520	1.658425	0.000000	0.000000	1476.527738	2.576581	7045.848944	17.825506
G695	2589.723566	2.217417	325.074139	0.037912	2264.649427	2.217742	0.000000	0.000000	2061.642181	3.546145	9837.959019	24.720557
G696	3218.767730	2.417737	350.961144	0.034319	2867.806587	2.417981	0.000000	0.000000	2610.731248	4.298198	12458.159456	30.683314
G715	3960.273180	2.961148	509.838739	0.049229	3450.434441	2.961557	0.000000	0.000000	3141.131294	5.195988	14989.177673	36.995430
G716	4112.623256	3.139076	475.978090	0.047704	3636.645166	3.139438	0.000000	0.000000	3310.649755	5.484947	15798.103533	39.019317
G717	3609.321292	3.842781	515.923306	0.045773	3093.397986	3.843053	0.000000	0.000000	2816.100229	5.300712	13438.160561	35.295156
G718	3084.750668	2.760140	574.024965	0.052140	2510.725703	2.760633	0.000000	0.000000	2285.659737	4.094189	10906.949342	27.943945
G719	2775.214954	2.543911	419.046751	0.056898	2356.168203	2.544547	0.000000	0.000000	2144.957049	3.816513	10235.529591	26.138345
G720	2852.733419	2.833903	452.095349	0.066346	2400.638070	2.834680	0.000000	0.000000	2185.440557	4.026133	10428.713015	27.093226
G721	1878.854560	1.521632	473.214920	0.038721	1405.639640	1.522125	0.000000	0.000000	1279.635576	2.279119	6106.298401	15.601123
G722	2153.755172	1.875315	442.949477	0.036804	1710.805695	1.875676	0.000000	0.000000	1557.445996	2.786752	7431.983121	19.030887
G723	2331.458412	1.718130	558.498387	0.038277	1772.960025	1.718556	0.000000	0.000000	1614.028701	2.767092	7701.990365	19.323550
G724	4260.486104	5.016850	480.296436	0.039096	3780.189668	5.017002	0.000000	0.000000	3441.326670	6.673878	16421.681252	43.807551
G725	2525.837447	2.333824	514.304159	0.047107	2011.533288	2.334300	0.000000	0.000000	1831.215828	3.349804	8738.386534	22.621601
G726	2761.152333	2.091506	637.426540	0.042594	2123.725792	2.091940	0.000000	0.000000	1933.351194	3.331814	9225.766719	23.202968
G727	1791.721622	1.726521	361.149467	0.029100	1430.572155	1.726766	0.000000	0.000000	1302.333095	2.421275	6214.608791	16.219992
G728	1411.015647	1.618902	378.281806	0.037197	1032.733840	1.619330	0.000000	0.000000	940.157722	1.985098	4486.342600	12.540638
G729	1891.422553	1.550180	414.785428	0.062033	1476.637124	1.551421	0.000000	0.000000	1344.268717	2.368147	6414.721563	16.302581
G730	1449.145933	1.168687	503.912507	0.035205	945.233427	1.169217	0.000000	0.000000	860.501003	1.616659	4106.228365	10.774526
G731	1790.376963	1.300107	545.352215	0.036518	1245.024748	1.300620	0.000000	0.000000	1133.418491	1.992658	5408.564477	13.732139
G732	1165.996054	0.686363	450.709153	0.037709	715.286901	0.687398	0.000000	0.000000	651.167297	1.113313	3107.307972	7.786002
G733	1583.526619	1.247271	351.049171	0.038057	1232.477449	1.247852	0.000000	0.000000	1121.995954	1.951339	5354.057227	13.523769
G734	1975.312185	1.585713	308.824873	0.044070	1666.487312	1.586326	0.000000	0.000000	1517.100393	2.586070	7239.457766	18.114759
G735	1816.581885	1.399682	347.492879	0.041113	1469.089006	1.400286	0.000000	0.000000	1337.397226	2.280693	6381.931465	15.972115
G736	1904.700719	1.340066	528.204042	0.073310	1376.496677	1.342070	0.000000	0.000000	1253.105040	2.152353	5979.697225	15.015626
G737	2257.337552	1.767610	446.730883	0.041359	1810.606669	1.768094	0.000000	0.000000	1648.300632	2.832580	7865.532738	19.755827
G738	2010.441263	1.352321	565.227618	0.044096	1445.213646	1.353040	0.000000	0.000000	1315.662096	2.231244	6278.213506	15.672332
G739	1779.041696	1.510639	405.110041	0.039384	1373.931654	1.511152	0.000000	0.000000	1250.769951	2.240702	5968.554404	15.292490
G740	1963.696828	1.192982	574.547210	0.039215	1389.149617	1.193626	0.000000	0.000000	1264.623748	2.092526	6034.663398	14.896374
G741	2299.187578	1.302174	487.316606	0.037822	1811.870972	1.302724	0.000000	0.000000	1649.451601	2.616630	7871.025052	19.073196
G742	1616.064944	1.455686	353.780833	0.032278	1262.284112	1.456044	0.000000	0.000000	1149.130694	2.097017	5483.541608	14.178519
G743	1656.665574	1.100818	292.603636	0.035502	1364.061937	1.101390	0.000000	0.000000	1241.784973	2.022070	5925.678950	14.523325
G744	4239.943039	3.044913	360.212508	0.035104	3879.730532	3.045115	0.000000	0.000000	3531.944511	5.712184	16854.100912	41.184259
G745	927.149009	0.773397	441.264094	0.030991	485.884915	0.774017	0.000000	0.000000	442.329318	0.942199	2110.753139	5.929936
G746	1971.506146	1.558135	481.921356	0.041582	1489.584789	1.558690	0.000000	0.000000	1356.055731	2.385477	6470.968062	16.434172
G747	2764.240890	2.301771	556.413845	0.038828	2207.827045	2.302099	0.000000	0.000000	2009.913459	3.531287	9591.114514	24.343764
G748	1873.923995	1.378038	522.420927	0.040481	1351.503069	1.378632	0.000000	0.000000	1230.351904	2.145244	5871.121440	14.847757
G749	1766.465913	1.462430	565.797743	0.058702	1200.668171	1.463608	0.000000	0.000000	1093.038117	2.040660	5215.873202	13.642249
G750	2421.558305	2.558966	569.384356	0.044356	1852.173948	2.559350	0.000000	0.000000	1686.141746	3.333700	8046.106909	21.686341
G751	1982.689606	1.406217	534.881747	0.045758	1447.807859	1.406961	0.000000	0.000000	1318.023759	2.261465	6289.483137	15.785720
G752	2342.957396	1.529822	687.610064	0.050454	1655.347333	1.530654	0.000000	0.000000	1506.959022	2.546100	7191.064112	17.920103
G753	1586.027460	1.419895	402.087082	0.042801	1183.940378	1.420540	0.000000	0.000000	1077.809834	1.998812	5143.205294	13.406555
G754	2475.982751	2.559007	325.724277	0.035629	2150.258474	2.559255	0.000000	0.000000	1957.505439	3.618047	9341.028460	24.307540
G755	2233.326587	1.928365	428.375653	0.035330	1804.950934	1.928689	0.000000	0.000000	1643.151887	2.912325	7840.963422	19.985744
G756	2341.237978	1.838245	393.984516	0.032538	1947.253462	1.838533	0.000000	0.000000	1772.698161	3.014134	8459.145833	21.141903
G757	2664.416352	2.103736	491.801522	0.041196	2172.614830	2.104139	0.000000	0.000000	1977.857731	3.389910	9438.147648	23.676367
G758	2515.227467	1.992021	463.049831	0.044746	2052.177636	1.992524	0.000000	0.000000	1868.216743	3.204581	8914.951358	22.372324
G759	1320.625643	1.125085	457.818887	0.040499	862.806756	1.125813	0.000000	0.000000	785.463207	1.511312	3748.155192	9.957401
G760	1262.941738	1.032964	551.491353	0.036774	711.450384	1.033618	0.000000	0.000000	647.674693	1.313091	3090.641599	8.444721
G761	2433.884469	1.905090	499.910466	0.040521	1933.974003	1.905521	0.000000	0.000000	1760.609096	3.034378	8401.457972	21.130656
G762	1913.274650	2.240252	245.396147	0.039843	1667.878503	2.240606	0.000000	0.000000	1518.366875	2.961511	7245.501295	19.387252
G763	2319.685206	2.141909	386.437624	0.051889	1933.247582	2.142537	0.000000	0.000000	1759.947793	3.161953	8398.302297	21.548252
G764	1214.063010	0.979956	432.074130	0.049623	781.988880	0.981212	0.000000	0.000000	711.889991	1.345836	3397.070850	8.942403
G765	2084.804783	1.827101	393.302460	0.038760	1691.502323	1.827512	0.000000	0.000000	1539.873014	2.740316	7348.126529	18.766238
G766	2973.484387	1.702956	647.947288	0.046574	2325.537099	1.703593	0.000000	0.000000	2117.071772	3.371560	10102.463719	24.521465
G767	2755.754667	1.874579	632.428900	0.051900	2123.325768	1.875297	0.000000	0.000000	1932.987028	3.222714	9224.028954	22.847023
G768	1456.435695	1.135853	424.586370	0.041641	1031.849325	1.136616	0.000000	0.000000	939.352496	1.683767	4482.500138	11.488150
G769	1953.830342	1.342559	482.930283	0.037869	1470.900059	1.343092	0.000000	0.000000	1339.045933	2.253964	6389.798937	15.896086
G770	1809.921861	1.226828	573.356431	0.036284	1236.565430	1.227364	0.000000	0.000000	1125.717481	1.944845	5371.815997	13.526099
G771	2069.205186	1.295848	452.452994	0.063649	1616.752192	1.297411	0.000000	0.000000	1471.823619	2.393048	7023.401336	17.202314
G772	1756.197962	1.525079	453.972789	0.036606	1302.225173	1.525518	0.000000	0.000000	1185.491367	2.176899	5657.051255	14.672790
G773	2068.350004	1.523910	442.544550	0.040854	1625.805454	1.524458	0.000000	0.000000	1480.065330	2.511235	7062.729994	17.634545
G774	2081.838971	1.774268	435.750048	0.038684	1646.088923	1.774690	0.000000	0.000000	1498.530552	2.664669	7150.844264	18.255503
G775	617.414053	0.065123	578.815264	0.034927	38.598789	0.073898	0.000000	0.000000	35.138724	0.083634	167.678626	0.503605
G776	2424.357439	1.549075	599.749186	0.046236	1824.608253	1.549765	0.000000	0.000000	1661.047088	2.739985	7926.357608	19.538837
G777	1293.713579	1.205183	404.107861	0.043440	889.605718	1.205966	0.000000	0.000000	809.859862	1.586437	3864.573692	10.364501
G778	1628.352419	1.200429	432.550276	0.039041	1195.802143	1.201064	0.000000	0.000000	1088.608289	1.888168	5194.734486	13.104581
G779	1582.315737	1.712320	450.642437	0.036575	1131.673299	1.712710	0.000000	0.000000	1030.228070	2.133859	4916.149674	13.593399
G780	1455.061241	1.084476	417.980168	0.045040	1037.081073	1.085411	0.000000	0.000000	944.115261	1.660938	4505.227599	11.442215
G781	2788.846380	2.030231	577.878409	0.040841	2210.967971	2.030642	0.000000	0.000000	2012.772827	3.393854	9604.759146	23.912876
G782	1853.837366	1.561712	510.354434	0.038317	1343.482932	1.562182	0.000000	0.000000	1223.050706	2.239108	5836.280826	15.114834
G783	2395.308654	2.482436	404.102921	0.047736	1991.205733	2.482895	0.000000	0.000000	1812.710471	3.417540	8650.080743	22.738132
G784	1754.971462	1.253851	464.407261	0.039388	1290.564201	1.254470	0.000000	0.000000	1174.875705	2.016014	5606.394335	14.071794
G785	2141.356880	1.673722	257.817211	0.044319	1883.539669	1.674308	0.000000	0.000000	1714.695787	2.863989	8182.364057	20.283677
G786	2167.068368	1.554659	424.272158	0.041043	1742.796210	1.555201	0.000000	0.000000	1586.568825	2.652895	7570.954468	18.777387
G787	2554.232352	1.782519	384.969129	0.037879	2169.263224	1.782922	0.000000	0.000000	1974.806568	3.229954	9423.587793	23.141668
G788	1543.851201	1.100439	360.907729	0.037504	1182.943472	1.101078	0.000000	0.000000	1076.902292	1.823109	5138.874591	12.817763
G789	2394.126907	1.974707	441.832757	0.032998	1952.294149	1.974983	0.000000	0.000000	1777.286992	3.090117	8481.043293	21.419300
G790	1309.341180	1.330119	327.827061	0.036249	981.514119	1.330613	0.000000	0.000000	893.529429	1.750372	4263.836849	11.435414
G791	1571.905481	1.176347	399.284083	0.038283	1172.621398	1.176970	0.000000	0.000000	1067.505507	1.851138	5094.034033	12.849144
G792	1610.404438	1.081307	500.164931	0.031444	1110.239506	1.081764	0.000000	0.000000	1010.715641	1.735655	4823.038231	12.109944
G793	1945.026394	1.578944	312.875257	0.046749	1632.151137	1.579635	0.000000	0.000000	1485.842175	2.546077	7090.296542	17.784789
G794	1479.985528	1.328565	279.808802	0.047283	1200.176726	1.329406	0.000000	0.000000	1092.590726	1.962575	5213.738296	13.376028
G795	2320.908406	1.685236	364.119630	0.038090	1956.788776	1.685666	0.000000	0.000000	1781.378712	2.949614	8500.568590	20.989887
G796	2259.623984	1.797856	375.286304	0.066407	1884.337680	1.799082	0.000000	0.000000	1715.422262	2.926873	8185.830730	20.491708
G797	1868.686672	1.344644	529.755324	0.049422	1338.931348	1.345552	0.000000	0.000000	1218.907135	2.114553	5816.508098	14.674369
G798	1898.896064	1.610465	404.573991	0.039531	1494.322073	1.610950	0.000000	0.000000	1360.368356	2.418927	6491.547494	16.572162
G799	1864.082597	1.502220	223.832047	0.038876	1640.250551	1.502723	0.000000	0.000000	1493.215542	2.515941	7125.481545	17.734240
G800	1840.837545	1.279952	571.284982	0.046261	1269.552563	1.280788	0.000000	0.000000	1155.747589	2.007603	5515.116796	13.922588
G801	2575.919680	2.233695	505.080440	0.031064	2070.839239	2.233911	0.000000	0.000000	1885.205487	3.352960	8996.020015	22.968444
G802	1768.067792	1.817835	301.089979	0.056442	1466.977814	1.818711	0.000000	0.000000	1335.475285	2.511482	6372.760146	16.730223
G803	2322.198809	1.954200	302.906230	0.037362	2019.292579	1.954557	0.000000	0.000000	1838.279562	3.150121	8772.093994	22.003685
G804	2498.314419	2.094509	381.641319	0.039086	2116.673099	2.094874	0.000000	0.000000	1926.930717	3.325900	9195.128817	23.142759
G805	2881.203286	2.225766	580.393543	0.040142	2300.809743	2.226128	0.000000	0.000000	2094.561021	3.588818	9995.044571	25.069758
G806	1642.010545	1.344010	542.255797	0.040965	1099.754749	1.344634	0.000000	0.000000	1001.170756	1.871550	4777.490953	12.503836
G807	2187.177111	1.776007	545.700388	0.050016	1641.476723	1.776711	0.000000	0.000000	1494.331799	2.661068	7130.808214	18.217204
G808	2071.623978	1.566322	560.138579	0.036501	1511.485399	1.566747	0.000000	0.000000	1375.993130	2.412528	6566.107421	16.649303
G809	1187.878822	1.471158	453.342988	0.053911	734.535834	1.472145	0.000000	0.000000	668.690721	1.640182	3190.928073	9.768504
G810	1674.228111	1.690211	421.108355	0.041164	1253.119756	1.690712	0.000000	0.000000	1140.787848	2.229633	5443.730344	14.582058
G811	1518.868015	1.434260	409.735464	0.039155	1109.132551	1.434794	0.000000	0.000000	1009.707915	1.935125	4818.229457	12.773738
G812	2993.806968	1.922217	528.272237	0.057007	2465.534732	1.923062	0.000000	0.000000	2244.519766	3.624718	10710.633337	26.155424
G813	1751.530503	1.468128	466.974650	0.039065	1284.555852	1.468647	0.000000	0.000000	1169.405956	2.126506	5580.293216	14.403413
G814	1364.416760	1.046506	412.779829	0.045640	951.636931	1.047501	0.000000	0.000000	866.330486	1.552453	4134.046099	10.593686
G815	2005.433044	1.262304	456.154068	0.046647	1549.278976	1.263166	0.000000	0.000000	1410.398823	2.302172	6730.288093	16.512923
G816	1251.750816	1.014460	541.220671	0.041189	710.530145	1.015296	0.000000	0.000000	646.836945	1.300356	3086.643949	8.394796
G817	3001.212269	2.133459	408.381270	0.033894	2592.830999	2.133728	0.000000	0.000000	2360.404967	3.861855	11263.626419	27.664175
G818	1742.445181	1.632859	446.495313	0.036937	1295.949867	1.633277	0.000000	0.000000	1179.778591	2.234719	5629.790436	14.834647
G819	1583.968011	1.174582	389.326397	0.073305	1194.641615	1.176867	0.000000	0.000000	1087.551793	1.874273	5189.692986	13.052351
G820	2281.008617	2.045618	530.866706	0.038941	1750.141911	2.045989	0.000000	0.000000	1593.256043	2.923204	7602.865233	19.711348
G821	1644.259651	1.463093	589.684322	0.037720	1054.575329	1.463579	0.000000	0.000000	960.041300	1.902164	4581.225131	12.361770
G822	1891.810301	2.130236	418.145637	0.045355	1473.664664	2.130718	0.000000	0.000000	1341.562714	2.713183	6401.808775	17.468315
G823	1554.072461	1.404314	310.303667	0.043982	1243.768794	1.405003	0.000000	0.000000	1132.275123	2.049283	5403.108436	13.913499
G824	1407.358554	1.755544	408.344106	0.044748	999.014448	1.756115	0.000000	0.000000	909.460997	2.051762	4339.860768	12.611796
G825	836.216403	0.797471	357.381826	0.047282	478.834577	0.798872	0.000000	0.000000	435.910984	0.953345	2080.125465	5.934184
G826	2000.804080	1.871824	561.982462	0.039232	1438.821617	1.872235	0.000000	0.000000	1309.843061	2.517078	6250.445627	16.593984
G827	2016.379493	1.398587	391.351284	0.044094	1625.028209	1.399282	0.000000	0.000000	1479.357759	2.449247	7059.353528	17.430295
G828	1400.373064	1.249743	436.470656	0.032163	963.902407	1.250157	0.000000	0.000000	877.496463	1.683728	4187.329072	11.108004
G829	2869.456534	2.492383	566.624831	0.052874	2302.831702	2.492944	0.000000	0.000000	2096.401728	3.733435	10003.828250	25.557680
G830	2826.979885	2.142942	507.856494	0.034764	2319.123391	2.143224	0.000000	0.000000	2111.233001	3.566457	10074.601661	25.103924
G831	1590.463750	1.285400	520.174559	0.037303	1070.289191	1.285941	0.000000	0.000000	974.346543	1.807978	4649.488381	12.123136
G832	1325.532438	1.132795	363.392139	0.032804	962.140298	1.133270	0.000000	0.000000	875.892312	1.611966	4179.674219	10.852987
G833	1811.802500	1.864018	435.781288	0.038471	1376.021211	1.864415	0.000000	0.000000	1252.672196	2.453268	5977.631735	16.029492
G834	2401.998864	1.998805	425.109887	0.036020	1976.888977	1.999129	0.000000	0.000000	1799.677095	3.128657	8587.886720	21.687860
G835	1459.632779	1.019995	461.242803	0.038775	998.389977	1.020732	0.000000	0.000000	908.892504	1.585973	4337.147974	10.972455
G836	1896.177312	1.424370	485.816565	0.032654	1410.360747	1.424744	0.000000	0.000000	1283.933474	2.231275	6126.807560	15.470069
G837	2555.602114	1.655194	557.802368	0.039245	1997.799746	1.655659	0.000000	0.000000	1818.713385	2.980921	8678.726075	21.332437
G838	1656.791086	1.516627	507.959147	0.040696	1148.831939	1.517173	0.000000	0.000000	1045.848579	2.023559	4990.689244	13.297230
G839	1412.099247	1.311860	558.168677	0.038404	853.930570	1.312422	0.000000	0.000000	777.382698	1.623543	3709.595776	10.305165
G840	1679.023101	1.401701	495.252547	0.044595	1183.770554	1.402411	0.000000	0.000000	1077.655233	1.988006	5142.467554	13.368966
G841	1367.938590	1.182432	299.315549	0.035425	1068.623041	1.182962	0.000000	0.000000	972.829751	1.747046	4642.250391	11.908496
G842	2326.245335	1.835327	475.018961	0.041093	1851.226375	1.835787	0.000000	0.000000	1685.279114	2.910701	8041.990513	20.246683
G843	1721.816458	1.269278	386.750003	0.037095	1335.066455	1.269820	0.000000	0.000000	1215.388698	2.071246	5799.718453	14.510509
G844	1919.222208	1.467375	559.044065	0.037697	1360.178144	1.467859	0.000000	0.000000	1238.249329	2.202622	5908.807198	15.087288
G845	1742.659174	1.337373	479.407220	0.042344	1263.251954	1.338043	0.000000	0.000000	1150.011777	2.031819	5487.746051	13.966223
G846	2158.096454	1.364518	605.532164	0.044131	1552.564289	1.365231	0.000000	0.000000	1413.389635	2.353553	6744.559961	16.696380
G847	1096.150005	0.918132	487.730843	0.039217	608.419162	0.918970	0.000000	0.000000	553.879374	1.146005	2643.059323	7.303840
G848	1119.252028	0.711726	446.937421	0.035448	672.314607	0.712608	0.000000	0.000000	612.047117	1.081620	2920.630218	7.433840
G849	2627.695094	2.916974	357.548815	0.031884	2270.146279	2.917148	0.000000	0.000000	2066.646285	3.948774	9861.838124	26.103639
G850	1976.414187	1.982603	401.976661	0.034709	1574.437526	1.982907	0.000000	0.000000	1433.302115	2.714124	6839.580409	18.019679
G851	1934.233852	1.832131	523.529231	0.029862	1410.704621	1.832375	0.000000	0.000000	1284.246523	2.465873	6128.301399	16.262745
G852	1781.819007	1.688078	530.272873	0.031648	1251.546133	1.688375	0.000000	0.000000	1139.355288	2.226699	5436.894304	14.563278
G853	1796.169992	1.637196	334.696495	0.046317	1461.473496	1.637851	0.000000	0.000000	1330.464385	2.400570	6348.848610	16.324025
G854	2215.095220	1.841714	359.824763	0.042118	1855.270457	1.842195	0.000000	0.000000	1688.960677	2.918313	8059.558581	20.295017
G855	2100.382345	1.639283	372.278539	0.042264	1728.103805	1.639828	0.000000	0.000000	1573.193473	2.679072	7507.128570	18.776032
G856	1823.216273	1.526042	301.363368	0.055895	1521.852905	1.527065	0.000000	0.000000	1385.431274	2.402220	6611.145343	16.675147
G857	2463.830087	1.637674	463.083897	0.042726	2000.746189	1.638232	0.000000	0.000000	1821.395704	2.976212	8691.525843	21.334953
G858	3143.104844	2.371501	476.198343	0.037678	2666.906500	2.371800	0.000000	0.000000	2427.840207	4.055680	11585.420923	28.721471
G859	2431.765655	2.382735	425.615287	0.037675	2006.150368	2.383033	0.000000	0.000000	1826.315442	3.372814	8715.002361	22.669135
G860	2120.404523	1.812603	478.819900	0.034917	1641.584623	1.812940	0.000000	0.000000	1494.430026	2.681352	7131.276943	18.285418
G861	2310.366551	1.990307	540.218909	0.032789	1770.147642	1.990577	0.000000	0.000000	1611.468425	2.911436	7689.772975	19.784671
G862	2410.670180	1.688481	406.815429	0.039279	2003.854751	1.688937	0.000000	0.000000	1824.225608	3.003046	8705.029875	21.438796
G863	2565.562598	2.065671	371.926969	0.035229	2193.635629	2.065971	0.000000	0.000000	1996.994187	3.392887	9529.464985	23.808443
G864	3045.061407	2.560513	345.157009	0.036387	2699.904398	2.560772	0.000000	0.000000	2457.880114	4.185034	11728.768484	29.332747
G865	1173.326855	1.298323	404.213282	0.042403	769.113573	1.299015	0.000000	0.000000	700.168850	1.542318	3341.138687	9.572039
G866	1863.368638	1.972169	435.647407	0.040070	1427.721231	1.972576	0.000000	0.000000	1299.737733	2.569568	6202.223973	16.716017
G867	2141.627857	1.941754	448.310402	0.044402	1693.317455	1.942262	0.000000	0.000000	1541.525434	2.806780	7356.011720	18.998843
G868	1597.454883	1.559401	482.200267	0.038872	1115.254616	1.559885	0.000000	0.000000	1015.281187	2.019340	4844.824581	13.100153
G869	2662.886823	2.100360	524.263437	0.042126	2138.623386	2.100782	0.000000	0.000000	1946.913341	3.352155	9290.483984	23.355822
G870	1394.506890	1.746600	576.901114	0.043736	817.605775	1.747147	0.000000	0.000000	744.314123	1.907241	3551.795705	11.187534
G871	3089.623137	2.150731	517.651458	0.031454	2571.971679	2.150961	0.000000	0.000000	2341.415513	3.846633	11173.010564	27.492047
G872	2485.630744	2.750081	426.422886	0.037786	2059.207859	2.750341	0.000000	0.000000	1874.616764	3.646362	8945.491643	23.901265
G873	2047.611650	1.757724	438.400748	0.034963	1609.210902	1.758072	0.000000	0.000000	1464.958343	2.617798	6990.640898	17.889203
G874	2172.352379	1.845619	369.693895	0.034339	1802.658484	1.845939	0.000000	0.000000	1641.064936	2.865148	7831.004693	19.816651
G875	1987.512847	1.577680	340.622664	0.028825	1646.890183	1.577944	0.000000	0.000000	1499.259986	2.560893	7154.325052	17.918761
G876	1340.239817	1.163438	536.578651	0.039094	803.661165	1.164094	0.000000	0.000000	731.619534	1.481005	3491.218339	9.531183
G877	1487.011853	1.449997	290.837807	0.034248	1196.174046	1.450402	0.000000	0.000000	1088.946854	2.028436	5196.350088	13.575571
G878	1832.308516	1.592003	396.223485	0.037151	1436.085031	1.592437	0.000000	0.000000	1307.351787	2.349308	6238.557507	16.008466
G879	2169.189246	1.889727	320.638936	0.029295	1848.550310	1.889954	0.000000	0.000000	1682.842936	2.936499	8030.365307	20.315907
G880	2003.415541	1.641083	529.088851	0.048166	1474.326691	1.641790	0.000000	0.000000	1342.165395	2.415776	6404.684712	16.447822
G881	2204.972683	1.578504	483.738471	0.037896	1721.234212	1.578958	0.000000	0.000000	1566.939682	2.641171	7477.286080	18.613095
G882	2091.740980	1.567296	455.303775	0.044477	1636.437205	1.567927	0.000000	0.000000	1489.744032	2.544638	7108.915830	17.805027
G883	1289.926770	1.200334	280.059152	0.043899	1009.867618	1.201136	0.000000	0.000000	919.341269	1.698735	4387.008479	11.414399
G884	2181.558714	1.873172	350.887645	0.035558	1830.671069	1.873509	0.000000	0.000000	1666.566423	2.909076	7952.695344	20.122635
G885	2570.043544	1.929563	294.905525	0.033720	2275.138019	1.929857	0.000000	0.000000	2071.190556	3.415333	9883.522953	24.359489
G886	1635.923369	1.616208	453.856535	0.042893	1182.066834	1.616777	0.000000	0.000000	1076.104237	2.117042	5135.066350	13.803471
G887	2246.088895	1.755809	421.149408	0.037657	1824.939486	1.756213	0.000000	0.000000	1661.348630	2.841682	7927.796534	19.868779
G888	2361.960481	1.927155	359.628701	0.034010	2002.331779	1.927455	0.000000	0.000000	1822.839159	3.118178	8698.413871	21.800999
G889	2377.721436	1.780523	460.891962	0.037886	1916.829473	1.780926	0.000000	0.000000	1745.001433	2.952522	8326.979700	20.764508
G890	2048.536408	1.761228	586.571611	0.039369	1461.964797	1.761668	0.000000	0.000000	1330.911644	2.472640	6350.982888	16.569921
G891	1819.911005	1.600014	274.056452	0.040455	1545.854553	1.600525	0.000000	0.000000	1407.281371	2.466391	6715.411913	17.024605
G892	3104.961404	2.543979	274.026386	0.030500	2830.935018	2.544162	0.000000	0.000000	2577.164913	4.318009	12297.984121	30.529451
G893	2325.162803	1.648263	344.596803	0.032020	1980.565999	1.648574	0.000000	0.000000	1803.024502	2.958525	8603.860228	21.158978
G894	2003.847205	1.792527	397.241156	0.026817	1606.606049	1.792727	0.000000	0.000000	1462.586994	2.634571	6979.325048	17.930402
G895	2431.746433	1.724613	504.129083	0.041143	1927.617350	1.725104	0.000000	0.000000	1754.822265	2.936651	8373.843769	20.776491
G896	1047.332636	0.995850	546.665498	0.044970	500.667139	0.996865	0.000000	0.000000	455.786436	1.113087	2174.969218	6.639679
G897	2339.314343	2.094390	443.221001	0.032641	1896.093342	2.094645	0.000000	0.000000	1726.124125	3.097417	8236.898996	21.121539
G898	1613.457958	1.838630	385.877373	0.040575	1227.580585	1.839078	0.000000	0.000000	1117.538055	2.302237	5332.784557	14.700916
G899	1619.856141	1.365917	460.358612	0.036291	1159.497530	1.366399	0.000000	0.000000	1055.558086	1.943007	5037.022085	13.080505
G900	484.651580	0.089397	482.792981	0.029928	1.858599	0.094274	0.000000	0.000000	1.691991	0.085856	8.074018	0.409964

# W module
# module name	LMS_Mean	LMS_Err	Pedestal_Mean	Pedestal_Err	module signal(LMS-Pedestal)	signal error	gain1(RefPMT1)	gain1 error	gain2(RefPMT2)	gain2 error	gain3(RefPMT3)	gain3 error
W1	2482.135703	1.401984	396.809671	0.037904	2085.326032	1.402496	0.000000	0.000000	1898.393657	2.972625	9058.952699	21.830676
W2	1366.499665	0.685127	478.330630	0.039341	888.169035	0.686256	0.000000	0.000000	808.551966	1.302900	3858.332537	9.413093
W3	1400.682520	0.550088	589.254884	0.039776	811.427637	0.551524	0.000000	0.000000	738.689804	1.158963	3524.956994	8.501662
W4	1454.312876	0.547749	562.041988	0.038073	892.270888	0.549071	0.000000	0.000000	812.286122	1.252679	3876.151571	9.281499
W5	1670.798102	0.755071	563.565742	0.036812	1107.232360	0.755968	0.000000	0.000000	1007.978061	1.582799	4809.974760	11.605083
W6	726.481192	0.664260	525.230860	0.628541	201.250332	0.914497	0.000000	0.000000	183.209890	0.871899	874.260047	4.458183
W7	2002.157957	0.919766	594.648468	0.032048	1407.509490	0.920324	0.000000	0.000000	1281.337808	1.996232	6114.421293	14.703330
W8	1023.075604	0.602374	378.568038	0.029818	644.507566	0.603112	0.000000	0.000000	586.732749	0.994900	2799.832479	6.988762
W9	814.766736	0.425476	437.222665	0.031772	377.544071	0.426661	0.000000	0.000000	343.700342	0.622156	1640.105112	4.223753
W10	975.104108	0.526788	440.020450	0.040674	535.083657	0.528356	0.000000	0.000000	487.117796	0.840135	2324.479467	5.848290
W11	1680.021237	0.759059	553.817858	0.037365	1126.203379	0.759978	0.000000	0.000000	1025.248484	1.606395	4892.387563	11.792987
W12	984.429814	0.498742	380.059506	0.049814	604.370308	0.501223	0.000000	0.000000	550.193467	0.901946	2625.470526	6.453968
W13	1489.454108	0.700265	580.652299	0.041299	908.801809	0.701481	0.000000	0.000000	827.335181	1.332855	3947.964240	9.630780
W14	1546.534350	0.712217	518.864755	0.037646	1027.669595	0.713211	0.000000	0.000000	935.547445	1.473672	4464.342800	10.785498
W15	2099.416055	1.168431	524.390082	0.038716	1575.025973	1.169072	0.000000	0.000000	1433.837813	2.289899	6842.136708	16.627897
W16	1952.502744	1.010932	550.080707	0.033886	1402.422037	1.011500	0.000000	0.000000	1276.706404	2.026630	6092.320676	14.767099
W17	2026.258562	1.010345	293.629332	0.035783	1732.629230	1.010979	0.000000	0.000000	1577.313231	2.412858	7526.787659	17.962849
W18	509.857994	0.273588	379.834520	0.043718	130.023475	0.277059	0.000000	0.000000	118.367937	0.302709	564.840456	1.776826
W19	1387.643354	0.735927	348.339410	0.034364	1039.303945	0.736729	0.000000	0.000000	946.138870	1.496603	4514.884067	10.927063
W20	1268.222048	0.815050	257.816565	0.035714	1010.405483	0.815832	0.000000	0.000000	919.830919	1.497812	4389.345043	10.757898
W21	1411.741064	0.829772	502.168943	0.042500	909.572122	0.830859	0.000000	0.000000	828.036441	1.393960	3951.310588	9.830300
W22	1901.954577	1.132569	508.948241	0.043417	1393.006336	1.133400	0.000000	0.000000	1268.134744	2.068888	6051.417534	14.843905
W23	1456.319854	0.850188	465.394772	0.038774	990.925081	0.851072	0.000000	0.000000	902.096776	1.492486	4304.719409	10.625488
W24	1122.441288	0.611895	361.120805	0.040285	761.320483	0.613219	0.000000	0.000000	693.074346	1.127898	3307.284394	8.103727
W25	1319.084937	0.727886	312.392424	0.038122	1006.692514	0.728884	0.000000	0.000000	916.450787	1.455926	4373.215376	10.603813
W26	1885.541013	0.894177	619.532110	0.035092	1266.008904	0.894865	0.000000	0.000000	1152.521589	1.822013	5499.722634	13.307337
W27	1298.368731	0.548989	638.460815	0.034992	659.907916	0.550103	0.000000	0.000000	600.752584	0.986131	2866.733791	7.051189
W28	1340.769077	0.629137	557.374513	0.045974	783.394564	0.630815	0.000000	0.000000	713.169666	1.160517	3403.177340	8.338427
W29	1596.398327	0.797312	670.120972	0.032971	926.277355	0.797994	0.000000	0.000000	843.244187	1.396274	4023.880495	9.935985
W30	1797.217095	0.822363	511.469062	0.028539	1285.748033	0.822858	0.000000	0.000000	1170.491267	1.816781	5585.472216	13.410490
W31	1603.193384	0.798716	485.823709	0.028097	1117.369675	0.799210	0.000000	0.000000	1017.206649	1.611942	4854.012698	11.756958
W32	2234.740705	1.033431	578.159525	0.041257	1656.581180	1.034254	0.000000	0.000000	1508.082264	2.331140	7196.424119	17.248635
W33	1572.948505	0.827442	467.028311	0.044330	1105.920194	0.828629	0.000000	0.000000	1006.783520	1.611168	4804.274524	11.685775
W34	2067.126424	1.083440	398.302736	0.036298	1668.823688	1.084048	0.000000	0.000000	1519.227332	2.364126	7249.607316	17.424698
W35	1727.845660	0.856287	456.905886	0.055431	1270.939773	0.858079	0.000000	0.000000	1157.010447	1.813014	5521.143033	13.309112
W36	1452.559203	0.772555	535.676179	0.031483	916.883024	0.773197	0.000000	0.000000	834.691981	1.374262	3983.070185	9.810133
W37	1726.241029	0.987873	536.152437	0.032521	1190.088592	0.988408	0.000000	0.000000	1083.406911	1.776716	5169.914009	12.710852
W38	1030.381918	0.441900	457.767638	0.029930	572.614281	0.442913	0.000000	0.000000	521.284107	0.840204	2487.517830	6.069398
W39	1437.460961	0.681211	438.713324	0.024315	998.747636	0.681645	0.000000	0.000000	909.218103	1.427618	4338.701699	10.467724
W40	1670.515457	0.645735	630.450448	0.031296	1040.065009	0.646493	0.000000	0.000000	946.831711	1.462532	4518.190238	10.826133
W41	1142.560561	0.545462	458.776501	0.028726	683.784060	0.546218	0.000000	0.000000	622.488428	1.010984	2970.455154	7.271934
W42	1183.417506	0.563791	538.559900	0.030574	644.857606	0.564619	0.000000	0.000000	587.051411	0.976382	2801.353103	6.931100
W43	2112.536716	0.977511	555.039577	0.024361	1557.497139	0.977814	0.000000	0.000000	1417.880295	2.193707	6765.988962	16.223104
W44	1554.008887	0.886412	281.951655	0.035223	1272.057233	0.887112	0.000000	0.000000	1158.027735	1.825847	5525.997435	13.355741
W45	1438.966967	0.670497	513.615306	0.041206	925.351661	0.671762	0.000000	0.000000	842.401474	1.339023	4019.859149	9.749325
W46	1828.153893	0.799680	578.438039	0.044129	1249.715854	0.800897	0.000000	0.000000	1137.689078	1.766280	5428.943310	13.035944
W47	1411.908698	0.595529	513.179588	0.037738	898.729110	0.596724	0.000000	0.000000	818.165417	1.278132	3904.207003	9.399230
W48	864.123273	0.410531	520.239525	0.038577	343.883747	0.412340	0.000000	0.000000	313.057390	0.580412	1493.879880	3.893495
W49	1067.683163	0.648834	314.218133	0.037907	753.465031	0.649941	0.000000	0.000000	685.923071	1.136167	3273.159194	8.083516
W50	2262.261221	1.147143	458.944515	0.030970	1803.316706	1.147561	0.000000	0.000000	1641.664155	2.545667	7833.864104	18.801242
W51	1582.576095	0.797445	514.010352	0.030907	1068.565743	0.798044	0.000000	0.000000	972.777589	1.555642	4642.001479	11.287597
W52	1977.292174	1.192894	228.928107	0.047052	1748.364067	1.193822	0.000000	0.000000	1591.637568	2.499350	7595.142027	18.325035
W53	623.210682	0.374399	303.333021	0.032130	319.877661	0.375775	0.000000	0.000000	291.203253	0.535341	1389.594030	3.606271
W54	1262.867369	0.721989	270.329920	0.031286	992.537449	0.722666	0.000000	0.000000	903.564607	1.437130	4311.723761	10.459956
W55	905.682471	0.452619	427.411598	0.037170	478.270873	0.454142	0.000000	0.000000	435.397812	0.741615	2077.676656	5.196963
W56	1624.410384	0.838782	511.070042	0.040158	1113.340342	0.839743	0.000000	0.000000	1013.538512	1.624352	4836.508701	11.771635
W57	1473.563930	0.715678	510.256982	0.045090	963.306947	0.717097	0.000000	0.000000	876.954381	1.401412	4184.742308	10.172603
W58	1833.049458	0.883919	471.637148	0.038116	1361.412310	0.884740	0.000000	0.000000	1239.372863	1.928780	5914.168592	14.215372
W59	1181.608391	0.600097	436.955892	0.032184	744.652498	0.600959	0.000000	0.000000	677.900509	1.103730	3234.876300	7.927974
W60	2363.727751	1.089116	528.502902	0.039190	1835.224849	1.089821	0.000000	0.000000	1670.711994	2.562373	7972.477612	19.046824
W61	1297.839957	0.677460	523.962749	0.024233	773.877209	0.677893	0.000000	0.000000	704.505464	1.171879	3361.832597	8.318310
W62	2131.942222	0.991042	723.082337	0.032743	1408.859885	0.991583	0.000000	0.000000	1282.567152	2.025872	6120.287601	14.803490
W63	1685.961142	0.714863	658.156565	0.032950	1027.804577	0.715622	0.000000	0.000000	935.670327	1.474796	4464.929180	10.789810
W64	1372.006250	0.547639	612.701733	0.032649	759.304518	0.548612	0.000000	0.000000	691.239096	1.097663	3298.526756	7.996501
W65	1899.668130	0.886830	626.110040	0.024213	1273.558090	0.887161	0.000000	0.000000	1159.394053	1.827600	5532.517372	13.370250
W66	1788.270712	0.930117	449.673385	0.036188	1338.597327	0.930820	0.000000	0.000000	1218.603056	1.920272	5815.057062	14.050993
W67	1876.517150	1.042660	413.794482	0.036805	1462.722667	1.043309	0.000000	0.000000	1331.601578	2.108958	6354.275186	15.387022
W68	1675.932905	0.795212	512.939712	0.031785	1162.993194	0.795847	0.000000	0.000000	1058.740393	1.663226	5052.207748	12.191747
W69	1533.010293	0.891623	524.441295	0.039086	1008.568998	0.892480	0.000000	0.000000	918.159060	1.531604	4381.367089	10.854891
W70	1423.600285	0.696977	575.549809	0.038295	848.050476	0.698028	0.000000	0.000000	772.029707	1.263180	3684.051815	9.048465
W71	1517.009737	0.618185	630.445616	0.032784	886.564120	0.619054	0.000000	0.000000	807.090919	1.272844	3851.360559	9.309301
W72	885.874910	0.474982	337.271810	0.026732	548.603101	0.475734	0.000000	0.000000	499.425332	0.828442	2383.209850	5.889477
W73	1276.577643	0.700633	327.875538	0.027496	948.702104	0.701173	0.000000	0.000000	863.658742	1.378029	4121.296794	10.011676
W74	1418.413925	0.712198	348.299712	0.026012	1070.114213	0.712673	0.000000	0.000000	974.187251	1.522703	4648.728252	11.194223
W75	1739.882531	0.805934	451.239880	0.024155	1288.642651	0.806296	0.000000	0.000000	1173.126407	1.814024	5598.046850	13.419580
W76	1749.818597	0.747091	558.362805	0.038045	1191.455792	0.748059	0.000000	0.000000	1084.651553	1.678162	5175.853319	12.410423
W77	1359.961686	0.592311	637.700713	0.036946	722.260972	0.593462	0.000000	0.000000	657.516200	1.075345	3137.604330	7.704829
W78	1476.540981	0.781869	299.624783	0.039155	1176.916198	0.782849	0.000000	0.000000	1071.415314	1.674307	5112.691257	12.310311
W79	1537.260454	0.705032	514.550348	0.040729	1022.710106	0.706207	0.000000	0.000000	931.032533	1.465134	4442.798072	10.729013
W80	1546.877468	0.699347	433.283436	0.035355	1113.594032	0.700240	0.000000	0.000000	1013.769461	1.568889	4837.610766	11.600615
W81	1196.668959	0.548007	542.917597	0.036032	653.751363	0.549190	0.000000	0.000000	595.147915	0.978887	2839.988847	6.991638
W82	502.379632	0.235790	361.132775	0.047598	141.246857	0.240546	0.000000	0.000000	128.585235	0.284632	613.596426	1.762988
W83	1180.682924	0.504213	541.126856	0.036558	639.556068	0.505537	0.000000	0.000000	582.225112	0.943206	2778.322469	6.794027
W84	802.762876	0.399939	352.191892	0.035570	450.570984	0.401517	0.000000	0.000000	410.180991	0.685593	1957.344402	4.853716
W85	966.380432	0.449792	485.137077	0.035251	481.243354	0.451172	0.000000	0.000000	438.103835	0.743297	2090.589538	5.219761
W86	581.651383	0.298437	369.272035	0.041913	212.379348	0.301366	0.000000	0.000000	193.341282	0.387318	922.606078	2.504427
W87	1154.222214	0.667326	355.153997	0.041404	799.068217	0.668610	0.000000	0.000000	727.438306	1.195243	3471.265919	8.541821
W88	1119.862528	0.630249	344.785501	0.032239	775.077027	0.631073	0.000000	0.000000	705.597729	1.151342	3367.044779	8.259874
W89	1328.759008	0.668591	339.654838	0.042911	989.104170	0.669967	0.000000	0.000000	900.439094	1.411824	4296.809110	10.360412
W90	883.535706	0.531240	256.156197	0.036395	627.379509	0.532486	0.000000	0.000000	571.140081	0.941943	2725.425764	6.717715
W91	835.105053	0.426501	470.898791	0.035570	364.206262	0.427982	0.000000	0.000000	331.558158	0.609605	1582.163771	4.106288
W92	1007.922185	0.497107	451.373045	0.032789	556.549140	0.498187	0.000000	0.000000	506.659074	0.847934	2417.728573	5.998838
W93	914.409320	0.466039	374.690687	0.035973	539.718634	0.467425	0.000000	0.000000	491.337285	0.814738	2344.614463	5.793178
W94	1981.615925	0.859839	477.225319	0.024947	1504.390605	0.860200	0.000000	0.000000	1369.534327	2.088953	6535.286630	15.578090
W95	1293.588978	0.710175	438.999165	0.024263	854.589813	0.710590	0.000000	0.000000	777.982846	1.276221	3712.459624	9.128736
W96	1307.074610	0.650598	546.287607	0.025104	760.787003	0.651082	0.000000	0.000000	692.588689	1.144762	3304.966885	8.154245
W97	1612.591428	0.632074	597.477280	0.023198	1015.114148	0.632499	0.000000	0.000000	924.117491	1.428002	4409.800154	10.568127
W98	1798.329539	0.765708	637.347038	0.045048	1160.982502	0.767032	0.000000	0.000000	1056.909943	1.649623	5043.473014	12.137405
W99	1721.595661	0.727082	577.278775	0.037884	1144.316886	0.728068	0.000000	0.000000	1041.738263	1.615336	4971.075213	11.930410
W100	1622.522167	0.815618	461.067161	0.047556	1161.455006	0.817003	0.000000	0.000000	1057.340091	1.669932	5045.525640	12.203331
W101	1667.047949	0.928653	488.619262	0.047507	1178.428687	0.929867	0.000000	0.000000	1072.792221	1.737207	5119.261723	12.516215
W102	1833.024695	0.905798	511.388736	0.032038	1321.635959	0.906365	0.000000	0.000000	1203.162136	1.890882	5741.374470	13.857225
W103	1653.623158	0.774949	344.634388	0.039514	1308.988770	0.775955	0.000000	0.000000	1191.648663	1.827151	5686.433282	13.583823
W104	1511.223392	0.747661	540.033673	0.035212	971.189719	0.748490	0.000000	0.000000	884.130527	1.423853	4218.986190	10.290344
W105	1695.369598	0.922476	483.773277	0.034267	1211.596320	0.923112	0.000000	0.000000	1102.986648	1.771689	5263.346638	12.823043
W106	1402.770464	0.695406	602.294510	0.039681	800.475955	0.696537	0.000000	0.000000	728.719851	1.209931	3477.381330	8.597078
W107	1941.304376	0.945583	559.363939	0.031981	1381.940437	0.946123	0.000000	0.000000	1258.060812	1.976526	6003.345696	14.487541
W108	1911.151700	0.868993	549.766439	0.034782	1361.385261	0.869688	0.000000	0.000000	1239.348239	1.923066	5914.051088	14.197571
W109	1708.930632	0.846793	594.194464	0.033651	1114.736169	0.847461	0.000000	0.000000	1014.809214	1.629252	4842.572371	11.795399
W110	1414.178789	0.771483	418.479495	0.048886	995.699295	0.773030	0.000000	0.000000	906.443020	1.462255	4325.459270	10.557820
W111	1356.094601	0.739551	367.690433	0.029716	988.404168	0.740148	0.000000	0.000000	899.801841	1.439780	4293.768202	10.443459
W112	1427.658661	0.742129	332.522302	0.036671	1095.136359	0.743034	0.000000	0.000000	996.966367	1.563662	4757.428011	11.472573
W113	1093.079779	0.642411	344.209029	0.032412	748.870750	0.643228	0.000000	0.000000	681.740630	1.127938	3253.200987	8.030061
W114	1232.757171	0.654929	403.212111	0.037209	829.545060	0.655985	0.000000	0.000000	755.183149	1.223520	3603.661656	8.812669
W115	1335.261741	0.783936	353.644834	0.036486	981.616906	0.784785	0.000000	0.000000	893.623002	1.451627	4264.283373	10.440265
W116	857.300014	0.446815	433.754587	0.032347	423.545427	0.447985	0.000000	0.000000	385.578053	0.680884	1839.941540	4.681470
W117	965.472218	0.485505	433.766198	0.033597	531.706020	0.486666	0.000000	0.000000	484.042936	0.815344	2309.806529	5.748024
W118	1691.786779	0.925855	316.106659	0.039075	1375.680120	0.926679	0.000000	0.000000	1252.361681	1.961598	5976.149988	14.403368
W119	1000.606403	0.524924	419.015345	0.048146	581.591059	0.527128	0.000000	0.000000	529.456190	0.889278	2526.514229	6.279038
W120	859.701093	0.473058	315.574928	0.037139	544.126165	0.474513	0.000000	0.000000	495.349718	0.822951	2363.761407	5.845483
W121	1535.242609	0.913094	275.024468	0.037966	1260.218141	0.913883	0.000000	0.000000	1147.249921	1.823183	5474.566738	13.276145
W122	1752.689421	0.783713	377.338917	0.041663	1375.350503	0.784820	0.000000	0.000000	1252.061611	1.909228	5974.718085	14.240207
W123	1821.182640	0.934817	401.491893	0.028982	1419.690747	0.935266	0.000000	0.000000	1292.427116	2.016183	6167.338406	14.838850
W124	1282.242733	0.753858	298.020274	0.031688	984.222459	0.754523	0.000000	0.000000	895.994988	1.441217	4275.602265	10.422941
W125	1282.785603	0.769778	286.988593	0.031991	995.797010	0.770443	0.000000	0.000000	906.531976	1.461233	4325.883760	10.555181
W126	1034.180932	0.585946	308.267416	0.029927	725.913516	0.586709	0.000000	0.000000	660.841323	1.076349	3153.471497	7.729718
W127	977.801857	0.572764	369.864479	0.030542	607.937377	0.573578	0.000000	0.000000	553.440778	0.940810	2640.966383	6.599871
W128	1375.578687	0.622731	627.977775	0.038019	747.600912	0.623891	0.000000	0.000000	680.584622	1.117492	3247.684630	7.989208
W129	1967.355894	0.846038	626.088626	0.039172	1341.267268	0.846944	0.000000	0.000000	1221.033658	1.890959	5826.655665	13.976391
W130	947.124301	0.503160	549.731328	0.032315	397.392972	0.504197	0.000000	0.000000	361.769952	0.687302	1726.331560	4.555940
W131	1515.329786	0.699230	559.188311	0.035100	956.141475	0.700110	0.000000	0.000000	870.431235	1.386078	4153.614480	10.081549
W132	1440.482332	0.667806	587.011652	0.032469	853.470680	0.668595	0.000000	0.000000	776.964034	1.256014	3707.597950	9.058016
W133	1913.454637	0.898536	585.399268	0.030018	1328.055369	0.899037	0.000000	0.000000	1209.006098	1.895431	5769.261297	13.910139
W134	1295.499654	0.650494	491.833329	0.044849	803.666325	0.652038	0.000000	0.000000	731.624231	1.192761	3491.240753	8.561217
W135	1600.456217	0.762912	323.121140	0.033354	1277.335077	0.763641	0.000000	0.000000	1162.832464	1.785245	5548.925141	13.262322
W136	1688.307456	0.977758	258.373690	0.034754	1429.933766	0.978375	0.000000	0.000000	1301.751933	2.044928	6211.835539	14.989931
W137	1608.036656	0.789922	417.013124	0.028917	1191.023532	0.790451	0.000000	0.000000	1084.258041	1.693687	5173.975521	12.455736
W138	2289.586620	1.186439	374.891450	0.031961	1914.695170	1.186870	0.000000	0.000000	1743.058452	2.691229	8317.707982	19.926543
W139	1203.045584	0.617172	551.962610	0.040049	651.082974	0.618470	0.000000	0.000000	592.718726	1.009699	2828.396987	7.075151
W140	1366.191165	0.602969	577.076977	0.038753	789.114189	0.604213	0.000000	0.000000	718.376574	1.155196	3428.024204	8.355734
W141	1530.058294	0.730400	648.320109	0.043495	881.738185	0.731693	0.000000	0.000000	802.697589	1.316086	3830.396009	9.416578
W142	1668.944626	0.856734	470.132052	0.040103	1198.812575	0.857672	0.000000	0.000000	1091.348860	1.729519	5207.812230	12.614168
W143	1959.499057	0.927957	541.447231	0.034858	1418.051826	0.928611	0.000000	0.000000	1290.935111	2.011717	6160.218701	14.815106
W144	1482.927020	0.716589	526.894787	0.036165	956.032233	0.717501	0.000000	0.000000	870.331785	1.393305	4153.139917	10.103552
W145	1054.538360	0.588727	412.871374	0.031446	641.666986	0.589566	0.000000	0.000000	584.146804	0.985080	2787.492598	6.940368
W146	1049.932794	0.511703	371.511818	0.025491	678.420976	0.512338	0.000000	0.000000	617.606100	0.990081	2947.157153	7.173976
W147	1018.311546	0.541795	562.327701	0.029965	455.983846	0.542623	0.000000	0.000000	415.108634	0.767189	1980.858641	5.154473
W148	2239.072479	0.935421	612.616905	0.034579	1626.455573	0.936060	0.000000	0.000000	1480.657171	2.260524	7065.554203	16.848421
W149	1063.238706	0.484868	523.462835	0.031426	539.775871	0.485885	0.000000	0.000000	491.389391	0.823702	2344.863110	5.822307
W150	947.962275	0.401832	575.627754	0.026202	372.334521	0.402686	0.000000	0.000000	338.957785	0.603428	1617.474085	4.131594
W151	884.233646	0.525573	303.348899	0.027019	580.884747	0.526267	0.000000	0.000000	528.813194	0.888090	2523.445910	6.271064
W152	1581.033938	0.798315	357.238991	0.035037	1223.794947	0.799084	0.000000	0.000000	1114.091767	1.735249	5316.339205	12.782868
W153	1196.827822	0.594845	443.816853	0.030131	753.010968	0.595607	0.000000	0.000000	685.509711	1.110701	3271.186684	7.999811
W154	1005.300492	0.571942	253.709070	0.036456	751.591422	0.573103	0.000000	0.000000	684.217416	1.099236	3265.019973	7.955173
W155	1342.021525	0.728047	272.609745	0.027435	1069.411780	0.728564	0.000000	0.000000	973.547785	1.528109	4645.676782	11.206737
W156	776.600709	0.505337	283.301125	0.023070	493.299584	0.505863	0.000000	0.000000	449.079322	0.784436	2142.963512	5.424116
W157	1259.521068	0.653758	480.775509	0.026418	778.745560	0.654292	0.000000	0.000000	708.937408	1.166091	3382.981407	8.328553
W158	1234.401258	0.662889	390.374028	0.026286	844.027230	0.663410	0.000000	0.000000	768.367112	1.243094	3666.574262	8.960878
W159	1273.758197	0.633601	424.309701	0.025411	849.448495	0.634111	0.000000	0.000000	773.302405	1.236524	3690.125008	8.972608
W160	797.591057	0.402061	410.440290	0.022588	387.150766	0.402695	0.000000	0.000000	352.445876	0.618692	1681.837961	4.267012
W161	1128.778776	0.584015	207.647164	0.022417	921.131612	0.584445	0.000000	0.000000	838.559718	1.299678	4001.526656	9.601660
W162	980.644918	0.399535	621.667358	0.049691	358.977561	0.402614	0.000000	0.000000	326.798167	0.589822	1559.449550	4.010216
W163	1389.222880	0.604856	673.281152	0.060661	715.941728	0.607890	0.000000	0.000000	651.763424	1.075021	3110.152634	7.666358
W164	1331.637892	0.436112	601.642073	0.041070	729.995819	0.438041	0.000000	0.000000	664.557681	1.020842	3171.205603	7.581170
W165	1737.086256	0.687605	666.740696	0.036205	1070.345559	0.688557	0.000000	0.000000	974.397859	1.513751	4649.733254	11.167944
W166	1047.633123	0.582533	485.017006	0.035514	562.616117	0.583614	0.000000	0.000000	512.182197	0.898239	2444.084386	6.198086
W167	988.678933	0.601219	507.441077	0.036646	481.237856	0.602335	0.000000	0.000000	438.098830	0.827322	2090.565653	5.500064
W168	1011.411727	0.683520	345.951984	0.032831	665.459743	0.684308	0.000000	0.000000	605.806735	1.059218	2890.851716	7.320465
W169	1414.268191	0.733239	480.355906	0.030126	933.912285	0.733858	0.000000	0.000000	850.194709	1.375389	4057.047719	9.914887
W170	1161.729722	0.509308	488.964555	0.042106	672.765167	0.511046	0.000000	0.000000	612.457288	0.983108	2922.587515	7.118194
W171	2408.933347	1.572734	595.745074	0.045067	1813.188273	1.573379	0.000000	0.000000	1650.650816	2.738576	7876.747592	19.466885
W172	1005.431652	0.697465	369.944446	0.031035	635.487206	0.698155	0.000000	0.000000	578.520990	1.035949	2760.646753	7.071772
W173	1535.821673	0.747886	378.546809	0.029611	1157.274863	0.748472	0.000000	0.000000	1053.534664	1.638200	5027.366506	12.079618
W174	1240.442938	0.634419	507.474483	0.028753	732.968456	0.635070	0.000000	0.000000	667.263846	1.106594	3184.119160	7.867891
W175	1958.526853	1.068102	442.509644	0.029205	1516.017208	1.068501	0.000000	0.000000	1380.118700	2.180567	6585.794247	15.931334
W176	1868.120066	0.935781	609.438857	0.054665	1258.681210	0.937376	0.000000	0.000000	1145.850763	1.831290	5467.890090	13.292311
W177	1915.545326	0.935378	403.391036	0.041084	1512.154290	0.936280	0.000000	0.000000	1376.602060	2.125043	6569.013179	15.736038
W178	1796.806699	1.085390	420.018982	0.036733	1376.787717	1.086011	0.000000	0.000000	1253.369991	2.029455	5980.961547	14.622481
W179	1403.227346	0.722043	383.166988	0.034511	1020.060358	0.722867	0.000000	0.000000	928.620314	1.468802	4431.287192	10.724458
W180	1465.357694	0.712651	453.514396	0.034052	1011.843298	0.713464	0.000000	0.000000	921.139846	1.455513	4395.591115	10.633525
W181	1340.186018	0.755257	434.208638	0.028082	905.977380	0.755779	0.000000	0.000000	824.763939	1.354099	3935.694521	9.681279
W182	1267.050901	0.672218	387.647091	0.024433	879.403810	0.672662	0.000000	0.000000	800.572471	1.287076	3820.255153	9.310854
W183	931.342542	0.624787	356.761779	0.038291	574.580763	0.625959	0.000000	0.000000	523.074310	0.933718	2496.060507	6.384188
W184	1307.240055	0.724177	444.871148	0.034958	862.368908	0.725020	0.000000	0.000000	785.064608	1.291527	3746.253115	9.223586
W185	1725.348410	0.813777	460.970315	0.036675	1264.378095	0.814603	0.000000	0.000000	1151.036969	1.788626	5492.638169	13.193897
W186	1355.862096	0.673807	550.361795	0.031310	805.500301	0.674534	0.000000	0.000000	733.293806	1.205115	3499.207806	8.611380
W187	1149.900052	0.648921	580.088125	0.036281	569.811926	0.649935	0.000000	0.000000	518.732961	0.942410	2475.344004	6.386206
W188	1050.622420	0.674696	275.198858	0.034324	775.423562	0.675569	0.000000	0.000000	705.913200	1.172461	3368.550175	8.329287
W189	1437.645143	0.729646	418.980466	0.046415	1018.664676	0.731121	0.000000	0.000000	927.349743	1.470581	4425.224152	10.721610
W190	1283.394337	0.786986	226.800734	0.029021	1056.593603	0.787521	0.000000	0.000000	961.878653	1.537541	4589.992803	11.159023
W191	1394.809406	0.753601	288.774335	0.022654	1106.035071	0.753941	0.000000	0.000000	1006.888098	1.580609	4804.773564	11.591049
W192	1221.973088	0.692676	338.024932	0.021892	883.948156	0.693022	0.000000	0.000000	804.709454	1.301110	3839.996439	9.382246
W193	1016.547255	0.559393	395.524166	0.038692	621.023089	0.560729	0.000000	0.000000	565.353463	0.948523	2697.812574	6.701377
W194	1572.205401	1.095791	398.144094	0.037546	1174.061307	1.096434	0.000000	0.000000	1068.816340	1.811237	5100.289204	12.727404
W195	1650.853166	0.879947	441.856406	0.035966	1208.996760	0.880682	0.000000	0.000000	1100.620116	1.750721	5252.053776	12.741671
W196	1063.858424	0.527889	547.900835	0.031440	515.957589	0.528824	0.000000	0.000000	469.706223	0.820319	2241.393106	5.672771
W197	1783.484329	0.918762	526.760001	0.030435	1256.724328	0.919266	0.000000	0.000000	1144.069299	1.821428	5459.389116	13.249663
W198	2027.137548	0.971790	592.597481	0.041474	1434.540067	0.972674	0.000000	0.000000	1305.945316	2.048019	6231.845964	15.027360
W199	969.464621	0.336400	522.577032	0.040316	446.887589	0.338807	0.000000	0.000000	406.827782	0.652751	1941.343209	4.727405
W200	936.275984	0.423749	496.291241	0.034548	439.984743	0.425155	0.000000	0.000000	400.543719	0.686009	1911.356263	4.793182
W201	1764.263780	0.940317	420.904966	0.036358	1343.358814	0.941020	0.000000	0.000000	1222.937715	1.929878	5835.741639	14.109615
W202	1231.019956	0.562480	535.557438	0.045663	695.462518	0.564330	0.000000	0.000000	633.120007	1.032208	3021.188033	7.408671
W203	1622.363056	0.875672	323.565739	0.033373	1298.797318	0.876307	0.000000	0.000000	1182.370791	1.852526	5642.160166	13.600128
W204	1536.484565	0.810735	454.447125	0.034121	1082.037440	0.811453	0.000000	0.000000	985.041658	1.576680	4700.524445	11.434378
W205	2094.298519	1.332422	422.287697	0.031950	1672.010822	1.332805	0.000000	0.000000	1522.128766	2.470828	7263.452678	17.777567
W206	1422.210995	0.742943	376.809994	0.050029	1045.401001	0.744626	0.000000	0.000000	951.689376	1.506844	4541.370547	10.995724
W207	1757.170424	0.896137	303.033263	0.027417	1454.137161	0.896556	0.000000	0.000000	1323.785691	2.042125	6316.978525	15.128030
W208	1806.315051	0.863009	523.614244	0.030593	1282.700807	0.863551	0.000000	0.000000	1167.717200	1.828824	5572.234633	13.429273
W209	1391.337568	0.740035	440.371415	0.030850	950.966153	0.740678	0.000000	0.000000	865.719837	1.397604	4131.132144	10.086784
W210	1419.984817	0.715761	556.382991	0.030949	863.601826	0.716430	0.000000	0.000000	786.187006	1.288917	3751.609090	9.222577
W211	1872.319460	0.978023	299.893875	0.034008	1572.425585	0.978615	0.000000	0.000000	1431.470528	2.211578	6830.840253	16.368890
W212	1506.272372	0.928570	253.267354	0.032535	1253.005018	0.929139	0.000000	0.000000	1140.683395	1.821334	5443.231905	13.227042
W213	2002.616635	0.965469	368.528915	0.031836	1634.087721	0.965994	0.000000	0.000000	1487.605159	2.279999	7098.709335	16.954603
W214	1811.114439	0.834596	568.334390	0.033772	1242.780049	0.835279	0.000000	0.000000	1131.375011	1.771360	5398.813188	13.009628
W215	2175.452291	1.076197	401.074084	0.032742	1774.378207	1.076695	0.000000	0.000000	1615.319754	2.485602	7708.151148	18.440426
W216	1747.626999	0.895532	368.255203	0.035952	1379.371797	0.896254	0.000000	0.000000	1255.722429	1.954164	5992.187155	14.402713
W217	1328.865553	0.712397	449.732152	0.041135	879.133401	0.713584	0.000000	0.000000	800.326302	1.304910	3819.080457	9.365601
W218	918.178649	0.584502	262.156688	0.033371	656.021960	0.585453	0.000000	0.000000	597.214972	0.998623	2849.852646	7.068241
W219	1792.883662	0.859216	512.303241	0.031111	1280.580421	0.859779	0.000000	0.000000	1165.786890	1.824884	5563.023378	13.404231
W220	2031.584335	0.924537	516.016059	0.034274	1515.568276	0.925172	0.000000	0.000000	1379.710011	2.125041	6583.844021	15.756817
W221	1789.067306	0.805056	426.069687	0.033824	1362.997620	0.805766	0.000000	0.000000	1240.816063	1.901764	5921.055403	14.141917
W222	1256.335554	0.636598	527.942860	0.039866	728.392694	0.637845	0.000000	0.000000	663.098263	1.102904	3164.241399	7.829088
W223	1224.711686	0.603988	408.315307	0.031221	816.396379	0.604794	0.000000	0.000000	743.213140	1.186443	3546.541917	8.617312
W224	1667.398634	0.917755	372.070092	0.029664	1295.328542	0.918234	0.000000	0.000000	1179.212962	1.865287	5627.091310	13.618884
W225	1398.400202	0.793091	432.304719	0.030393	966.095483	0.793673	0.000000	0.000000	879.492947	1.438315	4196.856103	10.305765
W226	1134.949634	0.764339	300.035585	0.034162	834.914049	0.765102	0.000000	0.000000	760.070853	1.280750	3626.985308	9.027322
W227	1801.414881	0.979614	401.374702	0.033050	1400.040179	0.980172	0.000000	0.000000	1274.538060	2.011083	6081.973545	14.704256
W228	914.396983	0.571646	313.519001	0.031573	600.877982	0.572517	0.000000	0.000000	547.014200	0.932724	2610.299367	6.532456
W229	1638.328527	0.943902	302.779117	0.037819	1335.549410	0.944659	0.000000	0.000000	1215.828360	1.922354	5801.816480	14.039107
W230	2540.147954	1.539906	414.315311	0.045398	2125.832643	1.540575	0.000000	0.000000	1935.269183	3.075056	9234.919177	22.393878
W231	1088.914993	0.651458	394.818585	0.031868	694.096408	0.652237	0.000000	0.000000	631.876358	1.072817	3015.253459	7.530922
W232	1659.193488	0.788092	466.657869	0.030494	1192.535619	0.788682	0.000000	0.000000	1085.634582	1.694766	5180.544242	12.468234
W233	1605.758463	0.824798	372.954617	0.031448	1232.803846	0.825397	0.000000	0.000000	1122.293093	1.755902	5355.475144	12.901354
W234	1225.016024	0.654469	469.249218	0.035394	755.766806	0.655426	0.000000	0.000000	688.018511	1.141300	3283.158433	8.113532
W235	1528.340674	0.763506	447.631893	0.023269	1080.708782	0.763860	0.000000	0.000000	983.832103	1.555322	4694.752564	11.359566
W236	2394.600351	1.196487	523.079517	0.030488	1871.520834	1.196875	0.000000	0.000000	1703.754342	2.644161	8130.152530	19.519159
W237	1208.897145	0.591578	476.209513	0.033213	732.687632	0.592510	0.000000	0.000000	667.008196	1.086540	3182.899223	7.802317
W238	2235.423020	0.937588	611.505810	0.032963	1623.917210	0.938167	0.000000	0.000000	1478.346351	2.258223	7054.527190	16.825874
W239	1479.489536	0.766593	384.521361	0.028609	1094.968175	0.767126	0.000000	0.000000	996.813259	1.573080	4756.697396	11.500839
W240	1959.541892	0.793308	471.289338	0.035109	1488.252555	0.794084	0.000000	0.000000	1354.842920	2.047693	6465.180645	15.353572
W241	968.785533	0.599450	256.172468	0.025154	712.613065	0.599977	0.000000	0.000000	648.733149	1.067646	3095.692448	7.623131
W242	1588.561350	0.867866	329.619705	0.026820	1258.941645	0.868281	0.000000	0.000000	1146.087852	1.803140	5469.021457	13.205959
W243	1116.068853	0.582103	515.060674	0.025689	601.008179	0.582670	0.000000	0.000000	547.132725	0.938058	2610.864960	6.550582
W244	1122.774632	0.653764	383.703092	0.024291	739.071540	0.654215	0.000000	0.000000	672.819838	1.122451	3210.631824	7.954711
W245	1798.839079	0.932992	356.441340	0.026862	1442.397739	0.933379	0.000000	0.000000	1313.098612	2.042001	6265.980807	15.056314
W246	1884.333329	0.922485	490.550934	0.061715	1393.782395	0.924547	0.000000	0.000000	1268.841235	1.981837	6054.788842	14.575627
W247	1035.148267	0.559582	476.949473	0.026489	558.198794	0.560208	0.000000	0.000000	508.160850	0.881159	2424.894905	6.116428
W248	2003.948196	1.004266	431.048082	0.032846	1572.900114	1.004803	0.000000	0.000000	1431.902520	2.221846	6832.901674	16.403403
W249	2343.398114	1.159801	511.029402	0.039472	1832.368712	1.160473	0.000000	0.000000	1668.111886	2.584600	7960.070148	19.097728
W250	1793.309967	0.941652	430.498495	0.039772	1362.811472	0.942491	0.000000	0.000000	1240.646601	1.952937	5920.246751	14.298721
W251	1315.702405	0.810505	527.737598	0.023206	787.964807	0.810837	0.000000	0.000000	717.330225	1.254507	3423.031126	8.669073
W252	1405.064144	0.729239	499.066963	0.031012	905.997181	0.729898	0.000000	0.000000	824.781965	1.342302	3935.780536	9.643918
W253	2052.184801	1.130510	454.261152	0.031676	1597.923649	1.130953	0.000000	0.000000	1454.682901	2.300299	6941.607469	16.798053
W254	2454.983926	1.125928	462.483562	0.033395	1992.500365	1.126423	0.000000	0.000000	1813.889050	2.762356	8655.704808	20.619162
W255	1664.228752	0.887155	505.588535	0.024938	1158.640217	0.887506	0.000000	0.000000	1054.777624	1.696303	5033.297795	12.269033
W256	1542.471996	1.021154	311.774398	0.026353	1230.697599	1.021494	0.000000	0.000000	1120.375653	1.837047	5346.325307	13.143640
W257	1714.890114	0.885319	266.899257	0.041684	1447.990857	0.886300	0.000000	0.000000	1318.190354	2.031148	6290.278109	15.056880
W258	2076.086361	1.069212	463.055675	0.034537	1613.030686	1.069769	0.000000	0.000000	1468.435715	2.293506	7007.234583	16.868184
W259	1568.445147	0.896043	476.889904	0.033506	1091.555244	0.896669	0.000000	0.000000	993.706269	1.625065	4741.871137	11.643994
W260	1377.366063	0.808833	408.729005	0.023547	968.637058	0.809176	0.000000	0.000000	881.806690	1.448272	4207.897066	10.352519
W261	1239.403029	0.676095	312.812810	0.029496	926.590220	0.676738	0.000000	0.000000	843.529006	1.342514	4025.239624	9.767691
W262	1462.613413	0.714232	570.050899	0.045729	892.562514	0.715695	0.000000	0.000000	812.551605	1.320878	3877.418433	9.496095
W263	2054.167879	1.202505	479.226631	0.038598	1574.941248	1.203125	0.000000	0.000000	1433.760682	2.304374	6841.768649	16.672864
W264	1556.755597	0.822928	412.030322	0.023280	1144.725275	0.823257	0.000000	0.000000	1042.110043	1.653251	4972.849309	12.050556
W265	1837.073981	0.912780	512.996436	0.027876	1324.077545	0.913205	0.000000	0.000000	1205.384853	1.896432	5751.981066	13.889218
W266	1622.569841	0.754650	551.628680	0.025999	1070.941161	0.755097	0.000000	0.000000	974.940070	1.540508	4652.320633	11.254540
W267	1582.216765	0.870977	356.153137	0.026418	1226.063628	0.871377	0.000000	0.000000	1116.157080	1.766461	5326.194681	12.893502
W268	1236.866716	0.611318	508.387026	0.033432	728.479690	0.612232	0.000000	0.000000	663.177460	1.090904	3164.619321	7.791224
W269	1245.384992	0.828303	316.733927	0.491498	928.651065	0.963149	0.000000	0.000000	845.405114	1.482542	4034.192229	10.230239
W270	1356.747386	0.823532	367.497139	0.028118	989.250247	0.824012	0.000000	0.000000	900.572077	1.477990	4297.443691	10.569315
W271	1735.322669	0.839710	382.411710	0.023784	1352.910960	0.840047	0.000000	0.000000	1231.633589	1.902122	5877.237518	14.081553
W272	1724.409830	0.858474	491.997018	0.056511	1232.412812	0.860332	0.000000	0.000000	1121.937112	1.769293	5353.776438	12.940590
W273	2374.030307	1.206162	395.066901	0.039643	1978.963406	1.206813	0.000000	0.000000	1801.565568	2.774341	8596.898334	20.573199
W274	1623.097781	0.737626	452.838268	0.048238	1170.259513	0.739202	0.000000	0.000000	1065.355346	1.649956	5083.773672	12.194716
W275	1860.337459	0.821937	574.843401	0.040780	1285.494058	0.822948	0.000000	0.000000	1170.260060	1.816517	5584.368916	13.408134
W276	1635.437623	0.677646	488.005919	0.044191	1147.431704	0.679085	0.000000	0.000000	1044.573863	1.601255	4984.606423	11.906105
W277	1168.222696	0.574496	441.386054	0.037429	726.836642	0.575714	0.000000	0.000000	661.681698	1.072454	3157.481687	7.722879
W278	1522.310978	0.833329	313.765677	0.035638	1208.545301	0.834091	0.000000	0.000000	1100.209128	1.731186	5250.092578	12.678020
W279	1339.866923	0.661669	575.867013	0.028665	763.999910	0.662289	0.000000	0.000000	695.513584	1.153602	3318.924207	8.201498
W280	1314.382597	0.689632	410.711025	0.022796	903.671572	0.690009	0.000000	0.000000	822.664828	1.322067	3925.677761	9.566138
W281	1218.919587	0.769218	274.275307	0.025551	944.644280	0.769642	0.000000	0.000000	859.964669	1.403457	4103.669030	10.067657
W282	1598.330993	0.806040	452.132389	0.052836	1146.198604	0.807770	0.000000	0.000000	1043.451300	1.648605	4979.249662	12.044928
W283	1371.181165	0.693165	546.128692	0.034889	825.052473	0.694042	0.000000	0.000000	751.093286	1.235824	3584.145218	8.825050
W284	981.525536	0.618080	307.907257	0.030904	673.618280	0.618853	0.000000	0.000000	613.233926	1.034096	2926.293558	7.285844
W285	1408.653140	0.652642	690.554994	0.029269	718.098146	0.653298	0.000000	0.000000	653.726537	1.099207	3119.520420	7.756693
W286	2296.998559	1.038167	454.666721	0.021174	1842.331838	1.038383	0.000000	0.000000	1677.181899	2.553104	8003.351380	19.061923
W287	1236.348960	0.635843	343.324953	0.027821	893.024007	0.636451	0.000000	0.000000	812.971730	1.287355	3879.423227	9.393457
W288	2577.070551	1.242375	544.982958	0.025002	2032.087593	1.242627	0.000000	0.000000	1849.927607	2.850050	8827.677353	21.129264
W289	2177.084589	1.095891	458.149726	0.026388	1718.934863	1.096209	0.000000	0.000000	1564.846451	2.427426	7467.297382	17.924188
W290	1895.396301	0.858936	640.313511	0.031487	1255.082790	0.859513	0.000000	0.000000	1142.574912	1.795183	5452.258044	13.157928
W291	1823.070943	1.133238	469.745057	0.025780	1353.325886	1.133531	0.000000	0.000000	1232.011320	2.024834	5879.040016	14.468389
W292	1380.867131	0.775683	358.223631	0.024070	1022.643499	0.776056	0.000000	0.000000	930.971897	1.494054	4442.508725	10.819048
W293	1484.860106	0.809266	394.356074	0.021872	1090.504033	0.809561	0.000000	0.000000	992.749290	1.585516	4737.304527	11.512862
W294	1112.567159	0.713586	506.132949	0.025088	606.434210	0.714026	0.000000	0.000000	552.072357	1.015860	2634.436410	6.840073
W295	2449.841276	1.085130	598.385419	0.035625	1851.455857	1.085715	0.000000	0.000000	1685.488025	2.580216	8042.987417	19.200522
W296	1828.259415	0.943376	514.047832	0.035327	1314.211583	0.944038	0.000000	0.000000	1196.403294	1.897571	5709.121923	13.833313
W297	1973.692815	1.000615	325.642884	0.030658	1648.049932	1.001084	0.000000	0.000000	1500.315773	2.309013	7159.363165	17.128697
W298	1757.396588	0.881341	548.697736	0.027303	1208.698852	0.881764	0.000000	0.000000	1100.348914	1.750832	5250.759624	12.740227
W299	1951.783266	0.877802	467.771677	0.023885	1484.011588	0.878127	0.000000	0.000000	1350.982121	2.070901	6446.757283	15.398392
W300	1505.927483	0.851092	352.335554	0.025527	1153.591929	0.851475	0.000000	0.000000	1050.181874	1.675164	5011.367317	12.172391
W301	1206.783810	0.678162	355.412541	0.037621	851.371269	0.679205	0.000000	0.000000	775.052817	1.258369	3698.477809	9.052945
W302	1287.262829	0.670018	588.536239	0.039903	698.726590	0.671205	0.000000	0.000000	636.091482	1.087395	3035.367628	7.605278
W303	1685.241606	0.858506	399.394133	0.035760	1285.847472	0.859250	0.000000	0.000000	1170.581793	1.830806	5585.904197	13.454454
W304	1652.869701	0.808224	478.356550	0.038452	1174.513152	0.809138	0.000000	0.000000	1069.227681	1.681852	5102.252082	12.319194
W305	1671.789061	1.176310	378.594983	0.034563	1293.194078	1.176818	0.000000	0.000000	1177.269836	1.979675	5617.818896	13.969225
W306	729.263721	0.565092	258.484675	0.034285	470.779046	0.566131	0.000000	0.000000	428.577566	0.795552	2045.131094	5.333492
W307	1706.095584	0.793100	447.184122	0.036372	1258.911462	0.793934	0.000000	0.000000	1146.060376	1.774477	5468.890340	13.117069
W308	2268.304192	1.046084	411.673639	0.036993	1856.630554	1.046738	0.000000	0.000000	1690.198853	2.573019	8065.467035	19.210170
W309	1579.045882	0.835504	466.582494	0.035945	1112.463388	0.836276	0.000000	0.000000	1012.740169	1.621872	4832.699086	11.758592
W310	1112.853261	0.564507	425.454039	0.036195	687.399222	0.565666	0.000000	0.000000	625.779520	1.023829	2986.159930	7.334170
W311	1169.759256	0.785539	224.662376	0.028806	945.096880	0.786067	0.000000	0.000000	860.376697	1.411484	4105.635188	10.095859
W312	1277.041940	0.862219	303.023516	0.030029	974.018425	0.862742	0.000000	0.000000	886.705662	1.479540	4231.274489	10.484332
W313	1175.181353	0.716787	358.797967	0.024461	816.383386	0.717204	0.000000	0.000000	743.201311	1.237243	3546.485473	8.778402
W314	1277.686295	0.745993	211.708820	0.024756	1065.977475	0.746403	0.000000	0.000000	970.421338	1.531264	4630.757677	11.195821
W315	2192.455451	1.086052	509.015334	0.023405	1683.440117	1.086304	0.000000	0.000000	1532.533518	2.382089	7313.103159	17.568841
W316	1369.800647	0.769618	418.665320	0.055268	951.135327	0.771600	0.000000	0.000000	865.873846	1.411589	4131.867059	10.132039
W317	1423.684664	0.663469	540.461541	0.026159	883.223123	0.663985	0.000000	0.000000	804.049414	1.287675	3836.846791	9.335601
W318	1252.309588	0.639530	333.154470	0.030814	919.155118	0.640272	0.000000	0.000000	836.760401	1.319015	3992.940487	9.649591
W319	1752.076268	0.754462	488.061097	0.041532	1264.015170	0.755604	0.000000	0.000000	1150.706578	1.766603	5491.061573	13.123944
W320	1712.186264	0.823154	629.526250	0.035550	1082.660014	0.823921	0.000000	0.000000	985.608424	1.582736	4703.228996	11.457137
W321	1035.410829	0.591702	421.283505	0.037602	614.127325	0.592895	0.000000	0.000000	559.075847	0.957253	2667.856393	6.689394
W322	1424.314953	0.725972	533.735969	0.033957	890.578984	0.726765	0.000000	0.000000	810.745883	1.323666	3868.801699	9.493142
W323	1367.412092	0.693293	482.784934	0.034793	884.627158	0.694166	0.000000	0.000000	805.327590	1.302379	3842.946122	9.390306
W324	1083.159177	0.518863	425.267593	0.034435	657.891584	0.520005	0.000000	0.000000	598.917000	0.970236	2857.974558	6.988770
W325	1776.740245	0.772730	498.758785	0.032136	1277.981460	0.773398	0.000000	0.000000	1163.420904	1.789488	5551.733119	13.279274
W326	1488.849701	0.668000	543.950736	0.039271	944.898966	0.669154	0.000000	0.000000	860.196523	1.360392	4104.775419	9.933672
W327	1813.686879	0.771921	599.740108	0.033324	1213.946770	0.772640	0.000000	0.000000	1105.126399	1.713727	5273.557327	12.656667
W328	1729.042638	0.938562	484.529674	0.036326	1244.512964	0.939264	0.000000	0.000000	1132.952584	1.815981	5406.341217	13.159343
W329	938.006458	0.560100	323.785265	0.026359	614.221193	0.560720	0.000000	0.000000	559.161301	0.941150	2668.264172	6.637708
W330	1830.474380	0.935317	447.690964	0.024551	1382.783416	0.935639	0.000000	0.000000	1258.828224	1.973365	6007.007713	14.482819
W331	1923.164970	1.022041	471.509589	0.026074	1451.655382	1.022374	0.000000	0.000000	1321.526383	2.087681	6306.197323	15.254008
W332	1904.869906	0.902927	372.280947	0.024925	1532.588959	0.903271	0.000000	0.000000	1395.204929	2.137426	6657.784288	15.898573
W333	1272.187763	0.844089	381.004413	0.026658	891.183350	0.844509	0.000000	0.000000	811.296072	1.381015	3871.427147	9.680907
W334	1469.840165	0.739986	400.053942	0.023596	1069.786222	0.740362	0.000000	0.000000	973.888662	1.533234	4647.303414	11.224926
W335	1129.142024	0.883706	453.499642	0.042803	675.642382	0.884742	0.000000	0.000000	615.076585	1.185414	2935.086548	7.804113
W336	1897.092922	0.954973	301.083780	0.063589	1596.009142	0.957088	0.000000	0.000000	1452.940013	2.231675	6933.290577	16.574243
W337	1422.738424	0.878543	298.983454	0.033103	1123.754970	0.879166	0.000000	0.000000	1023.019554	1.653266	4881.751327	11.924962
W338	1235.082624	0.705107	371.916202	0.035429	863.166422	0.705996	0.000000	0.000000	785.790632	1.283652	3749.717631	9.203254
W339	650.725153	0.446973	220.562832	0.030019	430.162321	0.447980	0.000000	0.000000	391.601797	0.687722	1868.686269	4.742040
W340	1533.373109	0.925346	277.542117	0.030397	1255.830992	0.925846	0.000000	0.000000	1143.256044	1.823168	5455.508337	13.249749
W341	1445.790829	0.883677	289.237923	0.026200	1156.552906	0.884065	0.000000	0.000000	1052.877424	1.692450	5024.230223	12.244418
W342	721.940380	0.448888	269.387070	0.027984	452.553310	0.449759	0.000000	0.000000	411.985617	0.712067	1965.955906	4.951211
W343	1402.191005	0.658774	492.725477	0.032333	909.465528	0.659567	0.000000	0.000000	827.939403	1.315760	3950.847531	9.581092
W344	1455.975110	0.712389	484.410324	0.035077	971.564786	0.713252	0.000000	0.000000	884.471972	1.409212	4220.615534	10.246598
W345	1366.190687	0.675874	405.934845	0.027659	960.255843	0.676439	0.000000	0.000000	874.176783	1.381041	4171.487877	10.090566
W346	1884.480699	0.873841	480.381098	0.030950	1404.099601	0.874389	0.000000	0.000000	1278.233589	1.975028	6099.608254	14.617225
W347	1773.013395	0.759881	576.422147	0.042064	1196.591248	0.761045	0.000000	0.000000	1089.326657	1.689021	5198.162471	12.475086
W348	1625.471791	0.818998	478.319315	0.037013	1147.152476	0.819834	0.000000	0.000000	1044.319666	1.654629	4983.393417	12.069462
W349	1101.571394	0.692538	380.810155	0.059283	720.761239	0.695071	0.000000	0.000000	656.150906	1.123069	3131.089276	7.849616
W350	1587.030095	0.757808	538.441730	0.033034	1048.588366	0.758528	0.000000	0.000000	954.591019	1.516231	4555.216912	11.044221
W351	1165.524374	0.611301	553.356226	0.031321	612.168148	0.612103	0.000000	0.000000	557.292294	0.965160	2659.345449	6.703879
W352	1735.456073	0.875164	521.435935	0.025964	1214.020137	0.875549	0.000000	0.000000	1105.193190	1.754344	5273.876043	12.783196
W353	1239.649294	0.763624	289.077516	0.033396	950.571777	0.764354	0.000000	0.000000	865.360814	1.407688	4129.418920	10.116318
W354	1463.881134	0.858973	345.776626	0.038502	1118.104507	0.859835	0.000000	0.000000	1017.875609	1.638425	4857.204913	11.844415
W355	1327.065411	0.675295	411.049062	0.037268	916.016348	0.676322	0.000000	0.000000	833.902996	1.330259	3979.305224	9.665827
W356	1925.301221	0.936114	405.614176	0.034743	1519.687045	0.936758	0.000000	0.000000	1383.459566	2.134103	6601.736539	15.809736
W357	1650.882014	0.833750	416.182630	0.033176	1234.699383	0.834410	0.000000	0.000000	1124.018711	1.761630	5363.709628	12.930580
W358	1338.274658	0.808973	301.422495	0.064968	1036.852163	0.811578	0.000000	0.000000	943.906871	1.525591	4504.233179	11.003331
W359	2110.471703	0.991606	613.809553	0.039629	1496.662150	0.992397	0.000000	0.000000	1362.498664	2.127971	6501.713124	15.651032
W360	1545.863561	0.775832	518.208090	0.038532	1027.655470	0.776788	0.000000	0.000000	935.534586	1.500056	4464.281439	10.867922
W361	1565.241341	0.775050	599.473694	0.030555	965.767646	0.775652	0.000000	0.000000	879.194498	1.429777	4195.431935	10.276725
W362	1853.866070	1.038345	515.935691	0.034572	1337.930378	1.038921	0.000000	0.000000	1217.995894	1.964930	5812.159743	14.186907
W363	1384.718833	0.666283	514.270240	0.032232	870.448593	0.667062	0.000000	0.000000	792.420016	1.274511	3781.352417	9.217745
W364	1379.682037	0.594349	600.630746	0.031771	779.051291	0.595197	0.000000	0.000000	709.215732	1.139897	3384.309545	8.247393
W365	1081.568429	0.592044	549.373854	0.026138	532.194575	0.592621	0.000000	0.000000	484.487697	0.872020	2311.928884	5.937202
W366	2126.968586	0.958135	504.071079	0.039072	1622.897506	0.958932	0.000000	0.000000	1477.418056	2.264229	7050.097454	16.838018
W367	1819.115224	1.085764	472.820366	0.035626	1346.294858	1.086348	0.000000	0.000000	1225.610567	1.995418	5848.496233	14.333159
W368	2024.566938	0.971739	534.214380	0.040964	1490.352557	0.972602	0.000000	0.000000	1356.754675	2.113005	6474.303355	15.566506
W369	1627.410816	0.786590	272.285703	0.026344	1355.125113	0.787031	0.000000	0.000000	1233.649262	1.885872	5886.856115	14.045219
W370	1862.266675	0.964933	274.361949	0.028782	1587.904726	0.965362	0.000000	0.000000	1445.562092	2.225038	6898.083844	16.504485
W371	1396.519097	0.725280	397.890337	0.034671	998.628760	0.726108	0.000000	0.000000	909.109882	1.445536	4338.185282	10.522855
W372	1050.765038	0.513586	394.812253	0.034752	655.952785	0.514760	0.000000	0.000000	597.151998	0.965732	2849.552138	6.962979
W373	1508.640056	0.820284	417.342238	0.031951	1091.297818	0.820906	0.000000	0.000000	993.471919	1.591245	4740.752842	11.535601
W374	2177.839897	1.054933	488.655935	0.029624	1689.183963	1.055349	0.000000	0.000000	1537.762475	2.377290	7338.055242	17.588938
W375	1540.828248	0.823908	361.119297	0.025763	1179.708950	0.824311	0.000000	0.000000	1073.957719	1.693941	5124.823370	12.388156
W376	865.830314	0.540308	327.826949	0.027106	538.003365	0.540988	0.000000	0.000000	489.775776	0.849831	2337.163092	5.896951
W377	1553.286341	0.805255	373.078150	0.025853	1180.208190	0.805670	0.000000	0.000000	1074.412206	1.687070	5126.992140	12.369805
W378	1241.535343	0.675242	334.732994	0.026634	906.802349	0.675767	0.000000	0.000000	825.514956	1.319521	3939.278300	9.576885
W379	1081.329919	0.590459	386.095290	0.039640	695.234629	0.591788	0.000000	0.000000	632.912547	1.044622	3020.198052	7.446842
W380	1777.758700	0.965641	455.748766	0.050241	1322.009934	0.966947	0.000000	0.000000	1203.502586	1.916019	5742.999069	13.937873
W381	1826.291870	0.866101	625.619204	0.036175	1200.672666	0.866856	0.000000	0.000000	1093.042209	1.735442	5215.892729	12.643859
W382	1343.575677	0.683418	440.417951	0.034943	903.157725	0.684311	0.000000	0.000000	822.197043	1.319028	3923.445537	9.553501
W383	1349.402607	0.799550	378.821879	0.035903	970.580729	0.800356	0.000000	0.000000	883.576127	1.446366	4216.340648	10.357976
W384	1710.849127	0.797283	592.003228	0.031109	1118.845899	0.797890	0.000000	0.000000	1018.550541	1.613097	4860.425622	11.769447
W385	1302.033188	0.714347	386.197133	0.028690	915.836055	0.714923	0.000000	0.000000	833.738864	1.346681	3978.522003	9.716392
W386	1139.889555	0.628007	421.916946	0.028754	717.972609	0.628665	0.000000	0.000000	653.612254	1.087100	3118.975072	7.717002
W387	1365.703046	0.890934	269.870251	0.027223	1095.832795	0.891350	0.000000	0.000000	997.600373	1.627409	4760.453427	11.676844
W388	1233.752166	0.725626	219.255136	0.026992	1014.497030	0.726128	0.000000	0.000000	923.555692	1.463741	4407.119304	10.675172
W389	1368.969711	0.873300	262.735337	0.022932	1106.234374	0.873602	0.000000	0.000000	1007.069535	1.631091	4805.639364	11.750415
W390	1122.849485	0.682253	245.797231	0.026359	877.052254	0.682762	0.000000	0.000000	798.431713	1.288823	3810.039658	9.302308
W391	1627.765066	0.889792	390.039036	0.032852	1237.726030	0.890398	0.000000	0.000000	1126.774044	1.787672	5376.857812	13.029910
W392	706.067935	0.430787	330.383714	0.027859	375.684221	0.431686	0.000000	0.000000	342.007212	0.623162	1632.025658	4.216625
W393	1409.421171	0.771829	319.601630	0.028355	1089.819541	0.772349	0.000000	0.000000	992.126158	1.569268	4734.330997	11.457935
W394	1623.981165	0.754312	544.611162	0.024019	1079.370003	0.754694	0.000000	0.000000	982.613335	1.550064	4688.936720	11.335115
W395	1006.215115	0.589685	362.253861	0.025755	643.961254	0.590247	0.000000	0.000000	586.235409	0.987895	2797.459224	6.962897
W396	1615.976050	0.780446	658.341703	0.029465	957.634346	0.781002	0.000000	0.000000	871.790282	1.423109	4160.099724	10.207220
W397	1290.318902	0.680436	471.049203	0.028780	819.269699	0.681045	0.000000	0.000000	745.828890	1.223393	3559.024028	8.751188
W398	1679.591289	0.955979	339.311649	0.036828	1340.279640	0.956688	0.000000	0.000000	1220.134563	1.932712	5822.365270	14.099903
W399	1017.772213	0.698420	297.832554	0.027751	719.939659	0.698971	0.000000	0.000000	655.402974	1.124202	3127.520216	7.848532
W400	1634.836571	0.791996	527.006075	0.039371	1107.830496	0.792974	0.000000	0.000000	1008.522579	1.598422	4812.573149	11.657340
W401	1643.188894	0.846372	458.343159	0.038486	1184.845735	0.847246	0.000000	0.000000	1078.634033	1.709192	5147.138292	12.466650
W402	2308.767256	1.150073	484.236756	0.036433	1824.530500	1.150650	0.000000	0.000000	1660.976306	2.571739	7926.019840	19.010474
W403	1856.150121	1.034132	208.585103	0.026891	1647.565018	1.034482	0.000000	0.000000	1499.874328	2.320611	7157.256633	17.161402
W404	1219.061062	0.746963	226.877671	0.033108	992.183390	0.747696	0.000000	0.000000	903.242287	1.447301	4310.185682	10.489719
W405	1312.001220	0.748873	329.142175	0.025080	982.859044	0.749293	0.000000	0.000000	894.753793	1.437408	4269.679397	10.402799
W406	1381.555541	0.735657	295.376266	0.026371	1086.179275	0.736129	0.000000	0.000000	988.812212	1.550547	4718.517166	11.377727
W407	1383.279530	0.662633	337.145537	0.038133	1046.133993	0.663730	0.000000	0.000000	952.356661	1.476041	4544.554767	10.904625
W408	2422.531802	1.222752	443.789601	0.038074	1978.742200	1.223345	0.000000	0.000000	1801.364192	2.780074	8595.937387	20.589469
W409	1734.301757	0.860103	440.809013	0.040366	1293.492744	0.861050	0.000000	0.000000	1177.541729	1.840406	5619.116343	13.530469
W410	1659.356091	0.775870	402.044849	0.040284	1257.311242	0.776915	0.000000	0.000000	1144.603601	1.766336	5461.938754	13.082281
W411	1157.070589	0.557110	380.017385	0.043825	777.053204	0.558831	0.000000	0.000000	707.396757	1.122244	3375.629571	8.180054
W412	1354.369223	0.660850	431.403114	0.032780	922.966109	0.661662	0.000000	0.000000	840.229768	1.332109	4009.495973	9.713373
W413	2030.482867	0.922502	609.926725	0.035517	1420.556142	0.923186	0.000000	0.000000	1293.214936	2.012576	6171.097807	14.832942
W414	1916.319024	0.804790	601.917832	0.035928	1314.401192	0.805592	0.000000	0.000000	1196.575906	1.844141	5709.945615	13.668931
W415	1809.429445	0.742266	668.570844	0.029756	1140.858600	0.742862	0.000000	0.000000	1038.589984	1.616863	4956.051928	11.914139
W416	1487.282775	0.775230	446.395365	0.032465	1040.887410	0.775909	0.000000	0.000000	947.580391	1.514726	4521.762864	10.993271
W417	1512.679777	0.824944	482.607522	0.027923	1030.072255	0.825416	0.000000	0.000000	937.734726	1.524132	4474.780296	10.958313
W418	1810.706284	0.734092	530.490465	0.021718	1280.215819	0.734413	0.000000	0.000000	1165.454971	1.778489	5561.439493	13.259240
W419	1294.829373	0.633702	351.844882	0.027247	942.984490	0.634287	0.000000	0.000000	858.453665	1.344252	4096.458666	9.871927
W420	1439.232019	0.608811	605.759209	0.035451	833.472809	0.609842	0.000000	0.000000	758.758808	1.208064	3620.724358	8.787546
W421	1524.768996	0.783756	482.790988	0.033550	1041.978008	0.784473	0.000000	0.000000	948.573226	1.519616	4526.500578	11.015160
W422	1519.205639	0.805897	425.833318	0.024071	1093.372321	0.806256	0.000000	0.000000	995.360460	1.587393	4749.764780	11.535954
W423	1140.098732	0.514824	470.921792	0.031024	669.176940	0.515758	0.000000	0.000000	609.190716	0.981087	2906.999749	7.090373
W424	998.157206	0.534964	239.326660	0.022894	758.830546	0.535454	0.000000	0.000000	690.807611	1.091719	3296.467755	7.975094
W425	778.258012	0.554495	232.531512	0.024932	545.726500	0.555055	0.000000	0.000000	496.806595	0.865368	2370.713489	5.992564
W426	2074.418243	1.010931	616.773259	0.028533	1457.644984	1.011333	0.000000	0.000000	1326.979067	2.090140	6332.217006	15.297779
W427	1179.801553	0.703789	454.689419	0.023920	725.112134	0.704196	0.000000	0.000000	660.111779	1.132383	3149.990181	7.905261
W428	1610.471028	0.776244	484.220295	0.028207	1126.250734	0.776756	0.000000	0.000000	1025.291593	1.613087	4892.593277	11.814056
W429	1363.918210	0.796155	259.887161	0.026033	1104.031050	0.796581	0.000000	0.000000	1005.063721	1.595549	4796.067812	11.625511
W430	2167.258407	0.996119	441.168296	0.025419	1726.090111	0.996443	0.000000	0.000000	1571.360290	2.400046	7498.380798	17.883727
W431	2266.463808	1.167076	370.122655	14.473268	1896.341153	14.520247	0.000000	0.000000	1726.349723	13.442151	8237.975524	65.895756
W432	1551.738578	0.880750	335.300400	0.024641	1216.438178	0.881095	0.000000	0.000000	1107.394473	1.759414	5284.380358	12.813582
W433	1614.022616	0.790749	428.694913	0.034677	1185.327703	0.791509	0.000000	0.000000	1079.072797	1.687463	5149.232032	12.401979
W434	1480.581947	0.666885	477.929648	0.032342	1002.652299	0.667669	0.000000	0.000000	912.772744	1.426680	4355.664108	10.488428
W435	1863.102031	0.985053	392.898291	0.042536	1470.203741	0.985971	0.000000	0.000000	1338.412034	2.094669	6386.774031	15.387722
W436	1499.969723	0.830426	449.027412	0.040474	1050.942311	0.831412	0.000000	0.000000	956.733953	1.550221	4565.442787	11.165174
W437	1376.463056	0.594777	653.881632	0.033535	722.581423	0.595722	0.000000	0.000000	657.807926	1.076736	3138.996415	7.711154
W438	1925.218399	0.887253	561.127754	0.038689	1364.090645	0.888096	0.000000	0.000000	1241.811107	1.933189	5925.803658	14.245237
W439	1584.296069	0.855574	248.489774	0.034172	1335.806295	0.856256	0.000000	0.000000	1216.062217	1.888026	5802.932424	13.934181
W440	1505.824002	0.745790	395.668845	0.035879	1110.155158	0.746653	0.000000	0.000000	1010.638853	1.582527	4822.671808	11.621909
W441	2004.253009	0.985835	425.325998	0.033443	1578.927010	0.986402	0.000000	0.000000	1437.389154	2.222097	6859.083370	16.440798
W442	1160.551044	0.705490	379.935998	0.044080	780.615046	0.706866	0.000000	0.000000	710.639309	1.193276	3391.102718	8.426736
W443	1217.757366	0.598612	350.984346	0.031162	866.773019	0.599423	0.000000	0.000000	789.073927	1.242096	3765.385203	9.094224
W444	1515.004796	0.657400	413.022467	0.029204	1101.982329	0.658048	0.000000	0.000000	1003.198652	1.539897	4787.167877	11.440843
W445	1518.946221	0.717124	393.287838	0.032250	1125.658383	0.717848	0.000000	0.000000	1024.752341	1.589615	4890.020020	11.737785
W446	1766.757430	1.001218	276.660253	0.029513	1490.097178	1.001652	0.000000	0.000000	1356.522188	2.123925	6473.193950	15.598767
W447	1757.591441	0.928698	341.454177	0.031855	1416.137263	0.929244	0.000000	0.000000	1289.192173	2.009724	6151.901569	14.797338
W448	1749.473567	0.820332	389.791898	0.027142	1359.681670	0.820781	0.000000	0.000000	1237.797360	1.903151	5906.650446	14.125945
W449	1612.923536	0.695466	667.718902	0.032016	945.204634	0.696203	0.000000	0.000000	860.474791	1.371944	4106.103285	9.971619
W450	1498.352983	0.580858	685.087558	0.029494	813.265425	0.581606	0.000000	0.000000	740.362850	1.173198	3532.940608	8.557059
W451	1710.405938	0.793008	434.067547	0.027768	1276.338390	0.793494	0.000000	0.000000	1161.925122	1.794828	5544.595393	13.285677
W452	1987.030450	1.054322	524.822565	0.039155	1462.207885	1.055049	0.000000	0.000000	1331.132941	2.113203	6352.038898	15.397180
W453	1342.724251	0.688916	531.475222	0.038971	811.249029	0.690017	0.000000	0.000000	738.527208	1.218694	3524.181097	8.688719
W454	719.582400	0.366533	454.404376	0.036034	265.178024	0.368300	0.000000	0.000000	241.406989	0.478484	1151.971028	3.109044
W455	910.121770	0.521327	332.277187	0.021891	577.844583	0.521787	0.000000	0.000000	526.045556	0.882595	2510.239007	6.235513
W456	1275.276929	0.875396	296.528208	0.023861	978.748720	0.875721	0.000000	0.000000	891.011925	1.490988	4251.823564	10.548959
W457	1380.861862	0.809409	342.949815	0.046996	1037.912047	0.810772	0.000000	0.000000	944.871745	1.526430	4508.837466	11.012305
W458	1538.895246	0.829244	338.648120	0.189583	1200.247126	0.850640	0.000000	0.000000	1092.654816	1.728290	5214.044124	12.618967
W459	1195.047604	0.628490	393.850694	0.033781	801.196910	0.629397	0.000000	0.000000	729.376178	1.179859	3480.513261	8.505670
W460	1554.839298	0.696316	529.787173	0.027295	1025.052125	0.696851	0.000000	0.000000	933.164610	1.464133	4452.972138	10.740048
W461	1180.734774	0.743203	334.256556	0.023815	846.478218	0.743584	0.000000	0.000000	770.598388	1.282824	3677.221700	9.101915
W462	1095.320828	0.566915	468.601147	0.037512	626.719680	0.568155	0.000000	0.000000	570.539402	0.958343	2722.559377	6.766458
W463	1450.316009	0.668341	571.404037	0.036949	878.911972	0.669362	0.000000	0.000000	800.124722	1.285092	3818.118537	9.301668
W464	1182.042896	0.563404	522.519111	0.038348	659.523785	0.564707	0.000000	0.000000	600.402887	0.992526	2865.065068	7.069320
W465	1775.207677	0.877101	434.768022	0.037583	1340.439655	0.877906	0.000000	0.000000	1220.280234	1.901659	5823.060398	14.004394
W466	1255.106024	0.634725	483.319728	0.034197	771.786296	0.635645	0.000000	0.000000	702.601985	1.149762	3352.749376	8.235315
W467	1176.141525	0.712824	410.645008	0.031715	765.496517	0.713530	0.000000	0.000000	696.876033	1.180261	3325.425683	8.296161
W468	1484.339986	0.939945	288.753026	0.035352	1195.586960	0.940610	0.000000	0.000000	1088.412395	1.761262	5193.799701	12.694540
W469	1567.613632	0.916940	260.100395	0.028454	1307.513237	0.917381	0.000000	0.000000	1190.305399	1.878977	5680.023357	13.734973
W470	1793.772265	1.014864	298.777953	0.032327	1494.994311	1.015379	0.000000	0.000000	1360.980333	2.135001	6494.467794	15.662737
W471	1481.266692	0.656684	585.699759	0.033829	895.566933	0.657554	0.000000	0.000000	815.286703	1.299020	3890.470058	9.445211
W472	1776.025394	0.707677	663.607889	0.034128	1112.417505	0.708500	0.000000	0.000000	1012.698400	1.570578	4832.499765	11.598672
W473	1169.043727	0.669722	345.760247	0.026438	823.283480	0.670243	0.000000	0.000000	749.482869	1.222915	3576.460463	8.773489
W474	1413.703576	0.711353	347.088148	0.031537	1066.615428	0.712052	0.000000	0.000000	971.002104	1.518389	4633.529035	11.159679
W475	1538.116895	0.813470	351.571306	0.029554	1186.545589	0.814006	0.000000	0.000000	1080.181509	1.697720	5154.522700	12.441167
W476	1650.213170	0.940347	353.237325	0.031179	1296.975845	0.940864	0.000000	0.000000	1180.712599	1.876496	5634.247430	13.663802
W477	1891.438894	1.050327	482.344841	0.041185	1409.094053	1.051134	0.000000	0.000000	1282.780328	2.050869	6121.304860	14.883066
W478	1430.573736	0.717340	399.670155	0.042950	1030.903582	0.718624	0.000000	0.000000	938.491531	1.479582	4478.391696	10.823401
W479	1463.030856	0.711907	410.608841	0.031825	1052.422015	0.712618	0.000000	0.000000	958.081013	1.502109	4571.870828	11.023348
W480	1402.441064	0.652157	565.928500	0.035157	836.512564	0.653104	0.000000	0.000000	761.526073	1.230086	3633.929482	8.874968
W481	1392.299186	0.725797	271.708159	0.026498	1120.591027	0.726281	0.000000	0.000000	1020.139232	1.586853	4868.006707	11.698509
W482	1498.162862	0.752085	264.615252	0.033298	1233.547610	0.752822	0.000000	0.000000	1122.970185	1.729539	5358.706161	12.824537
W483	2044.038296	0.953156	489.194852	0.023644	1554.843444	0.953450	0.000000	0.000000	1415.464482	2.181666	6754.460934	16.169924
W484	1246.354336	0.617090	515.648722	0.026987	730.705613	0.617680	0.000000	0.000000	665.203849	1.095905	3174.289051	7.820349
W485	1374.370308	0.751464	477.831327	0.039995	896.538981	0.752527	0.000000	0.000000	816.171615	1.342134	3894.692772	9.587248
W486	1505.288422	0.666447	564.187248	0.034090	941.101175	0.667319	0.000000	0.000000	856.739173	1.355273	4088.277276	9.894833
W487	1368.805050	0.694239	403.123328	0.034473	965.681721	0.695094	0.000000	0.000000	879.116276	1.394918	4195.058664	10.166534
W488	1472.528441	0.691699	538.034027	0.029606	934.494414	0.692332	0.000000	0.000000	850.724655	1.358092	4059.576570	9.863938
W489	1170.522243	0.647297	425.313119	0.034012	745.209125	0.648190	0.000000	0.000000	678.407239	1.126272	3237.294365	8.003122
W490	881.110620	0.560785	317.076217	0.034323	564.034403	0.561834	0.000000	0.000000	513.473345	0.888148	2450.245623	6.173082
W491	1131.724874	0.677501	239.333570	0.032690	892.391304	0.678289	0.000000	0.000000	812.395743	1.304223	3876.674674	9.442506
W492	1357.220418	0.711341	370.835076	0.031126	986.385343	0.712021	0.000000	0.000000	897.963987	1.425662	4284.998137	10.387114
W493	1081.633345	0.607122	285.924487	0.036127	795.708858	0.608196	0.000000	0.000000	724.380086	1.164388	3456.672386	8.424109
W494	606.367396	0.272628	420.366172	0.033029	186.001224	0.274622	0.000000	0.000000	169.327740	0.346171	808.015755	2.217990
W495	1877.306915	1.036780	398.745705	0.028704	1478.561210	1.037177	0.000000	0.000000	1346.020325	2.124696	6423.080066	15.531501
W496	1051.165174	0.623683	287.720076	0.029734	763.445098	0.624391	0.000000	0.000000	695.008507	1.135333	3316.514027	8.139944
W497	1104.902836	0.603122	359.035199	0.026304	745.867637	0.603695	0.000000	0.000000	679.006721	1.106324	3240.155037	7.943425
W498	1566.942563	0.840054	349.545228	0.028754	1217.397334	0.840546	0.000000	0.000000	1108.267649	1.744004	5288.547068	12.771310
W499	1599.699702	0.833680	366.090478	0.030724	1233.609224	0.834246	0.000000	0.000000	1123.026276	1.760299	5358.973822	12.919861
W500	1279.402608	0.706307	420.961370	0.033717	858.441239	0.707111	0.000000	0.000000	781.489023	1.278900	3729.190765	9.160104
W501	2008.085126	0.899401	537.811538	0.028694	1470.273588	0.899859	0.000000	0.000000	1338.475620	2.062376	6387.077457	15.288497
W502	774.602979	0.324033	506.357421	0.032695	268.245558	0.325678	0.000000	0.000000	244.199544	0.455132	1165.296833	3.045211
W503	1746.786969	0.996598	391.477746	0.029030	1355.309223	0.997021	0.000000	0.000000	1233.816867	1.966677	5887.655913	14.296452
W504	1547.772932	0.877189	326.218205	0.029604	1221.554727	0.877688	0.000000	0.000000	1112.052365	1.763871	5306.607373	12.858281
W505	1657.798465	0.840099	509.979078	0.029590	1147.819387	0.840620	0.000000	0.000000	1044.926793	1.664012	4986.290572	12.102806
W506	1870.983315	0.968014	265.441568	0.024280	1605.541747	0.968319	0.000000	0.000000	1461.618098	2.246969	6974.701567	16.679262
W507	1719.521244	0.870401	538.969392	0.038369	1180.551852	0.871246	0.000000	0.000000	1074.725061	1.714259	5128.485054	12.456696
W508	1267.096978	0.759667	372.862939	0.040082	894.234039	0.760723	0.000000	0.000000	814.073292	1.343415	3884.679778	9.577696
W509	1665.781375	0.837809	353.240852	0.037198	1312.540523	0.838635	0.000000	0.000000	1194.882030	1.854125	5701.862601	13.688353
W510	1643.358655	0.880546	395.340214	0.030014	1248.018441	0.881057	0.000000	0.000000	1136.143824	1.795677	5421.569507	13.116850
W511	1562.485149	0.836268	441.147206	0.037977	1121.337943	0.837130	0.000000	0.000000	1020.819194	1.632331	4871.251416	11.844611
W512	1241.471809	0.687863	347.409606	0.033442	894.062203	0.688675	0.000000	0.000000	813.916860	1.310615	3883.933295	9.472619
W513	815.867976	0.465529	363.782905	0.031844	452.085071	0.466617	0.000000	0.000000	411.559352	0.720513	1963.921808	4.976264
W514	1894.820368	0.926354	393.775948	0.037264	1501.044420	0.927103	0.000000	0.000000	1366.488099	2.108592	6520.750325	15.617848
W515	1812.682697	0.916335	479.742450	0.033306	1332.940247	0.916940	0.000000	0.000000	1213.453086	1.908178	5790.481901	13.979238
W516	1151.464696	0.590011	523.817057	0.035609	627.647639	0.591085	0.000000	0.000000	571.384176	0.970762	2726.590562	6.812064
W517	2206.844103	1.087110	385.807444	0.029969	1821.036659	1.087523	0.000000	0.000000	1657.795659	2.544728	7910.842099	18.906206
W518	1195.217766	0.655356	375.876864	0.035750	819.340902	0.656331	0.000000	0.000000	745.893710	1.212227	3559.333343	8.716154
W519	1312.182028	0.762004	357.742473	0.031173	954.439555	0.762641	0.000000	0.000000	868.881878	1.411251	4146.221097	10.150623
W520	1567.739444	0.806541	356.812196	0.031391	1210.927248	0.807152	0.000000	0.000000	1102.377552	1.723343	5260.440093	12.668078
W521	1753.663773	0.872077	483.238401	0.038677	1270.425373	0.872934	0.000000	0.000000	1156.542158	1.818286	5518.908403	13.322373
W522	1512.915962	0.717294	586.682227	0.037449	926.233735	0.718270	0.000000	0.000000	843.204478	1.359877	4023.691004	9.820102
W523	1003.506138	0.568668	457.186773	0.043097	546.319365	0.570298	0.000000	0.000000	497.346315	0.874157	2373.288980	6.024946
W524	1587.910849	0.792607	443.064614	0.039549	1144.846235	0.793593	0.000000	0.000000	1042.220160	1.641325	4973.374778	12.014106
W525	1012.930947	0.624304	314.395805	0.031132	698.535142	0.625079	0.000000	0.000000	635.917196	1.064158	3034.535950	7.528933
W526	1428.977936	0.828067	427.525192	0.036947	1001.452744	0.828890	0.000000	0.000000	911.680720	1.493784	4350.453071	10.691934
W527	2083.881090	1.231104	278.286522	0.035028	1805.594569	1.231602	0.000000	0.000000	1643.737825	2.580649	7843.759462	18.923288
W528	2183.079311	1.084740	390.476793	0.041472	1792.602518	1.085532	0.000000	0.000000	1631.910405	2.510335	7787.320146	18.627378
W529	983.689697	0.538560	500.139872	0.037033	483.549826	0.539832	0.000000	0.000000	440.203550	0.793091	2100.609178	5.397118
W530	1123.733363	0.509495	531.338176	0.036074	592.395187	0.510770	0.000000	0.000000	539.291817	0.893177	2573.448898	6.355134
W531	1836.289419	0.935333	451.459418	0.034463	1384.830000	0.935967	0.000000	0.000000	1260.691349	1.975870	6015.898367	14.502967
W532	1316.601565	0.697641	451.210727	0.039887	865.390838	0.698781	0.000000	0.000000	787.815647	1.282861	3759.380811	9.213965
W533	1248.357255	0.638042	430.609291	0.030961	817.747964	0.638793	0.000000	0.000000	744.443567	1.202642	3552.413396	8.676357
W534	1822.400639	0.980323	554.804518	0.039101	1267.596120	0.981102	0.000000	0.000000	1153.966525	1.860233	5506.617729	13.436689
W535	1268.991832	0.559818	566.068990	0.041610	702.922842	0.561363	0.000000	0.000000	639.911575	1.039217	3053.596745	7.475269
W536	1381.653057	0.618712	607.964751	0.047132	773.688306	0.620504	0.000000	0.000000	704.333495	1.145017	3361.011977	8.231558
W537	1601.755123	0.704119	499.721508	0.041093	1102.033615	0.705317	0.000000	0.000000	1003.245340	1.557203	4787.390672	11.494368
W538	1329.310114	0.657400	432.907690	0.037793	896.402424	0.658486	0.000000	0.000000	816.047299	1.300365	3894.099549	9.454440
W539	2112.626289	1.043359	421.553131	0.035708	1691.073158	1.043970	0.000000	0.000000	1539.482319	2.375351	7346.262174	17.594468
W540	894.901718	0.538883	369.091419	0.036407	525.810299	0.540112	0.000000	0.000000	478.675718	0.836620	2284.194680	5.783192
W541	2118.435760	1.025813	511.554203	0.031422	1606.881557	1.026294	0.000000	0.000000	1462.837805	2.269766	6980.521893	16.757536
W542	2028.627316	1.014964	312.990089	0.033049	1715.637227	1.015501	0.000000	0.000000	1561.844421	2.394239	7452.971981	17.802125
W543	1789.423741	0.940152	332.048401	0.031672	1457.375340	0.940686	0.000000	0.000000	1326.733594	2.062302	6331.045635	15.209869
W544	1468.286215	0.804882	275.570504	0.030000	1192.715711	0.805441	0.000000	0.000000	1085.798530	1.701495	5181.326588	12.490174
W545	1096.174989	0.717266	331.185382	0.028059	764.989607	0.717814	0.000000	0.000000	696.414563	1.181868	3323.223592	8.298411
W546	1433.203564	0.772554	329.521994	0.029101	1103.681570	0.773102	0.000000	0.000000	1004.745570	1.585546	4794.549622	11.592197
W547	1888.180574	0.866646	609.894127	0.032663	1278.286447	0.867261	0.000000	0.000000	1163.698552	1.825153	5553.058027	13.391194
W548	1595.023356	0.814392	434.771581	0.034914	1160.251775	0.815140	0.000000	0.000000	1056.244720	1.667790	5040.298635	12.189405
W549	1501.040998	0.801649	409.502202	0.042576	1091.538796	0.802778	0.000000	0.000000	993.691296	1.583837	4741.799687	11.513808
W550	1763.402456	0.845819	440.204561	0.036594	1323.197895	0.846610	0.000000	0.000000	1204.584057	1.869618	5748.159744	13.800847
W551	1514.828857	0.796057	478.813027	0.032603	1036.015830	0.796725	0.000000	0.000000	943.145508	1.518143	4500.600030	10.974848
W552	1382.300767	0.729265	473.514865	0.037033	908.785902	0.730204	0.000000	0.000000	827.320700	1.345561	3947.895138	9.670835
W553	1910.911070	1.043106	344.452801	0.033513	1566.458269	1.043645	0.000000	0.000000	1426.038133	2.229131	6804.917383	16.386867
W554	1303.550539	0.603114	515.216916	0.029982	788.333623	0.603859	0.000000	0.000000	717.665980	1.154159	3424.633316	8.347800
W555	1837.691548	0.830831	637.029819	0.037951	1200.661730	0.831697	0.000000	0.000000	1093.032254	1.721111	5215.845222	12.599108
W556	927.829546	0.388641	538.482560	0.030656	389.346986	0.389848	0.000000	0.000000	354.445222	0.614140	1691.378651	4.264691
W557	774.414016	0.444772	331.730288	0.032028	442.683728	0.445924	0.000000	0.000000	403.000763	0.699678	1923.081041	4.853530
W558	1191.845078	0.583721	347.210111	0.028863	844.634966	0.584435	0.000000	0.000000	768.920370	1.210500	3669.214355	8.862351
W559	1196.560721	0.711012	265.665429	0.030047	930.895291	0.711646	0.000000	0.000000	847.448164	1.362264	4043.941466	9.855482
W560	1377.664935	0.520999	621.466502	0.036626	756.198433	0.522285	0.000000	0.000000	688.411446	1.083374	3285.033483	7.933238
W563	456.584595	0.100372	434.363361	0.032083	22.221235	0.105375	0.000000	0.000000	20.229283	0.100103	96.532202	0.509360
W564	1592.768208	0.808188	551.909608	0.028728	1040.858600	0.808699	0.000000	0.000000	947.554163	1.528841	4521.637709	11.037504
W565	1294.866983	0.674954	387.967256	0.030305	906.899726	0.675634	0.000000	0.000000	825.603604	1.319575	3939.701322	9.577640
W566	936.492924	0.492848	430.919760	0.033416	505.573164	0.493979	0.000000	0.000000	460.252677	0.791081	2196.281689	5.516860
W567	1639.824309	0.836295	369.604270	0.033518	1270.220039	0.836967	0.000000	0.000000	1156.355231	1.803976	5518.016405	13.276757
W568	1175.642776	0.545949	550.344600	0.033488	625.298176	0.546975	0.000000	0.000000	569.245324	0.946519	2716.384161	6.720074
W569	1582.024891	0.854234	427.810948	0.031897	1154.213942	0.854830	0.000000	0.000000	1050.748129	1.677289	5014.069431	12.182783
W570	1006.584704	0.739433	333.053107	0.035621	673.531598	0.740290	0.000000	0.000000	613.155014	1.098156	2925.916999	7.495765
W571	1749.492436	0.921303	447.801789	0.040933	1301.690647	0.922212	0.000000	0.000000	1185.004757	1.874231	5654.729200	13.685097
W572	1577.318014	0.923709	519.929179	0.043718	1057.388835	0.924743	0.000000	0.000000	962.602599	1.600482	4593.447402	11.363439
W573	1498.883232	0.676981	464.215806	0.030842	1034.667425	0.677683	0.000000	0.000000	941.917977	1.467880	4494.742369	10.809850
W574	1274.558570	0.564214	581.690770	0.039359	692.867800	0.565585	0.000000	0.000000	630.757885	1.029883	3009.916212	7.385874
W575	1132.879744	0.778381	455.096950	0.465018	677.782794	0.906708	0.000000	0.000000	617.025126	1.201091	2944.384800	7.870168
W576	1577.151085	0.822654	307.129903	0.027656	1270.021182	0.823118	0.000000	0.000000	1156.174200	1.798455	5517.152541	13.258484
W577	2134.742527	1.268378	248.737407	0.030613	1886.005120	1.268748	0.000000	0.000000	1716.940230	2.688614	8193.074326	19.744414
W578	1268.057206	0.699468	554.853202	0.036498	713.204004	0.700420	0.000000	0.000000	649.271115	1.117816	3098.259574	7.788594
W579	1300.447688	0.691300	510.758331	0.031830	789.689358	0.692032	0.000000	0.000000	718.900184	1.195961	3430.522820	8.488716
W580	1599.117905	0.750155	705.427593	0.032299	893.690312	0.750850	0.000000	0.000000	813.578306	1.338202	3882.317749	9.557843
W581	1055.315045	0.463912	501.783114	0.034359	553.531932	0.465183	0.000000	0.000000	503.912334	0.828910	2404.621393	5.920098
W582	1861.305284	1.013398	358.512820	0.035153	1502.792464	1.014007	0.000000	0.000000	1368.079446	2.143517	6528.344077	15.736303
W583	1974.824448	1.052509	341.684800	0.038758	1633.139648	1.053223	0.000000	0.000000	1486.742074	2.310678	7094.590774	17.043165
W584	1047.986164	0.614715	430.820511	0.033991	617.165653	0.615654	0.000000	0.000000	561.841815	0.972280	2681.055325	6.756117
W585	1427.381588	0.705112	433.025729	0.024499	994.355859	0.705538	0.000000	0.000000	905.220012	1.432151	4319.623195	10.455341
W586	1795.195404	0.931517	532.153746	0.044425	1263.041658	0.932576	0.000000	0.000000	1149.820333	1.834232	5486.832499	13.327692
W587	1264.632608	0.683124	433.041817	0.023228	831.590791	0.683519	0.000000	0.000000	757.045498	1.238223	3612.548604	8.871446
W588	1091.021452	0.709062	318.931923	0.031022	772.089530	0.709740	0.000000	0.000000	702.878036	1.185472	3354.066665	8.351584
W589	1658.398329	0.874184	355.301799	0.030953	1303.096530	0.874731	0.000000	0.000000	1186.284614	1.856906	5660.836554	13.639715
W590	1226.512181	0.666624	364.620123	0.029254	861.892057	0.667266	0.000000	0.000000	784.630504	1.264927	3744.181611	9.136410
W591	2063.642022	0.950231	569.190175	0.039224	1494.451847	0.951040	0.000000	0.000000	1360.486497	2.109666	6492.111252	15.581074
W592	1253.851110	0.582740	473.602935	0.031291	780.248175	0.583580	0.000000	0.000000	710.305326	1.136270	3389.508981	8.243159
W593	1290.998179	0.623967	580.138289	0.037452	710.859889	0.625090	0.000000	0.000000	647.137131	1.077604	3088.076404	7.644639
W594	1954.252551	1.134469	319.213547	0.026362	1635.039004	1.134775	0.000000	0.000000	1488.471168	2.344653	7102.841846	17.159958
W597	1663.553846	0.888446	424.423623	0.035230	1239.130222	0.889144	0.000000	0.000000	1128.052361	1.788767	5382.957822	13.041775
W598	1263.489020	0.614221	491.913897	0.033487	771.575123	0.615133	0.000000	0.000000	702.409741	1.140242	3351.832008	8.203860
W599	1636.352218	0.790763	406.300790	0.033607	1230.051428	0.791477	0.000000	0.000000	1119.787407	1.739685	5343.518249	12.834518
W600	1123.650212	0.633644	261.762169	0.026045	861.888043	0.634179	0.000000	0.000000	784.626849	1.250736	3744.164173	9.091791
W601	1504.218838	0.779751	426.385398	0.033385	1077.833441	0.780465	0.000000	0.000000	981.214513	1.558843	4682.261674	11.353258
W602	1121.814911	0.655188	487.720732	0.031829	634.094179	0.655961	0.000000	0.000000	577.252837	1.011389	2754.595247	6.982333
W603	1837.557616	1.056418	351.422445	0.032437	1486.135171	1.056915	0.000000	0.000000	1352.915343	2.141448	6455.982431	15.629356
W604	1280.151598	0.810799	505.509636	0.466419	774.641962	0.935383	0.000000	0.000000	705.201664	1.311308	3365.154796	8.783692
W605	1466.694173	0.933486	431.671839	0.546405	1035.022334	1.081644	0.000000	0.000000	942.241071	1.656769	4496.284141	11.416616
W606	1356.491484	0.816651	265.097664	0.031709	1091.393820	0.817266	0.000000	0.000000	993.559316	1.589801	4741.169891	11.531640
W607	1896.193088	0.768940	615.746470	0.022114	1280.446618	0.769258	0.000000	0.000000	1165.665081	1.790929	5562.442116	13.298721
W608	2148.003629	0.958600	677.883384	0.025899	1470.120245	0.958949	0.000000	0.000000	1338.336023	2.084148	6386.411313	15.354653
W609	1798.803001	0.843217	558.701469	0.022488	1240.101532	0.843517	0.000000	0.000000	1128.936601	1.771485	5387.177331	12.993819
W610	1612.519764	0.801567	430.310963	0.039669	1182.208800	0.802548	0.000000	0.000000	1076.233478	1.688158	5135.683074	12.385271
W611	2114.693055	0.886646	601.569196	0.033116	1513.123859	0.887264	0.000000	0.000000	1377.484716	2.108694	6573.225126	15.691798
W612	1993.915544	1.041508	622.227044	0.034945	1371.688500	1.042094	0.000000	0.000000	1248.727877	2.004497	5958.809823	14.513334
W613	1783.341829	1.003142	506.503508	0.028599	1276.838320	1.003549	0.000000	0.000000	1162.380238	1.880521	5546.767160	13.555878
W614	1484.060962	0.723464	467.590367	0.026330	1016.470595	0.723943	0.000000	0.000000	925.352344	1.465112	4415.692753	10.691332
W615	795.915707	0.487469	395.663465	0.025087	400.252242	0.488114	0.000000	0.000000	364.372912	0.680394	1738.752634	4.548175
W616	1600.249123	0.825299	445.081206	0.024315	1155.167917	0.825657	0.000000	0.000000	1051.616588	1.666229	5018.213631	12.153916
W617	1684.994875	0.875797	404.398077	0.022018	1280.596799	0.876074	0.000000	0.000000	1165.801799	1.831315	5563.094523	13.424287
W618	1747.876594	0.892809	462.052570	0.026130	1285.824024	0.893192	0.000000	0.000000	1170.560447	1.844192	5585.802334	13.495878
W619	1362.927586	0.668846	368.079691	0.022697	994.847895	0.669231	0.000000	0.000000	905.667941	1.418208	4321.760666	10.414947
W620	1566.872925	0.837153	407.970713	0.022065	1158.902213	0.837444	0.000000	0.000000	1055.016135	1.675376	5034.435944	12.204954
W621	1354.329615	0.692576	515.335064	0.030845	838.994551	0.693263	0.000000	0.000000	763.785571	1.250924	3644.711590	8.955762
W622	2034.325072	1.046242	496.483244	0.030106	1537.841828	1.046675	0.000000	0.000000	1399.986922	2.197057	6680.603499	16.114328
W623	1624.205552	0.832890	444.273140	0.027299	1179.932412	0.833337	0.000000	0.000000	1074.161149	1.697854	5125.794120	12.401695
W624	2006.594110	0.975525	421.779187	0.026515	1584.814923	0.975885	0.000000	0.000000	1442.749264	2.225192	6884.661300	16.486141
W625	923.091361	0.665126	225.038785	0.030165	698.052575	0.665809	0.000000	0.000000	635.477888	1.083923	3032.439612	7.590056
W626	1181.086296	0.556824	468.380384	0.025450	712.705912	0.557405	0.000000	0.000000	648.817673	1.048453	3096.095789	7.562781
W627	1657.452385	0.893259	385.738940	0.024698	1271.713445	0.893601	0.000000	0.000000	1157.714765	1.828072	5524.503971	13.360595
W628	552.306115	0.048449	548.676832	0.033708	3.629283	0.059021	0.000000	0.000000	3.303947	0.053933	15.766119	0.258980
W629	1980.649409	1.047816	399.671237	0.032023	1580.978173	1.048305	0.000000	0.000000	1439.256447	2.247852	6867.993909	16.532749
W630	1292.849147	0.790147	290.144102	0.025634	1002.705044	0.790563	0.000000	0.000000	912.820762	1.477874	4355.893243	10.648932
W631	1053.928021	0.646152	299.001108	0.024495	754.926913	0.646616	0.000000	0.000000	687.253907	1.136203	3279.509820	8.092263
W632	1290.270108	0.731104	313.424137	0.023307	976.845970	0.731476	0.000000	0.000000	889.279741	1.422937	4243.557749	10.321312
W633	1624.505969	0.944010	407.213703	0.033605	1217.292266	0.944608	0.000000	0.000000	1108.171999	1.787479	5288.090636	12.906828
W634	1286.003992	0.636635	433.491047	0.033707	852.512945	0.637527	0.000000	0.000000	776.092152	1.241465	3703.437412	9.006483
W635	1112.437827	0.513657	496.202303	0.025236	616.235525	0.514277	0.000000	0.000000	560.995064	0.921137	2677.014714	6.585397
W636	948.416656	0.408113	523.778788	0.029490	424.637868	0.409177	0.000000	0.000000	386.572566	0.661492	1844.687258	4.624073
W637	1623.598007	0.848334	451.760912	0.029005	1171.837095	0.848830	0.000000	0.000000	1066.791511	1.694921	5090.626913	12.343820
W638	1483.365998	0.706051	615.069097	0.022058	868.296901	0.706395	0.000000	0.000000	790.461206	1.289554	3772.005164	9.252472
W639	2149.710217	1.001557	563.243297	0.021649	1586.466920	1.001791	0.000000	0.000000	1444.253173	2.236654	6891.837810	16.531460
W640	2045.453880	1.042007	571.153067	0.021625	1474.300813	1.042232	0.000000	0.000000	1342.141837	2.121838	6404.572295	15.496920
W641	2729.546459	1.190448	527.694258	0.023697	2201.852201	1.190684	0.000000	0.000000	2004.474211	3.034661	9565.158943	22.730995
W642	1734.122407	1.034154	571.059685	0.022230	1163.062723	1.034393	0.000000	0.000000	1058.803689	1.768734	5052.509790	12.525745
W643	2414.695281	1.059586	617.285983	0.036287	1797.409298	1.060207	0.000000	0.000000	1636.286297	2.507058	7808.201481	18.646652
W644	1515.695655	0.843498	325.565755	0.027035	1190.129900	0.843931	0.000000	0.000000	1083.444516	1.713910	5170.093457	12.513186
W645	2441.733043	1.303061	297.221516	0.027870	2144.511527	1.303359	0.000000	0.000000	1952.273658	3.004838	9316.062904	22.289357
W646	2575.758946	1.481127	360.319248	0.022654	2215.439698	1.481300	0.000000	0.000000	2016.843700	3.154707	9624.184960	23.182274
W647	2509.717474	1.292688	498.605792	0.025670	2011.111682	1.292943	0.000000	0.000000	1830.832015	2.843936	8736.555016	20.982915
W648	1941.505813	1.024190	621.372107	0.030138	1320.133705	1.024634	0.000000	0.000000	1201.794547	1.938589	5734.848466	13.997551
W649	2412.610570	1.061491	696.364009	0.032405	1716.246561	1.061986	0.000000	0.000000	1562.399134	2.411614	7455.619019	17.859155
W650	1989.491168	0.953026	607.738445	0.041573	1381.752723	0.953932	0.000000	0.000000	1257.889925	1.979417	6002.530239	14.495392
W651	1762.427904	0.771029	508.975524	0.026832	1253.452380	0.771496	0.000000	0.000000	1141.090655	1.759810	5445.175309	13.038735
W652	1320.058765	0.695162	551.304161	0.029322	768.754604	0.695780	0.000000	0.000000	699.842059	1.174976	3339.579272	8.298155
W653	1310.195641	0.705529	543.286251	0.023585	766.909390	0.705923	0.000000	0.000000	698.162254	1.177988	3331.563404	8.297068
W654	2217.528136	1.099284	429.044040	0.027369	1788.484096	1.099624	0.000000	0.000000	1628.161166	2.510549	7769.429138	18.602954
W655	2275.601051	1.249530	503.382929	0.022584	1772.218122	1.249734	0.000000	0.000000	1613.353303	2.549342	7698.767433	18.624502
W656	1254.345436	0.715060	427.957624	0.023331	826.387812	0.715440	0.000000	0.000000	752.308923	1.247362	3589.946122	8.869810
W657	1265.370140	0.606188	459.836149	0.025103	805.533991	0.606707	0.000000	0.000000	733.324476	1.174892	3499.354161	8.515947
W658	1217.497214	0.644617	359.942182	0.021947	857.555032	0.644990	0.000000	0.000000	780.682257	1.250382	3725.340956	9.064697
W659	1392.199766	0.711541	560.649202	0.022245	831.550565	0.711888	0.000000	0.000000	757.008877	1.251357	3612.373854	8.913072
W660	1647.127174	0.720955	552.755815	0.030735	1094.371359	0.721610	0.000000	0.000000	996.269943	1.554432	4754.104743	11.439339
W661	1014.584053	0.517548	465.208650	0.023877	549.375403	0.518099	0.000000	0.000000	500.128404	0.850068	2386.564841	5.963740
W662	1610.687347	0.847152	362.732273	0.027105	1247.955075	0.847586	0.000000	0.000000	1136.086138	1.782201	5421.294236	13.074550
W663	606.125750	0.347741	406.556041	0.022312	199.569709	0.348456	0.000000	0.000000	181.679922	0.408204	866.959184	2.513236
W664	1034.908026	0.525249	435.503545	0.022816	599.404481	0.525744	0.000000	0.000000	545.672786	0.908004	2603.898269	6.443976
W665	2313.173883	1.331240	445.356933	0.030204	1867.816950	1.331582	0.000000	0.000000	1700.382480	2.692751	8114.062331	19.647534
W666	1510.476286	0.862698	247.636785	0.023968	1262.839501	0.863030	0.000000	0.000000	1149.636297	1.805566	5485.954297	13.237037
W667	1467.863271	1.026861	263.451547	0.027977	1204.411724	1.027242	0.000000	0.000000	1096.446092	1.810643	5232.135732	12.903833
W668	1239.605409	0.728689	287.494748	0.021877	952.110661	0.729017	0.000000	0.000000	866.761749	1.393809	4136.104048	10.081663
W669	2143.744970	1.031885	563.246248	0.028314	1580.498722	1.032274	0.000000	0.000000	1438.819975	2.241135	6865.911107	16.509063
W670	1492.114733	0.749771	447.103156	0.025712	1045.011577	0.750212	0.000000	0.000000	951.334861	1.508691	4539.678835	10.999149
W671	1504.164623	0.783645	377.554181	0.034067	1126.610442	0.784385	0.000000	0.000000	1025.619056	1.616560	4894.155902	11.827027
W672	1226.903620	0.513108	639.442061	0.037536	587.461559	0.514479	0.000000	0.000000	534.800449	0.889533	2552.016518	6.314367
W673	1506.292680	0.708300	585.801281	0.026050	920.491399	0.708779	0.000000	0.000000	837.976895	1.349247	3998.745481	9.752289
W674	1947.920842	1.007479	621.672437	0.035079	1326.248405	1.008089	0.000000	0.000000	1207.361113	1.938316	5761.411589	14.033249
W675	1947.693661	1.001534	441.554653	0.028555	1506.139009	1.001941	0.000000	0.000000	1371.126000	2.142706	6542.881943	15.754041
W676	1618.955130	0.791123	459.252665	0.027643	1159.702465	0.791606	0.000000	0.000000	1055.744651	1.657732	5037.912354	12.154802
W677	1996.320513	1.058587	514.821573	0.024263	1481.498940	1.058865	0.000000	0.000000	1348.694712	2.136918	6435.841983	15.587309
W678	1482.546085	0.817043	349.711745	0.026196	1132.834340	0.817463	0.000000	0.000000	1031.285033	1.637218	4921.193398	11.928941
W679	2253.992824	1.242914	460.503978	0.034649	1793.488846	1.243397	0.000000	0.000000	1632.717281	2.571331	7791.170481	18.821229
W680	2022.379034	1.209358	435.108966	0.033565	1587.270068	1.209824	0.000000	0.000000	1444.984325	2.321238	6895.326797	16.799683
W681	2223.228036	1.148377	488.076525	0.023828	1735.151511	1.148624	0.000000	0.000000	1579.609410	2.466320	7537.744808	18.142702
W682	1706.222326	0.825468	536.951626	0.028023	1169.270700	0.825943	0.000000	0.000000	1064.455172	1.682568	5079.478125	12.289808
W683	1707.338683	0.867266	389.268679	0.024777	1318.070003	0.867620	0.000000	0.000000	1199.915839	1.871596	5725.883451	13.775860
W684	1990.065550	0.969496	440.585720	0.022728	1549.479831	0.969763	0.000000	0.000000	1410.581673	2.181301	6731.160635	16.136166
W685	1253.422647	0.590025	583.516276	0.029125	669.906371	0.590744	0.000000	0.000000	609.854759	1.016323	2910.168499	7.206796
W686	1411.493107	0.746314	478.490579	0.027157	933.002528	0.746808	0.000000	0.000000	849.366504	1.380134	4053.095602	9.924476
W687	1498.850495	0.713759	567.973704	0.033302	930.876791	0.714536	0.000000	0.000000	847.431321	1.363496	4043.861098	9.859250
W688	1720.597837	0.834298	611.589578	0.029113	1109.008258	0.834806	0.000000	0.000000	1009.594764	1.617316	4817.689514	11.723586
W689	1612.555868	0.854927	354.045477	0.026205	1258.510391	0.855329	0.000000	0.000000	1145.695257	1.797502	5467.148029	13.185838
W690	1224.946697	0.659496	464.693833	0.024265	760.252864	0.659942	0.000000	0.000000	692.102431	1.148373	3302.646508	8.162647
W691	1604.314631	0.901906	326.973288	0.022213	1277.341343	0.902179	0.000000	0.000000	1162.838168	1.838039	5548.952360	13.425572
W692	1974.635303	0.975307	519.194197	0.029901	1455.441106	0.975765	0.000000	0.000000	1324.972749	2.073516	6322.643049	15.232841
W693	1018.571932	0.696421	340.009275	0.027761	678.562657	0.696974	0.000000	0.000000	617.735081	1.079641	2947.772638	7.463180
W694	1266.392646	0.632092	555.830339	0.025574	710.562307	0.632609	0.000000	0.000000	646.866225	1.080910	3086.783666	7.653510
W695	2012.748883	0.934415	573.919889	0.029959	1438.828994	0.934895	0.000000	0.000000	1309.849776	2.038401	6250.477672	15.023546
W696	980.438662	0.550417	535.167948	0.030449	445.270715	0.551259	0.000000	0.000000	405.355847	0.761845	1934.319277	5.076527
W697	1250.327082	0.806048	580.252965	0.028974	670.074117	0.806568	0.000000	0.000000	610.007469	1.132791	2910.897213	7.592878
W698	1220.717787	0.719282	293.390827	0.024096	927.326960	0.719686	0.000000	0.000000	844.199704	1.361731	4028.440130	9.832477
W699	1174.764481	0.773416	305.311531	0.049481	869.452950	0.774997	0.000000	0.000000	791.513624	1.323065	3777.027203	9.366380
W700	1012.065258	0.643439	375.658799	0.029080	636.406459	0.644096	0.000000	0.000000	579.357840	1.007468	2764.640119	6.982747
W701	2125.416866	1.100724	417.011923	0.031863	1708.404942	1.101185	0.000000	0.000000	1555.260452	2.416951	7421.553910	17.827949
W702	1721.298100	0.988358	388.646203	0.030305	1332.651897	0.988823	0.000000	0.000000	1213.190585	1.937370	5789.229271	14.068642
W703	1491.677953	0.771727	481.895124	0.026555	1009.782829	0.772184	0.000000	0.000000	919.264081	1.477806	4386.640146	10.690986
W704	977.768475	0.581467	504.899983	0.022579	472.868492	0.581905	0.000000	0.000000	430.479711	0.806956	2054.207947	5.383971
W705	2374.399742	1.019014	694.728439	0.033025	1679.671303	1.019549	0.000000	0.000000	1529.102547	2.353050	7296.730895	17.456528
W706	1051.693898	0.591520	452.523427	0.049371	599.170470	0.593577	0.000000	0.000000	545.459752	0.941770	2602.881692	6.552049
W707	2016.318412	0.993628	561.895242	0.029953	1454.423170	0.994080	0.000000	0.000000	1324.046062	2.079534	6318.220988	15.245358
W708	1704.077942	0.834608	627.923259	0.027068	1076.154684	0.835047	0.000000	0.000000	979.686243	1.580214	4674.968916	11.410305
W709	2001.012953	0.917121	636.145357	0.028383	1364.867596	0.917560	0.000000	0.000000	1242.518411	1.945462	5929.178845	14.287934
W710	2305.814448	1.146799	615.754874	0.024574	1690.059574	1.147062	0.000000	0.000000	1538.559595	2.413258	7341.859022	17.705413
W711	1706.594643	0.837331	535.536072	0.022754	1171.058571	0.837640	0.000000	0.000000	1066.082776	1.689407	5087.244894	12.321909
W712	2025.022982	1.092316	500.824477	0.025514	1524.198505	1.092614	0.000000	0.000000	1387.566611	2.199836	6621.334965	16.040710
W713	1899.993316	0.985989	435.727065	0.032770	1464.266251	0.986533	0.000000	0.000000	1333.006791	2.087985	6360.980731	15.331084
W714	2060.129287	1.177056	407.027984	0.023824	1653.101303	1.177297	0.000000	0.000000	1504.914330	2.382708	7181.307040	17.387393
W715	1303.774174	0.829450	346.357940	0.025519	957.416235	0.829843	0.000000	0.000000	871.591722	1.445597	4159.152215	10.277639
W716	1964.420629	0.902782	574.193312	0.022685	1390.227317	0.903067	0.000000	0.000000	1265.604840	1.969452	6039.345077	14.515780
W717	2647.344808	1.441124	400.743515	0.024782	2246.601293	1.441337	0.000000	0.000000	2045.211914	3.175815	9759.555360	23.436407
W718	1790.928499	0.885839	440.208143	0.022555	1350.720356	0.886126	0.000000	0.000000	1229.639355	1.916813	5867.721223	14.113563
W719	1987.537839	1.070662	610.462239	0.031444	1377.075600	1.071124	0.000000	0.000000	1253.632067	2.023212	5982.212149	14.604486
W720	1245.138058	0.611831	545.768758	0.024610	699.369299	0.612326	0.000000	0.000000	636.676578	1.058908	3038.159648	7.516971
W721	1507.857146	0.827164	536.473118	0.032098	971.384028	0.827787	0.000000	0.000000	884.307417	1.459990	4219.830295	10.406159
W722	2068.314019	1.023717	596.890090	0.037203	1471.423929	1.024393	0.000000	0.000000	1339.522842	2.111303	6392.074702	15.446760
W723	1475.414207	0.790324	438.789414	0.027841	1036.624793	0.790814	0.000000	0.000000	943.699883	1.516269	4503.245453	10.972592
W724	1824.111686	0.898962	574.359380	0.028564	1249.752306	0.899415	0.000000	0.000000	1137.722262	1.805193	5429.101663	13.156985
W725	1546.526747	0.768236	528.719501	0.049326	1017.807246	0.769818	0.000000	0.000000	926.569174	1.485884	4421.499351	10.764412
W726	1612.393308	0.885473	471.444178	0.024633	1140.949129	0.885816	0.000000	0.000000	1038.672398	1.675573	4956.445198	12.097990
W727	1670.978685	1.013392	428.540660	0.026822	1242.438025	1.013746	0.000000	0.000000	1131.063647	1.846562	5397.327389	13.243564
W728	1842.969952	1.154252	455.674945	0.036481	1387.295007	1.154829	0.000000	0.000000	1262.935388	2.072346	6026.606708	14.821003
W729	1185.498351	0.748056	386.510024	0.023958	798.988327	0.748440	0.000000	0.000000	727.365577	1.233752	3470.918865	8.665138
W730	1617.888283	0.785311	477.788456	0.025307	1140.099827	0.785719	0.000000	0.000000	1037.899229	1.632688	4952.755710	11.958599
W731	1417.186058	0.657516	445.668175	0.029403	971.517883	0.658173	0.000000	0.000000	884.429273	1.386768	4220.411780	10.176347
W732	1237.760425	0.690732	353.258964	0.024179	884.501461	0.691155	0.000000	0.000000	805.213160	1.300910	3842.400074	9.384916
W733	1744.742658	0.964282	259.158887	0.023800	1485.583771	0.964575	0.000000	0.000000	1352.413371	2.104373	6453.587068	15.510916
W734	1446.803140	0.726248	495.716902	0.023874	951.086238	0.726641	0.000000	0.000000	865.829157	1.391620	4131.653808	10.068645
W735	1136.728932	0.718404	311.537852	0.023792	825.191080	0.718798	0.000000	0.000000	751.219468	1.247648	3584.747350	8.863671
W736	1714.032374	0.870106	394.003300	0.026311	1320.029074	0.870504	0.000000	0.000000	1201.699295	1.874991	5734.393934	13.798232
W737	1752.178520	1.000933	465.257327	0.035244	1286.921194	1.001554	0.000000	0.000000	1171.559264	1.891000	5590.568595	13.649127
W738	1640.508202	0.906627	378.033322	0.028274	1262.474881	0.907068	0.000000	0.000000	1149.304363	1.822950	5484.370336	13.288986
W739	1369.611453	0.679349	446.397158	0.030588	923.214295	0.680038	0.000000	0.000000	840.455706	1.340039	4010.574129	9.739670
W740	1972.026382	0.954029	513.141242	0.025194	1458.885140	0.954362	0.000000	0.000000	1328.108053	2.069267	6337.604420	15.240543
W741	1380.978463	0.752908	547.308692	0.031846	833.669770	0.753581	0.000000	0.000000	758.938113	1.273726	3621.579985	8.997363
W742	1988.330692	0.993770	546.098250	0.023680	1442.232442	0.994052	0.000000	0.000000	1312.948132	2.065405	6265.262732	15.127832
W743	1240.335250	0.614292	564.198612	0.029693	676.136637	0.615009	0.000000	0.000000	615.526534	1.034919	2937.233662	7.303256
W744	1661.002854	0.840178	504.052103	0.033980	1156.950751	0.840865	0.000000	0.000000	1053.239606	1.674561	5025.958517	12.190675
W745	1599.222870	0.931786	399.221436	0.026655	1200.001435	0.932168	0.000000	0.000000	1092.431149	1.762517	5212.976807	12.724845
W746	1784.848173	0.953903	290.947629	0.024116	1493.900544	0.954208	0.000000	0.000000	1359.984614	2.110205	6489.716315	15.579386
W747	1846.330007	0.932188	466.431036	0.023950	1379.898971	0.932496	0.000000	0.000000	1256.202347	1.968780	5994.477277	14.451156
W748	1728.222121	0.995587	283.770386	0.024276	1444.451736	0.995883	0.000000	0.000000	1314.968485	2.068703	6274.903661	15.151485
W749	1738.282011	0.925797	343.525348	0.030879	1394.756663	0.926312	0.000000	0.000000	1269.728168	1.983655	6059.021201	14.587155
W750	1748.754064	0.858099	590.141458	0.029471	1158.612606	0.858605	0.000000	0.000000	1054.752488	1.683900	5033.177849	12.229897
W751	1666.255683	0.874011	517.398577	0.039479	1148.857105	0.874902	0.000000	0.000000	1045.871489	1.679770	4990.798568	12.158481
W752	1544.213261	0.848899	611.171104	0.035943	933.042157	0.849660	0.000000	0.000000	849.402580	1.428627	4053.267756	10.079752
W753	1380.124856	0.757399	479.335130	0.024424	900.789726	0.757793	0.000000	0.000000	820.041316	1.349288	3913.158614	9.635221
W754	1170.506782	0.651297	397.547983	0.024346	772.958799	0.651752	0.000000	0.000000	703.669382	1.158508	3357.842894	8.270112
W755	1361.149649	0.746887	552.678461	0.036121	808.471188	0.747760	0.000000	0.000000	735.998377	1.243609	3512.113762	8.752478
W756	2057.865225	1.021544	457.476231	0.025612	1600.388993	1.021865	0.000000	0.000000	1456.927247	2.260489	6952.317274	16.689502
W757	1301.590658	0.709136	347.558982	0.029066	954.031676	0.709731	0.000000	0.000000	868.510562	1.387723	4144.449213	10.074042
W758	1381.214769	0.756413	373.709153	0.026566	1007.505616	0.756880	0.000000	0.000000	917.191001	1.468641	4376.747607	10.648537
W759	1258.699563	0.730370	361.691525	0.027174	897.008037	0.730875	0.000000	0.000000	816.598624	1.332704	3896.730420	9.560032
W760	1134.190288	0.667739	516.052805	0.025389	618.137483	0.668221	0.000000	0.000000	562.726528	1.001623	2685.277092	6.858577
W761	806.385790	0.453454	344.518910	0.030833	461.866880	0.454501	0.000000	0.000000	420.464302	0.724366	2006.415377	5.045400
W762	1722.449246	1.006878	497.313390	0.024205	1225.135856	1.007168	0.000000	0.000000	1115.312476	1.824286	5322.164307	13.070061
W763	1266.642012	0.716526	444.754051	0.026289	821.887961	0.717008	0.000000	0.000000	748.212447	1.243174	3570.398131	8.829857
W764	1246.206593	0.723993	318.840200	0.025255	927.366393	0.724433	0.000000	0.000000	844.235602	1.363860	4028.611431	9.839430
W765	1239.485827	0.681437	364.333183	0.025649	875.152644	0.681920	0.000000	0.000000	796.702388	1.286311	3801.787484	9.283042
W766	2356.543565	1.235913	373.993484	0.029389	1982.550081	1.236262	0.000000	0.000000	1804.830728	2.789290	8612.479363	20.640983
W767	1530.204426	0.769089	364.928014	0.022587	1165.276413	0.769421	0.000000	0.000000	1060.818940	1.655551	5062.126375	12.181761
W768	1685.505950	0.886709	350.924688	0.025732	1334.581262	0.887082	0.000000	0.000000	1214.946998	1.898357	5797.610705	13.958688
W769	1525.445682	0.792597	235.887633	0.021420	1289.558049	0.792887	0.000000	0.000000	1173.959747	1.810199	5602.023468	13.413387
W770	970.223179	0.665173	232.411837	0.022743	737.811342	0.665561	0.000000	0.000000	671.672606	1.126597	3205.157344	7.960649
W771	1249.875319	0.630497	497.548471	0.028958	752.326848	0.631162	0.000000	0.000000	684.886917	1.126098	3268.214766	8.044626
W772	1518.970500	0.863291	285.973747	0.027912	1232.996752	0.863742	0.000000	0.000000	1122.468707	1.771343	5356.313157	12.950495
W773	1551.851489	0.777076	571.398016	0.028048	980.453473	0.777582	0.000000	0.000000	892.563861	1.447105	4259.229252	10.419025
W774	2286.187218	1.078208	568.228361	0.029496	1717.958857	1.078612	0.000000	0.000000	1563.957936	2.419735	7463.057474	17.894560
W775	2140.837511	1.041320	449.502574	0.024088	1691.334937	1.041599	0.000000	0.000000	1539.720632	2.374798	7347.399381	17.594359
W776	1935.263517	0.972565	421.378476	0.026544	1513.885042	0.972927	0.000000	0.000000	1378.177665	2.140671	6576.531813	15.794700
W777	2019.005465	1.115355	458.768400	0.029708	1560.237065	1.115751	0.000000	0.000000	1420.374610	2.250740	6777.891592	16.416518
W778	2239.584338	1.105086	573.986906	0.029755	1665.597432	1.105486	0.000000	0.000000	1516.290284	2.368579	7235.592002	17.418921
W779	1887.660394	1.011926	456.024469	0.042204	1431.635925	1.012805	0.000000	0.000000	1303.301506	2.060733	6219.229957	15.049387
W780	1994.705745	1.004476	487.732954	0.027645	1506.972791	1.004856	0.000000	0.000000	1371.885041	2.144808	6546.504014	15.765599
W781	1753.867187	0.932654	439.440836	0.023338	1314.426351	0.932946	0.000000	0.000000	1196.598810	1.893267	5710.054907	13.821169
W782	2490.995434	1.408122	273.084336	0.025381	2217.911098	1.408350	0.000000	0.000000	2019.093560	3.129797	9634.921076	23.120271
W783	2150.412624	1.044740	530.561891	0.021253	1619.850734	1.044957	0.000000	0.000000	1474.644402	2.291991	7036.861841	16.904839
W784	1227.969710	0.802168	525.277257	0.024684	702.692453	0.802548	0.000000	0.000000	639.701838	1.162780	3052.595898	7.877487
W785	2240.363692	1.013529	697.740877	0.025729	1542.622815	1.013856	0.000000	0.000000	1404.339332	2.189846	6701.372782	16.120910
W786	2366.907774	1.210563	550.723667	0.024746	1816.184107	1.210816	0.000000	0.000000	1653.378098	2.584808	7889.761921	19.000226
W787	2011.394363	1.050590	465.485953	0.023375	1545.908410	1.050850	0.000000	0.000000	1407.330401	2.208063	6715.645876	16.197244
W788	2346.307575	1.122318	466.733041	0.024702	1879.574534	1.122590	0.000000	0.000000	1711.086093	2.626567	8165.138946	19.514070
W789	2469.672450	1.055465	536.111450	0.033632	1933.561000	1.056001	0.000000	0.000000	1760.233115	2.668290	8399.663828	19.971598
W790	1935.928756	0.963919	546.574540	0.027299	1389.354215	0.964306	0.000000	0.000000	1264.810005	1.992358	6035.552200	14.581518
W791	1804.271876	1.029868	551.856968	0.024840	1252.414908	1.030168	0.000000	0.000000	1140.146184	1.865169	5440.668386	13.361915
W792	1383.449006	0.767003	487.883712	0.049569	895.565294	0.768603	0.000000	0.000000	815.285211	1.348592	3890.462935	9.602108
W793	1368.411680	0.763886	416.909069	0.030740	951.502611	0.764504	0.000000	0.000000	866.208206	1.408797	4133.462593	10.125372
W794	2047.479928	1.064728	503.423249	0.027571	1544.056678	1.065085	0.000000	0.000000	1405.644661	2.211565	6707.601690	16.196941
W795	2194.632748	1.102508	343.334974	0.022337	1851.297775	1.102735	0.000000	0.000000	1685.344114	2.586003	8042.300685	19.217279
W796	2358.180047	1.294194	376.731596	0.093926	1981.448451	1.297598	0.000000	0.000000	1803.827850	2.810997	8607.693725	20.701251
W797	1434.598261	0.848752	401.062940	0.023667	1033.535321	0.849082	0.000000	0.000000	940.887356	1.538722	4489.824344	11.025184
W798	1207.427772	0.615425	424.029960	0.023976	783.397812	0.615892	0.000000	0.000000	713.172624	1.153859	3403.191453	8.317378
W799	1190.667467	0.710172	311.202820	0.023715	879.464647	0.710568	0.000000	0.000000	800.627855	1.303915	3820.519437	9.364417
W800	983.226604	0.469808	453.357315	0.037650	529.869290	0.471314	0.000000	0.000000	482.370854	0.805833	2301.827513	5.706592
W801	1125.047359	0.675572	257.243248	0.023845	867.804111	0.675993	0.000000	0.000000	790.012590	1.275422	3769.864412	9.204816
W802	955.480019	0.578071	341.848276	0.038745	613.631743	0.579368	0.000000	0.000000	558.624690	0.949833	2665.703515	6.662375
W803	1461.344134	0.776890	483.962682	0.025844	977.381452	0.777320	0.000000	0.000000	889.767222	1.443540	4245.883959	10.389445
W804	1548.910208	0.794347	469.603672	0.022172	1079.306536	0.794656	0.000000	0.000000	982.555558	1.566455	4688.661010	11.385931
W805	1467.065837	0.685013	489.960280	0.028304	977.105557	0.685598	0.000000	0.000000	889.516058	1.404176	4244.685428	10.264203
W806	1822.078610	0.966105	446.367716	0.031361	1375.710894	0.966614	0.000000	0.000000	1252.389696	1.977541	5976.283675	14.453110
W807	1337.645825	0.613722	580.426843	0.030516	757.218982	0.614481	0.000000	0.000000	689.340511	1.123884	3289.466892	8.066610
W808	1141.225991	0.510207	557.762919	0.029749	583.463072	0.511073	0.000000	0.000000	531.160393	0.883525	2534.646522	6.271537
W809	1513.863975	0.923978	422.290000	0.025573	1091.573975	0.924332	0.000000	0.000000	993.723321	1.637881	4741.952507	11.684921
W810	1931.828619	1.006321	511.411248	0.022407	1420.417371	1.006570	0.000000	0.000000	1293.088604	2.045278	6170.494966	14.933619
W811	1560.466890	0.840344	403.989710	0.024117	1156.477180	0.840690	0.000000	0.000000	1052.808486	1.673946	5023.901257	12.185905
W812	2145.312132	1.131406	394.023660	0.023002	1751.288472	1.131639	0.000000	0.000000	1594.299824	2.478683	7607.846057	18.278739
W813	2389.562293	1.525596	424.100409	0.027545	1965.461884	1.525845	0.000000	0.000000	1789.274347	2.886386	8538.245802	20.840512
W814	1868.852680	0.808567	581.035922	0.030535	1287.816757	0.809144	0.000000	0.000000	1172.374548	1.814102	5594.459051	13.414802
W815	2000.889088	0.910407	590.563851	0.024509	1410.325237	0.910737	0.000000	0.000000	1283.901147	1.995882	6126.653298	14.719323
W816	1731.923442	0.883446	407.691417	0.024514	1324.232024	0.883786	0.000000	0.000000	1205.525485	1.885025	5752.652146	13.854748
W817	2112.383851	1.131371	450.308930	0.022059	1662.074921	1.131586	0.000000	0.000000	1513.083536	2.374685	7220.289710	17.416547
W818	1371.244887	0.892509	382.889102	0.021744	988.355785	0.892774	0.000000	0.000000	899.757795	1.509754	4293.558019	10.665808
W819	2367.473789	1.230367	462.401758	0.025489	1905.072031	1.230631	0.000000	0.000000	1734.297949	2.696197	8275.903699	19.883382
W820	2252.880942	1.277580	337.413274	0.023852	1915.467667	1.277803	0.000000	0.000000	1743.761702	2.726419	8321.063821	20.039851
W821	2105.030873	1.087976	495.271681	0.027576	1609.759192	1.088325	0.000000	0.000000	1465.457484	2.296930	6993.022748	16.858999
W822	2147.831893	1.094242	603.564784	0.026554	1544.267109	1.094565	0.000000	0.000000	1405.836229	2.223705	6708.515830	16.236010
W823	1284.507738	0.745154	542.828284	0.032711	741.679454	0.745872	0.000000	0.000000	675.193974	1.171600	3221.960973	8.129540
W824	1429.417242	0.815661	262.237223	0.026939	1167.180019	0.816106	0.000000	0.000000	1062.551903	1.676172	5070.395910	12.257280
W825	1709.706462	0.967819	472.044440	0.032187	1237.662022	0.968354	0.000000	0.000000	1126.715773	1.820878	5376.579749	13.133813
W826	1512.684175	0.808866	626.491575	0.028738	886.192600	0.809377	0.000000	0.000000	806.752702	1.358067	3849.746622	9.577421
W827	1345.548711	0.749716	430.713351	0.029922	914.835360	0.750313	0.000000	0.000000	832.827873	1.361429	3974.174842	9.757138
W828	1831.830235	1.024462	492.344239	0.023086	1339.485996	1.024722	0.000000	0.000000	1219.412063	1.960503	5818.917568	14.182252
W829	1784.620585	0.889051	462.158021	0.025650	1322.462564	0.889420	0.000000	0.000000	1203.914642	1.885163	5744.965361	13.844469
W830	1588.024964	0.947647	337.632717	0.022890	1250.392247	0.947923	0.000000	0.000000	1138.304838	1.826373	5431.881657	13.227208
W831	1345.236486	0.824151	408.398132	0.022695	936.838353	0.824464	0.000000	0.000000	852.858479	1.420486	4069.758974	10.075848
W832	1445.898818	0.758066	374.964801	0.022214	1070.934017	0.758391	0.000000	0.000000	974.933566	1.541840	4652.289598	11.258650
W833	1865.147833	0.854286	612.881151	0.023872	1252.266682	0.854619	0.000000	0.000000	1140.011245	1.789980	5440.024469	13.124756
W834	1244.565267	0.663008	518.238600	0.022477	726.326667	0.663389	0.000000	0.000000	661.217439	1.113087	3155.266285	7.849723
W835	239.187002	8.225366	238.089598	0.025358	1.097404	8.225405	0.000000	0.000000	0.999031	7.488065	4.767279	35.732329
W836	1269.954480	0.751236	322.015457	0.023625	947.939022	0.751607	0.000000	0.000000	862.964064	1.399031	4117.981858	10.073237
W837	1752.202754	0.968135	396.006510	0.022948	1356.196245	0.968407	0.000000	0.000000	1234.624375	1.955811	5891.509263	14.267806
W838	2004.504725	1.011209	424.459804	0.024620	1580.044921	1.011509	0.000000	0.000000	1438.406854	2.232742	6863.939733	16.480392
W839	1858.813294	0.934180	426.168867	0.034848	1432.644427	0.934830	0.000000	0.000000	1304.219605	2.031144	6223.611036	14.963622
W840	1256.000842	0.678877	417.893782	0.042900	838.107060	0.680231	0.000000	0.000000	762.977636	1.243990	3640.856200	8.928464
W841	1251.114102	0.732113	470.431754	0.027890	780.682348	0.732644	0.000000	0.000000	710.700578	1.206165	3391.395089	8.468812
W842	2483.961478	1.307130	609.566507	0.033351	1874.394972	1.307556	0.000000	0.000000	1706.370836	2.690567	8142.638192	19.680361
W843	2333.628861	1.304582	385.599726	0.025043	1948.029135	1.304823	0.000000	0.000000	1773.404301	2.774827	8462.515464	20.386900
W844	2553.567684	1.219243	565.312750	0.028634	1988.254934	1.219579	0.000000	0.000000	1810.024187	2.789933	8637.262052	20.677675
W845	1964.324339	0.951624	524.793563	0.024098	1439.530776	0.951929	0.000000	0.000000	1310.488649	2.045742	6253.526312	15.050502
W846	2058.107359	1.108366	387.617731	0.025243	1670.489629	1.108653	0.000000	0.000000	1520.743935	2.375505	7256.844398	17.469988
W847	1926.074481	1.038815	396.627555	0.022829	1529.446926	1.039065	0.000000	0.000000	1392.344554	2.184316	6644.134848	16.024040
W848	1544.476916	0.833132	435.581861	0.023765	1108.895055	0.833471	0.000000	0.000000	1009.491709	1.616617	4817.197742	11.720711
W849	1888.780643	0.937580	478.286729	0.022860	1410.493914	0.937859	0.000000	0.000000	1284.054703	2.006461	6127.386056	14.753057
W850	1770.082439	1.052818	423.416021	0.024866	1346.666418	1.053112	0.000000	0.000000	1225.948819	1.981015	5850.110340	14.289810
W851	1937.505743	1.137742	314.619087	0.023694	1622.886656	1.137989	0.000000	0.000000	1477.408178	2.331918	7050.050318	17.047023
W852	2083.699493	1.310833	363.872666	0.026641	1719.826827	1.311104	0.000000	0.000000	1565.658458	2.515195	7471.172202	18.202997
W853	1178.605772	0.770956	296.337925	0.029693	882.267847	0.771528	0.000000	0.000000	803.179771	1.335386	3832.696939	9.481371
W854	2559.094483	1.230778	524.811922	0.024263	2034.282560	1.231017	0.000000	0.000000	1851.925814	2.848469	8837.212605	21.137782
W855	1412.453315	0.869971	288.066828	0.026686	1124.386487	0.870380	0.000000	0.000000	1023.594461	1.650122	4884.494726	11.918814
W856	1941.846374	1.075700	379.945484	0.044012	1561.900889	1.076600	0.000000	0.000000	1421.889285	2.236807	6785.119479	16.383140
W857	2118.764228	1.309003	459.050753	0.024009	1659.713475	1.309223	0.000000	0.000000	1510.933775	2.446520	7210.031254	17.627413
W858	2070.852046	1.096184	304.658315	0.036927	1766.193731	1.096805	0.000000	0.000000	1607.868950	2.483228	7672.596623	18.383300
W859	1799.542521	0.952377	434.412925	0.026966	1365.129596	0.952758	0.000000	0.000000	1242.756925	1.959737	5930.317011	14.333865
W860	1909.975948	1.058618	475.623164	0.026775	1434.352784	1.058956	0.000000	0.000000	1305.774822	2.082970	6231.032382	15.135234
W861	1861.934793	1.037281	642.149826	0.052345	1219.784967	1.038601	0.000000	0.000000	1110.441250	1.832930	5298.919284	13.065908
W862	1515.534055	0.871327	477.546621	0.025622	1037.987434	0.871704	0.000000	0.000000	944.940374	1.554094	4509.164958	11.100509
W863	1524.679632	0.815076	591.188864	0.028486	933.490768	0.815573	0.000000	0.000000	849.810977	1.412558	4055.216587	10.030694
W864	2411.228906	1.254942	483.641948	0.029598	1927.586957	1.255291	0.000000	0.000000	1754.794597	2.731901	8373.711739	20.130232
W865	1858.692060	1.251735	445.571048	0.023165	1413.121012	1.251949	0.000000	0.000000	1286.446304	2.146670	6138.798544	15.211251
W866	1655.263812	0.799516	499.499810	0.026997	1155.764001	0.799972	0.000000	0.000000	1052.159238	1.656502	5020.803107	12.127197
W867	1207.971245	0.690641	391.907312	0.022989	816.063932	0.691024	0.000000	0.000000	742.910494	1.224480	3545.097721	8.735667
W868	1574.897728	0.914532	660.645143	0.033425	914.252585	0.915142	0.000000	0.000000	832.297340	1.441953	3971.643185	10.013719
W869	1711.115687	0.898569	573.625408	0.031152	1137.490279	0.899109	0.000000	0.000000	1035.523606	1.677542	4941.419461	12.083572
W870	1949.554258	1.059575	468.438065	0.024781	1481.116194	1.059865	0.000000	0.000000	1348.346275	2.136889	6434.179279	15.584915
W871	1135.792469	0.696489	554.333934	0.028556	581.458535	0.697074	0.000000	0.000000	529.335547	0.981316	2525.938529	6.583080
W872	1415.850273	0.825666	353.482223	0.022739	1062.368049	0.825979	0.000000	0.000000	967.135467	1.560684	4615.077817	11.266381
W873	2024.737092	1.119783	411.604661	0.028877	1613.132432	1.120155	0.000000	0.000000	1468.528340	2.313474	7007.676583	16.930775
W874	2134.075133	1.126084	449.459885	0.027485	1684.615248	1.126419	0.000000	0.000000	1533.603309	2.398848	7318.208097	17.627798
W875	1906.801240	0.913910	566.511231	0.067449	1340.290009	0.916396	0.000000	0.000000	1220.144003	1.916475	5822.410316	14.049406
W876	2317.649155	1.087335	433.476750	0.022049	1884.172405	1.087559	0.000000	0.000000	1715.271803	2.619803	8185.112754	19.521440
W877	2083.503872	1.288294	395.410459	0.026362	1688.093413	1.288564	0.000000	0.000000	1536.769684	2.469500	7333.317739	17.869371
W878	1342.486478	0.805876	483.455061	0.024576	859.031417	0.806250	0.000000	0.000000	782.026296	1.327255	3731.754583	9.318868
W879	2777.094090	1.367810	449.369212	0.025540	2327.724878	1.368048	0.000000	0.000000	2119.063435	3.245014	10111.967743	24.142921
W880	1605.344797	0.934782	409.286952	0.026908	1196.057845	0.935169	0.000000	0.000000	1088.841070	1.759390	5195.845293	12.691437
W881	2263.717094	1.224783	359.356654	0.024690	1904.360440	1.225032	0.000000	0.000000	1733.650147	2.693249	8272.812448	19.869964
W882	2458.480887	1.247521	539.877845	0.026001	1918.603041	1.247792	0.000000	0.000000	1746.616015	2.718541	8334.684331	20.034473
W883	1752.076411	0.940718	465.957693	0.023984	1286.118718	0.941024	0.000000	0.000000	1170.828724	1.864138	5587.082528	13.559904
W884	1807.536584	1.080380	442.353585	0.026270	1365.182999	1.080699	0.000000	0.000000	1242.805540	2.014056	5930.549001	14.504624
W885	1792.378917	1.153148	489.643004	0.041569	1302.735913	1.153897	0.000000	0.000000	1185.956324	1.978860	5659.269985	14.022634
W886	1831.874544	0.927716	590.123046	0.035857	1241.751498	0.928409	0.000000	0.000000	1130.438661	1.808206	5394.345017	13.118379
W887	1882.942077	0.973681	440.522235	0.026146	1442.419842	0.974032	0.000000	0.000000	1313.118734	2.057702	6266.076824	15.105045
W888	1824.645484	0.973631	458.347498	0.033646	1366.297986	0.974213	0.000000	0.000000	1243.820578	1.969802	5935.392662	14.372279
W889	1608.541829	0.890157	321.175916	0.027234	1287.365913	0.890573	0.000000	0.000000	1171.964118	1.844925	5592.500517	13.507462
W890	1984.398862	1.146374	241.070470	0.028574	1743.328392	1.146730	0.000000	0.000000	1587.053301	2.475130	7573.266341	18.219495
W891	1741.558610	0.810417	572.519560	0.026612	1169.039050	0.810854	0.000000	0.000000	1064.244288	1.676206	5078.471806	12.268600
W892	1459.237537	0.773434	568.473571	0.027224	890.763966	0.773913	0.000000	0.000000	810.914282	1.345836	3869.605285	9.564951
W893	1935.099487	0.999358	588.271919	0.026635	1346.827568	0.999713	0.000000	0.000000	1226.095524	1.958135	5850.810402	14.218786
W894	1372.171612	0.712349	548.196203	0.029754	823.975409	0.712970	0.000000	0.000000	750.112772	1.243539	3579.466301	8.843336
W895	2200.465864	1.004965	454.143538	0.037933	1746.322326	1.005681	0.000000	0.000000	1589.778853	2.427339	7586.272416	18.090784
W896	2067.816728	1.073017	342.999427	0.027977	1724.817301	1.073382	0.000000	0.000000	1570.201577	2.425886	7492.851528	17.955196
W897	2026.648460	1.002034	496.593841	0.021974	1530.054618	1.002275	0.000000	0.000000	1392.897771	2.170732	6646.774751	15.985633
W898	1387.033914	0.668416	518.826348	0.022146	868.207566	0.668783	0.000000	0.000000	790.379879	1.272724	3771.617080	9.198720
W899	1762.152703	1.049170	469.786636	0.022313	1292.366067	1.049407	0.000000	0.000000	1176.516049	1.918461	5614.221900	13.768444
W900	1950.562112	1.309235	530.102878	0.029078	1420.459234	1.309557	0.000000	0.000000	1293.126715	2.182875	6170.676825	15.371020
W901	1627.106410	0.915614	456.606585	0.035743	1170.499824	0.916311	0.000000	0.000000	1065.574116	1.722290	5084.817618	12.421804
W902	2521.462077	1.419960	416.809795	0.024724	2104.652283	1.420176	0.000000	0.000000	1915.987468	3.002008	9142.908682	22.038681
W903	2000.071318	0.949409	510.161758	0.023595	1489.909560	0.949702	0.000000	0.000000	1356.351388	2.103835	6472.378912	15.535507
W904	1327.199817	0.680776	474.952851	0.023529	852.246966	0.681183	0.000000	0.000000	775.850016	1.260236	3702.281962	9.064069
W905	1214.154286	0.695328	409.088168	0.032613	805.066118	0.696092	0.000000	0.000000	732.898544	1.214756	3497.321652	8.639607
W906	1246.813037	0.867132	430.947590	0.026766	815.865447	0.867545	0.000000	0.000000	742.729801	1.314086	3544.235472	9.026135
W907	2109.016025	1.110540	429.471499	0.025759	1679.544526	1.110839	0.000000	0.000000	1528.987135	2.386905	7296.180158	17.560112
W908	1588.521315	1.115818	312.522272	0.026339	1275.999043	1.116129	0.000000	0.000000	1161.616194	1.931470	5543.121219	13.713084
W909	1668.851299	1.114369	257.735775	0.024856	1411.115524	1.114647	0.000000	0.000000	1284.620592	2.080747	6130.086420	14.989251
W910	1491.141604	0.877259	411.419895	0.023665	1079.721709	0.877578	0.000000	0.000000	982.933514	1.603180	4690.464582	11.504208
W911	1977.384184	1.118621	504.157170	0.025335	1473.227014	1.118908	0.000000	0.000000	1341.164296	2.152738	6399.907561	15.587233
W912	1601.151769	0.876549	497.015215	0.023884	1104.136553	0.876874	0.000000	0.000000	1005.159768	1.630190	4796.526135	11.735065
W913	1366.595318	0.787691	647.590563	0.034881	719.004755	0.788463	0.000000	0.000000	654.551876	1.171289	3123.458859	7.998472
W914	2642.837506	1.253044	605.656971	0.035594	2037.180535	1.253550	0.000000	0.000000	1854.564009	2.860022	8849.801820	21.190911
W915	2161.212080	1.105316	452.083303	0.025826	1709.128776	1.105618	0.000000	0.000000	1555.919400	2.419475	7424.698348	17.840132
W916	1744.476603	0.886388	638.412971	0.029820	1106.063631	0.886890	0.000000	0.000000	1006.914099	1.636832	4804.897636	11.767564
W917	2135.193809	1.232674	424.799384	0.024679	1710.394425	1.232921	0.000000	0.000000	1557.071593	2.471387	7430.196505	18.009048
W918	2656.389600	1.380936	303.478297	0.024573	2352.911303	1.381155	0.000000	0.000000	2141.992104	3.279533	10221.381155	24.402340
W919	2350.073736	1.366076	351.024859	0.023349	1999.048877	1.366275	0.000000	0.000000	1819.850541	2.858220	8684.152474	20.954099
W920	1444.132160	0.738712	458.663954	0.026471	985.468206	0.739186	0.000000	0.000000	897.129064	1.436031	4281.013967	10.414092
W921	1526.101701	0.928025	461.651107	0.034434	1064.450593	0.928664	0.000000	0.000000	969.031328	1.610092	4624.124684	11.435871
W922	1841.262071	1.058452	439.291317	0.031849	1401.970754	1.058931	0.000000	0.000000	1276.295575	2.046098	6090.360236	14.825402
W923	1822.029279	0.979303	483.066224	0.040314	1338.963055	0.980133	0.000000	0.000000	1218.935999	1.940918	5816.645838	14.117638
W924	1752.891082	0.941150	417.167483	0.041213	1335.723598	0.942052	0.000000	0.000000	1215.986933	1.921494	5802.573177	14.037475
W925	982.831922	0.685124	358.216525	0.023818	624.615397	0.685538	0.000000	0.000000	568.623750	1.017850	2713.418069	6.949535
W926	2217.718938	1.137633	460.807174	0.026054	1756.911763	1.137932	0.000000	0.000000	1599.419034	2.487649	7632.274436	18.340541
W927	2071.736217	1.424237	434.901231	0.022551	1636.834987	1.424415	0.000000	0.000000	1490.106156	2.474155	7110.643850	17.579716
W928	1598.443376	0.860467	480.684296	0.031694	1117.759080	0.861051	0.000000	0.000000	1017.561147	1.638563	4855.704328	11.842787
W929	1961.706974	1.086860	432.151323	0.024381	1529.555652	1.087134	0.000000	0.000000	1392.443533	2.203744	6644.607170	16.085155
W930	1222.290138	0.709748	419.827167	0.029194	802.462971	0.710348	0.000000	0.000000	730.528747	1.218735	3486.013211	8.637030
W931	1787.401769	0.945858	398.738916	0.026918	1388.662853	0.946241	0.000000	0.000000	1264.180619	1.984365	6032.548827	14.552499
W932	1152.246088	0.633921	488.931599	0.026741	663.314489	0.634485	0.000000	0.000000	603.853786	1.030904	2881.532428	7.215341
W933	1946.582103	1.048627	426.294361	0.025576	1520.287742	1.048939	0.000000	0.000000	1384.006416	2.177621	6604.346053	15.947918
W934	1794.823721	1.053991	308.154201	0.025418	1486.669519	1.054298	0.000000	0.000000	1353.401791	2.140993	6458.303715	15.631154
W935	1146.208686	0.676005	462.041976	0.021351	684.166709	0.676342	0.000000	0.000000	622.836776	1.074616	2972.117437	7.479045
W936	1627.223699	0.867664	471.851935	0.026550	1155.371763	0.868070	0.000000	0.000000	1051.802161	1.684231	5019.099170	12.211508
W937	2082.074890	1.075562	471.220848	0.028228	1610.854043	1.075932	0.000000	0.000000	1466.454190	2.293360	6997.778937	16.854556
W938	1682.800629	1.075422	482.450028	0.024377	1200.350601	1.075698	0.000000	0.000000	1092.749015	1.829397	5214.493633	12.940054
W939	1290.880393	0.809038	362.174133	0.023867	928.706261	0.809390	0.000000	0.000000	845.455362	1.404361	4034.432008	9.976213
W940	2059.655548	1.022642	513.302270	0.023068	1546.353277	1.022902	0.000000	0.000000	1407.735389	2.197678	6717.578443	16.167745
W941	1728.018145	0.910063	407.828030	0.026206	1320.190115	0.910440	0.000000	0.000000	1201.845899	1.890831	5735.093517	13.848335
W942	699.323771	0.520781	290.388535	0.023140	408.935236	0.521295	0.000000	0.000000	372.277546	0.708758	1776.472793	4.693400
W943	1690.391579	1.044163	302.287928	0.037894	1388.103651	1.044851	0.000000	0.000000	1263.671544	2.024315	6030.119571	14.673909
W944	703.800211	0.274197	439.067122	0.022219	264.733089	0.275095	0.000000	0.000000	241.001939	0.422917	1150.038171	2.917301
W945	933.275871	0.497560	535.948850	0.024488	397.327021	0.498162	0.000000	0.000000	361.709912	0.683581	1726.045056	4.542810
W946	2083.706822	0.977466	482.901721	0.022229	1600.805101	0.977719	0.000000	0.000000	1457.306054	2.244741	6954.124904	16.643564
W947	2418.356367	1.187496	548.655048	0.022887	1869.701319	1.187717	0.000000	0.000000	1702.097932	2.638600	8122.248300	19.490959
W948	2206.035949	1.100606	446.129704	0.025725	1759.906245	1.100907	0.000000	0.000000	1602.145085	2.477327	7645.282889	18.326902
W949	1921.567853	1.203258	422.859914	0.029807	1498.707939	1.203627	0.000000	0.000000	1364.361064	2.218748	6510.600319	15.947662
W950	1811.578011	1.023451	371.040109	0.028957	1440.537901	1.023861	0.000000	0.000000	1311.405494	2.075488	6257.901409	15.149020
W951	2395.795246	1.148277	516.132216	0.029780	1879.663030	1.148663	0.000000	0.000000	1711.166656	2.635998	8165.523386	19.543543
W952	2159.499085	1.002873	582.627614	0.027863	1576.871472	1.003260	0.000000	0.000000	1435.517878	2.225929	6850.153817	16.440112
W953	2134.280545	1.147685	503.559419	0.031406	1630.721126	1.148114	0.000000	0.000000	1484.540353	2.345052	7084.084371	17.135162
W954	1493.100831	0.808884	392.356409	0.029172	1100.744422	0.809410	0.000000	0.000000	1002.071713	1.597136	4781.790233	11.610728
W955	1347.833291	0.834713	307.248035	0.029292	1040.585255	0.835227	0.000000	0.000000	947.305322	1.540310	4520.450263	11.072126
W956	1575.485936	0.934603	406.940570	0.025186	1168.545366	0.934942	0.000000	0.000000	1063.794858	1.728378	5076.327172	12.429406
W957	2032.269961	1.127170	444.593751	0.026339	1587.676210	1.127478	0.000000	0.000000	1445.354060	2.287088	6897.091136	16.695133
W958	2793.431419	1.349554	535.978707	0.022047	2257.452712	1.349735	0.000000	0.000000	2055.090592	3.155140	9806.695464	23.438846
W959	1798.931818	0.953387	593.907653	0.023537	1205.024166	0.953677	0.000000	0.000000	1097.003633	1.777667	5234.796264	12.802654
W960	1823.363166	0.965852	458.870340	0.027655	1364.492826	0.966248	0.000000	0.000000	1242.177236	1.964470	5927.550793	14.344775
W961	2137.996717	1.098164	498.504744	0.023504	1639.491973	1.098416	0.000000	0.000000	1492.524965	2.335438	7122.186174	17.158246
W962	1742.814815	0.965078	462.610474	0.033068	1280.204341	0.965645	0.000000	0.000000	1165.444522	1.867823	5561.389633	13.535990
W963	1572.586505	0.848608	342.573627	0.037355	1230.012878	0.849430	0.000000	0.000000	1119.752312	1.762146	5343.350783	12.903871
W964	1181.684027	0.666071	431.770290	0.025994	749.913738	0.666578	0.000000	0.000000	682.690122	1.140255	3257.731873	8.075706
W965	1766.681522	0.957614	372.625164	0.035762	1394.056358	0.958281	0.000000	0.000000	1269.090640	1.995390	6055.978978	14.619327
W966	1958.203477	0.952199	436.221591	0.028169	1521.981886	0.952616	0.000000	0.000000	1385.548693	2.142614	6611.705654	15.849876
W967	2331.472932	1.033080	588.599956	0.029113	1742.872976	1.033490	0.000000	0.000000	1586.638709	2.432905	7571.287947	18.086745
W968	1251.201365	0.691777	481.051213	0.025452	770.150152	0.692245	0.000000	0.000000	701.112508	1.174760	3345.641733	8.305650
W969	2748.753616	1.626585	448.808709	0.036711	2299.944906	1.626999	0.000000	0.000000	2093.773710	3.310563	9991.287599	24.176957
W970	1454.917396	0.783887	345.506918	0.024382	1109.410478	0.784266	0.000000	0.000000	1009.960928	1.596676	4819.436815	11.661407
W971	1544.936921	0.803654	431.446501	0.032317	1113.490420	0.804303	0.000000	0.000000	1013.675137	1.609592	4837.160662	11.726280
W972	1598.008480	0.906798	373.173570	0.027167	1224.834910	0.907205	0.000000	0.000000	1115.038507	1.779944	5320.856954	12.928286
W973	1556.490808	0.968799	307.067247	0.023649	1249.423562	0.969088	0.000000	0.000000	1137.422987	1.834462	5427.673552	13.246886
W974	1000.465378	0.623171	378.194463	0.023308	622.270915	0.623606	0.000000	0.000000	566.489432	0.981825	2703.233309	6.816931
W975	1168.541683	0.690204	489.368627	0.026745	679.173056	0.690722	0.000000	0.000000	618.290762	1.076944	2950.424296	7.457820
W976	1457.715735	0.911387	264.541649	0.032468	1193.174086	0.911965	0.000000	0.000000	1086.215816	1.745999	5183.317835	12.632000
W977	1926.265702	0.984123	423.579797	0.025120	1502.685905	0.984443	0.000000	0.000000	1367.982438	2.131940	6527.881169	15.699806
W978	1099.282124	0.694872	398.930796	0.023296	700.351327	0.695262	0.000000	0.000000	637.570575	1.101562	3042.425718	7.660961
W979	706.643823	0.326094	561.107210	0.025890	145.536613	0.327120	0.000000	0.000000	132.490449	0.351828	632.231734	2.039582
W980	1327.128485	0.798860	476.611950	0.026202	850.516535	0.799290	0.000000	0.000000	774.274704	1.314619	3694.764726	9.228182
W981	1734.488089	0.911005	486.931816	0.022689	1247.556274	0.911287	0.000000	0.000000	1135.723086	1.807609	5419.561786	13.151339
W982	2018.325478	1.182912	501.134597	0.026420	1517.190881	1.183207	0.000000	0.000000	1381.187163	2.230432	6590.892849	16.094763
W983	1609.450388	0.924812	473.723360	0.023267	1135.727028	0.925105	0.000000	0.000000	1033.918415	1.687248	4933.759647	12.103825
W984	2593.751940	1.416609	481.242504	0.028493	2112.509435	1.416896	0.000000	0.000000	1923.140292	3.009859	9177.041270	22.110550
W985	1829.557164	1.105770	339.448578	0.037042	1490.108587	1.106390	0.000000	0.000000	1356.532574	2.166587	6473.243511	15.731867
W986	2431.219900	1.207045	510.591332	0.025230	1920.628567	1.207308	0.000000	0.000000	1748.459969	2.705731	8343.483503	20.007256
W987	1300.514965	0.697318	470.378755	0.029743	830.136209	0.697952	0.000000	0.000000	755.721307	1.243268	3606.229693	8.878883
W988	776.584151	0.391036	438.289576	0.035272	338.294575	0.392623	0.000000	0.000000	307.969241	0.563388	1469.599721	3.804534
W989	1477.749948	0.842729	371.337235	0.037762	1106.412713	0.843575	0.000000	0.000000	1007.231888	1.618141	4806.414096	11.710641
W990	1429.034408	0.754816	540.079124	0.026163	888.955283	0.755270	0.000000	0.000000	809.267734	1.335033	3861.748112	9.519715
W991	1687.186569	0.811144	582.111100	0.023414	1105.075470	0.811481	0.000000	0.000000	1006.014518	1.602953	4800.604921	11.654949
W992	1814.670535	0.955884	432.420417	0.024632	1382.250118	0.956201	0.000000	0.000000	1258.342732	1.980899	6004.690991	14.503004
W993	1401.468545	0.861317	371.172580	0.026560	1030.295965	0.861727	0.000000	0.000000	937.938382	1.540945	4475.752123	11.013051
W994	1581.334264	0.813841	487.735126	0.024013	1093.599139	0.814196	0.000000	0.000000	995.566946	1.591006	4750.750108	11.548643
W995	1609.760371	0.795054	519.820084	0.025170	1089.940287	0.795452	0.000000	0.000000	992.236080	1.578942	4734.855535	11.488882
W996	2231.750804	1.009551	396.754731	0.024723	1834.996073	1.009853	0.000000	0.000000	1670.503726	2.534800	7971.483777	18.961223
W997	1410.160543	0.752804	395.688839	0.028750	1014.471704	0.753353	0.000000	0.000000	923.532637	1.475071	4407.009286	10.710473
W998	1651.763111	0.821135	362.490332	0.031211	1289.272779	0.821728	0.000000	0.000000	1173.700049	1.820493	5600.784217	13.443341
W999	1658.940059	0.906324	359.841531	0.024022	1299.098528	0.906642	0.000000	0.000000	1182.645000	1.864932	5643.468666	13.640500
W1000	2109.295504	1.097165	437.561131	0.033241	1671.734373	1.097669	0.000000	0.000000	1521.877099	2.372727	7262.251746	17.468931
W1001	2424.475497	1.172709	429.050887	0.028635	1995.424610	1.173058	0.000000	0.000000	1816.551161	2.781871	8668.408147	20.696668
W1002	2040.600911	1.093152	394.953950	0.038592	1645.646961	1.093833	0.000000	0.000000	1498.128209	2.340823	7148.924321	17.212181
W1003	1463.162521	0.886728	461.041707	0.032469	1002.120814	0.887323	0.000000	0.000000	912.288902	1.522077	4353.355261	10.786344
W1004	2413.866404	1.280346	425.946196	0.035184	1987.920208	1.280829	0.000000	0.000000	1809.719466	2.812195	8635.807955	20.744202
W1005	2323.922473	1.092495	598.460988	0.030930	1725.461485	1.092933	0.000000	0.000000	1570.788016	2.433866	7495.649958	17.983687
W1006	1555.403189	0.839313	324.008659	0.021269	1231.394530	0.839582	0.000000	0.000000	1121.010110	1.759832	5349.352873	12.905025
W1007	2152.610077	1.181225	290.640183	0.025381	1861.969894	1.181498	0.000000	0.000000	1695.059565	2.627201	8088.661890	19.408859
W1008	1225.788747	0.723668	351.710622	0.029776	874.078125	0.724280	0.000000	0.000000	795.724190	1.304166	3797.119620	9.333223
W1009	1505.459479	1.053117	257.363324	0.023663	1248.096155	1.053383	0.000000	0.000000	1136.214572	1.871108	5421.907110	13.355234
W1010	1604.990829	0.889696	364.703870	0.027677	1240.286960	0.890127	0.000000	0.000000	1129.105407	1.790499	5387.982854	13.054146
W1011	2500.288685	1.380250	379.813140	0.037755	2120.475546	1.380766	0.000000	0.000000	1930.392305	3.005222	9211.647185	22.144449
W1012	2291.544721	1.115958	473.939051	0.024061	1817.605671	1.116217	0.000000	0.000000	1654.672231	2.550952	7895.937397	18.904400
W1013	1733.261240	0.918763	449.225210	0.022878	1284.036029	0.919048	0.000000	0.000000	1168.932731	1.852637	5578.035031	13.511426
W1014	1442.487941	0.831888	440.965571	0.022081	1001.522371	0.832181	0.000000	0.000000	911.744105	1.495377	4350.755539	10.697416
W1015	1656.817687	0.954962	309.821442	0.024754	1346.996245	0.955283	0.000000	0.000000	1226.249080	1.939861	5851.543157	14.162648
W1016	1518.520843	0.817508	463.225162	0.024213	1055.295682	0.817867	0.000000	0.000000	960.697079	1.549150	4584.354446	11.187768
W1017	1357.730454	0.731471	431.711859	0.024540	926.018595	0.731882	0.000000	0.000000	843.008623	1.365637	4022.756406	9.837004
W1018	1539.226884	0.834018	452.274395	0.042363	1086.952488	0.835093	0.000000	0.000000	989.516113	1.592434	4721.876114	11.513336
W1019	1968.980835	1.034045	415.318157	0.041532	1553.662678	1.034879	0.000000	0.000000	1414.389562	2.210829	6749.331516	16.252722
W1020	1929.112515	1.028249	346.312518	0.037449	1582.799997	1.028931	0.000000	0.000000	1440.914960	2.242551	6875.908174	16.527395
W1021	1963.790385	0.899805	531.693690	0.039549	1432.096695	0.900673	0.000000	0.000000	1303.720972	2.017669	6221.231608	14.918722
W1022	1685.195614	0.895317	442.422790	0.034484	1242.772824	0.895981	0.000000	0.000000	1131.368434	1.795768	5398.781801	13.085558
W1023	1774.984526	0.946040	331.765129	0.027191	1443.219397	0.946431	0.000000	0.000000	1313.846615	2.047934	6269.550205	15.079629
W1024	1059.184448	0.469876	494.602145	0.020436	564.582303	0.470320	0.000000	0.000000	513.972130	0.843534	2452.625776	6.032155
W1025	2195.829398	1.127560	377.294416	0.037855	1818.534982	1.128196	0.000000	0.000000	1655.518237	2.556411	7899.974457	18.926837
W1026	2114.003587	1.059141	499.706199	0.025344	1614.297388	1.059444	0.000000	0.000000	1469.588868	2.291010	7012.737318	16.868133
W1027	1968.596290	1.091910	374.968209	0.025447	1593.628081	1.092207	0.000000	0.000000	1450.772395	2.279752	6922.946911	16.708187
W1028	2004.624708	1.128262	348.727829	0.025015	1655.896879	1.128540	0.000000	0.000000	1507.459305	2.366317	7193.451419	17.353231
W1029	1868.611887	0.943349	490.825173	0.047859	1377.786714	0.944562	0.000000	0.000000	1254.279436	1.971094	5985.301332	14.445577
W1030	981.425287	0.699478	284.088133	0.026456	697.337154	0.699979	0.000000	0.000000	634.826598	1.100869	3029.331719	7.641255
W1031	1582.345836	0.828854	410.543256	0.026903	1171.802580	0.829290	0.000000	0.000000	1066.760090	1.686846	5090.476973	12.318398
W1032	1659.785136	0.823271	376.839839	0.034470	1282.945297	0.823992	0.000000	0.000000	1167.939774	1.813921	5573.296733	13.384653
W1033	1305.731826	0.786389	273.076987	0.026649	1032.654838	0.786840	0.000000	0.000000	940.085802	1.510054	4485.999404	10.929285
W1034	2092.020232	0.959430	598.417994	0.029499	1493.602238	0.959883	0.000000	0.000000	1359.713048	2.111987	6488.420431	15.583075
W1035	1988.232830	0.847752	485.525902	0.025634	1502.706929	0.848139	0.000000	0.000000	1368.001578	2.082849	6527.972500	15.549161
W1036	1911.969876	0.946599	413.154566	0.041919	1498.815310	0.947527	0.000000	0.000000	1364.458811	2.113482	6511.066755	15.619344
W1037	1480.574731	0.993651	327.579973	0.027705	1152.994758	0.994038	0.000000	0.000000	1049.638235	1.738372	5008.773122	12.369036
W1038	1933.508354	0.954436	570.295982	0.053811	1363.212373	0.955951	0.000000	0.000000	1241.011565	1.958813	5921.988320	14.319430
W1039	1553.210498	0.809860	404.658034	0.028804	1148.552464	0.810372	0.000000	0.000000	1045.594156	1.652374	4989.475165	12.070859
W1040	1421.351727	0.842479	292.366766	0.023666	1128.984961	0.842811	0.000000	0.000000	1027.780720	1.643451	4904.471151	11.925349
W1041	1981.968130	1.128153	315.097079	0.023982	1666.871051	1.128408	0.000000	0.000000	1517.449733	2.378999	7241.124781	17.458924
W1042	1670.309019	0.915274	336.945368	0.024030	1333.363651	0.915590	0.000000	0.000000	1213.838536	1.908131	5792.321230	13.981648
W1043	2141.707892	1.230970	281.587509	0.023922	1860.120383	1.231203	0.000000	0.000000	1693.375847	2.643892	8080.627348	19.449197
W1044	1127.962785	0.765511	403.673501	0.026860	724.289285	0.765982	0.000000	0.000000	659.362691	1.164301	3146.415606	8.005428
W1045	2186.254660	1.166556	304.398264	0.031626	1881.856396	1.166984	0.000000	0.000000	1713.163405	2.645244	8175.051681	19.585313
W1046	1892.254868	0.882940	448.183218	0.024520	1444.071651	0.883280	0.000000	0.000000	1314.622472	2.025426	6273.252518	15.015437
W1047	1798.240926	1.122504	474.434620	0.030929	1323.806306	1.122930	0.000000	0.000000	1205.137929	1.987251	5750.802767	14.173796
W1048	2438.663015	1.255373	454.546022	0.024567	1984.116993	1.255614	0.000000	0.000000	1806.257178	2.798286	8619.286248	20.678209
W1049	1747.757658	0.993356	356.095266	0.026672	1391.662392	0.993714	0.000000	0.000000	1266.911273	2.006951	6045.579247	14.640903
W1050	1684.656189	0.933240	294.309616	0.022511	1390.346573	0.933512	0.000000	0.000000	1265.713406	1.981320	6039.863142	14.553231
W1051	2567.197788	1.270984	446.817744	0.033991	2120.380044	1.271439	0.000000	0.000000	1930.305365	2.964859	9211.232314	22.019621
W1052	1649.517231	0.924782	431.805653	0.032705	1217.711578	0.925360	0.000000	0.000000	1108.553723	1.779591	5289.912185	12.884493
W1053	2761.992308	1.270678	409.830006	0.035570	2352.162303	1.271176	0.000000	0.000000	2141.310245	3.241566	10218.127391	24.281952
W1054	2065.227701	1.176614	281.362350	0.028505	1783.865351	1.176959	0.000000	0.000000	1623.956454	2.534053	7749.364651	18.647385
W1055	1645.661303	0.874761	309.485552	0.027944	1336.175751	0.875207	0.000000	0.000000	1216.398554	1.895645	5804.537392	13.959957
W1056	1653.129767	0.882741	381.109220	0.024766	1272.020547	0.883089	0.000000	0.000000	1157.994338	1.824188	5525.838068	13.350356
W1057	1660.086192	0.865718	364.576006	0.026900	1295.510185	0.866136	0.000000	0.000000	1179.378323	1.844730	5627.880396	13.556076
W1058	2137.858147	1.046332	377.689760	0.031669	1760.168386	1.046811	0.000000	0.000000	1602.383728	2.458128	7646.421669	18.269539
W1059	1407.814143	0.733710	476.459414	0.027454	931.354729	0.734224	0.000000	0.000000	847.866416	1.372674	4045.937329	9.891058
W1060	1355.117931	0.832481	415.772576	0.036427	939.345356	0.833278	0.000000	0.000000	855.140749	1.427474	4080.649749	10.113050
W1061	803.193489	0.609843	312.407259	0.027249	490.786231	0.610451	0.000000	0.000000	446.791271	0.841427	2132.045149	5.601285
W1062	1877.026978	0.918509	565.761115	0.035006	1311.265862	0.919175	0.000000	0.000000	1193.721633	1.884030	5696.325296	13.773336
W1063	1797.389635	1.031194	543.415820	0.022602	1253.973815	1.031442	0.000000	0.000000	1141.565347	1.867486	5447.440497	13.378535
W1064	1292.707647	0.791825	376.512184	0.027737	916.195463	0.792310	0.000000	0.000000	834.066054	1.382500	3980.083323	9.832397
W1065	1763.858110	0.857960	473.635675	0.026634	1290.222436	0.858373	0.000000	0.000000	1174.564577	1.835559	5604.909659	13.495660
W1066	1971.624662	1.036322	452.213223	0.028474	1519.411439	1.036713	0.000000	0.000000	1383.208666	2.171747	6600.539268	15.924374
W1067	1453.459424	0.798453	329.109413	0.025043	1124.350011	0.798845	0.000000	0.000000	1023.561254	1.619817	4884.336267	11.823553
W1068	1455.729009	0.916822	312.604737	0.023656	1143.124272	0.917128	0.000000	0.000000	1040.652557	1.691911	4965.894329	12.162598
W1069	1920.844375	0.999870	268.677933	0.031488	1652.166442	1.000365	0.000000	0.000000	1504.063271	2.313625	7177.245870	17.167936
W1070	1418.593869	0.838014	359.474295	0.026223	1059.119575	0.838424	0.000000	0.000000	964.178192	1.562524	4600.965980	11.252813
W1071	1120.723511	0.750053	292.455989	0.029598	828.267521	0.750637	0.000000	0.000000	754.020131	1.266424	3598.111846	8.942127
W1072	2169.718564	1.180114	368.136295	0.031183	1801.582270	1.180526	0.000000	0.000000	1640.085196	2.556103	7826.329465	18.822942
W1073	2133.376454	1.122311	498.966912	0.025166	1634.409542	1.122593	0.000000	0.000000	1487.898132	2.339059	7100.107371	17.138763
W1074	1760.834070	0.845172	395.327152	0.028314	1365.506917	0.845646	0.000000	0.000000	1243.100422	1.919018	5931.956149	14.210157
W1075	1009.623874	0.609237	337.628769	0.023957	671.995105	0.609708	0.000000	0.000000	611.756256	1.027825	2919.242259	7.256085
W1076	1731.703361	0.849317	429.942978	0.026610	1301.760383	0.849734	0.000000	0.000000	1185.068242	1.845700	5655.032142	13.596933
W1077	1841.291551	1.019731	360.831691	0.022827	1480.459859	1.019987	0.000000	0.000000	1347.748776	2.119985	6431.328069	15.528294
W1078	1689.809958	0.994507	395.976309	0.024276	1293.833649	0.994803	0.000000	0.000000	1177.852075	1.895857	5620.597284	13.705734
W1079	2384.497252	1.158486	356.654504	0.023359	2027.842749	1.158721	0.000000	0.000000	1846.063279	2.815536	8809.237147	20.997662
W1080	2253.365736	1.121808	523.963115	0.028090	1729.402621	1.122160	0.000000	0.000000	1574.375860	2.449474	7512.770810	18.055768
W1081	2190.022979	1.040657	705.276721	0.028388	1484.746258	1.041044	0.000000	0.000000	1351.650934	2.133393	6449.948794	15.595878
W1082	1998.944858	1.072010	544.906793	0.033065	1454.038065	1.072520	0.000000	0.000000	1323.695479	2.111149	6316.548040	15.341672
W1083	1419.542534	0.938880	240.412753	0.025331	1179.129781	0.939222	0.000000	0.000000	1073.430468	1.742159	5122.307376	12.536054
W1084	2192.925395	1.055585	463.825375	0.032319	1729.100020	1.056079	0.000000	0.000000	1574.100385	2.424644	7511.456268	17.977447
W1085	1679.471713	0.958819	300.180458	0.025012	1379.291256	0.959145	0.000000	0.000000	1255.649108	1.978660	5991.837273	14.478184
W1086	2125.500397	1.140071	363.764480	0.032570	1761.735917	1.140537	0.000000	0.000000	1603.810742	2.494283	7653.231247	18.390292
W1087	1971.804951	1.022754	302.426940	0.033314	1669.378011	1.023297	0.000000	0.000000	1519.731965	2.342234	7252.015375	17.360620
W1088	2791.716020	1.430589	330.948778	0.028169	2460.767242	1.430866	0.000000	0.000000	2240.179642	3.425137	10689.922684	25.506465
W1089	1749.639297	0.833432	534.900714	0.036466	1214.738583	0.834230	0.000000	0.000000	1105.847233	1.738409	5276.997075	12.737866
W1090	2173.625420	1.011183	492.634876	0.036801	1680.990545	1.011852	0.000000	0.000000	1530.303530	2.351857	7302.461870	17.460909
W1091	1416.090504	0.763172	471.009040	0.027198	945.081465	0.763656	0.000000	0.000000	860.362663	1.401233	4105.568221	10.063200
W1092	1436.813733	0.896498	303.419885	0.028060	1133.393848	0.896937	0.000000	0.000000	1031.794386	1.671975	4923.623982	12.041554
W1093	1161.490757	0.713146	404.264709	0.032743	757.226047	0.713898	0.000000	0.000000	689.346943	1.171572	3289.497585	8.219703
W1094	1654.406058	0.939645	400.922641	0.027048	1253.483417	0.940034	0.000000	0.000000	1141.118910	1.826505	5445.310140	13.246137
W1095	1874.031724	0.948768	625.065149	0.035962	1248.966575	0.949450	0.000000	0.000000	1137.006966	1.825413	5425.688337	13.215657
W1096	1743.577248	0.871224	581.053251	0.032620	1162.523997	0.871835	0.000000	0.000000	1058.313256	1.693970	5050.169491	12.284946
W1097	1424.441789	0.712452	415.790466	0.030918	1008.651323	0.713123	0.000000	0.000000	918.234005	1.451698	4381.724722	10.602401
W1098	917.233405	0.522491	303.057185	0.028276	614.176220	0.523256	0.000000	0.000000	559.120359	0.923047	2668.068800	6.579301
W1099	1459.049822	0.789378	418.051659	0.085066	1040.998163	0.793948	0.000000	0.000000	947.681216	1.522579	4522.243994	11.018608
W1100	1580.226899	0.840333	384.239438	0.023849	1195.987460	0.840672	0.000000	0.000000	1088.776994	1.719331	5195.539532	12.565375
W1101	1930.484686	1.322828	361.313703	0.026537	1569.170983	1.323094	0.000000	0.000000	1428.507675	2.351860	6816.701800	16.788996
W1102	1805.824325	0.789857	551.645613	0.025926	1254.178711	0.790282	0.000000	0.000000	1141.751877	1.767559	5448.330597	13.066996
W1103	1260.515710	0.781858	423.303079	0.034614	837.212630	0.782624	0.000000	0.000000	762.163385	1.291961	3636.970672	9.077045
W1104	1294.306325	0.732534	467.032422	0.038534	827.273904	0.733547	0.000000	0.000000	753.115584	1.257013	3593.795431	8.905994
W1105	1625.214755	0.835394	375.271091	0.027124	1249.943664	0.835835	0.000000	0.000000	1137.896466	1.779910	5429.932947	13.079470
W1106	1606.897321	0.810745	522.267915	0.031787	1084.629406	0.811368	0.000000	0.000000	987.401276	1.579593	4711.784312	11.459054
W1107	1989.343712	0.870313	584.926591	0.032060	1404.417121	0.870903	0.000000	0.000000	1278.522645	1.974125	6100.987605	14.616380
W1108	1068.487294	0.568441	557.834497	0.026411	510.652797	0.569054	0.000000	0.000000	464.876962	0.836960	2218.348338	5.697673
W1109	1139.460520	0.686392	334.838051	0.023115	804.622468	0.686781	0.000000	0.000000	732.494664	1.209867	3495.394375	8.621349
W1110	1457.644262	0.835849	467.822986	0.025650	989.821276	0.836242	0.000000	0.000000	901.091917	1.484303	4299.924319	10.592820
W1111	1805.069143	0.950783	330.347083	0.022415	1474.722061	0.951047	0.000000	0.000000	1342.525324	2.086534	6406.402255	15.389933
W1112	1003.262348	0.545415	504.039432	0.025323	499.222916	0.546002	0.000000	0.000000	454.471676	0.812448	2168.695307	5.550849
W1113	2431.708399	1.198854	615.870054	0.024626	1815.838345	1.199107	0.000000	0.000000	1653.063331	2.579877	7888.259882	18.982865
W1114	1214.858404	0.767909	339.556445	0.034519	875.301959	0.768685	0.000000	0.000000	796.838318	1.326400	3802.436129	9.411509
W1115	1319.282454	0.779196	514.749343	0.030197	804.533110	0.779781	0.000000	0.000000	732.413316	1.255616	3495.006192	8.768523
W1116	2715.932463	2.347141	462.679885	0.028491	2253.252578	2.347314	0.000000	0.000000	2051.266966	3.602781	9788.449488	24.840795
W1117	2252.893940	1.049535	428.533634	0.031645	1824.360307	1.050012	0.000000	0.000000	1660.821369	2.535600	7925.280495	18.898568
W1118	2046.200773	0.861358	574.061894	0.029628	1472.138879	0.861867	0.000000	0.000000	1340.173703	2.051102	6395.180548	15.265310
W1119	2201.946501	1.428466	482.286682	0.025475	1719.659819	1.428693	0.000000	0.000000	1565.506421	2.567539	7470.446692	18.367659
W1120	2253.764903	1.335302	379.233658	0.037885	1874.531245	1.335839	0.000000	0.000000	1706.494894	2.702214	8143.230181	19.717484
W1121	1606.102187	0.861057	385.141377	0.036346	1220.960810	0.861824	0.000000	0.000000	1111.511688	1.756692	5304.027314	12.832304
W1122	1486.561955	0.829875	382.024227	0.025182	1104.537728	0.830257	0.000000	0.000000	1005.524980	1.610291	4798.268893	11.674737
W1123	2146.499595	0.997666	499.475899	0.032679	1647.023696	0.998201	0.000000	0.000000	1499.381531	2.306764	7154.905052	17.115541
W1124	1016.981066	0.589377	321.785366	0.029435	695.195700	0.590112	0.000000	0.000000	632.877107	1.043793	3020.028938	7.443964
W1125	1169.141483	0.714576	313.146453	0.030674	855.995029	0.715234	0.000000	0.000000	779.262096	1.279926	3718.564083	9.148864
W1126	1829.849865	1.025134	477.855132	0.035240	1351.994733	1.025739	0.000000	0.000000	1230.799494	1.975118	5873.257299	14.303075
W1127	2005.568469	1.008721	490.699740	0.040052	1514.868728	1.009516	0.000000	0.000000	1379.073172	2.155811	6580.805087	15.847476
W1128	1979.286507	1.023339	329.153854	0.027372	1650.132653	1.023705	0.000000	0.000000	1502.211795	2.319673	7168.410802	17.174132
W1129	1995.575468	0.948359	609.780170	0.028315	1385.795297	0.948782	0.000000	0.000000	1261.570115	1.982047	6020.091756	14.527977
W1130	1573.455529	0.857138	475.217960	0.025106	1098.237569	0.857506	0.000000	0.000000	999.789579	1.614977	4770.900110	11.651820
W1131	1637.451531	0.767775	626.317072	0.029837	1011.134460	0.768355	0.000000	0.000000	920.494549	1.477684	4392.511820	10.698687
W1132	1198.359983	0.705842	369.528759	0.027053	828.831224	0.706360	0.000000	0.000000	754.533303	1.245758	3600.560652	8.879111
W1133	1290.804459	0.864481	384.241227	0.025145	906.563231	0.864846	0.000000	0.000000	825.297273	1.407775	3938.239540	9.857493
W1134	1730.117150	0.965635	520.235550	0.025232	1209.881600	0.965964	0.000000	0.000000	1101.425638	1.788599	5255.897648	12.866176
W1135	1162.623418	0.779373	340.074987	0.026408	822.548432	0.779821	0.000000	0.000000	748.813711	1.274833	3573.267309	8.935906
W1136	1521.250320	0.917468	453.082064	0.042516	1068.168256	0.918453	0.000000	0.000000	972.415733	1.609318	4640.274739	11.455323
W1137	1578.020245	0.926507	414.802710	0.043914	1163.217535	0.927547	0.000000	0.000000	1058.944624	1.719095	5053.182318	12.368295
W1138	1817.251262	1.261221	291.922857	0.027359	1525.328406	1.261517	0.000000	0.000000	1388.595225	2.274756	6626.243413	16.283622
W1139	1151.891590	0.885715	319.522387	0.029775	832.369203	0.886216	0.000000	0.000000	757.754131	1.341281	3615.930135	9.210755
W1140	1542.439105	1.032353	433.463134	0.028180	1108.975971	1.032738	0.000000	0.000000	1009.565371	1.709368	4817.549253	12.017114
W1141	1750.489544	0.930772	470.881961	0.025662	1279.607583	0.931126	0.000000	0.000000	1164.901259	1.852558	5558.797230	13.484549
W1142	1491.194697	0.944771	277.083990	0.027916	1214.110707	0.945183	0.000000	0.000000	1105.275640	1.784142	5274.269491	12.877304
W1143	1813.947377	1.090680	330.529271	0.024282	1483.418107	1.090950	0.000000	0.000000	1350.441840	2.152443	6444.179115	15.647394
W1144	1747.841068	1.087798	490.254984	0.026981	1257.586083	1.088132	0.000000	0.000000	1144.853806	1.897926	5463.132705	13.497024
W1145	1723.667066	0.959095	338.221723	0.025851	1385.445343	0.959443	0.000000	0.000000	1261.251532	1.985891	6018.571504	14.537814
W1146	1755.219226	1.088285	335.556878	0.022439	1419.662349	1.088516	0.000000	0.000000	1292.401263	2.078916	6167.215040	15.034501
W1147	1397.048374	0.661179	680.507618	0.036248	716.540756	0.662172	0.000000	0.000000	652.308754	1.101919	3112.754897	7.756338
W1148	1677.667683	0.868254	419.981867	0.029290	1257.685816	0.868748	0.000000	0.000000	1144.944598	1.801873	5463.565959	13.194440
W1149	1692.509188	0.863396	404.993086	0.024059	1287.516102	0.863731	0.000000	0.000000	1172.100844	1.834493	5593.152960	13.475978
W1150	838.428236	0.458732	514.554167	0.029755	323.874070	0.459696	0.000000	0.000000	294.841416	0.590729	1406.954995	3.819469
W1151	1676.992982	0.934027	420.073254	0.030516	1256.919728	0.934526	0.000000	0.000000	1144.247184	1.828075	5460.237962	13.271663
W1152	2285.848438	1.164204	303.153558	0.027619	1982.694880	1.164532	0.000000	0.000000	1804.962546	2.763760	8613.108387	20.563519
W1153	1951.377870	1.050141	450.117170	0.030848	1501.260700	1.050594	0.000000	0.000000	1366.684992	2.156302	6521.689878	15.766792
W1154	2557.676305	1.199380	448.291349	0.033267	2109.384957	1.199842	0.000000	0.000000	1920.295897	2.926889	9163.468090	21.836318
W1155	1725.554173	1.014012	275.564705	0.025867	1449.989468	1.014342	0.000000	0.000000	1320.009805	2.082510	6298.960357	15.227855
W1156	2007.195221	1.156101	274.497735	0.027581	1732.697485	1.156430	0.000000	0.000000	1577.375367	2.466484	7527.084170	18.128352
