# Online RefPMT LMS + Module Gain Results (Run: 1400)
# Trigger Condition: 1200 LMS events per fit
# Fit Event Absolute Time Range:
#   Start Time (UTC): 2016-06-17 08:04:20.537377 UTC
#   End Time (UTC):   2016-06-17 08:03:04.269482 UTC
#   Start Time (EDT): 2016-06-17 04:04:20.537377 EDT
#   End Time (EDT):   2016-06-17 04:03:04.269482 EDT
#   Average Time (UTC): 2016-06-17 08:03:42.403429 (UTC)
#   Average Time (seconds since epoch, UTC): 1466150622.403430
#   Average Time (EDT): 2016-06-17 04:03:42.403429 (EDT)
#   Average Time (seconds since epoch, EDT): 1466136222.403430
# Formula: Module Gain = (Module LMS Mean - Module Pedestal Mean) × RefPMT Alpha Signal / RefPMT LMS Signal
# Reference PMT Params:
# RefPMT1: AlphaSignal=4707.572755, AlphaError=14.810367, LMSSignal=2352.661435, LMSError=0.944189, Valid=Yes
# RefPMT2: AlphaSignal=1990.353796, AlphaError=2.889805, LMSSignal=2351.758333, LMSError=0.784419, Valid=Yes
# RefPMT3: AlphaSignal=5444.631768, AlphaError=4.047207, LMSSignal=1322.894546, LMSError=0.861313, Valid=Yes
# Note: -1.0 = Fit failed / Invalid data

# G module
# module name	LMS_Mean	LMS_Err	Pedestal_Mean	Pedestal_Err	module signal(LMS-Pedestal)	signal error	gain1(RefPMT1)	gain1 error	gain2(RefPMT2)	gain2 error	gain3(RefPMT3)	gain3 error
G1	3093.222204	2.358372	622.522363	0.051599	2470.699840	2.358936	4943.762448	16.374540	2091.017064	3.699893	10168.649408	13.972317
G2	3011.930005	2.572652	663.455727	0.048359	2348.474279	2.573106	4699.194438	15.768082	1987.574416	3.675525	9665.606155	14.260980
G3	4469.047699	3.408102	678.900812	0.064846	3790.146886	3.408719	7583.918346	25.001285	3207.699165	5.581890	15599.092315	20.842835
G4	3345.922046	2.651575	590.845666	0.043832	2755.076380	2.651937	5512.787480	18.271683	2331.692271	4.135590	11339.056789	15.642105
G5	3431.128788	3.251880	538.215177	0.038261	2892.913611	3.252105	5788.593757	19.478063	2448.347479	4.569316	11906.352926	17.820603
G6	2941.530438	2.641531	509.773859	0.043657	2431.756579	2.641891	4865.838683	16.312634	2058.058377	3.794634	10008.370784	14.698183
G7	2356.833395	2.108896	536.816743	0.047775	1820.016651	2.109437	3641.773812	12.297212	1540.327082	2.907348	7490.635222	11.408878
G8	4486.194610	3.278410	543.762026	0.044502	3942.432584	3.278713	7888.635374	25.865193	3336.582483	5.692681	16225.853949	20.956480
G9	3151.273015	2.128028	643.844198	0.042603	2507.428817	2.128454	5017.255525	16.472652	2122.101745	3.638549	10319.814710	13.443606
G10	3457.993412	2.195409	598.495444	0.047599	2859.497968	2.195925	5721.730516	18.671236	2420.066958	4.056060	11768.824300	14.728410
G11	3614.626534	2.566282	451.631215	0.068383	3162.995319	2.567193	6329.015457	20.719758	2676.924601	4.541338	13017.927128	16.646717
G12	2516.505747	2.042927	511.871271	0.053244	2004.634477	2.043621	4011.186015	13.362797	1696.573914	3.062565	8250.466063	11.713732
G13	2131.649209	1.865280	607.636786	0.054214	1524.012423	1.866068	3049.482282	10.367388	1289.811061	2.487211	6272.371808	9.869222
G14	1985.835307	1.589645	435.154680	0.047861	1550.680627	1.590366	3102.844193	10.342612	1312.381051	2.373604	6382.130028	9.089328
G15	3628.261173	2.162850	528.203660	0.057878	3100.057514	2.163624	6203.079659	20.144204	2623.658712	4.316208	12758.894257	15.435456
G16	2881.089685	2.087047	378.399720	0.044108	2502.689964	2.087513	5007.773288	16.422576	2118.091132	3.616306	10300.311033	13.319688
G17	3798.905224	3.992549	310.716901	0.050208	3488.188323	3.992864	6979.712453	23.534297	2952.143837	5.546242	14356.322670	21.709668
G18	3167.398884	3.892757	380.928532	0.067096	2786.470352	3.893335	5575.605447	19.323383	2358.261801	4.816589	11468.264835	19.626177
G19	3110.810285	2.611343	562.368582	0.054247	2548.441703	2.611907	5099.320519	16.996324	2156.812010	3.900020	10488.611280	14.932513
G20	2610.711127	2.380381	443.737407	0.051241	2166.973720	2.380933	4336.019749	14.553830	1833.965807	3.394820	8918.605035	13.179280
G21	3114.372563	2.064815	471.024104	0.051652	2643.348459	2.065461	5289.224791	17.276744	2237.134048	3.763333	10879.218634	13.705295
G22	4308.442101	3.161322	531.210447	0.050559	3777.231654	3.161726	7558.075531	24.791742	3196.768670	5.462576	15545.937146	20.132506
G23	795.561501	0.854607	392.128871	0.049719	403.432630	0.856052	807.251069	3.080420	341.435451	0.885222	1660.406055	3.886558
G24	3257.320868	2.385653	521.994617	0.041776	2735.326250	2.386018	5473.268334	18.003427	2314.977227	3.996394	11257.771261	14.838768
G25	3186.494780	2.698374	371.051674	0.085852	2815.443106	2.699740	5633.578662	18.666058	2382.782191	4.221479	11587.507883	15.955278
G26	3945.527711	2.943875	390.747430	0.093736	3554.780282	2.945367	7112.960053	23.316364	3008.502331	5.128417	14630.394926	18.866865
G27	2116.610406	2.337500	413.562102	0.113811	1703.048304	2.340269	3407.725258	11.778692	1441.333749	2.921186	7009.229063	11.863604
G28	1851.213086	2.203972	517.407762	0.086017	1333.805324	2.205649	2668.886186	9.546036	1128.833882	2.512472	5489.537215	10.575056
G29	3764.113861	4.357907	330.246032	0.068037	3433.867828	4.358438	6871.019516	23.472186	2906.171000	5.687695	14132.756028	22.733351
G30	3441.228686	2.670184	431.404399	0.083489	3009.824286	2.671489	6022.526912	19.834746	2547.292002	4.417254	12387.521725	16.453859
G31	2203.975391	2.382040	539.572789	0.043032	1664.402602	2.382428	3330.396897	11.588513	1408.626894	2.910167	6850.175103	11.914917
G32	3162.445266	2.228451	556.956579	0.044617	2605.488687	2.228897	5213.469042	17.125793	2205.092345	3.788074	10723.399324	14.015597
G33	2357.082377	1.402747	730.922686	0.042588	1626.159691	1.403394	3253.874503	10.695118	1376.260931	2.369436	6692.778909	8.780683
G34	1098.925430	0.972454	644.916129	0.046549	454.009301	0.973568	908.452777	3.477986	384.239793	1.003273	1868.564256	4.411877
G35	3222.582461	1.900396	705.256168	0.051002	2517.326293	1.901080	5037.059942	16.422023	2130.478234	3.558348	10360.549710	12.885396
G36	2324.167800	1.708347	624.548318	0.039338	1699.619482	1.708800	3400.864335	11.315055	1438.431849	2.585224	6995.117074	9.861113
G37	2584.381329	2.144332	490.852076	0.049367	2093.529253	2.144900	4189.060579	13.961905	1771.807858	3.203475	8616.329937	12.264700
G38	2507.733620	2.387379	347.411317	0.038829	2160.322303	2.387695	4322.710554	14.518398	1828.336541	3.391482	8891.229825	13.181941
G39	2992.448461	2.629802	468.964639	0.039033	2523.483822	2.630091	5049.380889	16.857005	2135.689511	3.882938	10385.892230	14.916463
G40	3853.216170	4.041563	462.487417	0.045745	3390.728754	4.041822	6784.700112	22.987775	2869.661287	5.475112	13955.208712	21.607496
G41	3543.667428	2.994686	291.147724	0.039383	3252.519704	2.994945	6508.149841	21.493380	2752.691400	4.820879	13386.382281	18.080773
G42	2673.832229	2.699535	378.009135	0.048001	2295.823094	2.699961	4593.841717	15.539066	1943.014358	3.687805	9448.909884	14.514191
G43	2897.592578	2.438557	381.744151	0.063777	2515.848426	2.439391	5034.102796	16.695457	2129.227478	3.784653	10354.467262	14.334877
G44	1118.005883	1.627401	255.288861	0.035467	862.717022	1.627787	1726.259073	6.370553	730.139689	1.755276	3550.680981	7.562643
G45	2097.138033	1.984571	323.197331	0.043286	1773.940701	1.985043	3549.577849	11.937882	1501.331816	2.797254	7301.000619	10.899360
G46	2730.686952	2.169346	320.036215	0.044332	2410.650738	2.169799	4823.606817	15.902546	2040.195958	3.551020	9921.505558	13.261534
G47	2469.831436	2.344572	235.801949	0.032982	2234.029487	2.344804	4470.195410	14.933710	1890.716834	3.445522	9194.586186	13.254531
G48	4479.167932	4.746318	207.676175	0.035934	4271.491757	4.746454	8547.068405	28.723224	3615.073757	6.718624	17580.161466	26.141955
G49	2144.482209	1.752545	430.047934	0.049562	1714.434275	1.753246	3430.508089	11.431690	1450.969991	2.621831	7056.090259	10.034172
G50	3594.653326	2.598398	344.933583	0.047263	3249.719743	2.598828	6502.547242	21.268770	2750.321721	4.650252	13374.858494	17.002358
G51	2673.278998	2.188432	379.841912	0.054379	2293.437086	2.189108	4589.067420	15.199396	1940.995019	3.434174	9439.089803	12.968189
G52	2265.561491	1.860145	538.737625	0.044432	1726.823866	1.860676	3455.299119	11.573897	1461.455621	2.686979	7107.082049	10.390680
G53	2926.013266	2.824895	325.799648	0.037616	2600.213618	2.825145	5202.913859	17.442827	2200.627918	4.057623	10701.688742	15.717113
G54	1583.364284	1.240533	377.322921	0.046902	1206.041363	1.241419	2413.236081	8.046746	1020.703943	1.848238	4963.699592	7.082609
G55	1686.160304	1.704228	231.360226	0.104299	1454.800079	1.707417	2910.991404	9.844264	1231.234867	2.335039	5987.514840	9.186300
G56	2603.382719	2.402351	390.765181	0.088458	2212.617538	2.403979	4427.351035	14.842718	1872.595348	3.452760	9106.461113	13.374147
G57	996.238004	0.882169	603.389489	0.088418	392.848514	0.886589	786.072715	3.059841	332.477840	0.899076	1616.845052	3.983385
G58	1832.555765	2.024974	580.558644	0.094119	1251.997121	2.027160	2505.191546	8.920894	1059.597488	2.331331	5152.839523	9.774218
G59	3359.042979	2.810276	601.219131	0.112509	2757.823848	2.812527	5518.285043	18.384176	2334.017525	4.213755	11350.364532	16.118021
G60	3113.356754	3.072127	507.237388	0.079470	2606.119365	3.073155	5214.731002	17.645041	2205.626105	4.190580	10725.995004	16.501973
G61	2577.464680	2.382142	492.145448	0.038418	2085.319232	2.382451	4172.632685	14.066239	1764.859505	3.313313	8582.539986	12.964292
G62	4173.394872	3.386311	482.048799	0.041141	3691.346073	3.386561	7386.222235	24.386305	3124.081486	5.465771	15192.458205	20.485290
G63	2895.601989	2.331325	527.092102	0.053367	2368.509886	2.331936	4739.284814	15.738560	2004.531068	3.579441	9748.066626	13.597823
G64	3695.358861	2.795649	576.347650	0.035048	3119.011212	2.795869	6241.005180	20.569168	2639.699716	4.589440	12836.901916	17.126499
G65	4179.749380	3.159016	681.637240	0.056139	3498.112140	3.159515	6999.569576	23.082262	2960.542619	5.157688	14397.166083	19.274153
G66	4144.337693	2.914933	589.806805	0.046566	3554.530888	2.915305	7112.461026	23.299700	3008.291262	5.115823	14629.368497	18.786826
G67	2544.377741	2.003245	394.340132	0.033939	2150.037609	2.003532	4302.131330	14.221261	1819.632339	3.197401	8848.901150	12.018954
G68	2412.782382	1.714780	369.406968	0.035773	2043.375414	1.715153	4088.704939	13.414059	1729.361370	2.957070	8409.911985	10.903760
G69	4294.704988	3.034191	524.998290	0.037740	3769.706698	3.034426	7543.018422	24.681678	3190.400106	5.402267	15514.966713	19.774162
G70	3664.284531	2.250826	459.355648	0.038598	3204.928883	2.251157	6412.922686	20.831845	2712.414059	4.467382	13190.512928	15.991741
G71	2538.610040	2.100574	363.630359	0.044653	2174.979681	2.101048	4352.039328	14.428839	1840.741458	3.268264	8951.555137	12.370107
G72	2546.058226	2.088135	455.659829	0.047728	2090.398397	2.088680	4182.795874	13.908784	1769.158134	3.173476	8603.444287	12.090266
G73	3271.131041	2.882474	310.438141	0.035823	2960.692901	2.882697	5924.217156	19.654518	2505.710842	4.459382	12185.311879	16.904095
G74	3574.422452	4.695388	294.639887	0.039940	3279.782565	4.695558	6562.701634	22.836420	2775.764663	5.735131	13498.587927	23.481851
G75	2565.637557	2.007871	388.935421	0.037207	2176.702135	2.008216	4355.485883	14.386310	1842.199216	3.228038	8958.644234	12.111225
G76	4081.338579	3.971561	260.237443	0.033943	3821.101137	3.971706	7645.856449	25.518406	3233.896546	5.874364	15726.490599	22.554456
G77	5426.067307	6.054951	252.764295	0.036185	5173.303013	6.055059	10351.553332	34.994951	4378.299905	8.294792	21291.742429	32.614606
G78	2628.674135	2.694918	368.509530	0.041700	2260.164606	2.695241	4522.490640	15.323763	1912.835659	3.650125	9302.150389	14.406360
G79	2356.597060	2.028332	371.460771	0.046245	1985.136290	2.028860	3972.170994	13.235959	1680.072095	3.035224	8170.217453	11.614926
G80	2396.362384	1.969551	524.256745	0.036459	1872.105639	1.969889	3746.001600	12.517493	1584.411336	2.889747	7705.017656	11.122087
G81	2306.186333	1.653170	614.771757	0.042844	1691.414576	1.653725	3384.446676	11.232473	1431.487825	2.550786	6961.348175	9.677005
G82	4406.368477	3.122332	500.338959	0.038045	3906.029518	3.122564	7815.794430	25.563638	3305.773628	5.588963	16076.029997	20.433233
G83	2956.738846	2.993115	334.864281	0.039570	2621.874565	2.993377	5246.256467	17.684089	2218.960136	4.164761	10790.838614	16.293539
G84	4092.468125	2.715647	560.843164	0.035681	3531.624960	2.715882	7066.627266	23.061716	2988.905384	5.010915	14535.094663	18.199942
G85	2722.145087	2.174233	370.647118	0.080223	2351.497968	2.175712	4705.244709	15.545061	1990.133442	3.490038	9678.050743	13.101307
G86	2357.564357	2.821254	360.435437	0.098269	1997.128920	2.822965	3996.167723	13.875886	1690.221767	3.471049	8219.575472	14.176032
G87	2153.415602	1.981192	498.907580	0.096546	1654.508022	1.983543	3310.598275	11.224897	1400.252856	2.677588	6809.452020	10.579344
G88	2806.524166	2.492847	475.421136	0.068826	2331.103030	2.493797	4664.435329	15.612483	1972.872680	3.618346	9594.111378	13.972260
G89	3212.571216	4.459353	627.087198	0.082136	2585.484017	4.460109	5173.440572	18.677957	2188.161877	4.987428	10641.066185	21.154818
G90	2409.393222	2.038834	545.273583	0.076482	1864.119639	2.040268	3730.021963	12.514630	1577.652579	2.916396	7672.149710	11.313180
G91	3379.290902	2.270645	644.752818	0.050371	2734.538083	2.271204	5471.691246	17.939031	2314.310181	3.947317	11254.527405	14.527910
G92	2960.882929	2.583279	642.207609	0.066004	2318.675320	2.584122	4639.568023	15.596754	1962.354787	3.650904	9542.962699	14.213990
G93	2296.279453	2.003267	568.399942	0.052466	1727.879511	2.003954	3457.411419	11.675572	1462.349041	2.760845	7111.426763	10.835404
G94	2301.041613	1.969088	604.037398	0.059338	1697.004215	1.969982	3395.631300	11.468204	1436.218481	2.712466	6984.353431	10.647539
G95	3250.005419	2.337198	602.894926	0.052230	2647.110493	2.337782	5296.752457	17.438131	2240.317954	3.879844	10894.702023	14.438690
G96	2770.007187	1.697078	645.347894	0.047367	2124.659293	1.697739	4251.350429	13.904803	1798.154014	3.039776	8744.451716	11.112558
G97	3514.349642	3.217781	544.986059	0.036947	2969.363583	3.217993	5941.566813	19.913835	2513.049065	4.629576	12220.997773	17.923396
G98	3605.140300	3.014214	431.660632	0.037371	3173.479668	3.014446	6349.994182	21.023298	2685.797777	4.745255	13061.077522	17.902471
G99	3757.909741	3.551859	646.933935	0.059794	3110.975806	3.552362	6224.926684	20.983386	2632.899145	4.941981	12803.830627	19.334851
G100	2514.476332	2.185498	495.965911	0.065847	2018.510421	2.186490	4038.951174	13.536335	1708.317484	3.146573	8307.575233	12.180803
G101	3950.538291	2.394644	650.362869	0.058722	3300.175422	2.395364	6603.506851	21.484920	2793.023665	4.628428	13582.518729	16.653349
G102	3161.617128	2.190920	441.182000	0.039026	2720.435127	2.191268	5443.471847	17.812420	2302.374485	3.899169	11196.483926	14.273940
G103	3530.347459	2.898843	499.587099	0.045878	3030.760359	2.899206	6064.419080	20.089536	2565.010741	4.541121	12473.688237	17.155436
G104	2194.042351	2.191487	376.486638	0.051532	1817.555713	2.192092	3636.849582	12.340359	1538.244326	2.948408	7480.506749	11.663491
G105	3477.551711	2.744727	534.163460	0.046375	2943.388252	2.745118	5889.591310	19.470114	2491.065471	4.378253	12114.091205	16.460355
G106	2683.288919	2.318766	446.205505	0.043849	2237.083414	2.319180	4476.306184	14.936101	1893.301451	3.436237	9207.155221	13.186512
G107	2355.704563	1.866334	364.776775	0.033630	1990.927788	1.866637	3983.759530	13.175274	1684.973590	2.965899	8194.053501	11.161676
G108	2212.386353	1.894271	393.551539	0.038569	1818.834814	1.894664	3639.409007	12.149282	1539.326862	2.798190	7485.771138	10.748224
G109	3792.622572	3.133550	518.594530	0.051364	3274.028042	3.133971	6551.187086	21.703236	2770.894462	4.906561	13474.904061	18.538328
G110	3878.088436	3.293510	600.335804	0.046760	3277.752632	3.293842	6558.639827	21.820349	2774.046678	4.984895	13490.233339	19.012628
G111	2267.345573	2.254502	390.614229	0.037611	1876.731344	2.254816	3755.257434	12.735995	1588.326190	3.039803	7724.055654	12.015724
G112	2015.586457	1.459544	583.264217	0.044409	1432.322240	1.460220	2866.014232	9.547817	1212.211292	2.188239	5895.002891	8.369647
G113	2753.711978	2.358741	523.553949	0.034130	2230.158029	2.358988	4462.448792	14.919342	1887.440319	3.448469	9178.652443	13.286341
G114	3276.393806	2.628137	511.237415	0.039412	2765.156391	2.628433	5532.957142	18.319347	2340.223245	4.135536	11380.543050	15.604279
G115	2418.411771	2.098738	530.893063	0.076427	1887.518709	2.100129	3776.842480	12.694241	1597.455816	2.970258	7768.453168	11.560203
G116	2369.203801	2.011655	519.072455	0.091938	1850.131346	2.013755	3702.032000	12.413426	1565.813925	2.888908	7614.578149	11.194105
G117	2396.487412	1.787672	368.293779	0.106081	2028.193634	1.790817	4058.326859	13.360749	1716.512637	2.972543	8347.428391	11.061783
G118	1890.122458	1.400438	450.891110	0.099290	1439.231347	1.403953	2879.839053	9.555867	1218.058648	2.168985	5923.438675	8.224920
G119	1747.295762	1.463097	513.178180	0.089102	1234.117581	1.465807	2469.415368	8.363104	1044.465572	1.989974	5079.252773	7.847702
G120	2482.278273	1.880258	368.044651	0.070810	2114.233622	1.881591	4230.489118	13.935512	1789.330501	3.105051	8701.542827	11.571730
G121	2779.338224	1.743216	626.745003	0.058690	2152.593221	1.744204	4307.244999	14.099497	1821.795219	3.089453	8859.419272	11.321406
G122	1893.368287	1.240588	672.316639	0.052099	1221.051647	1.241682	2443.271005	8.137565	1033.407535	1.863964	5025.477361	7.125796
G123	2600.002978	1.685650	639.586195	0.057209	1960.416783	1.686620	3922.708342	12.890750	1659.151338	2.854252	8068.479480	10.571377
G124	2133.303917	1.386369	664.141126	0.052880	1469.162791	1.387377	2939.730563	9.728066	1243.390401	2.193111	6046.627396	8.264711
G125	1922.560595	1.475251	539.992856	0.050568	1382.567739	1.476118	2766.457648	9.257819	1170.102773	2.144574	5690.228490	8.277996
G126	3163.170678	2.500018	584.611744	0.040845	2578.558934	2.500352	5159.583783	17.111703	2182.301000	3.879061	10612.564648	14.692640
G127	2320.734025	1.481589	412.382925	0.038822	1908.351100	1.482098	3818.527185	12.468532	1615.086807	2.713368	7854.192958	9.871403
G128	2263.735289	1.670900	309.161937	0.036676	1954.573353	1.671303	3911.015893	12.846951	1654.205892	2.841399	8044.429696	10.512105
G129	1783.353408	1.207994	463.051344	0.031393	1320.302064	1.208402	2641.866752	8.720768	1117.405724	1.953690	5433.961899	7.318999
G130	2288.640420	1.728303	244.927128	0.040172	2043.713292	1.728770	4089.381017	13.423127	1729.647324	2.963114	8411.302586	10.941168
G131	2940.368015	1.700740	396.591870	0.051501	2543.776145	1.701520	5089.984941	16.498352	2152.863428	3.515634	10469.409262	12.492781
G132	2958.386329	2.287619	444.000619	0.037666	2514.385711	2.287929	5031.175966	16.600458	2127.989544	3.714707	10348.447169	13.901028
G133	2031.018694	1.556568	469.184301	0.035071	1561.834392	1.556963	3125.162390	10.389748	1321.820770	2.369363	6428.035534	9.022712
G134	1679.844097	1.647122	266.341268	0.044202	1413.502829	1.647715	2828.357411	9.557039	1196.283938	2.262884	5817.547914	8.890214
G135	2244.669788	1.641453	495.467303	0.032271	1749.202485	1.641771	3500.077758	11.576623	1480.395224	2.606596	7199.185640	9.811510
G136	2566.473415	2.090946	256.541447	0.033764	2309.931967	2.091218	4622.072957	15.244740	1954.955062	3.407951	9506.977719	12.740975
G137	2170.821156	1.941864	246.679746	0.039436	1924.141409	1.942264	3850.122904	12.814470	1628.450553	2.930400	7919.181070	11.186490
G138	3461.443188	2.686359	314.209932	0.032085	3147.233257	2.686551	6297.476259	20.683649	2663.584761	4.573270	12953.055273	16.914197
G139	1967.264863	1.882803	318.880378	0.040862	1648.384485	1.883246	3298.345345	11.118946	1395.070348	2.619072	6784.249404	10.247859
G140	2188.683349	1.646408	363.346585	0.046459	1825.336764	1.647063	3652.419125	12.043597	1544.829630	2.690616	7512.531188	10.052955
G141	2703.886424	2.460822	371.097342	0.035455	2332.789082	2.461078	4667.809045	15.601833	1974.299629	3.603999	9601.050654	13.878327
G142	3136.389793	2.532587	291.113824	0.034169	2845.275970	2.532817	5693.272919	18.754357	2408.030513	4.178961	11710.290879	15.574631
G143	2954.287064	2.376705	272.256426	0.045246	2682.030638	2.377135	5366.626142	17.672749	2269.871774	3.934705	11038.422724	14.652536
G144	2038.733362	1.545005	473.170769	0.032327	1565.562593	1.545343	3132.622357	10.405388	1324.976043	2.367824	6443.379675	8.999529
G145	2737.826817	2.425152	460.533252	0.109547	2277.293565	2.427625	4556.764939	15.246600	1927.332340	3.530579	9372.647977	13.623733
G146	4203.796963	3.780127	619.901455	0.087415	3583.895509	3.781138	7171.218349	23.969403	3033.143299	5.536946	14750.224348	21.321914
G147	2545.743726	2.435039	591.369313	0.105116	1954.374414	2.437307	3910.617824	13.327180	1654.037525	3.213496	8043.610923	12.798514
G148	2369.764153	2.403270	365.852379	0.092314	2003.911774	2.405042	4009.739919	13.597250	1695.962272	3.244433	8247.491640	12.821808
G149	3465.752689	2.745611	438.960541	0.090076	3026.792148	2.747088	6056.478861	19.979551	2561.652341	4.468598	12457.356283	16.714142
G150	2657.899935	2.264878	323.701782	0.071295	2334.198153	2.265999	4670.628534	15.491608	1975.492162	3.512656	9606.849960	13.307760
G151	3572.536136	3.029663	617.709775	0.051620	2954.826361	3.030103	5912.478466	19.707666	2500.745838	4.522743	12161.166984	17.318721
G152	1956.981787	1.461848	610.096788	0.047161	1346.884999	1.462609	2695.058045	9.034701	1139.903549	2.101415	5543.369181	8.138909
G153	1929.608060	1.794140	442.437044	0.054921	1487.171016	1.794980	2975.764235	10.098163	1258.631227	2.413185	6120.743776	9.547679
G154	3336.687069	2.748441	322.069204	0.050211	3014.617865	2.748900	6032.118653	19.906285	2551.348931	4.456297	12407.250635	16.682765
G155	2971.843294	2.613932	270.970796	0.051896	2700.872498	2.614447	5404.327880	17.920758	2285.818127	4.060984	11115.970090	15.376592
G156	1849.265209	1.379967	544.437608	0.050136	1304.827600	1.380877	2610.903026	8.729480	1104.309286	2.017971	5370.273713	7.775638
G157	3469.262126	2.582893	408.082390	0.034417	3061.179736	2.583122	6125.286923	20.102601	2590.755445	4.435668	12598.885142	16.371347
G158	3186.079813	2.477399	507.284612	0.036120	2678.795202	2.477662	5360.152175	17.708234	2267.133541	3.975412	11025.106651	14.922357
G159	2337.726281	1.785468	447.912667	0.041848	1889.813614	1.785958	3781.434484	12.514176	1599.398053	2.821653	7777.898298	10.634894
G160	2626.619018	1.916822	697.724013	0.043722	1928.895004	1.917321	3859.634640	12.828205	1632.473643	2.923594	7938.745422	11.126985
G161	2827.858663	2.430414	459.904413	0.065476	2367.954250	2.431296	4738.173009	15.795290	2004.060818	3.625908	9745.779794	13.887908
G162	1807.322159	1.711344	434.087779	0.054350	1373.234379	1.712207	2747.782003	9.364034	1162.203710	2.257758	5651.815219	8.991677
G163	2310.687418	1.803353	382.899578	0.034910	1927.787840	1.803691	3857.419252	12.755312	1631.536621	2.870150	7934.188669	10.797086
G164	1984.871951	1.599276	408.444773	0.053322	1576.427177	1.600164	3154.361915	10.504158	1334.171021	2.405071	6488.095000	9.191144
G165	2490.883876	2.184771	449.975987	0.053470	2040.907889	2.185425	4083.767528	13.670239	1727.273039	3.168930	8399.756399	12.239157
G166	2366.454285	2.030874	266.377021	0.038487	2100.077264	2.031239	4202.162862	13.933421	1777.349609	3.156884	8643.279558	11.951432
G167	2820.803655	2.439566	336.791479	0.042197	2484.012176	2.439931	4970.399849	16.502672	2102.283637	3.751327	10223.438933	14.244314
G168	2802.305841	2.307434	361.655551	0.042753	2440.650289	2.307830	4883.634609	16.162514	2065.585353	3.644691	10044.974592	13.738435
G169	2828.094744	2.087220	336.664746	0.037451	2491.429998	2.087556	4985.242587	16.353500	2108.561532	3.603943	10253.968435	13.284840
G170	1791.644232	1.356345	515.899884	0.055806	1275.744348	1.357492	2552.708710	8.539603	1079.695379	1.976623	5250.575889	7.624597
G171	2689.667589	2.015150	526.330093	0.052001	2163.337495	2.015821	4328.743823	14.309173	1830.888376	3.217133	8903.639440	12.093005
G172	2532.203529	2.088116	342.279708	0.060786	2189.923821	2.089001	4381.941899	14.512627	1853.389070	3.278579	9013.060674	12.379152
G173	2446.552083	2.070241	477.898532	0.043698	1968.653551	2.070703	3939.189755	13.162553	1666.122328	3.038398	8102.379512	11.693342
G174	2602.048501	2.243899	605.219214	0.050583	1996.829287	2.244469	3995.568172	13.444509	1689.968180	3.153815	8218.342276	12.299743
G175	2512.675010	2.065645	352.479625	0.099968	2160.195385	2.068062	4322.456598	14.319900	1828.229127	3.237463	8890.707470	12.232332
G176	2288.309787	2.149212	296.533034	0.086963	1991.776754	2.150971	3985.458273	13.352818	1685.692091	3.101637	8197.547584	11.999541
G177	1996.247358	2.512423	558.676351	0.095626	1437.571007	2.514242	2876.516785	10.418262	1216.653459	2.795157	5916.605220	11.885298
G178	3215.552207	2.622978	442.477326	0.090241	2773.074880	2.624529	5548.801694	18.365254	2346.924867	4.142184	11413.133146	15.616388
G179	2268.556140	2.188090	442.717855	0.100608	1825.838285	2.190402	3653.422647	12.388306	1545.254081	2.955634	7514.595296	11.679497
G180	2295.889047	1.789010	462.576778	0.075642	1833.312268	1.790608	3668.377760	12.173706	1551.579506	2.763919	7545.355939	10.483476
G181	2428.227520	1.951859	565.117604	0.075373	1863.109915	1.953314	3728.001550	12.452873	1576.798024	2.872395	7667.993994	11.047334
G182	1791.534302	1.324180	258.668429	0.053180	1532.865874	1.325248	3067.197650	10.082777	1297.303965	2.234505	6308.809919	8.283343
G183	1874.468603	1.530972	466.440445	0.050429	1408.028157	1.531802	2817.402833	9.446655	1191.650583	2.198206	5795.015832	8.516900
G184	2871.084706	1.958802	403.860366	0.051444	2467.224340	1.959477	4936.808123	16.140869	2088.075658	3.525102	10154.345305	12.873289
G185	2212.943564	1.778815	633.993275	0.052462	1578.950290	1.779588	3159.410553	10.634186	1336.306396	2.496272	6498.479365	9.740673
G186	1784.853769	1.352892	597.078628	0.056016	1187.775140	1.354051	2376.686168	8.009967	1005.244768	1.885700	4888.521374	7.375088
G205	3326.038278	2.384177	478.356254	0.091727	2847.682024	2.385941	5698.087328	18.691844	2410.066819	4.119227	11720.193467	15.184143
G206	2821.079127	1.974837	429.354451	0.098300	2391.724676	1.977282	4785.736595	15.685467	2024.178344	3.448682	9843.611643	12.682315
G207	3416.180594	2.937825	427.166075	0.082072	2989.014518	2.938971	5980.887475	19.859459	2529.680158	4.515374	12301.875046	17.148904
G208	2425.550484	1.986194	480.690650	0.091164	1944.859834	1.988285	3891.579566	12.967777	1645.985090	2.973925	8004.451805	11.381014
G209	2630.627214	2.222920	662.339249	0.078283	1968.287965	2.224298	3938.458233	13.260322	1665.812922	3.114817	8100.874870	12.160794
G210	2555.105395	2.409317	623.186740	0.077593	1931.918655	2.410566	3865.684832	13.174976	1635.032636	3.177260	7951.189847	12.655537
G211	1578.155169	0.795339	659.009649	0.062846	919.145519	0.797819	1839.170031	6.047560	777.896584	1.341213	3782.923522	4.975494
G212	2837.827916	2.428343	462.520239	0.047202	2375.307677	2.428802	4752.886895	15.838162	2010.284213	3.632350	9776.044263	13.901281
G213	2960.707997	2.112331	368.455481	0.054250	2592.252516	2.113028	5186.984041	16.985515	2193.890231	3.725560	10668.923266	13.666641
G214	2338.552405	1.984874	323.993371	0.050765	2014.559033	1.985523	4031.044620	13.387815	1704.973323	3.045496	8291.312522	11.571782
G215	2919.051137	2.382242	340.881530	0.047138	2578.169607	2.382708	5158.804755	17.041991	2181.971502	3.825240	10610.962294	14.356522
G216	1741.912919	1.584660	452.717754	0.054814	1289.195164	1.585607	2579.623205	8.775097	1091.079152	2.107785	5305.935360	8.371221
G235	2790.940124	2.478657	600.977231	0.109621	2189.962893	2.481080	4382.020080	14.757961	1853.422138	3.468830	9013.221482	13.549833
G236	1757.320106	1.548779	545.553645	0.079533	1211.766461	1.550820	2424.691752	8.292562	1025.549242	2.014146	4987.262355	8.063882
G237	1412.803706	1.560103	411.885742	0.104915	1000.917965	1.563626	2002.793122	7.080740	847.102715	1.828590	4119.474046	7.614796
G238	2827.232114	2.560197	392.127143	0.084689	2435.104971	2.561597	4872.538670	16.281446	2060.892208	3.758442	10022.151750	14.464745
G239	2442.439564	2.095212	452.178088	0.088210	1990.261476	2.097068	3982.426268	13.309319	1684.409672	3.073524	8191.311160	11.832604
G240	2562.589423	3.149534	460.749094	0.070492	2101.840329	3.150322	4205.690680	14.753141	1778.841737	3.759128	8650.535801	15.530019
G241	2201.758778	1.469776	530.490578	0.063585	1671.268200	1.471150	3344.134659	11.007079	1414.437427	2.447483	6878.431818	9.102737
G242	2228.790808	1.777399	472.387283	0.060694	1756.403525	1.778435	3514.486725	11.700699	1486.489651	2.677549	7228.822933	10.227457
G243	3034.403299	2.232746	448.042714	0.059676	2586.360585	2.233543	5175.194545	17.011061	2188.903738	3.769150	10644.673870	13.969449
G244	2041.845375	1.407931	569.497137	0.058072	1472.348238	1.409128	2946.104505	9.759927	1246.086328	2.206399	6059.737730	8.336112
G245	2270.743548	1.631982	389.425483	0.055082	1881.318065	1.632911	3764.435263	12.378179	1592.208051	2.745180	7742.933203	10.183702
G246	2692.535568	2.609624	516.109103	0.062919	2176.426465	2.610383	4354.934278	14.766614	1841.965909	3.522837	8957.509658	13.920200
G265	2509.726456	1.926613	558.897004	0.062997	1950.829452	1.927642	3903.524511	12.967229	1651.037332	2.951458	8029.020939	11.220053
G266	977.155833	0.870004	516.143014	0.074693	461.012819	0.873205	922.466511	3.407694	390.167051	0.940205	1897.388606	4.053526
G267	2130.869008	1.983468	523.065859	0.093419	1607.803149	1.985667	3217.143863	10.949689	1360.725315	2.633118	6617.228961	10.466380
G268	1140.268707	1.109595	564.174522	0.073439	576.094185	1.112023	1152.739297	4.279880	487.563383	1.188821	2371.028523	5.141602
G269	2698.961368	2.841668	438.605733	0.053422	2260.355635	2.842171	4522.872881	15.430815	1912.997332	3.729283	9302.936606	14.877473
G270	3465.930856	2.900143	452.141656	0.080744	3013.789199	2.901267	6030.460530	19.987644	2550.647610	4.524078	12403.840100	17.111831
G271	2199.355749	1.437483	404.450530	0.054812	1794.905218	1.438528	3591.526931	11.748829	1519.074628	2.569708	7387.284198	9.398948
G272	1997.799385	1.438019	421.964613	0.053608	1575.834772	1.439018	3153.176538	10.406788	1333.669653	2.330366	6485.656841	8.726417
G273	1926.505590	1.410070	447.717141	0.062106	1478.788449	1.411437	2958.991086	9.800393	1251.536844	2.214289	6086.243680	8.361546
G274	1943.902684	1.409331	508.072456	0.062394	1435.830228	1.410711	2873.033561	9.539231	1215.180192	2.168543	5909.440700	8.234669
G275	1939.523119	1.598388	567.522729	0.094892	1372.000390	1.601203	2745.312845	9.277720	1161.159353	2.197416	5646.736495	8.635046
G276	2315.943554	1.854851	403.531340	0.089489	1912.412213	1.857008	3826.653294	12.692575	1618.523831	2.878143	7870.907264	10.904428
G295	3018.486258	2.191601	470.998423	0.080829	2547.487835	2.193091	5097.411871	16.751773	2156.004727	3.709582	10484.685450	13.740867
G296	3003.738060	2.172472	472.896103	0.092948	2530.841957	2.174460	5064.104196	16.640061	2141.916890	3.683523	10416.176076	13.639459
G297	3907.222477	3.099051	587.396000	0.073597	3319.826477	3.099925	6642.827753	21.962306	2809.654860	4.939874	13663.396496	18.576044
G298	2799.820374	3.032493	633.159857	0.090777	2166.660517	3.033851	4335.393043	15.030451	1833.700735	3.748993	8917.315986	15.282576
G299	2550.750573	1.783125	464.618308	0.075051	2086.132266	1.784704	4174.259531	13.712130	1765.547597	3.033032	8585.886186	11.222104
G300	2360.515696	2.051874	547.542865	0.071110	1812.972831	2.053106	3627.679434	12.216874	1534.365715	2.871245	7461.644997	11.214608
G301	2851.528867	1.759067	614.974334	0.096702	2236.554533	1.761723	4475.247916	14.624753	1892.853845	3.189750	9204.978508	11.632283
G302	1807.184342	1.793755	480.724725	0.079435	1326.459617	1.795513	2654.187746	9.152564	1122.617020	2.259655	5459.304516	9.149394
G303	1724.021612	1.444714	304.216911	0.084588	1419.804702	1.447188	2840.967184	9.464210	1201.617376	2.168986	5843.484508	8.295703
G304	1256.917480	1.130875	432.563826	0.080322	824.353654	1.133724	1649.495651	5.702165	697.671781	1.414520	3392.789024	5.745625
G305	1759.627133	1.340750	389.596314	0.082811	1370.030819	1.343305	2741.371819	9.100448	1159.492454	2.067881	5638.630339	7.849301
G306	1652.287801	1.307395	432.635661	0.073217	1219.652140	1.309444	2440.470652	8.171569	1032.223096	1.895456	5019.717414	7.324527
G325	3359.038546	3.020475	521.357992	0.060628	2837.680553	3.021084	5678.074823	18.995922	2401.602316	4.397439	11679.030455	16.964374
G326	2660.779600	2.304201	557.724859	0.098260	2103.054741	2.306295	4208.120664	14.121652	1779.869524	3.292471	8655.533949	12.777050
G327	2561.391126	1.838071	425.201641	0.076908	2136.189485	1.839679	4274.421840	14.047507	1807.912314	3.110944	8791.906482	11.524175
G328	2481.770642	2.372313	367.556694	0.068940	2114.213948	2.373314	4230.449749	14.232783	1789.313849	3.337635	8701.461852	13.013219
G329	2840.945945	2.372460	396.438642	0.085634	2444.507302	2.374005	4891.352323	16.224246	2068.849643	3.679082	10060.848884	13.939307
G330	3639.122335	2.758009	428.362781	0.069601	3210.759554	2.758887	6424.589605	21.110591	2717.348707	4.673219	13214.510199	17.304419
G331	2760.578333	1.965425	463.007696	0.082969	2297.570637	1.967176	4597.338475	15.102739	1944.493349	3.341110	9456.102241	12.363781
G332	1783.622254	1.532350	480.436801	0.081187	1303.185453	1.534499	2607.617162	8.821821	1102.919495	2.094323	5363.515136	8.244762
G333	2214.426490	1.415941	642.881018	0.087691	1571.545472	1.418654	3144.593836	10.369404	1330.039507	2.316779	6468.003386	8.656864
G334	1765.906050	1.279644	525.605305	0.082357	1240.300746	1.282291	2481.787609	8.278797	1049.698543	1.903442	5104.700796	7.300467
G335	1905.980491	1.328343	381.856792	0.088137	1524.123700	1.331264	3049.704941	10.032451	1289.905237	2.227550	6272.829788	8.272997
G336	1440.193336	1.562546	319.941825	0.076333	1120.251510	1.564409	2241.574334	7.767952	948.097776	1.935940	4610.614641	7.887546
G355	3021.479876	2.134460	598.931257	0.086658	2422.548619	2.136218	4847.413957	15.957066	2050.265442	3.549307	9970.473620	13.204924
G356	4229.662524	3.013045	525.214894	0.093444	3704.447630	3.014494	7412.437877	24.270531	3135.169671	5.321917	15246.380228	19.516855
G357	3324.726022	2.830523	622.925562	0.071871	2701.800460	2.831435	5406.184693	18.057873	2286.603485	4.164849	11119.789302	16.016840
G358	2575.810356	3.383130	530.110902	0.074042	2045.699454	3.383940	4093.355241	14.642044	1731.328264	3.854128	8419.477026	16.223064
G359	1902.772038	2.371474	393.563419	0.063964	1509.208619	2.372336	3019.860517	10.689509	1277.282219	2.766186	6211.443851	11.532820
G360	2466.372208	2.154432	352.983928	0.070734	2113.388281	2.155593	4228.797626	14.088420	1788.615066	3.229240	8698.063658	12.352475
G361	2117.065721	1.603294	427.195219	0.074320	1689.870502	1.605016	3381.357052	11.194760	1430.181035	2.526760	6954.993237	9.532540
G362	2005.929562	1.464883	499.723079	0.080661	1506.206483	1.467102	3013.853374	9.999268	1274.741434	2.268907	6199.087972	8.601356
G363	1421.632219	1.165752	598.511012	0.104464	823.121207	1.170423	1647.029577	5.724638	696.628729	1.434645	3387.716645	5.866089
G364	1733.923365	2.021979	572.589306	0.098314	1161.334059	2.024368	2323.778720	8.409824	982.866998	2.253707	4779.697924	9.577300
G365	1801.003258	1.473146	462.894687	0.098143	1338.108571	1.476412	2677.496796	8.991063	1132.475832	2.099415	5507.248072	8.157159
G366	1899.129797	1.359567	391.679611	0.083350	1507.450186	1.362119	3016.341970	9.947216	1275.794012	2.222871	6204.206676	8.307474
G385	2329.826422	2.363205	412.806153	0.094846	1917.020269	2.365108	3835.873812	13.053787	1622.423747	3.138205	7889.872619	12.471439
G386	583.595984	0.514521	433.329315	0.084837	150.266669	0.521468	300.677040	1.413557	127.174561	0.480278	618.451925	2.231518
G387	2370.459401	2.016203	550.476767	0.103473	1819.982634	2.018856	3641.705743	12.235981	1540.298292	2.860880	7490.495214	11.127725
G388	3097.015499	2.095166	550.957462	0.112018	2546.058037	2.098158	5094.550907	16.694237	2154.794652	3.668465	10478.800836	13.482967
G389	2757.126282	2.606097	586.519812	0.074852	2170.606471	2.607172	4343.288724	14.729796	1837.040297	3.515418	8933.556332	13.894954
G390	1991.311133	1.752498	601.133051	0.090135	1390.178082	1.754814	2781.685613	9.495383	1176.543603	2.297326	5721.550350	9.172074
G391	2001.236079	1.600915	489.917303	0.093942	1511.318776	1.603668	3024.082849	10.113640	1279.068100	2.339410	6220.128617	9.018984
G392	1870.275012	1.780748	327.645936	0.085678	1542.629076	1.782808	3086.733391	10.419483	1305.566815	2.461577	6348.992292	9.653999
G393	2181.902905	2.389289	487.978463	0.086104	1693.924442	2.390840	3389.468809	11.766363	1433.611990	2.942011	6971.678022	12.011878
G394	1912.550171	1.434732	404.633166	0.070189	1507.917005	1.436448	3017.276054	9.991829	1276.189093	2.256631	6206.127962	8.518272
G395	2001.446517	1.254808	514.872932	0.093705	1486.573585	1.258302	2974.568802	9.764249	1258.125606	2.155676	6118.284932	7.960659
G396	2497.397341	1.598641	497.995544	0.092577	1999.401797	1.601319	4000.715652	13.086853	1692.145362	2.862038	8228.929946	10.466928
G415	3990.710143	3.280689	492.625906	0.098267	3498.084237	3.282160	6999.513744	23.150511	2960.519004	5.212228	14397.051242	19.618161
G416	2876.642710	2.113816	488.387437	0.104534	2388.255273	2.116399	4778.794470	15.736778	2021.242098	3.503564	9829.332633	13.046592
G417	2396.409901	2.370598	483.674993	0.083895	1912.734908	2.372082	3827.298994	13.033521	1618.796937	3.137819	7872.235379	12.482987
G418	2449.885024	2.081271	507.015166	0.094521	1942.869858	2.083416	3887.597712	13.015472	1644.300923	3.018174	7996.261671	11.660220
G419	2772.804090	2.482706	520.587883	0.085004	2252.216207	2.484161	4506.586242	15.132614	1906.108725	3.533175	9269.437197	13.727023
G420	3391.926281	2.111398	516.901966	0.080050	2875.024314	2.112914	5752.798057	18.728823	2433.207305	4.041900	11832.726022	14.571892
G421	3627.060209	2.704875	507.683475	0.082414	3119.376735	2.706130	6241.736576	20.523295	2640.009068	4.551146	12838.406297	16.881683
G422	2821.255071	1.849591	618.233394	0.068987	2203.021677	1.850877	4408.150136	14.462963	1864.474123	3.188817	9066.967465	11.760243
G423	2231.901825	1.773978	353.599761	0.082093	1878.302064	1.775876	3758.400377	12.438403	1589.655532	2.804826	7730.520262	10.572380
G424	2007.368491	1.533007	427.670626	0.075458	1579.697865	1.534863	3160.906418	10.484913	1336.939088	2.377844	6501.556157	9.009999
G425	2196.009503	1.559086	449.599855	0.089521	1746.409648	1.561654	3494.489414	11.515097	1478.031574	2.568073	7187.691173	9.578983
G426	1545.958950	0.961844	473.824717	0.067866	1072.134233	0.964235	2145.293764	7.072213	907.374882	1.578970	4412.578556	5.895888
G445	3180.589919	2.039747	504.208000	0.085559	2676.381919	2.041540	5355.323302	17.469111	2265.091118	3.790996	11015.174314	13.750550
G446	3157.096785	2.936776	494.172047	0.108022	2662.924738	2.938762	5328.396070	17.893209	2253.701958	4.178280	10959.788646	16.235141
G447	2583.263531	2.128439	388.304612	0.085657	2194.958919	2.130162	4392.016911	14.567115	1857.650404	3.302812	9033.783607	12.512004
G448	2258.112224	2.250459	427.231501	0.093472	1830.880724	2.252400	3663.512346	12.462566	1549.521627	2.993722	7535.348440	11.890390
G449	2766.011496	2.207794	454.034364	0.077133	2311.977132	2.209141	4626.165243	15.323615	1956.685938	3.463002	9515.394997	13.079706
G450	2839.434315	2.984153	447.655300	0.081003	2391.779015	2.985253	4785.845324	16.311709	2024.224332	3.934038	9843.835285	15.670851
G451	2040.844658	1.368064	697.810745	0.051243	1343.033913	1.369024	2687.352190	8.952520	1136.644276	2.051748	5527.519282	7.847400
G452	2887.040633	2.136850	674.108552	0.041167	2212.932081	2.137246	4427.980421	14.680345	1872.861554	3.325080	9107.755675	12.584623
G453	2314.973795	1.557783	685.983367	0.043589	1628.990429	1.558393	3259.538685	10.797903	1378.656657	2.440838	6704.429364	9.221120
G454	2784.590723	1.831538	689.325974	0.043121	2095.264749	1.832046	4192.533232	13.792969	1773.276654	3.063107	8623.472713	11.378383
G455	3149.339439	1.700597	582.907942	0.038074	2566.431498	1.701024	5135.317312	16.638855	2172.037237	3.541541	10562.651806	12.568052
G456	2323.278116	1.583914	577.821260	0.040090	1745.456857	1.584421	3492.582919	11.521729	1477.225202	2.577016	7183.769773	9.639251
G475	3780.305005	2.727985	513.776667	0.087701	3266.528339	2.729395	6536.180507	21.437283	2764.547269	4.721996	13444.037562	17.397586
G476	3532.710762	3.828852	479.888801	0.100095	3052.821962	3.830161	6108.563382	20.834530	2583.682045	5.032132	12564.487084	20.066065
G477	2256.950599	2.304221	501.222080	0.075261	1755.728519	2.305450	3513.136068	12.059361	1485.918376	2.950780	7226.044814	11.875135
G478	2356.376137	2.635328	483.795801	0.095946	1872.580336	2.637074	3746.951448	13.002530	1584.813085	3.248855	7706.971366	13.258789
G479	1254.071182	1.482834	290.723687	0.077467	963.347495	1.484856	1927.616253	6.797301	815.305857	1.747694	3964.845414	7.259265
G480	2526.873559	2.386366	438.555835	0.085478	2088.317724	2.387896	4178.632538	14.087835	1767.397207	3.319118	8594.880870	12.989219
G481	2014.836804	1.726329	362.386072	0.042564	1652.450732	1.726854	3306.481727	11.041331	1398.511718	2.544892	6800.984839	9.781463
G482	2578.851222	1.724952	580.296593	0.037530	1998.554629	1.725360	3999.020506	13.144637	1691.428382	2.912291	8225.443260	10.793069
G483	1563.668833	1.012071	657.204213	0.048449	906.464620	1.013230	1813.796105	6.099393	767.164411	1.428805	3730.732795	5.566045
G484	2253.642261	1.518437	662.422188	0.041673	1591.220073	1.519009	3183.961854	10.545662	1346.690631	2.382759	6548.978064	8.998016
G485	2001.684598	1.397025	632.740114	0.037010	1368.944484	1.397516	2739.198110	9.126512	1158.573060	2.092326	5634.159313	8.004946
G486	1479.425340	0.826271	642.528870	0.050046	836.896470	0.827785	1674.593277	5.563377	708.287090	1.266552	3444.411440	4.815782
G505	3354.354447	2.626278	380.710590	0.051470	2973.643856	2.626782	5950.131453	19.589541	2516.671570	4.358710	12238.614075	16.221481
G506	3831.694967	2.745259	315.338195	0.049877	3516.356771	2.745712	7036.076287	22.981757	2975.983522	5.005487	14472.255438	18.226839
G507	1210.276466	1.056804	603.583884	0.065954	606.692581	1.058860	1213.965352	4.394640	513.459595	1.178203	2496.962220	5.007970
G508	2204.090293	1.990038	387.518827	0.056869	1816.571466	1.990850	3634.880146	12.197132	1537.411332	2.843322	7476.455884	11.032628
G509	2562.955216	2.229936	422.247012	0.044288	2140.708204	2.230376	4283.463599	14.299564	1811.736622	3.293580	8810.504156	12.651557
G510	2786.877845	2.317092	536.198902	0.049717	2250.678943	2.317625	4503.510244	15.017173	1904.807698	3.449572	9263.110285	13.220103
G511	2033.846624	1.687433	527.099739	0.044044	1506.746885	1.688008	3014.934695	10.141081	1275.198791	2.376921	6201.312103	9.263715
G512	2326.520341	1.464791	530.579131	0.036420	1795.941210	1.465244	3593.599905	11.768407	1519.951414	2.581643	7391.548023	9.471844
G513	1785.921279	1.242773	564.717569	0.037394	1221.203710	1.243336	2443.575276	8.139495	1033.536229	1.864912	5026.103204	7.131110
G514	2180.195344	1.849580	561.322026	0.031032	1618.873318	1.849840	3239.294789	10.920093	1370.094286	2.572342	6662.790413	10.065354
G515	2422.458483	1.853375	656.635762	0.043470	1765.822721	1.853885	3533.334124	11.804227	1494.461359	2.723657	7267.589479	10.478162
G516	1748.357285	1.099374	616.410963	0.041891	1131.946322	1.100172	2264.975141	7.513263	957.995397	1.704028	4658.746931	6.457211
G535	2637.621671	2.470566	345.747625	0.042163	2291.874045	2.470926	4585.939843	15.362003	1939.672177	3.566906	9432.656801	13.794963
G536	2741.153891	2.207345	437.988380	0.049737	2303.165512	2.207905	4608.533575	15.269365	1949.228436	3.453090	9479.129045	13.050424
G537	3467.846228	2.675089	428.575071	0.047345	3039.271157	2.675508	6081.448815	20.016919	2572.213649	4.450919	12508.716094	16.554144
G538	2724.045738	3.055132	337.744616	0.069989	2386.301122	3.055933	4774.884299	16.331789	2019.588250	3.967479	9821.289942	15.886331
G539	2985.183602	1.911692	475.232271	0.047365	2509.951331	1.912279	5022.302966	16.381716	2124.236614	3.554363	10330.196611	12.889670
G540	2001.557818	1.903900	565.098069	0.054624	1436.459748	1.904683	2874.293204	9.880631	1215.712972	2.424560	5912.031616	9.776545
G541	2485.843197	1.729706	654.850408	0.044902	1830.992789	1.730289	3663.736584	12.124624	1549.616471	2.733792	7535.809667	10.303650
G542	2302.135058	1.762809	637.261787	0.039626	1664.873270	1.763254	3331.338684	11.139089	1409.025233	2.575456	6852.112231	9.925249
G543	2498.991687	1.785744	519.817548	0.041239	1979.174139	1.786220	3960.240991	13.058806	1675.026173	2.917529	8145.679053	10.901163
G544	2340.008244	1.436818	573.193423	0.043875	1766.814822	1.437488	3535.319275	11.575561	1495.301000	2.538153	7271.672665	9.307778
G545	2737.736034	2.007475	630.548158	0.037631	2107.187876	2.007827	4216.390887	13.963039	1783.367503	3.153687	8672.544676	11.905032
G546	2567.143867	2.305548	583.186903	0.034618	1983.956963	2.305808	3969.811214	13.409274	1679.074000	3.172540	8165.363705	12.456482
G565	2348.081435	2.652914	435.221349	0.042473	1912.860086	2.653254	3827.549469	13.249502	1618.902878	3.295261	7872.750572	13.407735
G566	3831.130828	3.811743	542.962365	0.050765	3288.168463	3.812081	6579.481450	22.217702	2782.861865	5.253151	13533.101734	20.615285
G567	2485.161811	2.155808	386.487126	0.045125	2098.674685	2.156280	4199.356364	13.999982	1776.162570	3.214281	8637.506972	12.312952
G568	2201.923545	2.270271	475.910246	0.041150	1726.013299	2.270644	3453.677211	11.858486	1460.769618	2.903197	7103.746002	11.688011
G569	2268.481268	2.527488	362.242754	0.043763	1906.238514	2.527867	3814.299992	13.112200	1613.298870	3.217643	7845.498195	12.974775
G570	2873.737999	2.583574	514.058512	0.048228	2359.679487	2.584025	4721.615571	15.842429	1997.057673	3.692380	9711.723386	14.324871
G571	2453.905200	1.971314	605.795539	0.047086	1848.109661	1.971876	3697.986696	12.374318	1564.102921	2.866068	7606.257506	11.061509
G572	2420.710870	1.805378	646.000129	0.049494	1774.710742	1.806056	3551.118665	11.828197	1501.983521	2.709787	7304.169870	10.360849
G573	1768.762191	1.278635	627.642054	0.040807	1141.120137	1.279287	2283.331544	7.680843	965.759434	1.800591	4696.503564	7.018532
G574	3375.616545	3.006481	625.943960	0.036919	2749.672585	3.006707	5501.974723	18.457902	2327.118901	4.300435	11316.816413	16.678991
G575	2271.268016	1.676312	535.534895	0.037828	1735.733121	1.676739	3473.126150	11.514876	1468.995754	2.608227	7143.749834	9.871929
G576	1887.501635	1.343760	563.025039	0.035759	1324.476596	1.344236	2650.219809	8.825231	1120.938739	2.020596	5451.143006	7.721637
G595	2397.672756	2.895633	408.980957	0.048090	1988.691799	2.896032	3979.285413	13.887366	1683.081214	3.506285	8184.850847	14.404233
G596	3209.519621	2.597369	494.517028	0.067784	2715.002594	2.598253	5432.601585	17.997156	2297.776792	4.068510	11174.125269	15.371255
G597	4136.106561	4.977327	522.898482	0.047942	3613.208079	4.977558	7229.871522	24.999702	3057.951284	6.204751	14870.865976	25.211466
G598	3846.642606	3.692401	569.874009	0.052745	3276.768598	3.692777	6556.670818	22.068697	2773.213865	5.180281	13486.183355	20.213504
G599	3650.677996	3.509664	299.522221	0.044092	3351.155775	3.509941	6705.516310	22.396674	2836.169653	5.164859	13792.338362	19.860348
G600	1641.375681	1.879549	418.628185	0.061055	1222.747496	1.880540	2446.664324	8.623986	1034.842775	2.215775	5032.456959	9.199616
G601	2537.058929	1.726274	576.991902	0.034861	1960.067027	1.726626	3922.008496	12.909800	1658.855331	2.870955	8067.039991	10.679153
G602	2603.193442	1.812440	630.858771	0.041970	1972.334671	1.812926	3946.555516	13.031838	1669.237755	2.921962	8117.529884	10.955203
G603	1994.389812	1.322765	650.050878	0.035956	1344.338933	1.323254	2689.963478	8.932832	1137.748748	2.031498	5532.890348	7.717021
G604	1989.770711	1.277905	478.276170	0.038446	1511.494542	1.278483	3024.434548	9.927466	1279.216855	2.191432	6220.852014	8.091669
G605	3002.501542	1.987111	457.641961	0.037515	2544.859581	1.987465	5092.152849	16.632531	2153.780367	3.622707	10473.868355	13.191998
G606	3964.735653	2.993971	397.423556	0.035013	3567.312097	2.994176	7138.035667	23.418115	3019.108329	5.162381	14681.972066	19.035374
G625	3618.238131	3.637742	477.224080	0.041125	3141.014051	3.637974	6285.031900	21.220993	2658.321287	5.016236	12927.458911	19.681717
G626	3964.203358	4.897883	311.265209	0.044295	3652.938149	4.898083	7309.369657	25.168812	3091.575868	6.196423	15034.382866	25.041930
G627	3309.012180	2.699551	506.206911	0.048484	2802.805269	2.699987	5608.290902	18.589446	2372.086463	4.208203	11535.494387	15.919142
G628	2571.882916	2.511519	416.592225	0.045327	2155.290691	2.511928	4312.642518	14.572113	1824.078157	3.450162	8870.521238	13.554154
G629	3478.392210	3.077241	452.723718	0.049280	3025.668492	3.077636	6054.230476	20.164755	2560.701363	4.619158	12452.731660	17.659656
G630	3298.514666	2.985371	488.163543	0.040902	2810.351122	2.985651	5623.389825	18.808942	2378.472713	4.351971	11566.550825	16.781885
G631	2175.353467	1.998401	343.561999	0.035813	1831.791468	1.998721	3665.334706	12.293580	1550.292413	2.862733	7539.096789	11.098166
G632	3376.693106	2.749676	447.411228	0.040430	2929.281878	2.749973	5861.365071	19.387000	2479.126882	4.365378	12056.033658	16.432435
G633	1977.081998	1.626570	497.995987	0.033755	1479.086012	1.626920	2959.586495	9.935014	1251.788679	2.318065	6087.468357	9.001121
G634	2770.251847	2.317627	529.217436	0.043329	2241.034410	2.318032	4484.211955	14.959223	1896.645281	3.439773	9223.416321	13.194184
G635	2532.040451	1.888699	587.202211	0.041155	1944.838240	1.889147	3891.536358	12.908167	1645.966815	2.927245	8004.362932	11.091200
G636	2049.206257	1.647400	406.538639	0.040261	1642.667618	1.647892	3286.906144	10.933699	1390.232016	2.496871	6760.720519	9.519978
G655	3821.668931	3.010399	497.199228	0.046506	3324.469704	3.010758	6652.118647	21.940917	2813.584542	4.905214	13682.506605	18.339853
G656	2268.104255	2.181247	448.295510	0.050817	1819.808745	2.181839	3641.357800	12.346454	1540.151125	2.945168	7489.779542	11.636704
G657	2388.339043	2.384705	444.177251	0.043887	1944.161793	2.385109	3890.182816	13.228847	1645.394320	3.175369	8001.578880	12.604743
G658	3400.846098	3.296545	459.061497	0.051302	2941.784601	3.296944	5886.382474	19.800370	2489.708260	4.641363	12107.491066	18.090451
G659	2538.282191	2.465011	589.541214	0.053059	1948.740977	2.465582	3899.345563	13.314775	1649.269802	3.223493	8020.425410	12.875813
G660	2692.016189	2.534831	563.644326	0.056284	2128.371863	2.535456	4258.779119	14.428372	1801.296058	3.435896	8759.731526	13.558001
G661	2270.239123	1.417985	630.988227	0.043493	1639.250896	1.418652	3280.069432	10.783301	1387.340356	2.390193	6746.658328	8.862103
G662	2014.668159	1.426273	471.321715	0.038570	1543.346444	1.426794	3088.168813	10.201948	1306.173942	2.290072	6351.944760	8.595394
G663	2527.797080	1.675911	379.510979	0.041165	2148.286101	1.676416	4298.626639	14.039992	1818.149992	3.057644	8841.692475	11.132839
G664	1590.177228	1.180448	336.225743	0.036845	1253.951485	1.181023	2509.102143	8.301262	1061.251517	1.870437	5160.883092	7.045174
G665	2054.723439	1.580672	473.660927	0.043392	1581.062512	1.581268	3163.637017	10.520745	1338.094024	2.400953	6507.172628	9.148818
G666	1977.022482	1.394603	511.725941	0.026899	1465.296542	1.394863	2931.994368	9.708848	1240.118295	2.192400	6030.715090	8.274694
G685	3130.299935	2.651346	558.313977	0.047828	2571.985958	2.651778	5146.431544	17.163058	2176.738120	3.943616	10585.512275	15.117173
G686	2456.659206	2.412128	520.975468	0.050423	1935.683738	2.412655	3873.218600	13.198742	1638.219124	3.182035	7966.685786	12.671786
G687	2435.334349	3.184247	387.579893	0.049688	2047.754456	3.184635	4097.467210	14.473653	1733.067466	3.732288	8427.934789	15.529046
G688	2995.527890	2.845104	370.161654	0.051490	2625.366236	2.845570	5253.243149	17.607085	2221.915228	4.093433	10805.209272	15.848141
G689	3625.137229	2.838532	420.373220	0.046164	3204.764009	2.838908	6412.592781	21.116378	2712.274522	4.700923	13189.834358	17.504124
G690	3587.574014	3.555149	417.936521	0.052038	3169.637493	3.555529	6342.306158	21.336138	2682.546045	5.002496	13045.264299	19.501584
G691	1632.154165	1.478636	540.011435	0.042060	1092.142730	1.479234	2185.329892	7.536483	924.308590	1.861001	4494.927446	7.536146
G692	1632.830157	1.353248	578.467471	0.040373	1054.362686	1.353850	2109.733675	7.218747	892.334363	1.754987	4339.436271	7.031005
G693	2374.257161	1.522514	607.560967	0.045884	1766.696194	1.523205	3535.081906	11.618641	1495.200602	2.573583	7271.184429	9.535543
G694	2066.305204	1.614851	443.592153	0.040718	1622.713051	1.615364	3246.977927	10.793358	1373.343951	2.460642	6678.593586	9.367723
G695	2564.520439	2.108938	325.113806	0.038796	2239.406634	2.109295	4480.954845	14.825131	1895.267652	3.340435	9216.716887	12.582202
G696	3150.684730	2.452166	350.767559	0.033891	2799.917172	2.452400	5602.511946	18.433890	2369.642191	4.095062	11523.607856	15.216539
G715	3887.531618	3.030265	509.829644	0.049866	3377.701974	3.030675	6758.634094	22.276763	2858.636387	4.971361	13901.594445	18.555038
G716	4028.151224	2.914463	476.330179	0.048472	3551.821045	2.914866	7107.038750	23.282831	3005.997853	5.112651	14618.215609	18.777193
G717	3577.321427	3.499972	516.010873	0.042730	3061.310554	3.500233	6125.548685	20.651504	2590.866160	4.865446	12599.423550	19.040446
G718	3049.763340	2.740490	573.916739	0.052052	2475.846601	2.740985	4954.060892	16.641874	2095.372901	3.889121	10189.831912	15.121206
G719	2761.657619	2.629372	419.050299	0.063029	2342.607320	2.630128	4687.454910	15.770603	1982.609057	3.698411	9641.459536	14.420334
G720	2858.846717	2.732605	452.229093	0.061405	2406.617624	2.733294	4815.536733	16.222532	2036.782630	3.815470	9904.906489	14.911305
G721	1881.182268	1.388646	473.059281	0.039945	1408.122987	1.389220	2817.592582	9.358553	1191.730839	2.129371	5795.406120	8.092415
G722	2154.434596	1.866287	442.963217	0.036253	1711.471379	1.866639	3424.579464	11.485564	1448.462416	2.674298	7043.895881	10.366758
G723	2318.144159	1.595843	558.126174	0.037125	1760.017985	1.596275	3521.719102	11.617096	1489.548662	2.597914	7243.698952	9.715868
G724	4178.330601	4.433330	479.831340	0.038438	3698.499261	4.433496	7400.535451	25.091841	3130.135413	5.985217	15221.898550	23.647458
G725	2495.235152	2.309169	514.101139	0.050134	1981.134013	2.309713	3964.162613	13.395148	1676.684864	3.171770	8153.745297	12.461303
G726	2744.710138	1.961915	637.126191	0.043789	2107.583947	1.962403	4217.183408	13.939570	1783.702709	3.133563	8674.174786	11.777205
G727	1781.683684	1.668940	360.412600	0.030788	1421.271084	1.669224	2843.901351	9.618187	1202.858413	2.281830	5849.519691	8.978230
G728	1398.271860	1.550148	377.482042	0.042720	1020.789818	1.550737	2042.555833	7.182907	863.920778	1.838165	4201.260555	7.613779
G729	1880.982300	1.627574	414.130127	0.068321	1466.852173	1.629007	2935.107118	9.863074	1241.434866	2.306730	6037.117596	8.974362
G730	1447.990305	1.088591	503.727280	0.039006	944.263025	1.089290	1889.429062	6.376537	799.154177	1.505731	3886.299538	5.903115
G731	1786.217446	1.270667	544.637957	0.038200	1241.579488	1.271241	2484.346318	8.279693	1050.780777	1.899454	5109.963713	7.271269
G732	1168.139555	0.690442	451.118284	0.042322	717.021271	0.691737	1434.728240	4.756196	606.833614	1.077023	2951.041564	4.075409
G733	1578.368378	1.207157	350.752105	0.038447	1227.616273	1.207769	2456.406534	8.156885	1038.963347	1.854836	5052.495365	7.045267
G734	1973.096505	1.554360	308.602683	0.046076	1664.493822	1.555043	3330.579424	11.011910	1408.704096	2.477114	6850.550536	9.315923
G735	1816.150339	1.366119	347.775937	0.043012	1468.374401	1.366796	2938.153031	9.711593	1242.723167	2.182991	6043.382626	8.204081
G736	1924.184140	1.365485	527.638906	0.035255	1396.545234	1.365940	2794.426004	9.274585	1181.932288	2.106338	5747.755608	7.991471
G737	2212.681395	1.562654	446.513535	0.038848	1766.167861	1.563137	3534.024734	11.636627	1494.753460	2.590104	7269.009969	9.642785
G738	2012.898076	1.337266	565.137822	0.048051	1447.760254	1.338129	2896.905023	9.569931	1225.276882	2.148105	5958.541063	8.062207
G739	1774.493573	1.402558	405.142036	0.039374	1369.351537	1.403110	2740.012605	9.132406	1158.917560	2.095429	5635.834620	8.022655
G740	1962.125836	1.173055	574.545520	0.040567	1387.580316	1.173756	2776.487595	9.113644	1174.345046	2.011811	5710.858732	7.428530
G741	2301.361875	1.318158	487.589612	0.039780	1813.772262	1.318758	3629.279062	11.809099	1535.042294	2.544620	7464.935215	9.158192
G742	1607.127488	1.330867	353.340054	0.032374	1253.787434	1.331261	2508.773883	8.390804	1061.112676	1.941193	5160.207904	7.484724
G743	1664.611540	1.125596	292.340850	0.036743	1372.270690	1.126196	2745.853702	8.995492	1161.388114	1.975315	5647.848966	7.254744
G744	4197.875515	3.110497	360.032291	0.036872	3837.843223	3.110715	7679.356633	25.138382	3248.065807	5.508562	15795.395938	20.187430
G745	925.879662	0.757736	441.506785	0.034919	484.372878	0.758540	969.208968	3.428216	409.937272	0.886045	1993.531506	3.691479
G746	1965.444857	1.512965	481.860822	0.046780	1483.584035	1.513688	2968.586843	9.890266	1255.595472	2.267132	6105.980852	8.672762
G747	2745.408345	2.236560	556.276688	0.039022	2189.131657	2.236901	4380.356814	14.595830	1852.718641	3.346914	9009.800369	12.807167
G748	1876.308300	1.303986	522.425944	0.043108	1353.882356	1.304698	2709.059449	8.979828	1145.825592	2.032975	5572.168172	7.691054
G749	1766.184208	1.413849	564.324727	0.047117	1201.859481	1.414634	2404.868318	8.135516	1017.164709	1.931193	4946.488239	7.601964
G750	2380.289332	2.441836	568.186810	0.041331	1812.102521	2.442186	3625.937983	12.495109	1533.629149	3.080877	7458.063067	12.463625
G751	1999.562716	1.392674	534.648667	0.053604	1464.914049	1.393705	2931.229017	9.705858	1239.794581	2.191466	6029.140867	8.270269
G752	2292.065124	1.384848	687.435023	0.054624	1604.630101	1.385925	3210.794734	10.554104	1358.039884	2.338537	6604.169662	8.667442
G753	1587.133692	1.368413	402.033551	0.044421	1185.100141	1.369133	2371.333611	8.004272	1002.980847	1.890818	4877.511891	7.415028
G754	2440.016684	2.533940	326.028552	0.036936	2113.988132	2.534210	4229.997903	14.342073	1789.122736	3.421090	8700.532464	13.516769
G755	2221.564633	1.920871	428.458161	0.035923	1793.106472	1.921207	3587.927718	12.011160	1517.552302	2.784725	7379.881104	10.756531
G756	2316.968993	1.717060	393.995673	0.033093	1922.973319	1.717378	3847.785606	12.678112	1627.461968	2.826767	7914.373566	10.541463
G757	2596.390749	2.113746	491.179466	0.049850	2105.211283	2.114333	4212.435811	14.013884	1781.694662	3.201089	8664.409622	12.207738
G758	2499.347876	1.992419	462.252709	0.048585	2037.095167	1.993011	4076.138438	13.528866	1724.046234	3.072707	8384.064395	11.658518
G759	1316.278805	1.095494	456.811463	0.056566	859.467342	1.096954	1719.756606	5.879412	727.389402	1.426920	3537.306289	5.709709
G760	1258.610180	1.008773	551.767253	0.039060	706.842927	1.009529	1414.361818	4.919593	598.219419	1.234581	2909.150595	5.052451
G761	2416.903256	1.810697	499.481115	0.041102	1917.422141	1.811164	3836.677941	12.696491	1622.763863	2.862473	7891.526604	10.787741
G762	1910.157959	2.172485	245.316260	0.060629	1664.841700	2.173331	3331.275512	11.425343	1408.998514	2.790893	6851.982296	11.218441
G763	2267.180797	2.201872	386.336170	0.055795	1880.844627	2.202579	3763.487935	12.723827	1591.807368	3.016321	7740.984678	11.861246
G764	1217.259614	0.976662	431.941286	0.053788	785.318328	0.978142	1571.387668	5.354305	664.635177	1.290598	3232.131490	5.138804
G765	2070.543029	1.769477	393.123417	0.042815	1677.419612	1.769995	3356.443366	11.218890	1419.643526	2.591658	6903.749161	9.980360
G766	2966.183929	1.620347	647.920532	0.048757	2318.263397	1.621080	4638.743783	15.065430	1962.006166	3.228828	9541.267350	11.550186
G767	2715.124412	1.836026	631.923277	0.049017	2083.201135	1.836681	4168.394466	13.721660	1763.066905	3.051996	8573.822543	11.354377
G768	1465.010038	1.173179	424.224412	0.041300	1040.785626	1.173906	2082.566572	7.010244	880.843747	1.645893	4283.557222	6.423377
G769	1972.032351	1.261129	483.160237	0.039048	1488.872114	1.261734	2979.168058	9.780113	1260.070910	2.159631	6127.744978	7.976949
G770	1809.044103	1.250441	573.233176	0.037233	1235.810927	1.250995	2472.803679	8.232454	1045.898694	1.883781	5086.222070	7.195135
G771	2073.552190	1.356812	452.498337	0.056907	1621.053853	1.358005	3243.657945	10.640300	1371.939729	2.344802	6671.764832	8.643096
G772	1751.015380	1.480430	453.563146	0.041919	1297.452234	1.481023	2596.145240	8.750908	1098.067323	2.060821	5339.918947	8.062130
G773	2073.767849	1.500302	442.120888	0.042176	1631.646961	1.500895	3264.854290	10.781432	1380.904949	2.417740	6715.362842	9.066020
G774	2087.244180	1.755796	435.449900	0.042681	1651.794280	1.756315	3305.168195	11.055971	1397.956146	2.558618	6798.283083	9.868097
G775	615.584715	0.057989	577.577774	0.035048	38.006941	0.067757	76.050228	0.276692	32.166255	0.074731	156.425013	0.318843
G776	2377.449885	1.331392	598.634104	0.048047	1778.815781	1.332258	3559.332671	11.599153	1505.457722	2.510199	7321.064966	9.077528
G777	1289.362902	1.280952	403.063726	0.043669	886.299176	1.281696	1773.445933	6.181701	750.097875	1.557343	3647.737958	6.388988
G778	1623.311683	1.147148	431.478717	0.041633	1191.832966	1.147903	2384.805700	7.904643	1008.679010	1.789353	4905.222151	6.768676
G779	1576.291913	1.509897	449.587166	0.038084	1126.704747	1.510378	2254.486978	7.762723	953.559317	1.910999	4637.174200	7.722632
G780	1450.427821	1.187743	416.990201	0.037555	1033.437620	1.188337	2067.863531	6.976115	874.624939	1.645951	4253.315060	6.448651
G781	2754.646773	1.933639	577.631421	0.042952	2177.015352	1.934116	4356.112616	14.347516	1842.464299	3.195802	8959.933339	11.906133
G782	1860.144915	1.428515	510.318062	0.040810	1349.826852	1.429097	2700.944564	9.030910	1142.393315	2.087857	5555.476954	8.045594
G783	2382.727899	2.304768	404.059235	0.050996	1978.668664	2.305332	3959.229559	13.377439	1674.598376	3.167038	8143.598673	12.441068
G784	1760.158452	1.282668	464.231857	0.042220	1295.926596	1.283362	2593.092505	8.615759	1096.776137	1.961968	5333.639884	7.461693
G785	2142.346996	1.685718	257.627934	0.049835	1884.719062	1.686454	3771.240509	12.427661	1595.086403	2.771944	7756.930674	10.340705
G786	2163.816197	1.594352	424.228798	0.042752	1739.587399	1.594925	3480.838390	11.491742	1472.257729	2.575348	7159.612868	9.651037
G787	2506.420003	1.741588	384.462893	0.040724	2121.957110	1.742064	4245.943479	13.910135	1795.867087	3.054702	8733.330353	11.219707
G788	1554.558319	1.100682	360.449453	0.039611	1194.108866	1.101394	2389.359677	7.891972	1010.605163	1.770730	4914.589065	6.643250
G789	2366.825056	1.814596	441.091682	0.032949	1925.733374	1.814895	3853.308355	12.749175	1629.797873	2.873016	7925.733111	10.822794
G790	1310.253302	1.358948	327.766944	0.036426	982.486357	1.359436	1965.912281	6.802562	831.503570	1.690596	4043.615155	6.875336
G791	1572.327475	1.222286	399.448786	0.039523	1172.878689	1.222925	2346.879020	7.835202	992.637516	1.804974	4827.212110	6.934439
G792	1615.833028	1.042698	500.057025	0.032983	1115.776003	1.043220	2232.619040	7.382179	944.310039	1.660873	4592.194815	6.247132
G793	1944.292098	1.740423	313.007091	0.052174	1631.285007	1.741204	3264.130037	10.922963	1380.598619	2.530146	6713.873151	9.765779
G794	1476.177532	1.384850	279.713811	0.050477	1196.463722	1.385769	2394.071640	8.083428	1012.598138	1.910769	4924.280934	7.497105
G795	2311.213582	1.631702	364.364953	0.043018	1946.848629	1.632269	3895.559059	12.779441	1647.668259	2.816608	8012.637083	10.383717
G796	2252.913069	1.809387	375.206918	0.064134	1877.706151	1.810524	3757.207980	12.454768	1589.151195	2.820017	7728.067662	10.669725
G797	1860.534194	1.289955	529.790916	0.048130	1330.743277	1.290853	2662.759164	8.831287	1126.242393	2.002124	5476.934761	7.583938
G798	1902.495576	1.547932	404.203286	0.040133	1498.292290	1.548452	2998.017419	10.000496	1268.043448	2.299099	6166.515560	8.817336
G799	1847.896243	1.516637	223.500530	0.039234	1624.395713	1.517144	3250.344860	10.746383	1374.768031	2.417243	6685.518912	9.090264
G800	1837.673119	1.231301	571.357304	0.052592	1266.315815	1.232424	2533.842626	8.406107	1071.715768	1.907073	5211.770911	7.228501
G801	2569.336318	2.072746	505.086192	0.032101	2064.250126	2.072995	4130.474326	13.741095	1747.028177	3.138711	8495.825954	11.969626
G802	1765.620413	1.826590	300.898322	0.060002	1464.722091	1.827575	2930.844917	9.988836	1239.632122	2.408879	6028.350826	9.594905
G803	2297.779140	1.962051	302.675563	0.039907	1995.103577	1.962456	3992.115102	13.256214	1688.507668	3.014268	8211.239779	11.448723
G804	2472.975811	1.996417	381.163694	0.051516	2091.812118	1.997081	4185.624666	13.863403	1770.354602	3.132457	8609.262729	11.829324
G805	2890.459241	2.190780	579.325801	0.041054	2311.133441	2.191165	4624.477053	15.308147	1955.971901	3.453915	9511.922619	13.025909
G806	1634.051086	1.312708	541.065906	0.044003	1092.985180	1.313445	2187.015598	7.417476	925.021577	1.770486	4498.394714	6.998661
G807	2175.511175	1.642675	544.472981	0.046569	1631.038194	1.643335	3263.636174	10.860592	1380.389734	2.482560	6712.857343	9.473448
G808	2072.608476	1.479697	558.922222	0.037459	1513.686253	1.480171	3028.820067	10.052328	1281.071757	2.282857	6229.872433	8.660797
G809	1203.889921	1.458235	452.407419	0.057248	751.482502	1.459358	1503.683658	5.592024	635.999043	1.556644	3092.873514	6.739142
G810	1693.977101	1.539640	420.346933	0.041247	1273.630167	1.540192	2548.478326	8.650284	1077.906093	2.068252	5241.874563	8.186142
G811	1545.277959	1.529602	409.544841	0.041169	1135.733119	1.530156	2272.552356	7.830918	961.200261	1.930663	4674.332235	7.809964
G812	2937.038706	1.704865	528.219365	0.056097	2408.819341	1.705788	4819.942271	15.663184	2038.646000	3.362683	9913.968085	12.052414
G813	1742.282394	1.584660	466.928245	0.039311	1275.354149	1.585147	2551.927938	8.692924	1079.365144	2.094108	5248.969948	8.334598
G814	1365.214937	1.075258	412.638069	0.046691	952.576868	1.076271	1906.064699	6.417357	806.190397	1.507349	3920.516788	5.884731
G815	2003.950732	1.308969	456.227620	0.047845	1547.723112	1.309843	3096.926334	10.165784	1309.878029	2.244257	6369.957794	8.287534
G816	1249.986168	0.985701	541.192298	0.043407	708.793870	0.986657	1418.265569	4.912313	599.870552	1.223060	2917.180082	4.979915
G817	2922.090597	2.198511	407.800241	0.035873	2514.290356	2.198803	5030.985165	16.551580	2127.908843	3.675848	10348.054718	13.654926
G818	1803.481809	1.649397	445.829836	0.035684	1357.651973	1.649783	2716.602290	9.226649	1149.015917	2.208960	5587.682773	8.751652
G819	1582.076546	1.238795	388.912105	0.071809	1193.164441	1.240874	2387.469923	7.968719	1009.805872	1.834640	4910.702098	7.044816
G820	2278.526410	2.060624	530.628380	0.039362	1747.898030	2.060999	3497.467601	11.834258	1479.291231	2.810509	7193.816901	11.067283
G821	1647.647669	1.441590	589.871817	0.036659	1057.775852	1.442056	2116.563271	7.306713	895.223013	1.807784	4353.483825	7.330191
G822	1892.511373	2.054026	418.278369	0.047526	1474.233004	2.054576	2949.875840	10.219146	1247.681454	2.545258	6067.494854	10.365905
G823	1539.816718	1.486909	310.303915	0.048000	1229.512802	1.487684	2460.201406	8.351247	1040.568429	1.997059	5060.300902	7.905267
G824	1393.897301	1.685833	408.185213	0.046459	985.712088	1.686473	1972.366826	7.107661	834.233589	1.892538	4056.891279	8.015520
G825	830.942343	0.786712	357.291344	0.048351	473.650999	0.788197	947.754957	3.394501	400.863069	0.895323	1949.403512	3.772812
G826	1992.837144	1.710272	561.764846	0.040610	1431.072298	1.710754	2863.513151	9.705537	1211.153433	2.313381	5889.858507	9.135027
G827	2009.047119	1.383399	391.271909	0.046267	1617.775210	1.384173	3237.097523	10.633703	1369.164928	2.352151	6658.270934	8.703043
G828	1401.152721	1.256528	436.471270	0.034084	964.681451	1.256990	1930.285442	6.618564	816.434819	1.615864	3970.335574	6.492800
G829	2842.921351	2.413140	566.301700	0.060434	2276.619651	2.413897	4555.416467	15.233814	1926.761989	3.523138	9369.874353	13.580482
G830	2831.969901	2.064508	507.990552	0.036356	2323.979348	2.064828	4650.181153	15.316154	1966.843724	3.411605	9564.792469	12.710283
G831	1592.892460	1.305828	520.152551	0.037105	1072.739909	1.306355	2146.505695	7.292376	907.887481	1.746889	4415.071334	6.923974
G832	1325.488227	1.120540	363.220717	0.035970	962.267509	1.121117	1925.455249	6.505716	814.391837	1.540189	3960.400522	6.050307
G833	1789.936472	1.913096	435.438435	0.039426	1354.498037	1.913502	2710.291401	9.410047	1146.346660	2.353505	5574.702130	9.610807
G834	2389.114973	1.975442	424.898030	0.037391	1964.216943	1.975796	3930.312296	13.077173	1662.367512	2.988151	8084.119783	11.399141
G835	1470.243963	1.101641	460.324466	0.040633	1009.919497	1.102390	2020.804795	6.778090	854.720945	1.578526	4156.521616	6.120074
G836	1886.004056	1.466594	484.853024	0.035360	1401.151032	1.467021	2803.642006	9.363942	1185.830294	2.159225	5766.711675	8.302249
G837	2553.505954	1.619209	556.897029	0.041004	1996.608925	1.619728	3995.127236	13.078748	1689.781682	2.866355	8217.435331	10.506018
G838	1658.030456	1.469126	507.076640	0.043550	1150.953816	1.469772	2303.008307	7.873990	974.081930	1.911291	4736.975999	7.648711
G839	1405.698013	1.265007	557.328071	0.038062	848.369942	1.265580	1697.551194	5.949727	717.997386	1.513712	3491.632764	6.247841
G840	1667.132260	1.396226	494.004958	0.048756	1173.127302	1.397077	2347.376483	7.952404	992.847924	1.893588	4828.235324	7.471610
G841	1431.713532	1.230203	299.007573	0.038329	1132.705960	1.230800	2266.495143	7.598522	958.638298	1.767638	4661.873368	6.847028
G842	2300.071400	1.873186	474.888568	0.043134	1825.182831	1.873682	3652.111112	12.174568	1544.699353	2.794639	7511.897647	10.703629
G843	1726.370226	1.304139	386.708128	0.039315	1339.662098	1.304731	2680.605335	8.893540	1133.790621	2.017960	5513.641916	7.649852
G844	1913.102220	1.413339	559.158993	0.040545	1353.943227	1.413921	2709.181250	9.046150	1145.877110	2.084690	5572.418701	8.011542
G845	1729.804359	1.257762	479.180078	0.046005	1250.624281	1.258603	2502.444552	8.326652	1058.435618	1.902855	5147.189329	7.259657
G846	2166.005130	1.396991	605.752926	0.048613	1560.252203	1.397837	3121.996499	10.289090	1320.481723	2.295484	6421.523726	8.565228
G847	1093.705841	0.970311	486.951982	0.038989	606.753859	0.971094	1214.087965	4.313065	513.511456	1.122795	2497.214418	4.697141
G848	1120.775941	0.737338	446.267739	0.036214	674.508202	0.738227	1349.661446	4.528249	570.853706	1.055252	2776.070696	4.093475
G849	2630.638012	3.198851	356.888418	0.032535	2273.749594	3.199016	4549.673609	15.785665	1924.332986	3.943120	9358.062071	16.089133
G850	1970.023281	1.740086	401.820968	0.038520	1568.202313	1.740513	3137.904321	10.543857	1327.210106	2.465580	6454.243960	9.591209
G851	1931.295195	1.686315	523.880295	0.029956	1407.414900	1.686581	2816.175732	9.547995	1191.131567	2.277316	5792.491851	8.997053
G852	1806.022784	1.683787	530.199713	0.035614	1275.823071	1.684163	2552.866231	8.769903	1079.762005	2.149198	5250.899889	8.658446
G853	1791.997893	1.705974	335.004166	0.049369	1456.993727	1.706688	2915.380799	9.856817	1233.091408	2.336832	5996.543231	9.189757
G854	2223.895708	1.720838	359.847833	0.046799	1864.047875	1.721474	3729.878366	12.320865	1577.591843	2.765136	7671.854349	10.376417
G855	2094.508907	1.543845	372.335004	0.044300	1722.173903	1.544481	3445.994746	11.357742	1457.520237	2.534396	7087.944213	9.458484
G856	1827.761002	1.548048	301.029923	0.084629	1526.731079	1.550359	3054.922194	10.173410	1292.111930	2.329557	6283.560969	8.903283
G857	2455.047811	1.682444	462.887675	0.044052	1992.160136	1.683020	3986.225405	13.083423	1686.016557	2.887475	8199.125470	10.659447
G858	3148.883650	2.242343	476.181462	0.038133	2672.702187	2.242668	5347.960319	17.545002	2261.976866	3.867499	11000.029656	14.260009
G859	2430.548055	2.242747	425.540831	0.040249	2005.007224	2.243108	4011.931867	13.492531	1696.889380	3.161360	8252.000179	12.317530
G860	2116.095306	1.912682	478.652243	0.036727	1637.443062	1.913035	3276.452036	11.074106	1385.810340	2.623621	6739.217834	10.312105
G861	2294.686897	1.988534	540.489869	0.034140	1754.197028	1.988827	3510.071621	11.822344	1484.622235	2.779330	7219.741663	10.858114
G862	2420.895570	1.641066	406.413945	0.040360	2014.481625	1.641562	4030.889728	13.199468	1704.907810	2.894987	8290.993932	10.619243
G863	2509.640453	2.000515	371.782268	0.037506	2137.858184	2.000867	4277.760834	14.145609	1809.324577	3.183192	8798.774341	11.975417
G864	3027.103633	2.367988	345.180350	0.037784	2681.923283	2.368289	5366.411328	17.667337	2269.780917	3.930766	11037.980881	14.627925
G865	1173.010130	1.343434	403.515108	0.044158	769.495022	1.344160	1539.725924	5.575036	651.243504	1.495113	3167.007572	6.355985
G866	1827.552032	1.991713	434.884895	0.040756	1392.667137	1.992130	2786.666102	9.695437	1178.650154	2.434261	5731.794540	9.965127
G867	2119.085540	1.982634	447.498623	0.044152	1671.586918	1.983126	3344.772399	11.326053	1414.707166	2.694177	6879.743563	10.622339
G868	1590.371284	1.494366	481.324584	0.039990	1109.046700	1.494901	2219.153998	7.647462	938.614856	1.885695	4564.499048	7.628775
G869	2600.458432	2.076678	523.501386	0.043032	2076.957046	2.077123	4155.900317	13.820477	1757.782371	3.153954	8548.123771	12.018009
G870	1385.531010	1.762759	576.056594	0.042236	809.474417	1.763265	1619.722946	6.231990	685.079098	1.807908	3331.550606	7.968873
G871	3039.816939	2.437795	517.569220	0.034586	2522.247719	2.438040	5046.907501	16.733510	2134.643365	3.790795	10380.804806	14.349576
G872	2450.436035	2.620221	426.676945	0.041053	2023.759090	2.620543	4049.453530	13.872305	1712.759568	3.380702	8329.177156	13.567097
G873	2029.916195	1.814743	438.364187	0.035000	1591.552008	1.815080	3184.626041	10.733398	1346.971556	2.527107	6550.344207	9.884467
G874	2158.529875	1.711157	369.559924	0.035819	1788.969951	1.711532	3579.650721	11.858394	1514.051458	2.680590	7362.856443	10.126970
G875	2007.449034	1.597993	340.551643	0.031606	1666.897391	1.598306	3335.388860	11.051283	1410.738298	2.499307	6860.442896	9.446149
G876	1338.639509	1.176238	536.633299	0.041627	802.006210	1.176974	1604.779391	5.608125	678.758562	1.419392	3300.813737	5.839855
G877	1484.883851	1.437104	290.120676	0.033884	1194.763175	1.437504	2390.668921	8.109429	1011.158922	1.936283	4917.282002	7.655941
G878	1825.811042	1.525603	395.508166	0.034027	1430.302876	1.525983	2861.973572	9.576757	1210.502252	2.218077	5886.691801	8.560484
G879	2157.046613	1.791517	320.044495	0.029097	1837.002117	1.791753	3675.760987	12.196761	1554.702320	2.768341	7560.542236	10.497463
G880	1987.937176	1.631750	528.332378	0.064150	1459.604798	1.633011	2920.605438	9.822340	1235.301225	2.301444	6007.289604	8.967140
G881	2189.153464	1.606746	483.946950	0.039165	1705.206514	1.607223	3412.043742	11.289286	1443.160298	2.544083	7018.111599	9.583873
G882	2095.967119	1.471151	455.710937	0.047501	1640.256181	1.471918	3282.080964	10.817986	1388.191155	2.414238	6750.795777	9.011074
G883	1315.931681	1.243541	277.928490	0.045453	1038.003190	1.244372	2076.999038	7.042219	878.488899	1.679829	4272.105560	6.637061
G884	2186.877115	2.090642	350.855369	0.038476	1836.021746	2.090996	3673.799307	12.380142	1553.872607	2.913796	7556.507326	11.393782
G885	2531.449232	1.801315	294.909904	0.036922	2236.539329	1.801694	4475.217493	14.644143	1892.840977	3.205686	9204.915930	11.735483
G886	1623.262734	1.666021	453.901962	0.041748	1169.360772	1.666544	2339.839820	8.135769	989.660212	2.040334	4812.733431	8.346430
G887	2238.363960	1.735163	420.860954	0.039593	1817.503006	1.735614	3636.744116	12.045673	1538.199719	2.721875	7480.289820	10.279290
G888	2368.969999	1.937746	359.564312	0.035996	2009.405687	1.938080	4020.732998	13.328658	1700.611912	3.018071	8270.102912	11.419719
G889	2365.183416	1.798843	460.507215	0.041012	1904.676201	1.799310	3811.173873	12.612199	1611.976645	2.843529	7839.068190	10.716559
G890	2125.777128	1.867625	586.568027	0.038059	1539.209101	1.868012	3079.890170	10.458805	1302.672402	2.503081	6334.916714	9.914358
G891	1827.754139	1.517685	274.337349	0.040606	1553.416790	1.518228	3108.319136	10.315708	1314.696736	2.342408	6393.391243	8.885822
G892	2998.804601	2.511856	274.032176	0.032470	2724.772426	2.512066	5452.150592	18.007624	2306.045253	4.040022	11214.334928	15.155653
G893	2328.421580	1.670738	344.289773	0.033699	1984.131807	1.671077	3970.161069	13.028043	1679.221975	2.873687	8166.083308	10.602700
G894	2035.955092	1.876368	397.199723	0.028662	1638.755370	1.876587	3279.077905	11.056942	1386.920979	2.606010	6744.618892	10.201518
G895	2388.780804	1.680359	503.446764	0.043744	1885.334039	1.680928	3772.471052	12.428420	1595.606874	2.770204	7759.461732	10.327309
G896	1037.682642	0.926773	545.793291	0.047247	491.889351	0.927977	984.249103	3.632123	416.298658	1.000709	2024.467027	4.311474
G897	2307.796683	1.956982	442.603807	0.032495	1865.192876	1.957252	3732.169463	12.467897	1578.560887	2.876461	7676.566827	11.064939
G898	1614.762506	1.945002	385.281706	0.045880	1229.480800	1.945543	2460.137371	8.719742	1040.541344	2.261426	5060.169191	9.440280
G899	1754.471899	1.503351	459.822674	0.038202	1294.649225	1.503836	2590.536542	8.749766	1095.695065	2.069833	5328.382614	8.125958
G900	-1.000000	-1.000000	-1.000000	-1.000000	-1.000000	-1.000000	0.000000	0.000000	0.000000	0.000000	0.000000	0.000000

# W module
# module name	LMS_Mean	LMS_Err	Pedestal_Mean	Pedestal_Err	module signal(LMS-Pedestal)	signal error	gain1(RefPMT1)	gain1 error	gain2(RefPMT2)	gain2 error	gain3(RefPMT3)	gain3 error
W1	2470.438527	1.391246	397.037080	0.038129	2073.401447	1.391768	4148.785719	13.449627	1754.773177	2.867246	8533.490008	10.193989
W2	1361.900867	0.711529	478.163589	0.042569	883.737278	0.712801	1768.319688	5.786866	747.929675	1.267039	3637.193967	4.639420
W3	1399.513261	0.534485	589.243916	0.039192	810.269345	0.535920	1621.313562	5.252731	685.751866	1.117743	3334.822287	3.965388
W4	1448.034567	0.524552	559.404315	0.039588	888.630252	0.526043	1778.110314	5.736788	752.070725	1.205593	3657.331957	4.212908
W5	1667.558694	0.780726	561.309791	0.037652	1106.248904	0.781634	2213.555729	7.192547	936.247009	1.543676	4552.984169	5.530876
W6	723.377539	0.706297	522.523098	0.645792	200.854441	0.957028	401.900962	2.300405	169.988299	0.848622	826.655816	4.022650
W7	1990.075487	0.887547	592.210596	0.032110	1397.864892	0.888128	2797.066583	9.047334	1183.049148	1.916008	5753.186920	6.758772
W8	1016.459127	0.572353	375.883546	0.036923	640.575581	0.573543	1281.763753	4.224088	542.135652	0.942278	2636.414344	3.515561
W9	811.824605	0.453929	434.926109	0.032918	376.898496	0.455121	754.157426	2.559362	318.978928	0.611695	1551.199627	2.420378
W10	971.869425	0.535314	440.148928	0.043541	531.720497	0.537082	1063.949487	3.541387	450.008785	0.809960	2188.399915	3.092334
W11	1680.440573	0.778973	553.866248	0.037990	1126.574325	0.779899	2254.226010	7.317762	953.448937	1.566248	4636.637424	5.594223
W12	984.702739	0.488354	380.217174	0.053315	604.485565	0.491256	1209.549209	3.960104	511.591741	0.868160	2487.878813	3.183043
W13	1485.231594	0.693076	580.853196	0.043761	904.378399	0.694456	1809.621668	5.905159	765.398788	1.282796	3722.146543	4.658046
W14	1546.196536	0.718746	519.231361	0.040884	1026.965175	0.719908	2054.912452	6.674591	869.147142	1.430979	4226.676445	5.120858
W15	2100.864169	1.203920	524.334393	0.037500	1576.529776	1.204504	3154.567210	10.291129	1334.257852	2.233841	6488.517264	8.104652
W16	1951.587994	0.994210	549.905343	0.034459	1401.682651	0.994807	2804.705752	9.115314	1186.280217	1.957538	5768.899657	7.018568
W17	2016.231159	0.988526	293.540263	0.035865	1722.690897	0.989176	3447.029229	11.110214	1457.957783	2.327711	7090.072004	8.103091
W18	508.817869	0.271573	379.780890	0.042630	129.036979	0.274899	258.197358	0.986482	109.207327	0.283893	531.076975	1.247184
W19	1381.021725	0.761609	348.174330	0.035216	1032.847395	0.762423	2066.682518	6.729818	874.125417	1.453307	4250.885876	5.243196
W20	1261.605435	0.785141	257.830033	0.035308	1003.775403	0.785935	2008.510731	6.561376	849.521039	1.429705	4131.234393	5.208496
W21	1406.788786	0.888204	502.832365	0.039819	903.956421	0.889096	1808.777308	6.006184	765.041657	1.365695	3720.409810	5.187075
W22	1896.047240	1.105892	509.752825	0.042817	1386.294414	1.106720	2773.914563	9.072087	1173.256755	1.982981	5705.566353	7.248072
W23	1451.944747	0.879001	466.795605	0.038079	985.149142	0.879825	1971.240396	6.495064	833.757154	1.448169	4054.574365	5.400455
W24	1120.690417	0.588750	362.162006	0.038894	758.528411	0.590033	1517.782213	4.956416	641.962178	1.078870	3121.872333	3.926040
W25	1316.325603	0.725648	313.210810	0.037408	1003.114793	0.726612	2007.188880	6.529855	848.961948	1.406300	4128.515526	5.058319
W26	1880.716701	0.956740	619.598771	0.037048	1261.117930	0.957457	2523.441885	8.229378	1067.316664	1.784586	5190.377997	6.467938
W27	1295.942734	0.559821	638.678192	0.037434	657.264542	0.561071	1315.157636	4.319557	556.259951	0.955082	2705.101035	3.532381
W28	1338.324264	0.642278	557.309139	0.046365	781.015125	0.643949	1562.777146	5.121200	660.993265	1.125453	3214.420812	4.136830
W29	1593.559583	0.788412	670.052557	0.035748	923.507026	0.789222	1847.897215	6.069763	781.587839	1.342332	3800.874157	4.965620
W30	1791.832345	0.801151	511.604076	0.029546	1280.228268	0.801696	2561.680838	8.281396	1083.490237	1.750909	5269.030341	6.164099
W31	1604.557727	0.826200	486.007590	0.028609	1118.550137	0.826696	2238.169961	7.288698	946.657860	1.574277	4603.612307	5.680747
W32	2228.963397	0.996494	577.951148	0.043931	1651.012249	0.997462	3303.603385	10.666004	1397.294293	2.246248	6795.064481	7.870140
W33	1568.908590	0.784394	467.161440	0.043023	1101.747150	0.785573	2204.547917	7.166389	932.437058	1.539986	4534.456320	5.525464
W34	2061.006771	1.095768	398.366928	0.037850	1662.639843	1.096422	3326.869693	10.777060	1407.135026	2.292443	6842.920123	8.129350
W35	1725.392207	0.866273	456.703248	0.061008	1268.688959	0.868418	2538.591183	8.236694	1073.724221	1.760326	5221.538051	6.276719
W36	1445.289057	0.763961	535.634698	0.033295	909.654359	0.764686	1820.178635	5.972156	769.863970	1.316883	3743.860793	4.857110
W37	1717.462519	0.884051	536.262433	0.032800	1181.200086	0.884659	2363.529771	7.702266	999.680129	1.666862	4861.460448	6.027792
W38	1026.350433	0.459357	455.000482	0.033111	571.349951	0.460548	1143.246293	3.741157	483.548215	0.819044	2351.502700	2.998706
W39	1432.418345	0.669981	436.537070	0.025042	995.881275	0.670449	1992.714926	6.460843	842.840035	1.377859	4098.744563	4.900852
W40	1665.087034	0.657125	629.083642	0.033070	1036.003392	0.657956	2072.997529	6.705171	876.796418	1.419929	4263.874998	5.008558
W41	1139.141568	0.574200	456.481027	0.048649	682.660541	0.576258	1365.973920	4.483101	577.753241	0.989266	2809.623245	3.651456
W42	1177.629407	0.542001	536.811541	0.031296	640.817866	0.542904	1282.248555	4.209330	542.340705	0.929452	2637.411517	3.432909
W43	2105.941268	0.925043	552.887226	0.024451	1553.054043	0.925366	3107.593294	10.028363	1314.389733	2.108890	6391.898284	7.375602
W44	1548.644709	0.895114	282.062558	0.036017	1266.582151	0.895838	2534.375553	8.235393	1071.941175	1.767740	5212.867071	6.334689
W45	1433.502691	0.646710	513.485209	0.045604	920.017483	0.648316	1840.914792	5.980964	778.634549	1.283177	3786.512258	4.595633
W46	1817.442484	0.779509	578.419934	0.046296	1239.022550	0.780882	2479.229996	8.016789	1048.616774	1.696195	5099.440133	5.976718
W47	1405.614520	0.601498	513.185494	0.039858	892.429026	0.602817	1785.711495	5.790529	755.285726	1.235430	3672.966558	4.396424
W48	859.444336	0.406238	520.257148	0.039319	339.187188	0.408136	678.698746	2.302251	287.062875	0.549720	1395.991348	2.173599
W49	1066.969359	0.674815	313.811036	0.038329	753.158324	0.675903	1507.036904	4.967329	637.417335	1.108566	3099.770687	4.137737
W50	2250.747419	1.082361	458.975293	0.031052	1791.772126	1.082806	3585.257750	11.575466	1516.423010	2.437852	7374.389340	8.541776
W51	1588.958500	0.767509	514.176002	0.031837	1074.782498	0.768169	2150.592827	6.991797	909.616177	1.502962	4423.478010	5.394624
W52	1971.852350	1.136848	229.045292	0.047599	1742.807058	1.137844	3487.280788	11.292056	1474.982610	2.399073	7172.864008	8.495269
W53	623.012363	0.349619	303.374063	0.033076	319.638301	0.351180	639.582276	2.146743	270.518146	0.500742	1315.534070	1.943947
W54	1257.136465	0.717783	270.255312	0.031515	986.881153	0.718474	1974.706075	6.425798	835.222999	1.384885	4061.702798	4.985285
W55	904.788544	0.428818	427.884617	0.038026	476.903926	0.430500	954.263923	3.146714	403.616106	0.703051	1962.791574	2.627008
W56	1619.698547	0.812001	512.026288	0.042545	1107.672260	0.813115	2216.403802	7.215307	937.451631	1.556889	4558.842269	5.611873
W57	1464.315845	0.696156	511.150086	0.043378	953.165758	0.697506	1907.243043	6.207875	806.688790	1.338904	3922.940483	4.823718
W58	1824.610312	0.888893	472.277438	0.037051	1352.332874	0.889665	2705.959004	8.764817	1144.514226	1.863865	5565.790976	6.607275
W59	1173.960675	0.582219	437.365467	0.033839	736.595208	0.583202	1473.894832	4.818016	623.399542	1.051709	3031.601937	3.838701
W60	2354.013483	1.049820	528.597087	0.052612	1825.416396	1.051138	3652.578464	11.773787	1544.897025	2.467422	7512.858927	8.592446
W61	1294.125378	0.627648	524.134265	0.024879	769.991114	0.628141	1540.718581	5.045549	651.663359	1.106826	3169.049333	4.060780
W62	2133.069645	1.014101	723.610488	0.033912	1409.459157	1.014668	2820.266201	9.172195	1192.861674	1.973649	5800.905391	7.092103
W63	1677.576818	0.706368	658.151749	0.033622	1019.425069	0.707168	2039.825029	6.622382	862.765756	1.417798	4195.643661	5.065570
W64	1371.967609	0.538014	612.638541	0.034186	759.329068	0.539099	1519.384294	4.938091	642.639795	1.060518	3125.167596	3.802591
W65	1894.705808	0.877396	626.170286	0.025180	1268.535522	0.877757	2538.284164	8.239705	1073.594364	1.763465	5220.906553	6.298174
W66	1785.877973	0.972818	449.963672	0.038113	1335.914301	0.973564	2673.106157	8.698870	1130.618764	1.875047	5498.217124	6.750853
W67	1869.644350	1.008771	413.933516	0.035887	1455.710835	1.009409	2912.813787	9.456404	1232.005663	2.024431	5991.263234	7.232532
W68	1667.950144	0.812139	513.099339	0.032808	1154.850805	0.812801	2310.806010	7.507166	977.380052	1.610346	4753.014818	5.766283
W69	1532.499934	0.846089	524.461192	0.041025	1008.038742	0.847083	2017.041487	6.617922	853.129213	1.459183	4148.781002	5.381614
W70	1420.057548	0.704686	575.227832	0.039735	844.829716	0.705806	1690.467355	5.544321	715.001201	1.221218	3477.062269	4.499301
W71	1517.418570	0.592526	630.540449	0.034301	886.878121	0.593518	1774.604376	5.752209	750.587851	1.225813	3650.120718	4.356230
W72	883.897662	0.466963	334.852656	0.026595	549.045006	0.467720	1098.615073	3.607832	464.670964	0.797419	2259.702327	2.948162
W73	1268.723933	0.720709	325.526061	0.028721	943.197871	0.721282	1887.297736	6.157230	798.252710	1.336704	3881.915689	4.850463
W74	1413.463379	0.710014	345.827393	0.026884	1067.635986	0.710523	2136.292968	6.922955	903.567899	1.474280	4394.065138	5.234962
W75	1735.883148	0.848674	448.937839	0.025091	1286.945309	0.849044	2575.121344	8.341998	1089.175042	1.774564	5296.675640	6.293273
W76	1738.503158	0.774368	556.377865	0.040240	1182.125292	0.775413	2365.381069	7.660734	1000.463155	1.628497	4865.268317	5.770480
W77	1360.317303	0.574993	635.570694	0.038880	724.746609	0.576306	1450.186304	4.741722	613.371767	1.035781	2982.836708	3.783358
W78	1473.802943	0.786880	299.568429	0.039641	1174.234514	0.787878	2349.591966	7.616825	993.784986	1.623701	4832.792272	5.772433
W79	1531.294804	0.719475	514.744833	0.040136	1016.549971	0.720594	2034.072084	6.610366	860.332486	1.419357	4183.810633	5.088013
W80	1541.030932	0.727540	433.155658	0.035696	1107.875274	0.728416	2216.810025	7.180251	937.623447	1.526793	4559.677813	5.411922
W81	1195.085106	0.548388	542.951522	0.036208	652.133584	0.549582	1304.890813	4.282161	551.917489	0.944650	2683.983573	3.485748
W82	501.225469	0.248972	361.163396	0.045919	140.062073	0.253171	280.258089	1.023081	118.538148	0.277657	576.452911	1.187514
W83	1181.803708	0.542495	541.044546	0.035405	640.759162	0.543649	1282.131091	4.209355	542.291022	0.929699	2637.169909	3.434725
W84	800.366582	0.387864	352.125266	0.034393	448.241317	0.389386	896.911293	2.949390	379.358199	0.654205	1844.824987	2.427258
W85	963.071259	0.468849	485.272894	0.036109	477.798365	0.470238	956.053655	3.174824	404.373092	0.721994	1966.472811	2.742552
W86	580.741130	0.313035	368.972520	0.046881	211.768611	0.316526	423.739739	1.485684	179.225243	0.378218	871.575221	1.561682
W87	1147.287266	0.698501	355.135278	0.046054	792.151988	0.700018	1585.061523	5.218621	670.418680	1.161236	3260.256756	4.321989
W88	1111.825995	0.606367	344.545108	0.032964	767.280887	0.607262	1535.295537	5.018615	649.369625	1.095429	3157.894866	3.998011
W89	1324.962982	0.680092	340.727722	0.040414	984.235259	0.681292	1969.411757	6.393156	832.983711	1.368333	4050.813103	4.887248
W90	879.865330	0.518987	256.926728	0.035428	622.938602	0.520195	1246.472930	4.088008	527.209022	0.900373	2563.825902	3.316957
W91	832.068422	0.423371	471.287416	0.034912	360.781006	0.424808	721.907033	2.442273	305.338281	0.579798	1484.864939	2.282490
W92	1007.838824	0.476897	451.449958	0.036724	556.388866	0.478309	1113.309814	3.658348	470.886262	0.809912	2289.927420	2.999270
W93	911.328887	0.445052	374.868607	0.038844	536.460280	0.446744	1073.433585	3.519869	454.020186	0.774870	2207.907420	2.853206
W94	1993.607416	0.885159	477.275147	0.025403	1516.332269	0.885523	3034.114630	9.784671	1283.311149	2.053428	6240.762629	7.163313
W95	1287.155647	0.711475	439.084338	0.025205	848.071308	0.711922	1696.953640	5.567335	717.744644	1.227317	3490.403677	4.525633
W96	1301.711330	0.624182	546.362879	0.026423	755.348451	0.624741	1511.419253	4.953886	639.270896	1.089269	3108.784586	4.006039
W97	1610.879553	0.662556	597.537021	0.024421	1013.342532	0.663006	2027.654139	6.566256	857.617948	1.395405	4170.609789	4.942725
W98	1791.556860	0.775779	637.333044	0.042116	1154.223816	0.776921	2309.551433	7.488048	976.849416	1.596890	4750.434323	5.679780
W99	1718.024346	0.761529	577.379347	0.038648	1140.644999	0.762509	2282.380813	7.397772	965.357312	1.576272	4694.548039	5.600773
W100	1620.511311	0.775436	461.316165	0.048739	1159.195147	0.776966	2319.498849	7.518931	981.056781	1.602620	4770.894808	5.696605
W101	1661.125671	0.888674	489.176782	0.050554	1171.948888	0.890111	2345.018529	7.647673	991.850602	1.658540	4823.385333	6.011497
W102	1829.821527	0.920275	511.604621	0.032879	1318.216906	0.920862	2637.694442	8.566147	1115.641001	1.835654	5425.380023	6.565509
W103	1648.562901	0.779671	344.556939	0.036544	1304.005962	0.780527	2609.258963	8.421528	1103.613912	1.771827	5366.892098	6.200413
W104	1509.381606	0.759476	539.919238	0.034650	969.462368	0.760266	1939.851847	6.337657	820.481032	1.381304	3990.012374	5.033513
W105	1686.399938	0.970158	483.384402	0.034455	1203.015536	0.970770	2407.181534	7.877776	1018.143108	1.724977	4951.246209	6.316720
W106	1399.299494	0.677135	600.444264	0.037526	798.855229	0.678174	1598.474416	5.248141	676.091806	1.159250	3287.845259	4.283228
W107	1930.448985	0.995529	557.658870	0.033105	1372.790115	0.996079	2746.893049	8.937039	1161.827717	1.925187	5649.986761	6.926566
W108	1900.659878	0.877764	547.958335	0.034747	1352.701543	0.878452	2706.696694	8.762579	1144.826240	1.860478	5567.308306	6.583065
W109	1700.436525	0.821924	591.965778	0.034833	1108.470746	0.822662	2218.001539	7.224572	938.127411	1.561378	4562.128597	5.637989
W110	1406.052785	0.787014	416.318471	0.032174	989.734314	0.787671	1980.415125	6.475746	837.637703	1.414751	4073.445539	5.168341
W111	1345.817014	0.740855	365.738128	0.030761	980.078885	0.741494	1961.095035	6.394261	829.466065	1.385897	4033.706731	5.020064
W112	1421.357727	0.758523	332.579474	0.036282	1088.778253	0.759390	2178.597722	7.074676	921.461146	1.515725	4481.080284	5.419932
W113	1085.826238	0.603276	344.281870	0.033309	741.544368	0.604195	1483.797885	4.858776	627.588144	1.065634	3051.971175	3.908819
W114	1226.963226	0.629793	403.443616	0.036738	823.519610	0.630864	1647.826765	5.376484	696.965908	1.167522	3389.356353	4.237788
W115	1330.595034	0.791649	353.938831	0.035298	976.656203	0.792435	1954.246396	6.397634	826.569360	1.402153	4019.620010	5.139445
W116	854.028378	0.456523	433.904248	0.033770	420.124130	0.457771	840.650031	2.819135	355.561898	0.656253	1729.103195	2.543432
W117	962.426698	0.505905	433.701819	0.032415	528.724879	0.506943	1057.955385	3.505353	447.473516	0.792746	2176.070859	2.996161
W118	1681.455169	0.997524	316.036910	0.039539	1365.418259	0.998307	2732.142287	8.892441	1155.588725	1.917665	5619.646442	6.907873
W119	998.440004	0.505837	419.087615	0.048293	579.352389	0.508137	1159.258821	3.814667	490.320884	0.847638	2384.438299	3.150462
W120	856.345229	0.461258	315.286638	0.042093	541.058591	0.463175	1082.634604	3.556527	457.911855	0.786770	2226.832669	2.911355
W121	1529.698226	0.994574	274.853399	0.038805	1254.844827	0.995330	2510.889681	8.208724	1062.007575	1.792382	5164.559814	6.544155
W122	1743.356939	0.795707	377.501210	0.040640	1365.855729	0.796744	2733.017646	8.813341	1155.958968	1.849373	5621.446938	6.450556
W123	1811.820476	0.962322	401.485491	0.032371	1410.334985	0.962866	2822.018695	9.155242	1193.602910	1.955976	5804.510034	6.971624
W124	1280.579500	0.729755	298.201260	0.035198	982.378239	0.730604	1965.695942	6.403446	831.412067	1.384341	4043.170173	5.000413
W125	1275.609104	0.721098	286.927831	0.032462	988.681273	0.721828	1978.308036	6.438435	836.746487	1.388171	4069.111543	4.999372
W126	1031.762054	0.563918	308.212107	0.029843	723.549948	0.564707	1447.791837	4.728757	612.359002	1.029858	2977.911613	3.749793
W127	975.405963	0.536361	369.954577	0.033088	605.451386	0.537381	1211.481773	3.989919	512.409139	0.888563	2491.853836	3.309800
W128	1372.418515	0.604887	628.016429	0.039404	744.402085	0.606169	1489.516054	4.877324	630.006704	1.069597	3063.732673	3.922955
W129	1972.116139	0.872772	626.334943	0.039888	1345.781196	0.873683	2692.849383	8.717640	1138.969372	1.850867	5538.826264	6.548766
W130	945.016242	0.504173	549.783260	0.033486	395.232982	0.505284	790.843931	2.704323	334.495877	0.656644	1626.658797	2.628393
W131	1510.712071	0.681701	559.290902	0.033901	951.421169	0.682544	1903.752197	6.190413	805.212300	1.331387	3915.760285	4.781582
W132	1437.522701	0.615232	587.262106	0.032594	850.260595	0.616095	1701.334307	5.534929	719.597494	1.192084	3499.414116	4.288031
W133	1911.465519	0.908572	585.673278	0.033305	1325.792241	0.909182	2652.852357	8.608133	1122.052203	1.840150	5456.557800	6.563163
W134	1295.637542	0.656281	491.899851	0.045147	803.737691	0.657832	1608.244008	5.267760	680.223959	1.156214	3307.939985	4.244419
W135	1598.859296	0.768737	323.456829	0.031506	1275.402467	0.769382	2552.024620	8.239027	1079.406037	1.734853	5249.168810	6.077185
W136	1685.390079	0.978063	258.627652	0.034116	1426.762427	0.978658	2854.889287	9.263813	1207.505878	1.980376	5872.120388	7.063553
W137	1605.184488	0.830903	416.979289	0.029247	1188.205199	0.831417	2377.546696	7.721887	1005.608737	1.655104	4890.291365	5.921245
W138	2281.522083	1.226693	374.799468	0.032663	1906.722615	1.227128	3815.268657	12.346998	1613.708577	2.618724	7847.490607	9.254237
W139	1195.758588	0.619171	551.891739	0.040714	643.866849	0.620509	1288.349436	4.270562	544.921137	0.966838	2649.960202	3.657733
W140	1362.653895	0.622693	574.881112	0.038055	787.772783	0.623855	1576.298925	5.152829	666.712445	1.124833	3242.233279	4.105750
W141	1525.094261	0.768661	645.854631	0.052020	879.239631	0.770420	1759.320091	5.788838	744.123200	1.286078	3618.683015	4.779192
W142	1664.593091	0.819033	468.046321	0.040457	1196.546770	0.820032	2394.237815	7.768746	1012.668424	1.660579	4924.622734	5.922134
W143	1949.275674	0.869917	539.418083	0.035992	1409.857590	0.870661	2821.063448	9.115227	1193.198879	1.924217	5802.545220	6.761478
W144	1473.753689	0.667929	524.798580	0.036651	948.955110	0.668934	1898.817719	6.169184	803.125210	1.323619	3905.610732	4.740722
W145	1046.414509	0.581516	410.493448	0.034127	635.921061	0.582516	1272.450263	4.200615	538.196413	0.941209	2617.257758	3.526558
W146	1045.719616	0.523697	371.312701	0.025994	674.406915	0.524342	1349.458775	4.406623	570.767984	0.959122	2775.653830	3.489986
W147	1014.012728	0.522274	562.747031	0.030880	451.265697	0.523186	902.962947	3.049153	381.917811	0.720948	1857.272418	2.829285
W148	2225.507317	0.957006	612.744849	0.033899	1612.762468	0.957606	3227.067245	10.412681	1364.922516	2.188921	6637.640012	7.652081
W149	1065.847640	0.456424	523.581959	0.034656	542.265681	0.457737	1085.049939	3.561110	458.933446	0.785811	2231.800686	2.900482
W150	944.499699	0.386097	575.468521	0.028380	369.031178	0.387138	738.415265	2.466725	312.320613	0.569060	1518.820135	2.188895
W151	880.585188	0.524339	303.393077	0.026983	577.192111	0.525033	1154.936199	3.810637	488.492586	0.852656	2375.547252	3.190575
W152	1570.050037	0.804077	356.785650	0.036442	1213.264387	0.804902	2427.689037	7.866223	1026.816975	1.674501	4993.427364	5.943197
W153	1193.062834	0.617027	443.691087	0.031624	749.371746	0.617836	1499.460128	4.913700	634.212656	1.079846	3084.186286	3.969165
W154	1002.760873	0.577392	253.560239	0.036931	749.200634	0.578572	1499.117739	4.893469	634.067839	1.063960	3083.482038	3.867079
W155	1336.040024	0.728594	272.484957	0.027301	1063.555066	0.729105	2128.127226	6.905371	900.114112	1.476088	4377.269314	5.264420
W156	773.141669	0.497267	283.004041	0.023475	490.137628	0.497821	980.743982	3.266104	414.816129	0.747921	2017.257467	2.858574
W157	1255.726390	0.648528	481.643918	0.028140	774.082472	0.649138	1548.905210	5.081276	655.125981	1.119962	3185.888120	4.129007
W158	1234.717154	0.631048	390.705924	0.027737	844.011230	0.631658	1688.829600	5.503341	714.308495	1.190858	3473.693629	4.305927
W159	1269.681922	0.639631	424.489366	0.027780	845.192557	0.640234	1691.193383	5.514599	715.308282	1.195462	3478.555610	4.331142
W160	796.626017	0.427718	410.504014	0.024155	386.122003	0.428400	772.613260	2.596005	326.785020	0.606999	1589.160777	2.361086
W161	1126.870816	0.588002	207.602439	0.024763	919.268378	0.588523	1839.415865	5.951500	778.000562	1.261500	3783.429169	4.454701
W162	981.005239	0.403267	621.688128	0.052985	359.317111	0.406733	718.977842	2.421171	304.099348	0.568968	1478.839990	2.222101
W163	1386.111387	0.621845	673.435244	0.054126	712.676142	0.624197	1426.033828	4.692052	603.156219	1.042325	2933.158336	3.873071
W164	1332.764436	0.439328	601.620079	0.042851	731.144356	0.441413	1462.987916	4.723283	618.786345	0.994644	3009.167889	3.484598
W165	1737.250880	0.673486	667.012275	0.039860	1070.238605	0.674665	2141.500696	6.924776	905.770563	1.465186	4404.776728	5.162897
W166	1037.922638	0.581210	485.245452	0.037082	552.677186	0.582392	1105.882905	3.695910	467.744972	0.853516	2274.651273	3.285972
W167	988.999882	0.593037	507.700100	0.037471	481.299782	0.594220	963.059839	3.277675	407.336432	0.788125	1980.883581	3.132511
W168	1006.502173	0.644178	346.371061	0.033288	660.131112	0.645037	1320.893518	4.383622	558.686004	0.995351	2716.898967	3.775663
W169	1410.469209	0.717158	480.559925	0.030773	929.909284	0.717818	1860.707854	6.073638	787.006236	1.320470	3827.223905	4.799048
W170	1159.154419	0.542974	488.750994	0.041648	670.403425	0.544569	1341.447968	4.391818	567.379728	0.962727	2759.176685	3.529474
W171	2428.905445	1.560454	595.471891	0.047260	1833.433554	1.561169	3668.620448	12.047323	1551.682153	2.662541	7545.855114	9.842971
W172	1002.008650	0.640484	369.584044	0.031159	632.424606	0.641242	1265.454009	4.213585	535.237272	0.964521	2602.867411	3.685186
W173	1532.272854	0.755598	378.528305	0.030722	1153.744549	0.756222	2308.592441	7.476580	976.443800	1.589204	4748.461807	5.630635
W174	1233.871211	0.638240	505.331209	0.028212	728.540002	0.638863	1457.776717	4.796907	616.582213	1.065858	2998.449159	3.961392
W175	1950.070515	1.064016	440.240857	0.029762	1509.829658	1.064432	3021.103188	9.815501	1277.807821	2.105984	6213.999858	7.543008
W176	1863.248970	0.925362	609.207897	0.065656	1254.041073	0.927688	2509.281405	8.171972	1061.327338	1.765292	5161.251809	6.370968
W177	1912.304879	0.910977	403.299122	0.043538	1509.005757	0.912017	3019.454598	9.748732	1277.110532	2.053155	6210.608932	7.193965
W178	1786.294166	1.053017	419.941077	0.039209	1366.353089	1.053746	2734.012842	8.923780	1156.379896	1.939841	5623.493920	7.048971
W179	1385.406242	0.732437	383.517499	0.036004	1001.888743	0.733322	2004.735607	6.525275	847.924310	1.407405	4123.469476	5.070687
W180	1458.473568	0.749801	453.423236	0.036609	1005.050331	0.750694	2011.061807	6.552708	850.600044	1.417512	4136.481612	5.123819
W181	1333.569100	0.760971	434.106115	0.029567	899.462985	0.761545	1799.786140	5.908038	761.238747	1.304392	3701.916194	4.817194
W182	1259.848468	0.652728	387.515100	0.025176	872.333368	0.653214	1745.500961	5.688180	738.278251	1.230956	3590.258938	4.451314
W183	926.436146	0.587359	356.980241	0.037548	569.455904	0.588558	1139.456388	3.800912	481.945234	0.873836	2343.707379	3.351317
W184	1302.224254	0.720517	445.025943	0.034568	857.198311	0.721346	1715.216373	5.628155	725.469062	1.241258	3527.967645	4.579039
W185	1718.016706	0.808218	460.872527	0.035361	1257.144178	0.808992	2515.490582	8.140615	1063.953575	1.726555	5174.023244	6.101341
W186	1345.894850	0.668550	549.936951	0.032655	795.957899	0.669347	1592.676984	5.225827	673.639720	1.152386	3275.920726	4.250662
W187	1147.157321	0.649176	579.898756	0.036889	567.258565	0.650223	1135.059608	3.827817	480.085569	0.902405	2334.663798	3.533266
W188	1050.975895	0.676850	274.915900	0.033912	776.059995	0.677699	1552.862148	5.108282	656.799610	1.134165	3194.027004	4.212044
W189	1429.707235	0.729592	419.023883	0.044440	1010.683352	0.730945	2022.333236	6.578611	855.367415	1.416486	4159.665413	5.093689
W190	1279.175892	0.803772	227.008881	0.027881	1052.167011	0.804255	2105.340225	6.868417	890.476107	1.490998	4330.399542	5.409945
W191	1391.182462	0.726557	288.849473	0.023576	1102.332990	0.726939	2205.720157	7.145212	932.932869	1.519897	4536.867457	5.389795
W192	1214.323369	0.640895	338.112907	0.023665	876.210462	0.641331	1753.258858	5.706735	741.559537	1.230858	3606.215880	4.434610
W193	1010.619280	0.546483	395.989310	0.039748	614.629970	0.547927	1229.847720	4.051702	520.177212	0.903074	2529.630099	3.366582
W194	1561.985409	1.015217	398.902681	0.039267	1163.082728	1.015976	2327.277730	7.655957	984.346942	1.699907	4786.894913	6.313438
W195	1646.603613	0.882347	441.996323	0.035574	1204.607290	0.883063	2410.366564	7.846190	1019.490250	1.692684	4957.797385	6.100015
W196	1062.416084	0.488484	547.996716	0.033594	514.419368	0.489638	1029.330682	3.408439	435.366392	0.769658	2117.193725	2.904830
W197	1785.433044	0.911361	526.820471	0.033048	1258.612573	0.911960	2518.428776	8.193161	1065.196316	1.764594	5180.066710	6.347369
W198	2017.033774	1.013491	592.865968	0.040818	1424.167806	1.014312	2849.697565	9.263090	1205.309984	1.990233	5861.441718	7.139683
W199	969.818662	0.327924	522.812856	0.038616	447.005806	0.330190	894.439090	2.912697	378.312554	0.629059	1839.739999	2.269747
W200	934.915566	0.433504	496.525255	0.033308	438.390312	0.434781	877.199863	2.914950	371.021039	0.664002	1804.281245	2.526035
W201	1760.874010	0.947417	421.285996	0.036509	1339.588014	0.948120	2680.457097	8.710363	1133.727922	1.869867	5513.337010	6.701368
W202	1232.040898	0.595265	535.714168	0.044264	696.326730	0.596908	1393.319367	4.577573	589.319289	1.012895	2865.869124	3.749028
W203	1615.633434	0.863669	324.893445	0.034648	1290.739989	0.864364	2582.714331	8.371856	1092.386577	1.784216	5312.293387	6.341269
W204	1536.549048	0.817050	453.993250	0.036752	1082.555798	0.817876	2166.146861	7.062312	916.194922	1.530366	4455.470551	5.542091
W205	2107.587535	1.360474	422.107279	0.031098	1685.480256	1.360829	3372.572362	11.037491	1426.465457	2.417070	6936.924319	8.851932
W206	1413.702316	0.754044	376.203461	0.041614	1037.498854	0.755192	2075.989884	6.755321	878.062067	1.455867	4270.029868	5.240658
W207	1750.682010	0.885913	302.960968	0.030340	1447.721042	0.886432	2896.826561	9.357128	1225.243696	1.973436	5958.379678	6.926513
W208	1798.367673	0.831156	523.389704	0.031981	1274.977969	0.831771	2551.175219	8.260625	1079.046773	1.754864	5247.421707	6.213404
W209	1390.109971	0.721742	440.363262	0.032063	949.746709	0.722454	1900.401675	6.198187	803.795161	1.344506	3908.868714	4.874496
W210	1410.928715	0.752588	556.616910	0.033305	854.311805	0.753324	1709.440602	5.627253	723.026138	1.251657	3516.087665	4.656681
W211	1873.110264	0.993122	299.784761	0.035850	1573.325503	0.993769	3148.155601	10.180671	1331.545994	2.154573	6475.329453	7.594170
W212	1496.863814	0.877443	253.244557	0.033202	1243.619257	0.878071	2488.427806	8.085423	1052.507086	1.735138	5118.358782	6.216189
W213	1988.434853	0.942361	368.604080	0.030452	1619.830772	0.942853	3241.210612	10.451405	1370.904604	2.192627	6666.731002	7.645740
W214	1803.673248	0.835397	568.421125	0.033253	1235.252123	0.836059	2471.685536	8.015635	1045.425764	1.710600	5083.922201	6.089179
W215	2167.481459	1.069600	401.282378	0.033779	1766.199081	1.070133	3534.087204	11.411298	1494.779882	2.403944	7269.138462	8.425841
W216	1733.283978	0.834185	368.539601	0.039036	1364.744377	0.835098	2730.793879	8.820621	1155.018401	1.860158	5616.872950	6.528373
W217	1320.319086	0.719223	449.419802	0.038768	870.899284	0.720267	1742.631422	5.711694	737.064549	1.255884	3584.356684	4.618750
W218	911.128882	0.578018	261.823923	0.034339	649.304959	0.579037	1299.230858	4.280391	549.523551	0.954108	2672.341812	3.557059
W219	1782.419781	0.853667	512.158406	0.034387	1270.261375	0.854359	2541.737519	8.240566	1075.054997	1.757198	5228.009637	6.249236
W220	2007.504409	0.897726	516.008641	0.035394	1491.495768	0.898423	2984.417876	9.634485	1262.291377	2.028374	6138.543142	7.104030
W221	1790.987468	0.831939	425.728401	0.035106	1365.259066	0.832679	2731.823750	8.822913	1155.453997	1.859982	5618.991256	6.524920
W222	1243.655533	0.576403	527.898100	0.040699	715.757433	0.577838	1432.199356	4.687164	605.763996	1.026413	2945.839993	3.758931
W223	1216.174028	0.614123	408.256090	0.032732	807.917938	0.614995	1616.608500	5.272791	683.761810	1.143891	3325.144612	4.147645
W224	1654.455157	0.875519	372.048468	0.030899	1282.406689	0.876064	2566.039762	8.325017	1085.333890	1.778743	5277.996057	6.340500
W225	1395.035507	0.765322	432.268051	0.030411	962.767456	0.765926	1926.455621	6.299166	814.814955	1.376091	3962.458152	5.026789
W226	1130.018906	0.731461	299.965629	0.033589	830.053278	0.732232	1660.900348	5.467624	702.495520	1.216245	3416.246941	4.525271
W227	1803.021837	0.985990	401.967621	0.037198	1401.054215	0.986692	2803.448280	9.107888	1185.748355	1.953877	5766.313206	6.997055
W228	915.713397	0.571457	313.519472	0.032729	602.193925	0.572393	1204.963736	3.989561	509.652266	0.900623	2478.447116	3.398218
W229	1631.396197	0.942125	303.007363	0.034120	1328.388834	0.942742	2658.048026	8.638655	1124.249767	1.855162	5467.244589	6.651457
W230	2522.734032	1.600298	414.982442	0.048089	2107.751589	1.601021	4217.518853	13.754422	1783.844589	2.982945	8674.864750	10.812075
W231	1086.196805	0.635427	395.141534	0.032770	691.055272	0.636272	1382.771410	4.566617	584.857918	1.024256	2844.173406	3.841420
W232	1651.617835	0.764266	466.975936	0.032122	1184.641899	0.764941	2370.416689	7.672167	1002.593025	1.627857	4875.625905	5.755323
W233	1604.292738	0.819669	373.646264	0.032574	1230.646474	0.820316	2462.469834	7.980514	1041.527884	1.699830	5064.966750	6.037264
W234	1227.326819	0.636601	470.258739	0.036632	757.068081	0.637654	1514.860157	4.971016	640.726263	1.096502	3115.862058	4.045675
W235	1527.598643	0.738336	447.645058	0.023711	1079.953585	0.738717	2160.939946	7.011153	913.992602	1.498271	4444.760633	5.341769
W236	2398.188141	1.154959	523.375989	0.032701	1874.812153	1.155422	3751.417216	12.120415	1586.701929	2.558032	7716.156846	8.986161
W237	1207.841704	0.568817	476.175319	0.034384	731.666385	0.569855	1464.032474	4.781235	619.228152	1.040945	3011.316402	3.788831
W238	2246.260945	0.966181	610.824016	0.033519	1635.436929	0.966762	3272.437851	10.557494	1384.112497	2.218349	6730.961200	7.750551
W239	1484.283210	0.821722	384.352829	0.031378	1099.930381	0.822321	2200.912641	7.171654	930.899480	1.551618	4526.979050	5.609408
W240	1947.561298	0.780197	471.269146	0.034750	1476.292152	0.780971	2953.996104	9.498229	1249.424164	1.975169	6075.969680	6.810267
W241	964.991168	0.627143	256.090749	0.026170	708.900419	0.627689	1418.478770	4.670834	599.960727	1.039731	2917.618608	3.871171
W242	1582.438748	0.852773	329.487973	0.027710	1252.950775	0.853223	2507.099766	8.132655	1060.404590	1.736929	5156.764472	6.188510
W243	1113.982310	0.580405	514.919425	0.026272	599.062884	0.581000	1198.698661	3.975533	507.002386	0.901251	2465.560706	3.413769
W244	1124.257994	0.641638	383.619143	0.025968	740.638852	0.642163	1481.985988	4.872692	626.821782	1.080434	3048.244347	4.007275
W245	1788.750162	0.890789	356.289554	0.026477	1432.460608	0.891183	2866.291100	9.263882	1212.328396	1.957200	5895.572371	6.884232
W246	1891.491560	0.915168	491.828603	0.035577	1399.662957	0.915860	2800.664433	9.069572	1184.570898	1.927412	5760.587210	6.827270
W247	1033.342337	0.550141	477.083649	0.028341	556.258688	0.550871	1113.049334	3.698199	470.776089	0.842150	2289.391646	3.202843
W248	2000.348909	0.991438	431.180319	0.033601	1569.168591	0.992007	3139.837801	10.154110	1328.027892	2.149166	6458.220865	7.576020
W249	2321.171371	1.233357	510.613372	0.040421	1810.557999	1.234019	3622.847461	11.752427	1532.321980	2.510305	7451.706283	8.945141
W250	1789.674207	0.992482	430.364407	0.038049	1359.309799	0.993211	2719.919527	8.852376	1150.418978	1.908851	5594.505881	6.875428
W251	1307.705214	0.760520	527.969445	0.025449	779.735769	0.760945	1560.217211	5.177294	659.910513	1.175246	3209.155373	4.456967
W252	1389.606078	0.706304	498.863570	0.031380	890.742508	0.707001	1782.336847	5.827133	753.858382	1.272497	3666.025363	4.646539
W253	2051.080231	1.128927	454.554150	0.031421	1596.526080	1.129364	3194.578943	10.380778	1351.181241	2.228294	6570.815976	7.985257
W254	2456.441072	1.138448	463.451835	0.033501	1992.989237	1.138941	3987.884400	12.851523	1686.718247	2.691287	8202.537798	9.363272
W255	1663.488646	0.821852	505.869346	0.025691	1157.619300	0.822254	2316.345649	7.528430	979.723102	1.616930	4764.409104	5.798079
W256	1524.971675	0.924343	311.500628	0.028424	1213.471047	0.924780	2428.102554	7.920092	1026.991877	1.718507	4994.277913	6.232350
W257	1719.427114	0.915456	266.901366	0.041093	1452.525747	0.916378	2906.440567	9.398575	1229.310042	1.988786	5978.154383	7.008676
W258	2075.481091	1.023653	463.034772	0.035551	1612.446319	1.024270	3226.434645	10.436084	1364.654951	2.210065	6636.338839	7.795863
W259	1576.820987	0.878633	477.271848	0.035733	1099.549140	0.879359	2200.149794	7.196350	930.576825	1.573438	4525.409977	5.752887
W260	1370.069872	0.805024	408.544971	0.024826	961.524901	0.805406	1923.969322	6.311227	813.763348	1.390777	3957.344172	5.126392
W261	1227.171080	0.642052	313.057150	0.030483	914.113930	0.642775	1829.102040	5.941987	773.638220	1.274444	3762.215029	4.562847
W262	1456.456000	0.684291	569.702357	0.046336	886.753644	0.685858	1774.355303	5.792410	750.482503	1.259716	3649.608410	4.579761
W263	2036.339277	1.201799	479.043020	0.041963	1557.296257	1.202531	3116.081779	10.171570	1317.980029	2.211522	6409.357949	8.037910
W264	1547.066455	0.800506	412.034164	0.025224	1135.032291	0.800903	2271.150031	7.379225	960.607133	1.583453	4671.447842	5.672228
W265	1832.085721	0.895960	513.503363	0.028013	1318.582358	0.896398	2638.425696	8.558019	1115.950293	1.827379	5426.884114	6.509130
W266	1620.120415	0.719526	551.619091	0.027640	1068.501324	0.720057	2138.024472	6.932269	904.300258	1.478583	4397.626608	5.259890
W267	1576.652857	0.867944	356.072722	0.027408	1220.580135	0.868376	2442.327528	7.938501	1033.008481	1.705383	5023.536757	6.116794
W268	1239.071485	0.634158	507.941214	0.033835	731.130271	0.635060	1462.959732	4.810737	618.774425	1.067049	3009.109919	3.958928
W269	1245.801305	0.799830	317.396964	0.459705	928.404341	0.922528	1857.696528	6.174213	785.732563	1.407023	3821.030016	5.354683
W270	1356.147801	0.819982	368.971462	0.027986	987.176339	0.820459	1975.296729	6.476321	835.472823	1.425219	4062.917692	5.246069
W271	1730.609929	0.813975	382.651224	0.023792	1347.958705	0.814323	2697.206483	8.708174	1140.812254	1.833920	5547.788228	6.425422
W272	1738.208871	0.884077	491.746231	0.043112	1246.462639	0.885128	2494.117290	8.106110	1054.913513	1.740940	5130.061278	6.242506
W273	2363.386737	1.180365	394.998343	0.042619	1968.388393	1.181134	3938.659185	12.713331	1665.897918	2.675487	8101.288203	9.365743
W274	1618.288000	0.766142	452.982988	0.048122	1165.305012	0.767652	2331.724423	7.553059	986.227718	1.606444	4796.041158	5.695832
W275	1854.390370	0.850958	574.462522	0.042079	1279.927847	0.851998	2561.079709	8.299614	1083.235983	1.767496	5267.793900	6.276340
W276	1634.953350	0.699794	488.003172	0.043961	1146.950178	0.701173	2294.997202	7.412724	970.693548	1.563092	4720.498241	5.485117
W277	1162.364612	0.623295	441.622293	0.037739	720.742320	0.624436	1442.173896	4.741541	609.982833	1.051207	2966.356270	3.898332
W278	1515.497323	0.857841	313.685456	0.036960	1201.811867	0.858637	2404.773044	7.818021	1017.124412	1.680480	4946.292273	6.031441
W279	1335.728609	0.621324	576.318960	0.029519	759.409649	0.622025	1519.545532	4.977468	642.707992	1.092639	3125.499241	4.011575
W280	1306.241563	0.692673	410.647908	0.023733	895.593655	0.693080	1792.043780	5.850337	757.964033	1.272424	3685.991210	4.626392
W281	1213.923365	0.711773	273.952667	0.025851	939.970698	0.712243	1880.840304	6.133094	795.521470	1.329600	3868.633626	4.817364
W282	1598.291587	0.785102	451.605676	0.041832	1146.685911	0.786215	2294.468415	7.445167	970.469892	1.591507	4719.410598	5.676188
W283	1377.486357	0.698821	545.818864	0.035379	831.667492	0.699716	1664.130320	5.460451	703.861671	1.204228	3422.890556	4.442269
W284	979.750992	0.629567	307.714542	0.032463	672.036450	0.630403	1344.715578	4.447488	568.761798	1.001282	2765.897717	3.768526
W285	1411.184119	0.666882	690.995151	0.029430	720.188969	0.667532	1441.066664	4.761619	609.514518	1.069415	2964.078845	4.015834
W286	2271.983202	0.976370	454.659328	0.022433	1817.323874	0.976628	3636.385682	11.697432	1538.048115	2.435794	7479.552568	8.413278
W287	1220.224424	0.656734	342.932356	0.029321	877.292068	0.657388	1755.423103	5.720726	742.474927	1.238128	3610.667439	4.477763
W288	2586.474965	1.273386	544.898324	0.026367	2041.576641	1.273659	4085.105672	13.204462	1727.839021	2.790598	8402.508780	9.819305
W289	2157.439817	1.180449	458.195585	0.026586	1699.244231	1.180748	3400.113475	11.039472	1438.114265	2.363991	6993.572657	8.448342
W290	1887.465052	0.848627	640.207995	0.032521	1247.257058	0.849250	2495.706886	8.095657	1055.585850	1.729002	5133.330862	6.160164
W291	1812.560183	1.150435	469.664141	0.026552	1342.896043	1.150742	2687.076317	8.827827	1136.527592	1.953233	5526.951848	7.229026
W292	1373.701308	0.736096	358.215290	0.024883	1015.486018	0.736516	2031.943160	6.610807	859.432035	1.423993	4179.431725	5.122999
W293	1475.031602	0.818602	394.282079	0.022660	1080.749523	0.818915	2162.532584	7.051644	914.666225	1.528734	4448.036473	5.538859
W294	1103.309295	0.690608	506.063824	0.025266	597.245471	0.691070	1195.062097	4.034589	505.464262	0.953460	2458.080786	3.740268
W295	2448.329058	1.145927	597.915671	0.037388	1850.413387	1.146537	3702.596352	11.965034	1566.052624	2.526737	7615.738943	8.882639
W296	1817.166544	0.905495	513.870449	0.038338	1303.296095	0.906306	2607.838552	8.467413	1103.013134	1.813394	5363.970504	6.481390
W297	1976.780303	0.998272	325.559515	0.032419	1651.220788	0.998798	3304.020663	10.667804	1397.470785	2.246917	6795.922764	7.873733
W298	1771.538897	0.878668	548.905524	0.026786	1222.633374	0.879076	2446.435970	7.955922	1034.746190	1.711636	5031.987265	6.149380
W299	1960.680827	0.882716	467.695304	0.024852	1492.985523	0.883066	2987.398809	9.638093	1263.552194	2.025284	6144.674518	7.076535
W300	1503.377633	0.824156	352.367517	0.024656	1151.010117	0.824525	2303.120961	7.488507	974.129579	1.610244	4737.207713	5.781756
W301	1192.912230	0.681849	355.861626	0.038509	837.050603	0.682935	1674.901690	5.485016	708.417537	1.203256	3445.045805	4.414670
W302	1284.544494	0.627996	589.561581	0.041817	694.982914	0.629387	1390.630450	4.586757	588.181983	1.025432	2860.338387	3.833919
W303	1682.292510	0.860948	399.272247	0.035901	1283.020263	0.861696	2567.267498	8.322820	1085.853174	1.774414	5280.521344	6.309124
W304	1653.614543	0.780993	478.415799	0.038113	1175.198744	0.781922	2351.521348	7.620357	994.601039	1.622748	4836.760750	5.761953
W305	1713.408892	1.193635	384.708400	0.035451	1328.700492	1.194161	2658.671639	8.764176	1124.513531	1.956466	5468.527276	7.304530
W306	739.236815	0.552207	266.717036	0.042605	472.519779	0.553848	945.491435	3.196921	399.905688	0.758044	1944.747755	2.981444
W307	1701.563939	0.836861	446.330260	0.038294	1255.233679	0.837737	2511.667756	8.140382	1062.336670	1.734148	5166.160210	6.160258
W308	2252.989828	1.059651	410.809308	0.037183	1842.180519	1.060303	3686.122743	11.881740	1559.084935	2.489933	7581.854963	8.670346
W309	1569.645135	0.785711	465.534827	0.035551	1104.110308	0.786515	2209.276493	7.181434	934.437060	1.543017	4544.182360	5.535526
W310	1106.112513	0.557536	424.546709	0.035421	681.565805	0.558660	1363.783401	4.467447	576.826737	0.980799	2805.117645	3.601407
W311	1162.415763	0.769736	224.170471	0.027866	938.245292	0.770240	1877.387841	6.150494	794.061214	1.350655	3861.532378	4.960827
W312	1275.860638	0.835171	302.437085	0.038276	973.423553	0.836047	1947.778005	6.400015	823.833485	1.416645	4006.315407	5.245251
W313	1170.092482	0.713047	358.616184	0.024829	811.476298	0.713479	1623.728623	5.343990	686.773342	1.188006	3339.789740	4.417518
W314	1272.477612	0.730432	211.600885	0.024919	1060.876726	0.730857	2122.767984	6.889501	897.847363	1.473643	4366.246080	5.259595
W315	2207.240693	1.057341	508.790664	0.023980	1698.450029	1.057612	3398.524312	10.984431	1437.442111	2.320936	6990.303963	8.164625
W316	1366.807150	0.742481	418.577041	0.061072	948.230109	0.744988	1897.367025	6.199515	802.511623	1.351594	3902.626851	4.926787
W317	1419.328437	0.655814	540.228212	0.026237	879.100225	0.656338	1759.041146	5.731412	744.005217	1.239767	3618.109263	4.481020
W318	1240.919278	0.653811	333.001910	0.033305	907.917368	0.654659	1816.702990	5.908828	768.393909	1.271733	3736.711862	4.570997
W319	1730.457704	0.716093	487.783233	0.042142	1242.674471	0.717332	2486.537330	8.015778	1051.707489	1.680264	5114.470329	5.853057
W320	1698.913169	0.812752	629.986951	0.038383	1068.926218	0.813657	2138.874666	6.976225	904.659856	1.513432	4399.375342	5.487546
W321	1024.715363	0.584150	421.412118	0.038362	603.303244	0.585409	1207.183437	4.003847	510.591112	0.907767	2483.012740	3.438787
W322	1414.661946	0.716572	534.111988	0.035046	880.549958	0.717428	1761.942000	5.769562	745.232164	1.265381	3624.075927	4.641477
W323	1351.080785	0.679228	482.977075	0.034423	868.103711	0.680100	1737.037602	5.674720	734.698583	1.236619	3572.850956	4.505514
W324	1068.974421	0.518363	425.327669	0.037336	643.646752	0.519706	1287.909033	4.214986	544.734864	0.923039	2649.054352	3.380447
W325	1750.054199	0.790773	498.811098	0.035000	1251.243101	0.791547	2503.682785	8.097017	1058.959341	1.713903	5149.736205	6.042233
W326	1471.624137	0.636784	543.693712	0.044573	927.930425	0.638342	1856.748243	6.025734	785.331476	1.288641	3819.079522	4.598297
W327	1793.891051	0.823893	599.731844	0.036120	1194.159206	0.824684	2389.460405	7.755912	1010.647768	1.659497	4914.796249	5.925106
W328	1713.237248	0.877415	484.672829	0.035669	1228.564420	0.878139	2458.303734	7.992222	1039.765788	1.718030	5056.397647	6.166640
W329	931.243223	0.564368	323.851895	0.028651	607.391327	0.565095	1215.363512	4.017032	514.050962	0.902867	2499.838047	3.392822
W330	1825.507287	0.923004	447.324019	0.025915	1378.183268	0.923368	2757.684514	8.939205	1166.392082	1.905246	5672.183341	6.771900
W331	1918.215750	0.990639	471.451622	0.027515	1446.764128	0.991021	2894.911818	9.393109	1224.433834	2.007659	5954.441309	7.159394
W332	1891.519366	0.929365	372.468951	0.024500	1519.050415	0.929688	3039.553521	9.817996	1285.611586	2.070533	6251.949692	7.266876
W333	1270.573404	0.782151	381.308328	0.025302	889.265076	0.782560	1779.380568	5.856637	752.607993	1.302185	3659.944699	4.842862
W334	1464.105417	0.805113	400.166498	0.024032	1063.938919	0.805471	2128.895300	6.941631	900.438977	1.504684	4378.849137	5.450936
W335	1121.772778	0.890428	452.815692	0.047004	668.957086	0.891668	1338.553906	4.604999	566.155653	1.131740	2753.223992	4.568313
W336	1880.875555	0.922802	300.545625	0.053352	1580.329931	0.924343	3162.171154	10.198163	1337.474022	2.140541	6504.157547	7.468674
W337	1420.638977	0.876088	298.441426	0.034904	1122.197552	0.876783	2245.468278	7.334568	949.744761	1.597640	4618.623956	5.818191
W338	1229.225216	0.698789	371.365000	0.036890	857.860215	0.699762	1716.540815	5.621302	726.029249	1.233108	3530.691842	4.524024
W339	649.762919	0.443411	220.571633	0.031099	429.191286	0.444500	858.793014	2.865262	363.235666	0.659039	1766.420852	2.528558
W340	1530.267503	0.878057	277.347542	0.031035	1252.919961	0.878605	2507.038107	8.143277	1060.378511	1.745934	5156.637649	6.248277
W341	1447.735343	0.936757	288.549473	0.025267	1159.185870	0.937098	2319.480286	7.591601	981.048930	1.662815	4770.856628	6.091001
W342	717.098134	0.444723	268.749607	0.029537	448.348527	0.445702	897.125817	2.981789	379.448934	0.679575	1845.266232	2.586463
W343	1397.821047	0.672560	492.150655	0.031663	905.670391	0.673305	1812.206889	5.903326	766.492235	1.276151	3727.463992	4.609341
W344	1449.685686	0.696197	484.071795	0.034435	965.613891	0.697048	1932.151213	6.284672	817.223966	1.352840	3974.173212	4.863385
W345	1362.107782	0.710842	405.135157	0.027134	956.972626	0.711360	1914.860419	6.237685	809.910641	1.348408	3938.608392	4.870231
W346	1877.738682	0.902433	479.888135	0.029990	1397.850547	0.902931	2797.037879	9.053109	1183.037008	1.920941	5753.127880	6.791865
W347	1762.477364	0.738868	576.443920	0.042761	1186.033444	0.740104	2373.201110	7.671071	1003.770725	1.621230	4881.353083	5.704832
W348	1612.398105	0.743081	478.177002	0.039432	1134.221104	0.744126	2269.526880	7.350347	959.920604	1.562551	4668.109240	5.536949
W349	1091.375759	0.666239	380.261599	0.050984	711.114160	0.668187	1422.908370	4.706742	601.834274	1.060013	2926.729693	3.990855
W350	1592.640195	0.779332	538.414427	0.032400	1054.225768	0.780005	2109.459708	6.869933	892.218486	1.484065	4338.872758	5.356163
W351	1156.348550	0.630428	553.759528	0.032426	602.589021	0.631262	1205.754307	4.027340	509.986646	0.928779	2480.073213	3.571555
W352	1719.848479	0.914961	521.023211	0.025736	1198.825267	0.915323	2398.796989	7.825299	1014.596775	1.698424	4934.000337	6.161416
W353	1225.528451	0.728378	289.064721	0.035757	936.463730	0.729255	1873.823014	6.119478	792.553432	1.332269	3854.200011	4.849076
W354	1445.745926	0.816690	345.672387	0.037878	1100.073538	0.817568	2201.199094	7.170362	931.020638	1.549980	4527.568243	5.598093
W355	1306.496525	0.671695	410.821994	0.039464	895.674531	0.672854	1792.205608	5.841375	758.032480	1.264715	3686.324068	4.575797
W356	1891.535912	0.925508	405.435081	0.032988	1486.100832	0.926095	2973.622844	9.611373	1257.725502	2.030992	6116.339223	7.145402
W357	1621.269958	0.805252	415.890552	0.037152	1205.379406	0.806108	2411.911534	7.817748	1020.143712	1.665842	4960.975179	5.919381
W358	1318.995445	0.774933	301.609853	0.058687	1017.385592	0.777152	2035.744124	6.641126	861.039693	1.441510	4187.249792	5.229808
W359	2091.281585	0.983391	613.428734	0.040673	1477.852851	0.984232	2957.118995	9.583246	1250.745023	2.040985	6082.393042	7.248010
W360	1535.687841	0.748334	518.044704	0.041850	1017.643137	0.749503	2036.259461	6.629982	861.257660	1.431276	4188.309770	5.161838
W361	1555.801775	0.789843	598.953451	0.033230	956.848324	0.790541	1914.611697	6.274972	809.805441	1.379495	3938.096805	5.072439
W362	1843.878079	1.036480	515.630972	0.036095	1328.247107	1.037108	2657.764437	8.680969	1124.129820	1.890727	5466.661283	6.884793
W363	1373.810030	0.629128	514.184474	0.034312	859.625556	0.630063	1720.073184	5.599110	727.523302	1.207885	3537.957446	4.352805
W364	1370.433475	0.581620	601.081970	0.034795	769.351505	0.582660	1539.438753	5.019704	651.122042	1.088142	3166.416899	3.942188
W365	1080.532484	0.599192	548.950064	0.026855	531.582420	0.599793	1063.673200	3.580637	449.891927	0.840754	2187.831631	3.281426
W366	2114.326719	0.952226	504.358985	0.037717	1609.967734	0.952973	3221.475104	10.393543	1362.557260	2.184197	6626.137735	7.632525
W367	1813.314734	1.115831	473.020114	0.035615	1340.294619	1.116399	2681.870982	8.794184	1134.325940	1.936041	5516.245180	7.129130
W368	2016.182200	0.910997	534.353913	0.041226	1481.828287	0.911930	2965.073668	9.579329	1254.109538	2.021416	6098.754728	7.099717
W369	1622.810874	0.875199	272.055368	0.027575	1350.755506	0.875634	2702.802760	8.749350	1143.179259	1.857276	5559.299010	6.570083
W370	1849.855538	0.996868	274.246294	0.029415	1575.609244	0.997302	3152.725266	10.196267	1333.478783	2.158392	6484.728636	7.609831
W371	1395.253742	0.730676	397.511893	0.035275	997.741848	0.731527	1996.437852	6.498825	844.414686	1.402043	4106.402118	5.052740
W372	1048.434536	0.513314	394.461620	0.035862	653.972917	0.514565	1308.571238	4.276033	553.474164	0.932465	2691.553707	3.399850
W373	1500.950644	0.747689	416.940646	0.028145	1084.009997	0.748218	2169.056650	7.040338	917.425648	1.506284	4461.455592	5.377639
W374	2185.274181	1.011841	488.285766	0.031384	1696.988415	1.012328	3395.599685	10.958218	1436.205109	2.304716	6984.288402	8.061713
W375	1544.312894	0.901061	360.486121	0.025631	1183.826773	0.901426	2368.785657	7.726253	1001.903162	1.676232	4872.271093	6.078182
W376	865.098404	0.550627	327.134938	0.026813	537.963466	0.551279	1076.441395	3.587790	455.292371	0.823236	2214.094077	3.151938
W377	1543.742477	0.833070	372.399132	0.026065	1171.343346	0.833477	2343.806864	7.618328	991.338115	1.636637	4820.893102	5.870364
W378	1235.704634	0.725006	334.040833	0.026865	901.663800	0.725504	1804.189875	5.903387	763.101354	1.292034	3710.974081	4.728962
W379	1078.588886	0.584490	385.705406	0.039789	692.883480	0.585843	1386.429575	4.550728	586.405178	1.004479	2851.697756	3.708692
W380	1776.239687	0.968010	455.215603	0.046193	1321.024084	0.969112	2643.311483	8.604788	1118.016789	1.856534	5436.933517	6.691272
W381	1816.688699	0.894454	625.744802	0.038233	1190.943897	0.895271	2383.026712	7.767329	1007.926568	1.681874	4901.563014	6.085765
W382	1334.807309	0.670200	440.585086	0.036701	894.222223	0.671204	1789.299605	5.831646	756.803355	1.262452	3680.346812	4.566986
W383	1337.871995	0.777284	379.134193	0.038263	958.737802	0.778225	1918.392460	6.280421	811.404555	1.376561	3945.873321	5.046011
W384	1692.452455	0.802828	591.506690	0.032804	1100.945765	0.803498	2202.944381	7.169385	931.758826	1.545688	4531.158063	5.566331
W385	1288.957520	0.691001	386.040106	0.029144	902.917414	0.691615	1806.698301	5.894812	764.162319	1.280058	3716.133574	4.646184
W386	1133.483001	0.641836	421.550207	0.030028	711.932794	0.642538	1424.546420	4.697417	602.527104	1.049476	2930.098940	3.921317
W387	1344.152529	0.856350	269.646603	0.026842	1074.505926	0.856770	2150.039418	7.031196	909.382107	1.536578	4422.339724	5.615235
W388	1218.561392	0.734676	219.676908	0.027284	998.884483	0.735183	1998.724215	6.507540	845.381728	1.404704	4111.104856	5.065446
W389	1349.554008	0.864833	262.563257	0.024082	1086.990751	0.865168	2175.021007	7.112133	919.948336	1.553810	4473.723466	5.676457
W390	1101.461276	0.634330	245.735379	0.027825	855.725897	0.634940	1712.270137	5.577216	724.222920	1.205310	3521.907636	4.352099
W391	1608.144247	0.877349	390.040948	0.033897	1218.103299	0.878003	2437.371488	7.927411	1030.912271	1.706098	5013.342855	6.131888
W392	701.127114	0.441397	330.487390	0.028975	370.639724	0.442347	741.633896	2.513166	313.681967	0.598767	1525.440422	2.363612
W393	1391.576350	0.732398	319.739896	0.029378	1071.836454	0.732987	2144.697921	6.958381	907.122864	1.486948	4411.352988	5.301204
W394	1609.150717	0.754837	544.355073	0.024886	1064.795644	0.755247	2130.609568	6.924294	901.164045	1.486885	4382.375154	5.330581
W395	995.955063	0.638389	362.219273	0.027987	633.735790	0.639002	1268.077631	4.220151	536.346961	0.964824	2608.263846	3.682319
W396	1593.737735	0.745673	658.208543	0.031204	935.529191	0.746326	1871.953043	6.121961	791.762508	1.337984	3850.353735	4.889916
W397	1273.075664	0.666504	470.746446	0.031017	802.329218	0.667226	1605.425715	5.263842	679.031932	1.158512	3302.143139	4.264802
W398	1653.024081	0.895436	339.226692	0.040846	1313.797389	0.896367	2628.851182	8.528317	1111.900650	1.821881	5407.190636	6.493035
W399	1016.277040	0.706882	297.705638	0.027931	718.571402	0.707433	1437.829985	4.774825	608.145530	1.085931	2957.421434	4.125259
W400	1623.153321	0.839084	527.085007	0.038643	1096.068314	0.839973	2193.184815	7.156014	927.630913	1.554045	4511.083957	5.641119
W401	1632.320732	0.778417	458.614944	0.036658	1173.705788	0.779279	2348.534008	7.609999	993.337511	1.620117	4830.616196	5.750843
W402	2299.408434	1.162857	484.543546	0.037256	1814.864887	1.163454	3631.465357	11.750363	1535.967011	2.491039	7469.432127	8.798188
W403	1846.312430	1.057303	208.638810	0.027110	1637.673620	1.057650	3276.913372	10.606234	1386.005467	2.250444	6740.166740	7.956682
W404	1215.971856	0.753880	226.928362	0.032552	989.043494	0.754582	1979.032826	6.455688	837.053045	1.400998	4070.602337	5.081802
W405	1316.591399	0.746035	328.997339	0.025106	987.594060	0.746457	1976.132571	6.442957	835.826351	1.396247	4064.636906	5.056752
W406	1376.820094	0.745968	295.395321	0.026632	1081.424773	0.746443	2163.883728	7.023551	915.237706	1.502694	4450.815593	5.364835
W407	1377.031722	0.668883	337.071605	0.037948	1039.960117	0.669958	2080.914763	6.734533	880.145097	1.428520	4280.159676	5.048910
W408	2423.363719	1.145951	443.710397	0.038906	1979.653321	1.146611	3961.199815	12.770990	1675.431717	2.677941	8147.651223	9.332285
W409	1726.803296	0.799233	440.449093	0.040447	1286.354203	0.800256	2573.938566	8.318984	1088.674773	1.757562	5294.242826	6.181998
W410	1649.705840	0.790491	401.540419	0.039963	1248.165421	0.791500	2497.524481	8.077845	1056.354621	1.710317	5137.069409	6.031591
W411	1152.889389	0.533385	379.421940	0.037406	773.467450	0.534695	1547.674577	5.023803	654.605472	1.075063	3183.356875	3.839017
W412	1349.716521	0.660200	431.385002	0.033863	918.331519	0.661068	1837.541253	5.976116	777.207675	1.285915	3779.573346	4.620761
W413	2021.652241	0.851193	609.717826	0.037675	1411.934415	0.852026	2825.219084	9.121121	1194.956549	1.920659	5811.092800	6.728352
W414	1907.797987	0.783864	601.988425	0.038320	1305.809562	0.784800	2612.867890	8.434363	1105.140346	1.775287	5374.315170	6.215808
W415	1806.233477	0.765696	668.384715	0.031260	1137.848762	0.766334	2276.785666	7.381995	962.990785	1.574387	4683.039579	5.600209
W416	1472.444543	0.799579	446.212422	0.034934	1026.232122	0.800342	2053.445644	6.706648	868.526740	1.460442	4223.659420	5.316914
W417	1503.831486	0.841793	482.389379	0.029734	1021.442107	0.842318	2043.861035	6.697774	864.472827	1.471968	4203.945177	5.410667
W418	1798.041784	0.768998	530.303447	0.022032	1267.738337	0.769314	2536.689032	8.191225	1072.919686	1.725879	5217.625582	6.050455
W419	1288.726059	0.641009	351.612587	0.026374	937.113472	0.641551	1875.123119	6.084051	793.103326	1.300294	3856.874152	4.636506
W420	1421.081083	0.597409	605.878197	0.036519	815.202886	0.598524	1631.185363	5.310227	689.927250	1.145847	3355.127244	4.130371
W421	1514.959128	0.719864	483.473246	0.034120	1031.485882	0.720673	2063.958190	6.702936	872.973134	1.436413	4245.282303	5.137680
W422	1501.034150	0.819724	425.832663	0.025256	1075.201488	0.820113	2151.431206	7.017964	909.970779	1.522964	4425.202444	5.523981
W423	1131.525135	0.500734	470.832011	0.032504	660.693124	0.501788	1322.018078	4.311413	559.161648	0.935005	2719.212035	3.388973
W424	989.473733	0.537728	239.298922	0.023273	750.174811	0.538231	1501.067024	4.881032	634.892310	1.049792	3087.491454	3.770319
W425	766.639730	0.546947	232.357320	0.025045	534.282410	0.547520	1069.075761	3.563248	452.176997	0.817609	2198.943967	3.130409
W426	2063.397757	0.948959	616.902931	0.030851	1446.494826	0.949460	2894.372956	9.374231	1224.205917	1.992910	5953.332944	7.062432
W427	1163.030172	0.710359	454.449529	0.023770	708.580643	0.710756	1417.838911	4.716310	599.690092	1.077013	2916.302505	4.106306
W428	1587.576615	0.732093	484.008636	0.028265	1103.567979	0.732639	2208.191317	7.155214	933.978073	1.523278	4541.950299	5.407020
W429	1342.328352	0.712728	259.936875	0.026572	1082.391477	0.713223	2165.818062	7.015723	916.055853	1.492208	4454.794255	5.290999
W430	2131.684701	0.989428	441.210929	0.027371	1690.473773	0.989806	3382.564170	10.909319	1430.691599	2.290052	6957.476115	7.991396
W431	2258.423319	1.202749	308.044523	0.024387	1950.378795	1.202997	3902.622767	12.609327	1650.655930	2.661462	8027.166174	9.350546
W432	1529.343485	0.893800	334.945507	0.024855	1194.397979	0.894146	2389.938178	7.788143	1010.849847	1.685335	4915.778963	6.094154
W433	1601.273646	0.769422	428.684105	0.036223	1172.589541	0.770274	2346.300448	7.599390	992.392803	1.615742	4826.022065	5.726475
W434	1473.836699	0.666345	478.303378	0.031001	995.533322	0.667066	1992.018686	6.457281	842.545553	1.376282	4097.312493	4.891854
W435	1853.310062	0.929424	392.803585	0.040721	1460.506476	0.930316	2922.409657	9.453706	1236.064339	2.002663	6011.000638	7.066970
W436	1491.978714	0.837175	449.104553	0.039671	1042.874161	0.838114	2086.745637	6.827424	882.611327	1.493974	4292.152994	5.466941
W437	1373.723866	0.586325	653.761206	0.032958	719.962660	0.587251	1440.613830	4.717687	609.322987	1.034880	2963.147427	3.796734
W438	1916.230544	0.863038	561.071451	0.036514	1355.159093	0.863811	2711.614144	8.772039	1146.906128	1.858409	5577.422833	6.558561
W439	1578.359517	0.872720	248.373812	0.031749	1329.985704	0.873297	2661.243294	8.619302	1125.601240	1.832496	5473.816821	6.494292
W440	1501.156739	0.737537	395.413478	0.038332	1105.743261	0.738532	2212.543960	7.171147	935.819070	1.527817	4550.903096	5.427911
W441	1996.034504	0.999027	425.238702	0.034024	1570.795801	0.999606	3143.093778	10.167218	1329.405042	2.153573	6464.917970	7.598484
W442	1160.385414	0.676682	380.099046	0.047677	780.286368	0.678359	1561.318935	5.134496	660.376499	1.139047	3211.421470	4.226735
W443	1217.839950	0.604187	350.493702	0.031330	867.346248	0.604999	1735.521952	5.635875	734.057523	1.207481	3569.733468	4.317766
W444	1510.680397	0.671537	412.422675	0.027211	1098.257722	0.672088	2197.565724	7.098284	929.483865	1.496952	4520.094895	5.253732
W445	1514.202124	0.727733	392.814423	0.032210	1121.387702	0.728445	2243.847803	7.264250	949.059364	1.542404	4615.290859	5.457826
W446	1759.693236	1.013102	276.534024	0.029096	1483.159212	1.013520	2967.736791	9.628378	1255.235934	2.057305	6104.232410	7.333800
W447	1755.448262	0.965095	341.223385	0.030215	1414.224877	0.965568	2829.802197	9.180513	1196.895026	1.961387	5820.519644	6.990961
W448	1742.990375	0.793537	389.382687	0.027629	1353.607688	0.794018	2708.509851	8.735913	1145.593134	1.834156	5571.037724	6.401977
W449	1610.135600	0.697796	667.636904	0.032490	942.498696	0.698552	1885.898718	6.142408	797.660980	1.327240	3879.038099	4.791507
W450	1486.865561	0.582413	685.442310	0.030987	801.423251	0.583236	1603.612915	5.218143	678.265189	1.124551	3298.414455	4.047898
W451	1693.907901	0.804830	433.855586	0.028963	1260.052316	0.805351	2521.309638	8.157261	1066.414807	1.728705	5185.992254	6.103104
W452	1982.943550	1.079722	525.103595	0.039871	1457.839954	1.080458	2917.074063	9.500943	1233.807592	2.052933	6000.026044	7.411292
W453	1329.775848	0.671223	531.553988	0.039982	798.221860	0.672412	1597.207071	5.241287	675.555769	1.156148	3285.238502	4.265852
W454	714.678654	0.369769	454.212403	0.036426	260.466251	0.371559	521.181590	1.812467	220.439313	0.454673	1071.999903	1.860283
W455	894.159632	0.512055	332.225258	0.023315	561.934374	0.512585	1124.406134	3.710695	475.579569	0.830748	2312.751046	3.110227
W456	1268.223281	0.861658	296.403358	0.024063	971.819923	0.861994	1944.569212	6.403980	822.476292	1.426002	3999.715354	5.311061
W457	1364.193330	0.741038	343.275533	0.039511	1020.917796	0.742091	2042.811912	6.646897	864.029089	1.432216	4201.787274	5.154386
W458	1534.507186	0.773475	338.931295	0.047898	1195.575891	0.774956	2392.295130	7.744161	1011.846745	1.643878	4920.626894	5.815104
W459	1171.305340	0.604697	393.680627	0.034149	777.624714	0.605660	1555.993081	5.081565	658.123872	1.106334	3200.466910	4.026847
W460	1536.060012	0.714021	529.605647	0.030326	1006.454365	0.714664	2013.871217	6.545253	851.788314	1.405708	4142.260187	5.040428
W461	1169.070822	0.729489	334.153632	0.024586	834.917190	0.729903	1670.632824	5.496129	706.611974	1.220527	3436.265326	4.533690
W462	1080.399211	0.557020	468.635214	0.037729	611.763997	0.558297	1224.113033	4.039885	517.751665	0.904529	2517.834624	3.386747
W463	1433.352291	0.708875	571.354050	0.039969	861.998240	0.710001	1724.820822	5.651854	729.531366	1.241857	3547.722695	4.563883
W464	1170.612839	0.549717	522.469805	0.038546	648.143035	0.551067	1296.905898	4.258459	548.540184	0.940896	2667.559684	3.477400
W465	1756.710888	0.882611	434.812271	0.040232	1321.898618	0.883527	2645.061386	8.573250	1118.756929	1.826697	5440.532830	6.490420
W466	1238.803493	0.582995	483.256946	0.035643	755.546547	0.584083	1511.815634	4.935207	639.438549	1.073210	3109.599887	3.901381
W467	1176.443277	0.725040	410.289155	0.031698	766.154123	0.725732	1533.040930	5.074366	648.416015	1.144697	3153.257445	4.316308
W468	1490.378099	0.916443	288.841955	0.032827	1201.536144	0.917031	2404.221336	7.842825	1016.891061	1.702125	4945.157483	6.174439
W469	1578.557158	0.940486	259.960291	0.027438	1318.596868	0.940887	2638.454729	8.577208	1115.962573	1.843345	5426.943831	6.614678
W470	1785.073071	0.975119	298.673821	0.030476	1486.399250	0.975595	2974.219966	9.632814	1257.978062	2.047868	6117.567423	7.257130
W471	1463.133226	0.623761	585.615364	0.033456	877.517861	0.624658	1755.874906	5.707421	742.666022	1.226188	3611.596736	4.398423
W472	1773.446526	0.715389	664.138551	0.033377	1109.307975	0.716167	2219.676797	7.184225	938.835979	1.524294	4565.574375	5.389037
W473	1167.528900	0.621514	345.813819	0.026038	821.715081	0.622059	1644.215979	5.361235	695.438688	1.162105	3381.929456	4.209855
W474	1412.453849	0.739799	347.204674	0.031753	1065.249175	0.740480	2131.517064	6.920717	901.547880	1.482074	4384.241752	5.296880
W475	1529.665674	0.812694	351.480257	0.030345	1178.185417	0.813260	2357.497549	7.651997	997.128737	1.637159	4849.052986	5.844923
W476	1660.518411	0.947455	353.270099	0.031850	1307.248311	0.947990	2615.746763	8.510116	1106.357997	1.833074	5380.236623	6.594571
W477	1891.153546	1.006418	481.737037	0.042926	1409.416509	1.007333	2820.180864	9.168693	1192.825580	1.970907	5800.729864	7.074228
W478	1421.155066	0.742507	399.114997	0.043730	1022.040069	0.743793	2045.057530	6.654601	864.978898	1.434120	4206.406207	5.162216
W479	1450.844645	0.715378	409.939954	0.031458	1040.904692	0.716070	2082.804816	6.759363	880.944515	1.445535	4284.047259	5.158158
W480	1407.393365	0.732996	565.474960	0.033652	841.918405	0.733768	1684.641949	5.541019	712.537283	1.229796	3465.080197	4.565561
W481	1394.631483	0.736776	271.314852	0.027415	1123.316631	0.737286	2247.707507	7.279807	950.691867	1.547635	4623.229746	5.484430
W482	1491.482576	0.760284	264.243235	0.042135	1227.239341	0.761451	2455.652309	7.935902	1038.644339	1.676132	5050.944025	5.893457
W483	2035.791314	0.934984	488.918139	0.023122	1546.873175	0.935270	3095.225648	9.993507	1309.158706	2.104794	6366.459713	7.375279
W484	1237.487288	0.614209	515.475089	0.026426	722.012199	0.614777	1444.714869	4.744267	611.057565	1.048511	2971.582708	3.876151
W485	1361.014164	0.728190	477.746703	0.041364	883.267461	0.729364	1767.379603	5.792238	747.532056	1.273255	3635.260340	4.681357
W486	1494.245313	0.682886	564.203576	0.036324	930.041737	0.683851	1860.972886	6.058743	787.118334	1.307643	3827.769039	4.714707
W487	1353.522229	0.687646	402.911454	0.036970	950.610775	0.688639	1902.130634	6.188102	804.526442	1.332715	3912.424950	4.793705
W488	1456.467437	0.723995	538.210910	0.031673	918.256528	0.724687	1837.391197	6.005114	777.144207	1.310154	3779.264702	4.779382
W489	1160.390728	0.650235	425.373467	0.034330	735.017261	0.651140	1470.737429	4.843089	622.064085	1.078178	3025.107587	4.014687
W490	873.921409	0.565235	317.370257	0.035009	556.551152	0.566318	1113.634542	3.709297	471.023609	0.849762	2290.595340	3.248987
W491	1113.744133	0.680974	239.612366	0.032171	874.131767	0.681734	1749.099479	5.712645	739.800283	1.243992	3597.660603	4.528913
W492	1336.895240	0.762336	370.924056	0.030154	965.971183	0.762932	1932.866139	6.317438	817.526352	1.378466	3975.643719	5.029240
W493	1070.740094	0.559814	286.010190	0.035231	784.729904	0.560922	1570.210257	5.104940	664.137178	1.097378	3229.709715	3.938914
W494	600.810380	0.279774	420.338416	0.033260	180.471964	0.281744	361.116515	1.276537	152.738082	0.329591	742.767735	1.372342
W495	1846.423211	0.986236	398.799714	0.028875	1447.623497	0.986658	2896.631377	9.396602	1225.161141	2.007104	5957.978211	7.152056
W496	1043.708609	0.584127	287.817685	0.030556	755.890924	0.584925	1512.504718	4.937729	639.730005	1.073924	3111.017240	3.904620
W497	1093.308275	0.612882	358.886557	0.027757	734.421717	0.613511	1469.545773	4.819724	621.560061	1.061598	3022.656512	3.911155
W498	1550.757539	0.839352	349.596085	0.029938	1201.161454	0.839886	2403.471597	7.805830	1016.573950	1.672936	4943.615371	5.984391
W499	1599.829416	0.828541	366.210902	0.031427	1233.618515	0.829137	2468.416757	8.002614	1044.043199	1.706307	5077.198765	6.067631
W500	1270.117116	0.701050	421.196713	0.034267	848.920402	0.701887	1698.652640	5.567446	718.463254	1.224106	3493.898290	4.501654
W501	1981.715651	0.894966	537.915281	0.028867	1443.800370	0.895431	2888.981468	9.336138	1221.925530	1.971779	5942.243383	6.932582
W502	771.431694	0.335871	506.513583	0.030864	264.918110	0.337286	530.089566	1.811620	224.207036	0.439368	1090.322402	1.757222
W503	1750.005818	0.896805	391.436856	0.030584	1358.568962	0.897326	2718.437144	8.806684	1149.791988	1.873679	5591.456819	6.645872
W504	1539.297576	0.801603	326.207110	0.028541	1213.090466	0.802111	2427.341028	7.864001	1026.669781	1.673341	4992.711557	5.936214
W505	1645.110918	0.800004	509.309076	0.029259	1135.801842	0.800539	2272.689868	7.383834	961.258423	1.584198	4674.615077	5.673906
W506	1861.896542	0.952159	265.365475	0.023323	1596.531067	0.952445	3194.588920	10.309536	1351.185461	2.168296	6570.836498	7.584574
W507	1717.821855	0.900372	539.260909	0.038371	1178.560946	0.901189	2358.248968	7.693652	997.446557	1.670231	4850.598552	6.060637
W508	1260.004732	0.706916	372.614095	0.044718	887.390636	0.708329	1775.629897	5.807148	751.021606	1.269300	3652.230077	4.639352
W509	1657.167100	0.842504	353.112377	0.039657	1304.054723	0.843437	2609.356534	8.446082	1103.655181	1.792414	5367.092787	6.338594
W510	1639.513119	0.799133	395.296316	0.031310	1244.216803	0.799746	2489.623470	8.056536	1053.012804	1.708490	5120.818100	6.036520
W511	1557.260856	0.774747	440.512282	0.037428	1116.748574	0.775650	2234.565111	7.255029	945.133151	1.553500	4596.197619	5.551469
W512	1272.046762	0.728256	346.673706	0.034149	925.373056	0.729056	1851.631059	6.051052	783.167108	1.319815	3808.554167	4.813221
W513	814.437644	0.446847	363.134445	0.031206	451.303199	0.447935	903.037985	3.001018	381.949549	0.683723	1857.426761	2.601453
W514	1903.602872	0.949435	393.604898	0.038605	1509.997974	0.950219	3021.439982	9.769507	1277.950271	2.066679	6214.692596	7.280641
W515	1806.891520	0.916773	479.868000	0.035425	1327.023521	0.917457	2655.316093	8.619282	1123.094267	1.844497	5461.625373	6.586742
W516	1146.140022	0.597470	523.645425	0.036955	622.494597	0.598612	1245.584495	4.128052	526.833249	0.934149	2561.998513	3.532588
W517	2197.025383	1.065425	385.297532	0.030588	1811.727851	1.065864	3625.188284	11.693664	1533.312056	2.455883	7456.521039	8.575239
W518	1184.072823	0.654234	375.834407	0.036962	808.238416	0.655277	1617.249762	5.294153	684.033039	1.160156	3326.463602	4.251857
W519	1299.271843	0.686563	357.738701	0.031162	941.533141	0.687269	1883.966685	6.131338	796.843806	1.321921	3875.064168	4.760629
W520	1564.421732	0.767357	356.679339	0.033866	1207.742393	0.768104	2416.639767	7.817116	1022.143569	1.655669	4970.700514	5.841230
W521	1730.556348	0.879298	483.053302	0.040350	1247.503046	0.880224	2496.199098	8.110417	1055.794036	1.740343	5134.343276	6.234192
W522	1500.965253	0.684120	586.816529	0.039018	914.148724	0.685232	1829.171662	5.961168	773.667667	1.290230	3762.358232	4.666443
W523	991.449906	0.554996	457.417746	0.040056	534.032160	0.556440	1068.575024	3.567267	451.965205	0.821652	2197.914018	3.156238
W524	1571.641052	0.817935	442.785103	0.034664	1128.855949	0.818669	2258.791440	7.348812	955.379935	1.582942	4646.027895	5.694760
W525	1004.538508	0.590739	314.534781	0.030317	690.003727	0.591517	1380.667315	4.536021	583.967969	1.003709	2839.845569	3.715063
W526	1420.938830	0.855482	427.210260	0.034723	993.728570	0.856187	1988.407458	6.534930	841.018145	1.447338	4089.884684	5.361960
W527	2070.795478	1.327659	278.275805	0.034396	1792.519673	1.328105	3586.753559	11.681916	1517.055679	2.524080	7377.466017	9.111741
W528	2165.764720	1.078895	390.413602	0.044296	1775.351119	1.079804	3552.400032	11.471981	1502.525488	2.417718	7306.805467	8.478390
W529	977.672208	0.538357	500.057160	0.035733	477.615049	0.539541	955.686848	3.217553	404.217947	0.755726	1965.718337	2.950271
W530	1116.925334	0.477507	531.240458	0.038800	585.684877	0.479081	1171.929853	3.838484	495.680233	0.842420	2410.500894	3.092175
W531	1813.762994	0.938454	451.449411	0.034776	1362.313584	0.939099	2725.929968	8.847325	1152.961158	1.892568	5606.868544	6.755409
W532	1301.482281	0.689820	451.438412	0.045207	850.043869	0.691300	1700.900647	5.569045	719.414073	1.221026	3498.522137	4.477343
W533	1240.553447	0.667906	431.001901	0.032040	809.551546	0.668674	1619.877277	5.308919	685.144374	1.167065	3331.868044	4.291136
W534	1847.275029	0.939357	555.120922	0.042213	1292.154107	0.940305	2585.543921	8.413310	1093.583382	1.813118	5318.113469	6.526374
W535	1265.515638	0.553541	565.965680	0.036000	699.549958	0.554710	1399.768905	4.576113	592.047190	0.999150	2879.134951	3.647804
W536	1375.113760	0.611329	608.058084	0.049697	767.055676	0.613346	1534.844899	5.020190	649.179023	1.097604	3156.967964	4.012999
W537	1595.944308	0.718996	499.757422	0.041976	1096.186886	0.720220	2193.422072	7.104290	927.731263	1.510511	4511.571964	5.353662
W538	1322.818436	0.668845	433.012404	0.037349	889.806031	0.669887	1780.462998	5.803768	753.065818	1.256979	3662.171109	4.549411
W539	2103.558026	1.041636	421.821036	0.036264	1681.736990	1.042267	3365.082250	10.874443	1423.297434	2.296489	6921.518174	8.073466
W540	897.711313	0.561637	369.242346	0.034789	528.468967	0.562713	1057.443317	3.537719	447.256931	0.818991	2175.017606	3.159589
W541	2114.858729	1.027333	511.766966	0.033289	1603.091763	1.027872	3207.716587	10.379307	1356.737948	2.200424	6597.838331	7.771947
W542	2028.082795	0.973322	312.995867	0.034453	1715.086928	0.973932	3431.814019	11.057316	1451.522348	2.314142	7058.776380	8.044923
W543	1785.378883	1.018504	332.143387	0.032574	1453.235496	1.019024	2907.860743	9.445193	1229.910720	2.025054	5981.075494	7.247123
W544	1462.030474	0.831196	275.757472	0.032008	1186.273002	0.831812	2373.680455	7.710084	1003.973469	1.653041	4882.339030	5.915774
W545	1094.547174	0.715464	330.673610	0.029387	763.873564	0.716068	1528.477631	5.054985	646.485919	1.137894	3143.871358	4.282145
W546	1429.173779	0.764535	328.866745	0.029639	1100.307034	0.765110	2201.666307	7.148592	931.218251	1.530943	4528.529239	5.471818
W547	1884.719452	0.862160	609.480311	0.034745	1275.239142	0.862860	2551.697813	8.275004	1079.267810	1.765883	5248.496613	6.285683
W548	1602.814055	0.835680	434.830917	0.033012	1167.983139	0.836332	2337.083237	7.598779	988.494285	1.633860	4807.063512	5.866166
W549	1494.255859	0.774714	408.944694	0.042801	1085.311165	0.775895	2171.660229	7.060377	918.526860	1.517759	4466.810803	5.447956
W550	1752.460858	0.855499	439.856868	0.038725	1312.603990	0.856375	2626.463243	8.504428	1110.890646	1.806671	5402.278970	6.396898
W551	1508.366064	0.766518	478.528250	0.033616	1029.837814	0.767255	2060.660477	6.713422	871.578330	1.451732	4238.499353	5.245343
W552	1375.477678	0.678127	473.140464	0.038924	902.337215	0.679243	1805.537348	5.885466	763.671282	1.274651	3713.745650	4.613286
W553	1888.764347	0.990489	344.163277	0.034580	1544.601069	0.991092	3090.679264	10.000892	1307.235764	2.120381	6357.108417	7.489998
W554	1291.002762	0.629848	515.324582	0.031808	775.678180	0.630650	1552.098152	5.081755	656.476470	1.114136	3192.455569	4.085196
W555	1815.624640	0.819029	636.996176	0.039823	1178.628465	0.819996	2358.384069	7.657621	997.503700	1.640070	4850.876437	5.862317
W556	921.142558	0.366395	538.783796	0.032798	382.358762	0.367860	765.083180	2.535698	323.600093	0.573866	1573.672423	2.170333
W557	768.405634	0.458002	331.236551	0.031458	437.169083	0.459081	874.756236	2.922471	369.987482	0.674356	1799.255037	2.594434
W558	1177.007632	0.573393	347.022663	0.029783	829.984969	0.574166	1660.763665	5.391064	702.437708	1.153761	3415.965804	4.120480
W559	1197.430665	0.740811	265.661367	0.029466	931.769297	0.741396	1864.429660	6.096416	788.580413	1.331837	3834.879154	4.865279
W560	1367.968148	0.502368	621.467519	0.038720	746.500628	0.503858	1493.715146	4.843510	631.782755	1.033279	3072.369638	3.676629
W563	456.403949	0.102643	434.519921	0.034946	21.884029	0.108428	43.788986	0.257603	18.521019	0.095824	90.068010	0.455047
W564	1580.005890	0.774797	551.948613	0.030162	1028.057277	0.775384	2057.097701	6.706167	870.071417	1.452819	4231.171207	5.259795
W565	1274.964329	0.697640	388.061884	0.031535	886.902445	0.698353	1774.653047	5.799301	750.608437	1.264790	3650.220829	4.612108
W566	929.640050	0.514388	430.330579	0.032472	499.309471	0.515412	999.096439	3.332309	422.578497	0.765884	2055.005984	2.936573
W567	1620.464785	0.863994	369.682258	0.033010	1250.782527	0.864624	2502.761195	8.124029	1058.569545	1.738483	5147.840621	6.208028
W568	1173.181195	0.534906	550.201115	0.035727	622.980079	0.536097	1246.555924	4.096480	527.244126	0.907075	2563.996610	3.359702
W569	1568.891794	0.872433	428.044665	0.032696	1140.847130	0.873045	2282.785268	7.447782	965.528380	1.617052	4695.379948	5.868445
W570	1008.409385	0.683330	333.231061	0.033671	675.178324	0.684159	1351.002332	4.498172	571.420848	1.029519	2778.828717	3.933040
W571	1765.275315	0.919150	447.541954	0.038832	1317.733361	0.919969	2636.726890	8.562766	1115.231765	1.834781	5423.389901	6.561782
W572	1567.702193	0.943786	519.650720	0.043123	1048.051473	0.944770	2097.105213	6.914553	886.993020	1.544464	4313.461237	5.769536
W573	1493.655755	0.695221	464.516137	0.031441	1029.139617	0.695932	2059.263416	6.677897	870.987429	1.424953	4235.625788	5.071697
W574	1270.703385	0.558284	581.783507	0.038692	688.919878	0.559623	1378.498580	4.513125	583.050679	0.989323	2835.384775	3.626992
W575	1138.608507	0.833560	456.048666	0.473588	682.559841	0.958701	1365.772424	4.737409	577.668016	1.182752	2809.208795	4.824378
W576	1570.798014	0.842199	307.110485	0.028249	1263.687529	0.842673	2528.583541	8.194916	1069.491382	1.745583	5200.953687	6.200121
W577	2131.841925	1.224334	248.755222	0.031753	1883.086703	1.224745	3767.974229	12.199074	1593.704894	2.590587	7750.212378	9.168443
W578	1264.766145	0.713994	553.727356	0.036097	711.038789	0.714906	1422.757556	4.733689	601.770485	1.081545	2926.419489	4.125491
W579	1302.916787	0.696753	510.514726	0.034946	792.402061	0.697628	1585.561907	5.218869	670.630322	1.160477	3261.285978	4.316198
W580	1590.650487	0.688603	705.050148	0.033064	885.600339	0.689396	1772.047591	5.786983	749.506432	1.259810	3644.861759	4.585065
W581	1055.523207	0.487990	501.233550	0.035699	554.289657	0.489294	1109.109389	3.651324	469.109647	0.812320	2281.287715	3.022764
W582	1863.095179	1.055458	358.317687	0.036460	1504.777493	1.056087	3010.994027	9.780585	1273.532043	2.097209	6193.206682	7.506352
W583	1968.619082	1.052859	341.382690	0.038350	1627.236391	1.053557	3256.028933	10.539697	1377.172170	2.236993	6697.210280	7.911939
W584	1044.405873	0.588330	430.747397	0.033716	613.658476	0.589295	1227.903803	4.068980	519.355012	0.920512	2525.631725	3.480091
W585	1422.800843	0.649451	430.715587	0.023689	992.085256	0.649883	1985.119258	6.428830	839.627366	1.366400	4083.121304	4.840824
W586	1781.482748	0.926866	528.469139	0.035502	1253.013609	0.927545	2507.225494	8.165557	1060.457768	1.764078	5157.023078	6.367270
W587	1256.280097	0.691413	430.175774	0.024369	826.104323	0.691843	1652.998663	5.422290	699.153418	1.194846	3399.994246	4.404046
W588	1079.072717	0.682990	319.047068	0.033303	760.025649	0.683802	1520.778121	5.013568	643.229329	1.119433	3128.034509	4.180272
W589	1636.048863	0.815162	355.260831	0.031987	1280.788032	0.815789	2562.800900	8.290388	1083.963979	1.756215	5271.334157	6.197255
W590	1211.846158	0.615199	364.632699	0.032005	847.213459	0.616031	1695.237121	5.516050	717.018624	1.188607	3486.873030	4.277888
W591	2051.101074	0.908027	569.368892	0.042999	1481.732181	0.909044	2964.881365	9.577632	1254.028201	2.020373	6098.359187	7.093114
W592	1248.265190	0.597336	473.556365	0.032338	774.708826	0.598211	1550.158517	5.060049	655.656081	1.100162	3188.466001	3.998589
W593	1286.647479	0.615534	579.976518	0.037691	706.670961	0.616687	1414.017722	4.651319	598.073880	1.032578	2908.442836	3.834299
W594	1957.735547	1.138319	319.319980	0.027874	1638.415567	1.138660	3278.397976	10.644363	1386.633396	2.279430	6743.220369	8.146338
W597	1654.770245	0.883483	424.043133	0.035390	1230.727112	0.884192	2462.631186	8.008279	1041.596130	1.722708	5065.298629	6.188384
W598	1238.884871	0.639170	491.165100	0.040731	747.719771	0.640467	1496.154597	4.915166	632.814547	1.087443	3077.387257	4.024390
W599	1609.372921	0.719190	405.697051	0.035143	1203.675871	0.720048	2408.502835	7.773419	1018.701966	1.635368	4953.963947	5.722447
W600	1112.553353	0.652846	261.559324	0.024612	850.994029	0.653310	1702.801876	5.556513	720.218218	1.207015	3502.432706	4.382699
W601	1496.445208	0.776028	426.497944	0.035358	1069.947264	0.776833	2140.917735	6.965713	905.523994	1.500666	4403.577658	5.399740
W602	1134.974028	0.732280	487.867721	0.031999	647.106306	0.732979	1294.831450	4.360690	547.662774	1.024919	2663.292826	4.003342
W603	1881.990237	0.969831	351.487168	0.032637	1530.503069	0.970380	3062.469782	9.905009	1295.304263	2.097142	6299.085335	7.395597
W604	1275.357672	0.790402	505.302371	0.460578	770.055301	0.914804	1540.847017	5.218473	651.717683	1.241785	3169.313509	4.897322
W605	1470.321763	0.908165	430.800262	0.483131	1039.521501	1.028678	2080.037112	6.910635	879.773885	1.573425	4278.354466	5.983135
W606	1345.487140	0.836525	265.442839	0.030838	1080.044301	0.837093	2161.121465	7.055838	914.069377	1.534981	4445.133992	5.582441
W607	1889.591209	0.784629	616.158210	0.023827	1273.433000	0.784991	2548.083802	8.232650	1077.739225	1.737560	5241.063081	6.104106
W608	2152.888956	0.963843	678.272509	0.027373	1474.616447	0.964231	2950.643091	9.554985	1248.005971	2.030398	6069.072987	7.191347
W609	1799.228933	0.841813	559.144774	0.023384	1240.084159	0.842137	2481.354228	8.048165	1049.515240	1.718276	5103.809391	6.119537
W610	1614.762514	0.783808	429.187921	0.037542	1185.574593	0.784707	2372.282968	7.685949	1003.382387	1.635656	4879.464588	5.803374
W611	2107.501634	0.844950	600.492153	0.034066	1507.009481	0.845637	3015.460138	9.712269	1275.421032	2.030346	6202.392868	7.048206
W612	1992.259451	1.065915	621.078791	0.041068	1371.180660	1.066706	2743.672600	8.959694	1160.465594	1.950301	5643.362734	7.097328
W613	1784.106147	0.995936	506.726167	0.028884	1277.379979	0.996355	2555.981536	8.348024	1081.079656	1.817911	5257.307650	6.618487
W614	1472.366464	0.763883	467.511136	0.026459	1004.855328	0.764342	2010.671613	6.557818	850.435007	1.422508	4135.679035	5.157255
W615	794.964603	0.481347	395.404677	0.025859	399.559926	0.482041	799.501958	2.712929	338.157882	0.648237	1644.467184	2.564490
W616	1590.066559	0.815718	443.112249	0.024610	1146.954310	0.816089	2295.005469	7.459689	970.697045	1.602548	4720.515246	5.748052
W617	1678.422294	0.859034	402.321120	0.022970	1276.101174	0.859341	2553.422702	8.278888	1079.997370	1.765643	5252.044475	6.280408
W618	1732.676569	0.916224	459.902272	0.025406	1272.774297	0.916577	2546.765767	8.282841	1077.181748	1.782364	5238.352062	6.405079
W619	1351.618113	0.631823	366.061803	0.025196	985.556310	0.632325	1972.055122	6.381199	834.101750	1.352923	4056.250145	4.778981
W620	1558.181083	0.814949	405.779411	0.022745	1152.401672	0.815266	2305.905403	7.493066	975.307288	1.608449	4742.934932	5.764073
W621	1337.263805	0.726035	513.147727	0.031385	824.116078	0.726713	1649.020270	5.428365	697.470714	1.207424	3391.811231	4.492130
W622	2013.356107	1.039312	496.663437	0.030486	1516.692670	1.039759	3034.835776	9.847473	1283.616165	2.104994	6242.245930	7.507403
W623	1602.216529	0.811164	443.944698	0.028285	1158.271831	0.811657	2317.651335	7.527868	980.275355	1.613835	4767.094723	5.774896
W624	1976.550146	0.947004	421.953501	0.026984	1554.596646	0.947388	3110.679975	10.046206	1315.695278	2.117682	6398.247169	7.428149
W625	917.225717	0.650697	225.460210	0.043804	691.765506	0.652170	1384.192558	4.579908	585.459008	1.032150	2847.096515	3.888409
W626	1171.329181	0.555028	468.274703	0.026771	703.054478	0.555673	1406.781297	4.598157	595.013156	1.003434	2893.558490	3.661404
W627	1633.619300	0.841465	385.797022	0.027436	1247.822278	0.841913	2496.837867	8.096097	1056.064210	1.727079	5135.657136	6.144978
W628	552.334337	0.049760	548.658463	0.035321	3.675874	0.061021	7.355263	0.124309	3.110987	0.051851	15.128780	0.251589
W629	1948.048627	1.034393	400.430210	0.034047	1547.618417	1.034953	3096.716845	10.037400	1309.789423	2.138808	6369.526903	7.599978
W630	1277.259899	0.752440	289.892274	0.025812	987.367625	0.752883	1975.679484	6.444553	835.634713	1.398462	4063.704967	5.072134
W631	1041.056547	0.613147	298.571641	0.023763	742.484906	0.613607	1485.679861	4.869272	628.384145	1.070516	3055.842143	3.936509
W632	1279.367619	0.728476	313.095132	0.023140	966.272487	0.728843	1933.469035	6.303163	817.781354	1.365529	3976.883795	4.943834
W633	1587.641347	0.930496	406.890737	0.034107	1180.750610	0.931121	2362.630389	7.721394	999.299726	1.684389	4859.610543	6.143758
W634	1270.988831	0.605078	433.660640	0.034468	837.328191	0.606059	1675.457131	5.450447	708.652466	1.173707	3446.188272	4.221191
W635	1103.791072	0.541712	496.300850	0.025055	607.490222	0.542291	1215.561396	4.005031	514.134659	0.892901	2500.245067	3.329486
W636	941.959021	0.399726	523.830581	0.028811	418.128440	0.400762	836.656742	2.772037	353.872894	0.626859	1720.889539	2.369035
W637	1608.353367	0.810408	451.775187	0.028490	1156.578180	0.810908	2314.262414	7.517050	978.841975	1.611633	4760.124171	5.767495
W638	1479.281928	0.641251	615.499503	0.023184	863.782425	0.641670	1728.390898	5.630068	731.041368	1.216942	3555.065858	4.394935
W639	2139.661369	1.048307	563.582241	0.022392	1576.079128	1.048546	3153.665483	10.219748	1333.876457	2.176259	6486.662534	7.727215
W640	2031.596277	1.030043	571.629129	0.022011	1459.967147	1.030278	2921.330483	9.491776	1235.607891	2.036795	6008.780924	7.296286
W641	2710.497628	1.238744	527.776714	0.024113	2182.720914	1.238979	4367.529196	14.072016	1847.293063	2.944961	8983.415697	10.237410
W642	1726.236674	0.963126	571.388908	0.022634	1154.847767	0.963392	2310.799931	7.578140	977.377481	1.668769	4753.002314	6.146603
W643	2416.697468	1.089541	617.788361	0.036494	1798.909107	1.090152	3599.538538	11.622711	1522.463222	2.448529	7403.762987	8.582318
W644	1504.456670	0.834398	324.851346	0.028315	1179.605324	0.834878	2360.338722	7.670107	998.330441	1.646551	4854.896893	5.901018
W645	2425.375556	1.286945	296.381013	0.028666	2128.994543	1.287264	4260.025075	13.754289	1801.823049	2.896883	8762.294287	10.150823
W646	2569.255099	1.511428	359.499923	0.024891	2209.755175	1.511633	4421.623573	14.345967	1870.172857	3.065735	9094.680499	10.930339
W647	2511.614936	1.351724	498.588866	0.025562	2013.026069	1.351966	4027.977225	13.058288	1703.675935	2.784006	8285.003306	9.898826
W648	1936.313282	0.926827	621.257472	0.031718	1315.055810	0.927370	2631.369227	8.549374	1112.965684	1.834396	5412.369915	6.570537
W649	2411.800063	1.078030	696.764566	0.031981	1715.035496	1.078505	3431.711107	11.095786	1451.478820	2.347063	7058.564704	8.267615
W650	1983.301494	0.993942	605.993413	0.035643	1377.308082	0.994581	2755.933303	8.964325	1165.651389	1.929756	5668.581339	6.937746
W651	1753.982812	0.766644	506.955070	0.027414	1247.027742	0.767134	2495.248034	8.061340	1055.391774	1.701020	5132.387067	5.974097
W652	1317.417038	0.698500	549.292274	0.029281	768.124764	0.699113	1536.984097	5.071401	650.083819	1.134888	3161.368005	4.247125
W653	1305.734112	0.675008	541.268771	0.023919	764.465341	0.675432	1529.661752	5.036160	646.986755	1.120598	3146.306933	4.170602
W654	2204.083030	1.085534	426.660720	0.025742	1777.422310	1.085840	3556.544395	11.487168	1504.278391	2.422070	7315.329861	8.498601
W655	2251.483689	1.207080	501.397467	0.024584	1750.086221	1.207330	3501.846076	11.366044	1481.143153	2.431602	7202.822830	8.680463
W656	1244.434061	0.712784	428.019725	0.024406	816.414336	0.713202	1633.609421	5.374048	690.952531	1.193253	3360.113203	4.431783
W657	1254.541049	0.598173	459.687440	0.026929	794.853609	0.598779	1590.467347	5.184614	672.705131	1.122989	3271.375804	4.064876
W658	1203.765457	0.632721	359.886810	0.023367	843.878647	0.633152	1688.564307	5.503210	714.196286	1.191277	3473.147956	4.309214
W659	1388.288830	0.707673	560.421182	0.024118	827.867648	0.708084	1656.526998	5.441482	700.645765	1.203569	3407.251554	4.452976
W660	1630.224313	0.722251	552.566196	0.032694	1077.658117	0.722991	2156.346815	6.990334	912.049888	1.490128	4435.313185	5.297472
W661	1004.742714	0.512348	465.116108	0.024445	539.626606	0.512931	1079.769265	3.575054	456.699929	0.807053	2220.939055	3.045170
W662	1599.832305	0.864033	362.514835	0.028093	1237.317470	0.864489	2475.818205	8.040500	1047.173720	1.723050	5092.422541	6.162915
W663	601.798269	0.335804	406.197449	0.021833	195.600820	0.336513	391.388695	1.412183	165.542024	0.376734	805.033508	1.597187
W664	1037.596536	0.595304	435.126552	0.024980	602.469984	0.595828	1205.516119	4.004947	509.885902	0.911734	2479.583294	3.466573
W665	2279.492917	1.234520	444.777535	0.031385	1834.715381	1.234919	3671.185328	11.902729	1552.766997	2.538346	7551.130725	9.028273
W666	1482.378928	0.867049	247.338706	0.025591	1235.040222	0.867426	2471.261532	8.027656	1045.246427	1.721509	5083.050081	6.162350
W667	1456.203813	1.015070	263.108030	0.026752	1193.095783	1.015422	2387.332541	7.839463	1009.747765	1.732423	4910.419521	6.403913
W668	1223.828883	0.722298	286.975646	0.023503	936.853237	0.722680	1874.602401	6.118756	792.883082	1.330137	3855.803104	4.833622
W669	2113.702303	1.039059	563.354598	0.026925	1550.347705	1.039408	3102.178031	10.056188	1312.099290	2.143492	6380.759823	7.619451
W670	1476.414959	0.772479	447.094809	0.025041	1029.320150	0.772885	2059.624654	6.712811	871.140218	1.453287	4236.368806	5.257650
W671	1494.712563	0.777745	377.549583	0.034422	1117.162979	0.778506	2235.394318	7.258822	945.483873	1.554996	4597.903187	5.559613
W672	1220.971027	0.526204	640.194763	0.037468	580.776265	0.527536	1162.107935	3.833882	491.525948	0.857617	2390.298540	3.208278
W673	1500.800744	0.749178	585.923157	0.027526	914.877588	0.749684	1830.630086	5.996624	774.284523	1.316456	3765.358013	4.833665
W674	1935.838128	0.974747	621.711439	0.034744	1314.126688	0.975366	2629.510096	8.564990	1112.179345	1.851091	5408.545932	6.684196
W675	1932.864403	1.025243	442.086765	0.028995	1490.777638	1.025653	2982.980929	9.680764	1261.683604	2.070324	6135.587537	7.387725
W676	1613.288089	0.812762	459.923123	0.028810	1153.364966	0.813273	2307.832911	7.498166	976.122548	1.608823	4746.899556	5.762490
W677	1994.059659	1.023393	514.955044	0.024992	1479.104615	1.023698	2959.623719	9.607547	1251.804423	2.056274	6087.544921	7.344194
W678	1476.650339	0.851621	348.894421	0.027289	1127.755919	0.852058	2256.590327	7.357201	954.448951	1.594276	4641.500505	5.773574
W679	2247.542269	1.172925	459.538535	0.036468	1788.003734	1.173492	3577.717363	11.587379	1513.233724	2.463379	7358.879788	8.729533
W680	2025.197273	1.221215	434.238965	0.034560	1590.958308	1.221704	3183.438073	10.388215	1346.469092	2.256675	6547.900717	8.194399
W681	2223.034642	1.181725	488.042979	0.024891	1734.991663	1.181987	3471.642524	11.261700	1468.368239	2.405347	7140.698218	8.570568
W682	1702.779814	0.841210	536.626606	0.029490	1166.153208	0.841726	2333.421625	7.589839	986.945568	1.633767	4799.532073	5.873208
W683	1698.964652	0.867408	389.293391	0.025700	1309.671260	0.867789	2620.594978	8.490840	1108.408601	1.807189	5390.208745	6.412990
W684	1985.842843	1.017803	438.639880	0.024016	1547.202963	1.018087	3095.885539	10.027910	1309.437814	2.132522	6367.817020	7.559884
W685	1245.414607	0.568453	581.379470	0.030020	664.035137	0.569245	1328.705302	4.365301	561.990081	0.965930	2732.966748	3.575219
W686	1405.398218	0.769164	476.413079	0.029345	928.985139	0.769724	1858.858680	6.093359	786.224108	1.340229	3823.420405	4.930551
W687	1504.140439	0.690102	565.069134	0.033403	939.071305	0.690910	1879.040657	6.117756	794.760290	1.320496	3864.931996	4.761513
W688	1713.415029	0.831877	609.584061	0.031797	1103.830968	0.832484	2208.717547	7.200427	934.200648	1.559881	4543.032683	5.647347
W689	1594.200061	0.863966	352.064788	0.025213	1242.135273	0.864333	2485.458419	8.070295	1051.251152	1.728495	5112.251155	6.178555
W690	1216.342256	0.692681	464.614569	0.024688	751.727687	0.693121	1504.174262	4.968101	636.206550	1.114621	3093.882621	4.181452
W691	1589.790126	0.901438	327.079435	0.023943	1262.710692	0.901756	2526.628933	8.214008	1068.664660	1.765491	5196.933323	6.336129
W692	1958.305214	0.980325	518.893096	0.030442	1439.412117	0.980798	2880.200766	9.343190	1218.211638	1.995626	5924.182669	7.110871
W693	1011.231249	0.672306	339.514463	0.032304	671.716786	0.673082	1344.075945	4.470524	568.491259	1.020651	2764.582079	3.890631
W694	1254.627726	0.594374	555.473483	0.028049	699.154243	0.595036	1398.977098	4.593925	591.712287	1.015199	2877.506310	3.752689
W695	1992.099672	0.932941	573.818107	0.029334	1418.281565	0.933402	2837.919454	9.192390	1200.328306	1.954879	5837.215741	6.930290
W696	974.014374	0.531804	534.499072	0.030351	439.515301	0.532669	879.450917	2.985947	371.973147	0.714353	1808.911360	2.828663
W697	1244.289022	0.793628	579.760717	0.028265	664.528304	0.794131	1329.692107	4.506643	562.407461	1.074092	2734.996473	4.241059
W698	1205.154589	0.699863	293.057253	0.025111	912.097335	0.700313	1825.066923	5.955528	771.931524	1.293718	3753.915339	4.697626
W699	1159.767885	0.812045	305.282333	0.045795	854.485552	0.813335	1709.788262	5.661656	723.173184	1.278460	3516.802755	4.825155
W700	1002.837176	0.636195	375.535459	0.031703	627.301717	0.636985	1255.203332	4.180025	530.901639	0.957154	2581.783157	3.658097
W701	2101.080725	1.078342	416.591014	0.030345	1684.489711	1.078769	3370.590324	10.905809	1425.627133	2.311719	6932.847535	8.163674
W702	1706.971912	0.959096	388.249866	0.030297	1318.722046	0.959575	2638.705206	8.586267	1116.068515	1.850374	5427.459028	6.660408
W703	1474.253457	0.760842	482.025878	0.026987	992.227579	0.761320	1985.404041	6.478493	839.747818	1.407174	4083.707063	5.109019
W704	971.874213	0.589273	505.004755	0.023185	466.869458	0.589729	934.185390	3.189173	395.123676	0.771741	1921.492752	3.081599
W705	2353.927455	1.015795	694.971116	0.033465	1658.956339	1.016346	3319.499163	10.722634	1404.017581	2.261563	6827.759942	7.938402
W706	1045.205504	0.618525	453.339290	0.037563	591.866213	0.619665	1184.298437	3.955447	500.911657	0.912075	2435.941397	3.506911
W707	2002.516656	1.013497	562.487484	0.032454	1440.029173	1.014016	2881.435467	9.361200	1218.733868	2.008186	5926.722282	7.191406
W708	1700.963589	0.852563	628.545262	0.026941	1072.418328	0.852989	2145.862225	7.016504	907.615319	1.532748	4413.747804	5.598859
W709	2000.853252	0.915665	636.274914	0.028964	1364.578338	0.916123	2730.461642	8.851735	1154.877878	1.887088	5616.189583	6.709372
W710	2297.707455	1.234455	615.915311	0.025176	1681.792144	1.234711	3365.192611	10.955155	1423.344112	2.363899	6921.745171	8.520941
W711	1697.505959	0.822300	536.218889	0.024430	1161.287070	0.822662	2323.684695	7.551324	982.827229	1.621254	4779.504527	5.811177
W712	2015.099857	1.039346	499.917600	0.025946	1515.182257	1.039670	3031.813505	9.838067	1282.337863	2.103233	6236.029528	7.502147
W713	1900.155150	1.024125	434.742587	0.032888	1465.412563	1.024653	2932.226522	9.523082	1240.216487	2.040975	6031.192600	7.300924
W714	2059.857733	1.120139	406.384042	0.024849	1653.473690	1.120415	3308.528622	10.730042	1399.377474	2.290213	6805.195025	8.153805
W715	1300.423181	0.789672	346.513134	0.024997	953.910047	0.790067	1908.732332	6.256690	807.318701	1.376061	3926.003749	5.062025
W716	1960.947216	0.848668	574.212785	0.023620	1386.734431	0.848997	2774.795016	8.962915	1173.629152	1.890273	5707.377326	6.634524
W717	2632.520412	1.386139	401.012524	0.024335	2231.507888	1.386352	4465.149799	14.430661	1888.582739	3.048320	9184.208049	10.720092
W718	1795.098494	0.920421	437.975431	0.025747	1357.123063	0.920781	2715.543963	8.807399	1148.568287	1.880153	5585.505938	6.695146
W719	1985.660071	1.117877	610.275034	0.031060	1375.385037	1.118308	2752.085376	9.010695	1164.023867	1.975548	5660.666673	7.243823
W720	1241.191306	0.594304	543.630976	0.025163	697.560330	0.594836	1395.787746	4.584053	590.363317	1.013371	2870.946246	3.747243
W721	1501.716541	0.797183	536.380725	0.033877	965.335816	0.797903	1931.594796	6.330809	816.988624	1.391875	3973.028739	5.118355
W722	2047.078836	0.961505	596.721844	0.040216	1450.356992	0.962346	2902.100982	9.403480	1227.474568	2.001779	5969.228447	7.104947
W723	1462.537960	0.801551	438.669449	0.028458	1023.868511	0.802056	2048.716163	6.692905	866.526355	1.458478	4213.931518	5.313752
W724	1814.998279	0.882849	574.205114	0.029330	1240.793165	0.883336	2482.772918	8.070218	1050.115290	1.733835	5106.727443	6.219482
W725	1534.273839	0.766106	528.672245	0.033694	1005.601594	0.766847	2012.164859	6.563594	851.066592	1.424311	4138.750440	5.165953
W726	1601.102320	0.926544	471.192519	0.025820	1129.909801	0.926904	2260.900151	7.406575	956.271837	1.626289	4650.365229	5.972434
W727	1649.504645	1.012315	427.829407	0.026448	1221.675238	1.012661	2444.518783	8.013375	1033.935296	1.762663	5028.043871	6.485115
W728	1831.577994	1.159402	455.617200	0.037449	1375.960795	1.160006	2753.237441	9.035308	1164.511145	1.993328	5663.036315	7.355841
W729	1168.746219	0.752077	386.055360	0.024582	782.690859	0.752479	1566.130218	5.190281	662.411482	1.174463	3221.317626	4.441157
W730	1598.721948	0.748646	477.626732	0.026147	1121.095216	0.749103	2243.262552	7.270841	948.811826	1.549139	4614.087077	5.504002
W731	1406.784223	0.700050	445.356931	0.028749	961.427292	0.700640	1923.774011	6.260374	813.680740	1.349425	3956.942443	4.858406
W732	1223.618312	0.734099	353.058072	0.024675	870.560240	0.734513	1741.953009	5.716874	736.777607	1.261408	3582.961282	4.655552
W733	1730.387942	1.033404	259.075155	0.025052	1471.312787	1.033707	2944.032612	9.563553	1245.209998	2.050968	6055.476128	7.342056
W734	1433.106856	0.709086	495.300589	0.023033	937.806267	0.709460	1876.509373	6.118441	793.689657	1.326101	3859.725487	4.803411
W735	1127.816434	0.679774	311.366039	0.024232	816.450394	0.680206	1633.681572	5.357115	690.983048	1.179413	3360.261608	4.343143
W736	1700.701437	0.869652	393.786850	0.026988	1306.914586	0.870071	2615.078995	8.474653	1106.075557	1.804801	5378.863113	6.408925
W737	1754.543634	1.019290	465.814027	0.035312	1288.729607	1.019902	2578.691646	8.429267	1090.685139	1.839865	5304.019268	6.714931
W738	1629.725868	0.867903	378.466753	0.027291	1251.259115	0.868332	2503.714828	8.128567	1058.972894	1.740350	5149.802113	6.218373
W739	1360.026402	0.664662	446.523754	0.031402	913.502648	0.665403	1827.878892	5.948171	773.120876	1.282043	3759.699180	4.615466
W740	1967.945535	0.920233	513.814941	0.025338	1454.130594	0.920582	2909.651795	9.410207	1230.668265	1.992038	5984.759445	7.023497
W741	1379.898122	0.753290	547.533274	0.033143	832.364848	0.754019	1665.525699	5.493572	704.451861	1.228232	3425.760661	4.592400
W742	1976.798336	0.956653	546.602986	0.023433	1430.195350	0.956940	2861.758417	9.276040	1210.411250	1.976706	5886.249256	7.024523
W743	1237.794637	0.598713	564.521223	0.029757	673.273415	0.599452	1347.190690	4.437878	569.808673	0.988912	2770.988688	3.685720
W744	1652.996450	0.819046	504.348508	0.035571	1148.647942	0.819818	2298.394352	7.471811	972.130409	1.605836	4727.485720	5.762616
W745	1595.038955	0.916859	399.456463	0.027376	1195.582493	0.917268	2392.308338	7.806207	1011.852331	1.695539	4920.654062	6.155890
W746	1773.642997	0.909490	290.540805	0.025810	1483.102193	0.909856	2967.622698	9.586477	1255.187677	2.022232	6103.997736	7.099611
W747	1840.039674	0.937115	465.642855	0.023825	1374.396819	0.937418	2750.107994	8.921564	1163.187512	1.905812	5656.599466	6.791839
W748	1728.780379	0.978185	283.141457	0.025243	1445.638922	0.978510	2892.660330	9.380872	1223.481544	2.001967	5949.810304	7.126409
W749	1731.758464	0.902372	343.776710	0.031169	1387.981754	0.902910	2777.290856	8.991740	1174.684794	1.909525	5712.510930	6.758260
W750	1742.555077	0.817740	590.441322	0.029927	1152.113755	0.818287	2305.329294	7.492601	975.063617	1.609219	4741.749954	5.770369
W751	1659.893917	0.916651	517.174941	0.042894	1142.718975	0.917654	2286.530750	7.480737	967.112572	1.636725	4703.083896	5.988526
W752	1546.104689	0.823936	611.140368	0.036787	934.964321	0.824757	1870.822763	6.158669	791.284444	1.369957	3848.028901	5.097161
W753	1376.291902	0.784231	479.627661	0.024389	896.664241	0.784610	1794.185975	5.902987	758.870097	1.311103	3690.397414	4.870965
W754	1169.147826	0.622338	397.973470	0.026181	771.174356	0.622889	1543.086197	5.050218	652.664768	1.106008	3173.919198	4.050776
W755	1359.471249	0.755305	552.647838	0.037407	806.823411	0.756230	1614.418399	5.339152	682.835484	1.201829	3320.639872	4.522634
W756	2044.719115	1.025760	457.570513	0.025431	1587.148602	1.026075	3175.815019	10.279435	1343.244840	2.181369	6532.221128	7.713582
W757	1294.035347	0.702802	347.505083	0.029937	946.530265	0.703439	1893.965711	6.169548	801.073001	1.333634	3895.630809	4.816697
W758	1375.702551	0.762381	373.355985	0.027771	1002.346567	0.762887	2005.651692	6.541658	848.311778	1.419131	4125.353738	5.145517
W759	1250.638165	0.712641	361.395613	0.029008	889.242553	0.713232	1779.335501	5.820943	752.588931	1.273320	3659.852002	4.657903
W760	1121.853244	0.614656	516.061205	0.026578	605.792039	0.615230	1212.163407	4.036748	512.697443	0.924376	2493.255863	3.532921
W761	800.094906	0.456607	344.342801	0.030841	455.752106	0.457648	911.940054	3.033784	385.714774	0.692958	1875.737111	2.642591
W762	1702.027388	0.891713	496.960091	0.025328	1205.067297	0.892073	2411.287017	7.853113	1019.879566	1.696584	4959.690632	6.123678
W763	1261.081844	0.708422	444.486228	0.026669	816.595616	0.708924	1633.972154	5.372891	691.105953	1.191623	3360.859295	4.420695
W764	1228.535617	0.704657	318.475694	0.025213	910.059923	0.705108	1820.990151	5.945231	770.207209	1.293303	3745.529971	4.703236
W765	1223.557005	0.664329	364.107014	0.026550	859.449991	0.664860	1719.721886	5.614115	727.374717	1.220976	3537.234874	4.439052
W766	2334.551587	1.199413	373.847251	0.031121	1960.704337	1.199817	3923.283724	12.672449	1659.394702	2.672471	8069.662962	9.379300
W767	1513.572464	0.761574	364.795674	0.024059	1148.776791	0.761954	2298.652174	7.448049	972.239457	1.585440	4728.016023	5.626923
W768	1666.357373	0.871643	350.722754	0.026213	1315.634620	0.872037	2632.527400	8.529623	1113.455546	1.815520	5414.752119	6.442871
W769	1509.857086	0.770298	235.791344	0.023193	1274.065742	0.770647	2549.349892	8.231167	1078.274731	1.733694	5243.667256	6.075262
W770	961.733112	0.633243	232.366911	0.023971	729.366201	0.633697	1459.429906	4.799219	617.281447	1.064547	3001.849544	3.949835
W771	1242.779169	0.617090	497.670701	0.030013	745.108468	0.617819	1490.929494	4.887511	630.604534	1.075139	3066.639928	3.955821
W772	1514.663492	0.878904	286.006436	0.028289	1228.657056	0.879359	2458.489094	7.993333	1039.844188	1.718582	5056.778909	6.169889
W773	1539.216135	0.770292	571.779728	0.030027	967.436407	0.770877	1935.797988	6.330316	818.766409	1.383257	3981.674135	5.054359
W774	2284.826526	1.041219	568.462879	0.030695	1716.363646	1.041671	3434.368677	11.089966	1452.602867	2.336667	7064.030965	8.191827
W775	2127.767124	1.030588	449.283376	0.025593	1678.483748	1.030905	3358.572655	10.849836	1420.544131	2.289020	6908.128819	8.037478
W776	1919.331415	0.969862	421.537620	0.028051	1497.793795	0.970268	2997.019952	9.701498	1267.621559	2.059221	6164.463905	7.283735
W777	2007.115801	1.085003	458.326797	0.029246	1548.789004	1.085397	3099.059137	10.065964	1310.780121	2.157978	6374.344681	7.722136
W778	2222.153878	1.084177	573.325583	0.028782	1648.828295	1.084559	3299.233389	10.686414	1395.445956	2.272457	6786.075990	8.055531
W779	1878.441403	1.018329	454.973051	0.030849	1423.468352	1.018796	2848.297988	9.260730	1204.718018	1.991078	5858.562979	7.148186
W780	1984.417996	1.013808	487.016066	0.027533	1497.401930	1.014182	2996.235849	9.717032	1267.289914	2.073872	6162.851110	7.383056
W781	1745.035323	0.987776	439.139340	0.024502	1305.895983	0.988080	2613.040814	8.520007	1105.213486	1.846656	5374.670852	6.689144
W782	2485.178805	1.440229	272.925135	0.027035	2212.253670	1.440483	4426.622951	14.332158	1872.287398	3.043986	9104.963543	10.774838
W783	2134.874118	1.062499	530.387937	0.021194	1604.486181	1.062710	3210.506756	10.402006	1357.918080	2.213852	6603.577330	7.855623
W784	1222.291000	0.817484	525.480675	0.025412	696.810325	0.817879	1394.287019	4.715189	589.728568	1.118459	2867.859454	4.400218
W785	2229.875261	1.019554	697.911875	0.027322	1531.963386	1.019920	3065.391811	9.933986	1296.540166	2.115593	6305.095553	7.512588
W786	2363.867835	1.252641	550.848868	0.024003	1813.018967	1.252871	3627.771751	11.775669	1534.404761	2.519799	7461.834879	8.997621
W787	2002.686224	1.035024	465.480437	0.023738	1537.205787	1.035296	3075.881627	9.972894	1300.976946	2.126957	6326.671682	7.565738
W788	2337.215777	1.137047	466.911506	0.025946	1870.304271	1.137343	3742.397141	12.085470	1582.886792	2.546960	7697.603774	8.931390
W789	2482.720829	1.117511	535.928488	0.035805	1946.792341	1.118084	3895.446428	12.555601	1647.620621	2.630588	8012.405417	9.157678
W790	1932.503297	0.976463	546.789908	0.028249	1385.713389	0.976871	2772.751956	9.008588	1172.765018	1.932839	5703.175029	6.922791
W791	1791.784735	0.982847	551.926033	0.026122	1239.858701	0.983194	2480.903098	8.110569	1049.324430	1.770877	5102.881476	6.465358
W792	1371.911565	0.703172	487.691338	0.049099	884.220227	0.704884	1769.286047	5.785954	748.338407	1.264399	3639.181636	4.620412
W793	1364.135567	0.758643	416.808424	0.029992	947.327143	0.759236	1895.560230	6.200876	801.747420	1.356258	3898.910518	4.960640
W794	2032.492612	1.131182	503.215943	0.027702	1529.276669	1.131521	3060.015808	9.965650	1294.266328	2.152821	6294.037843	7.769815
W795	2166.334059	1.069811	342.882193	0.024209	1823.451866	1.070085	3648.647525	11.768360	1543.234392	2.470944	7504.773519	8.625100
W796	2346.118751	1.270029	376.150006	0.030116	1969.968744	1.270386	3941.821398	12.757566	1667.235409	2.706445	8107.792447	9.566941
W797	1419.867169	0.804066	401.369780	0.024743	1018.497389	0.804446	2037.968781	6.660973	861.980636	1.453434	4191.825611	5.302788
W798	1200.325301	0.646527	424.173690	0.025125	776.151611	0.647015	1553.045468	5.092891	656.877147	1.121357	3194.404068	4.129789
W799	1183.974151	0.708203	311.263193	0.024103	872.710957	0.708613	1746.256501	5.716991	738.597815	1.253131	3591.812981	4.593804
W800	975.804629	0.467205	453.236695	0.047877	522.567934	0.469652	1045.635607	3.446883	442.262734	0.769462	2150.730747	2.872809
W801	1114.161887	0.695387	256.988474	0.024387	857.173414	0.695814	1715.166555	5.615117	725.447991	1.230747	3527.865175	4.511540
W802	951.813877	0.552211	341.786799	0.041728	610.027079	0.553785	1220.637535	4.026799	516.281666	0.900670	2510.685997	3.368972
W803	1449.533882	0.788503	483.774060	0.025453	965.759822	0.788914	1932.443215	6.328903	817.347472	1.388668	3974.773820	5.096026
W804	1530.579499	0.832377	469.335816	0.023744	1061.243683	0.832716	2123.502250	6.937885	898.157929	1.512262	4367.756365	5.511259
W805	1459.627915	0.683672	490.232703	0.033342	969.395212	0.684484	1939.717471	6.302562	820.424196	1.352543	3989.735980	4.845567
W806	1813.584114	0.955384	446.721529	0.031807	1366.862585	0.955913	2735.032320	8.882721	1156.811096	1.903778	5625.590849	6.810332
W807	1331.392841	0.624864	580.505067	0.029691	750.887774	0.625569	1502.493632	4.926920	635.495709	1.084698	3090.425793	3.994340
W808	1139.403674	0.497096	557.886352	0.031970	581.517321	0.498123	1163.590756	3.822637	492.153123	0.845735	2393.348503	3.129903
W809	1519.204717	0.865717	422.412982	0.025418	1096.791735	0.866090	2194.632349	7.172923	928.243163	1.565085	4514.061339	5.709922
W810	1915.841085	0.932038	511.511762	0.023047	1404.329323	0.932322	2810.001626	9.105268	1188.520163	1.938430	5779.792552	6.880656
W811	1554.292954	0.823716	403.433296	0.023099	1150.859659	0.824040	2302.819901	7.487361	974.002242	1.609896	4736.588474	5.780088
W812	2132.679632	1.047671	393.536926	0.023413	1739.142706	1.047932	3479.948581	11.234314	1471.881374	2.365271	7157.782651	8.284297
W813	2372.529067	1.518321	424.012355	0.027937	1948.516712	1.518578	3898.896820	12.733481	1649.080001	2.772549	8019.502406	10.092628
W814	1865.016941	0.837425	581.640547	0.030816	1283.376394	0.837992	2567.980100	8.315338	1086.154577	1.766675	5281.987070	6.256015
W815	1993.207415	0.930580	589.932618	0.025357	1403.274797	0.930925	2807.891567	9.098146	1187.627691	1.936734	5775.452446	6.873889
W816	1729.799348	0.924408	407.325188	0.026099	1322.474160	0.924776	2646.213021	8.594217	1119.244025	1.841920	5442.901586	6.588946
W817	2102.591797	1.164246	450.562984	0.023122	1652.028813	1.164476	3305.637486	10.739857	1398.154637	2.304255	6799.248350	8.252930
W818	1365.027612	0.892737	383.083314	0.021723	981.944298	0.893001	1964.827644	6.482706	831.044811	1.450483	4041.384202	5.427366
W819	2359.737603	1.246338	462.605756	0.025830	1897.131847	1.246606	3796.077949	12.295203	1605.591663	2.614237	7808.017922	9.265725
W820	2260.667267	1.276377	338.016684	0.026569	1922.650583	1.276654	3847.139825	12.466006	1627.188828	2.653958	7913.045281	9.420734
W821	2099.738523	1.136395	495.598004	0.027328	1604.140518	1.136724	3209.815100	10.431148	1357.625537	2.239638	6602.154688	8.028072
W822	2135.137900	1.065340	603.399544	0.026814	1531.738357	1.065678	3064.941537	9.951804	1296.349718	2.131430	6304.169401	7.618667
W823	1279.978657	0.696511	543.473001	0.033641	736.505656	0.697322	1473.715644	4.877813	623.323752	1.100252	3031.233371	4.148349
W824	1425.664784	0.829251	261.537022	0.027445	1164.127762	0.829705	2329.368797	7.571996	985.231381	1.627052	4791.195954	5.837480
W825	1712.665922	0.940433	472.119553	0.033567	1240.546369	0.941032	2482.279090	8.094763	1049.906420	1.755165	5105.711706	6.360409
W826	1506.641675	0.741063	626.399141	0.029161	880.242534	0.741637	1761.326857	5.779919	744.971983	1.275002	3622.810661	4.704537
W827	1335.914930	0.741958	430.698202	0.030633	905.216728	0.742590	1811.299128	5.933713	766.108288	1.302890	3725.596852	4.784785
W828	1821.463042	0.976172	492.343443	0.026073	1329.119599	0.976520	2659.510255	8.658183	1124.868232	1.868461	5470.252195	6.735883
W829	1780.531507	0.897321	462.500697	0.026774	1318.030810	0.897720	2637.322072	8.555152	1115.483504	1.827211	5424.614110	6.510369
W830	1565.256786	0.849110	337.990023	0.027016	1227.266763	0.849540	2455.707179	7.971790	1038.667547	1.706215	5051.056886	6.094076
W831	1328.019603	0.794458	408.453003	0.023684	919.566600	0.794811	1840.012595	6.048552	778.252955	1.340392	3784.656561	4.968622
W832	1433.089296	0.729294	375.248303	0.022637	1057.840993	0.729645	2116.693615	6.870160	895.278144	1.469739	4353.751926	5.246615
W833	1891.159050	0.843644	612.770774	0.025011	1278.388276	0.844015	2557.999094	8.286783	1081.933004	1.762976	5261.457493	6.252837
W834	1228.352029	0.698688	518.223092	0.024210	710.128937	0.699107	1420.936981	4.718717	601.000454	1.073166	2922.674814	4.076750
W835	-1.000000	-1.000000	-1.000000	-1.000000	-1.000000	-1.000000	0.000000	0.000000	0.000000	0.000000	0.000000	0.000000
W836	1257.762193	0.739476	321.858505	0.024761	935.903688	0.739890	1872.702395	6.121138	792.079455	1.335839	3851.895050	4.874512
W837	1739.873656	0.953977	395.751487	0.023183	1344.122169	0.954259	2689.529743	8.741124	1137.565295	1.877262	5531.998213	6.731079
W838	2006.784942	1.058316	424.190458	0.024282	1582.594484	1.058595	3166.702427	10.264349	1339.390572	2.187232	6513.477762	7.772317
W839	1843.215196	0.896323	426.612052	0.033647	1416.603144	0.896954	2834.561007	9.167404	1198.907815	1.940672	5830.307870	6.842528
W840	1245.679383	0.717877	418.054938	0.048726	827.624446	0.719528	1656.040361	5.446001	700.439936	1.208156	3406.250607	4.483200
W841	1244.435175	0.699045	470.564824	0.028409	773.870351	0.699622	1548.480766	5.106737	654.946458	1.141299	3185.015097	4.265754
W842	2477.739358	1.259261	609.947620	0.035069	1867.791738	1.259749	3737.369673	12.118379	1580.760371	2.585003	7687.262954	9.196986
W843	2336.399776	1.278913	385.705257	0.026312	1950.694519	1.279184	3903.254516	12.641277	1650.923135	2.687153	8028.465596	9.521367
W844	2544.790246	1.265912	565.150513	0.029223	1979.639733	1.266250	3961.172625	12.816076	1675.420217	2.716256	8147.595297	9.590643
W845	1957.104324	0.909669	524.943889	0.024655	1432.160435	0.910003	2865.690467	9.269337	1212.074352	1.963045	5894.336950	6.924783
W846	2064.470455	1.129882	387.912908	0.024803	1676.557547	1.130154	3354.718411	10.877381	1418.913938	2.320122	6900.201162	8.253924
W847	1917.674943	1.079130	396.279427	0.024202	1521.395516	1.079401	3044.245965	9.893660	1287.596305	2.124590	6261.601413	7.617115
W848	1539.129522	0.828958	435.593628	0.024817	1103.535894	0.829329	2208.127115	7.197147	933.950918	1.558345	4541.818244	5.638523
W849	1881.634857	0.977531	478.997630	0.023765	1402.637228	0.977819	2806.615818	9.113868	1187.088100	1.952488	5772.828404	6.981186
W850	1762.496605	1.042188	423.050169	0.024297	1339.446437	1.042472	2680.173806	8.752549	1133.608102	1.905342	5512.754319	6.934223
W851	1933.529579	1.178446	314.750864	0.024087	1618.778715	1.178693	3239.105493	10.540301	1370.014221	2.271690	6662.401057	8.177794
W852	2076.698269	1.202299	364.088588	0.026502	1712.609682	1.202591	3426.857158	11.131707	1449.425790	2.387096	7048.580788	8.544621
W853	1174.646925	0.735537	296.267120	0.032981	878.379805	0.736276	1757.599618	5.765744	743.395508	1.270727	3615.144237	4.684471
W854	2564.529319	1.152226	524.729275	0.023884	2039.800044	1.152474	4081.550779	13.148712	1726.335441	2.750513	8395.196847	9.556075
W855	1403.587205	0.818635	287.821728	0.027503	1115.765477	0.819097	2232.597978	7.268044	944.301131	1.568280	4592.151494	5.652978
W856	1937.939888	1.078834	379.495052	0.036474	1558.444836	1.079450	3118.380036	10.123261	1318.952101	2.166874	6414.085151	7.740127
W857	2104.854834	1.338168	458.875122	0.024884	1645.979712	1.338399	3293.533499	10.783505	1393.035127	2.364250	6774.352088	8.669172
W858	2066.784945	1.162279	304.654738	0.039498	1762.130207	1.162950	3525.945565	11.422320	1491.336289	2.429935	7252.392213	8.617902
W859	1811.826476	0.957884	434.588127	0.027392	1377.238348	0.958275	2755.793770	8.948045	1165.592372	1.916473	5668.294337	6.850413
W860	1906.769219	1.020591	475.570727	0.027698	1431.198492	1.020967	2863.765661	9.309542	1211.260235	2.000660	5890.377885	7.178896
W861	1845.764000	0.993619	641.789505	0.038423	1203.974495	0.994361	2409.100368	7.895437	1018.954700	1.735633	4955.192992	6.381569
W862	1512.591462	0.871379	477.534181	0.027236	1035.057282	0.871805	2071.104404	6.796337	875.995701	1.499133	4259.981097	5.531239
W863	1512.086461	0.827906	591.840345	0.028562	920.246116	0.828398	1841.372277	6.070718	778.828047	1.355614	3787.453244	5.062745
W864	2410.730706	1.230510	484.602038	0.031010	1926.128668	1.230901	3854.099321	12.469205	1630.132421	2.642460	7927.360021	9.328895
W865	1855.419703	1.146010	445.825496	0.023981	1409.594207	1.146261	2820.536429	9.234881	1192.975970	2.024741	5801.461214	7.424353
W866	1642.899577	0.865462	499.811704	0.027967	1143.087873	0.865913	2287.268899	7.458278	967.424780	1.616821	4704.602169	5.857748
W867	1204.680994	0.710257	392.334862	0.023212	812.346132	0.710636	1625.469123	5.347795	687.509505	1.187731	3343.369712	4.412396
W868	1556.328708	0.845046	660.274559	0.035074	896.054149	0.845774	1792.965208	5.932998	758.353761	1.337415	3687.886462	5.039580
W869	1706.976824	0.847050	573.745686	0.032224	1133.231138	0.847662	2267.546002	7.388982	959.082770	1.598763	4664.034844	5.780341
W870	1953.829556	1.032697	467.916794	0.025443	1485.912762	1.033010	2973.246525	9.653736	1257.566335	2.067382	6115.565188	7.388877
W871	1123.798294	0.690772	554.025419	0.028998	569.772875	0.691380	1140.090632	3.871486	482.213495	0.926515	2345.011933	3.669683
W872	1423.264178	0.857585	353.247204	0.024559	1070.016974	0.857936	2141.057220	7.004143	905.582991	1.532058	4403.864560	5.604062
W873	2019.037910	1.047823	411.448710	0.028515	1607.589200	1.048210	3216.715762	10.415402	1360.544245	2.212479	6616.348414	7.833085
W874	2122.250228	1.124618	449.470788	0.028295	1672.779440	1.124974	3347.158583	10.851774	1415.716428	2.313976	6884.651621	8.229221
W875	1893.744633	0.901853	566.543728	0.049652	1327.200905	0.903218	2655.671032	8.614359	1123.244392	1.839661	5462.355434	6.553918
W876	2300.475809	0.991717	433.479140	0.023543	1866.996670	0.991996	3735.778776	12.013392	1580.087484	2.499135	7683.990694	8.621066
W877	2072.264209	1.290052	395.321038	0.025847	1676.943171	1.290311	3355.490027	10.950872	1419.240301	2.379640	6901.788271	8.643791
W878	1333.881581	0.782088	483.613848	0.026809	850.267734	0.782547	1701.348591	5.618545	719.603536	1.260094	3499.443496	4.725560
W879	2753.242774	1.360608	450.114705	0.025900	2303.128069	1.360854	4608.458653	14.867525	1949.196747	3.123834	9478.974941	10.913552
W880	1608.635520	0.890125	412.087531	0.028386	1196.547989	0.890578	2394.240254	7.799788	1012.669456	1.686406	4924.627750	6.092279
W881	2251.984374	1.244479	358.853895	0.024685	1893.130479	1.244724	3788.071387	12.269573	1602.205202	2.608979	7791.549508	9.247885
W882	2442.526060	1.190830	540.667538	0.027189	1901.858522	1.191140	3805.535820	12.302594	1609.591970	2.601141	7827.471481	9.157529
W883	1743.086188	0.951151	465.196830	0.024441	1277.889357	0.951465	2557.000779	8.330176	1081.510756	1.801178	5259.404095	6.507289
W884	1802.185777	1.029765	441.735947	0.025861	1360.449830	1.030090	2722.200677	8.876271	1151.383815	1.924081	5599.197899	6.970417
W885	1790.919943	1.202390	489.258853	0.037326	1301.661090	1.202970	2604.566977	8.604122	1101.629387	1.931276	5357.241317	7.248271
W886	1826.342135	0.936228	590.171980	0.040141	1236.170155	0.937088	2473.522478	8.065917	1046.202718	1.748734	5087.700542	6.336407
W887	1870.015373	0.998245	439.774976	0.027984	1430.240397	0.998638	2861.848553	9.293901	1210.449374	1.991477	5886.434655	7.122311
W888	1816.527267	1.000893	458.045012	0.037468	1358.482255	1.001594	2718.263647	8.851041	1149.718606	1.911051	5591.099960	6.893298
W889	1605.033274	0.939014	321.185745	0.027689	1283.847529	0.939422	2568.922821	8.361542	1086.553311	1.803384	5283.926118	6.497041
W890	1982.745287	1.225196	241.015979	0.029330	1741.729308	1.225547	3485.124258	11.322066	1474.070482	2.428590	7168.428317	8.695891
W891	1739.373485	0.836894	573.225422	0.026425	1166.148063	0.837311	2333.411331	7.587851	986.941214	1.632135	4799.510899	5.862491
W892	1457.459123	0.809231	568.421495	0.030372	889.037628	0.809801	1778.925456	5.870057	752.415498	1.313816	3659.008595	4.917456
W893	1929.057569	0.949805	588.354386	0.028086	1340.703183	0.950221	2682.688501	8.718186	1134.671719	1.871900	5517.926706	6.710091
W894	1370.636516	0.687225	547.954490	0.030244	822.682027	0.687890	1646.150796	5.399273	696.257039	1.189446	3385.909112	4.382912
W895	2203.439841	1.024262	454.318518	0.039104	1749.121322	1.025008	3499.915356	11.288109	1480.326535	2.369768	7198.851601	8.270451
W896	2074.639923	1.036022	343.471751	0.026972	1731.168172	1.036373	3463.991885	11.180286	1465.132320	2.352288	7124.961891	8.231873
W897	2028.020955	1.035098	497.236204	0.023480	1530.784751	1.035365	3063.033414	9.933066	1295.542657	2.119607	6300.244651	7.544334
W898	1382.981389	0.682887	519.034389	0.023727	863.947000	0.683299	1728.720205	5.650659	731.180652	1.233250	3555.743197	4.500494
W899	1752.173248	1.079735	470.043287	0.022017	1282.129961	1.079959	2565.486043	8.418679	1085.099689	1.857004	5276.857132	6.851706
W900	1940.947051	1.313167	530.437812	0.025458	1410.509239	1.313414	2822.367369	9.329153	1193.750386	2.097180	5805.227210	7.882134
W901	1623.085417	0.889223	457.344631	0.028093	1165.740787	0.889666	2332.596389	7.609156	986.596525	1.651399	4797.834673	5.990380
W902	2520.381073	1.401706	416.662158	0.023454	2103.718916	1.401902	4209.449649	13.642071	1780.431633	2.905629	8658.267491	10.319477
W903	2014.604525	0.946980	509.735874	0.024262	1504.868651	0.947290	3011.176430	9.736437	1273.609193	2.059758	6193.581862	7.256570
W904	1323.763582	0.668901	474.723207	0.023808	849.040376	0.669324	1698.892701	5.552106	718.564791	1.211106	3494.392064	4.417229
W905	1206.745867	0.699921	408.958318	0.034120	797.787549	0.700752	1596.338034	5.253473	675.188200	1.167668	3283.451011	4.341106
W906	1243.227616	0.884028	431.065726	0.027635	812.161890	0.884459	1625.100462	5.449493	687.353576	1.268394	3342.611428	4.915369
W907	2100.472326	1.104651	429.134819	0.027597	1671.337506	1.104996	3344.273337	10.834595	1414.496083	2.305409	6878.717061	8.178368
W908	1576.188789	1.114265	312.727154	0.027632	1263.461635	1.114608	2528.131537	8.322542	1069.300202	1.851320	5200.023975	6.888241
W909	1661.771369	1.168893	258.051890	0.024190	1403.719479	1.169143	2808.781356	9.210295	1188.004037	2.027622	5777.282622	7.466265
W910	1481.338013	0.863543	411.545154	0.024149	1069.792859	0.863880	2140.608777	7.005689	905.393317	1.534200	4402.942174	5.618801
W911	1980.422670	1.190026	504.224320	0.026499	1476.198350	1.190321	2953.808409	9.666234	1249.344776	2.116328	6075.583617	7.748807
W912	1594.643774	0.877573	497.121077	0.024679	1097.522696	0.877920	2196.094970	7.183176	928.861794	1.570611	4517.069753	5.742754
W913	1356.786866	0.791365	646.890468	0.044853	709.896399	0.792635	1420.471682	4.776149	600.803650	1.118522	2921.717756	4.356344
W914	2629.953748	1.271575	604.800707	0.045206	2025.153040	1.272378	4052.242765	13.101712	1713.939304	2.771088	8334.914234	9.760060
W915	2149.739048	1.139055	451.148701	0.026116	1698.590347	1.139355	3398.805082	11.017983	1437.560866	2.348645	6990.881469	8.349309
W916	1734.174875	0.884636	637.509892	0.031030	1096.664983	0.885180	2194.378723	7.181468	928.135889	1.572576	4513.539666	5.758898
W917	2127.108506	1.202865	424.492347	0.025368	1702.616159	1.203133	3406.860555	11.070030	1440.968014	2.375901	7007.450486	8.512820
W918	2648.154574	1.351505	303.372060	0.026085	2344.782514	1.351757	4691.807378	15.124211	1984.449980	3.169924	9650.411973	11.040376
W919	2340.570642	1.309135	350.685116	0.026667	1989.885526	1.309407	3981.674009	12.897086	1684.091496	2.742685	8189.763867	9.722964
W920	1445.056145	0.786387	458.526985	0.028009	986.529160	0.786886	1974.001752	6.455636	834.925098	1.410874	4060.254099	5.156164
W921	1518.410737	0.859403	461.724587	0.034291	1056.686150	0.860087	2114.382824	6.923223	894.300770	1.518150	4348.998942	5.567688
W922	1830.301373	1.024338	439.476145	0.033992	1390.825227	1.024902	2782.980521	9.061524	1177.091299	1.956347	5724.213801	7.056090
W923	1813.407410	0.973943	482.552715	0.041073	1330.854696	0.974809	2662.982107	8.668139	1126.336689	1.869784	5477.393325	6.737351
W924	1749.995954	0.905702	417.014699	0.040078	1332.981255	0.906588	2667.237260	8.651641	1128.136452	1.847475	5486.145598	6.581146
W925	981.630913	0.714528	358.474471	0.024602	623.156442	0.714952	1246.908817	4.205458	527.393386	0.991667	2564.722464	3.883480
W926	2219.358250	1.133450	460.744581	0.026914	1758.613669	1.133769	3518.909127	11.388698	1488.360153	2.415968	7237.919215	8.539802
W927	2079.788138	1.448258	434.862165	0.023062	1644.925973	1.448441	3291.425013	10.833844	1392.143320	2.409112	6770.015220	8.960573
W928	1591.064013	0.885918	480.284422	0.031179	1110.779591	0.886466	2222.621437	7.268935	940.081446	1.588759	4571.631101	5.806794
W929	1958.695247	1.132950	431.903074	0.025213	1526.792173	1.133231	3055.044440	9.951075	1292.163635	2.150661	6283.812413	7.765954
W930	1224.411833	0.728394	419.543548	0.030304	804.868285	0.729025	1610.506278	5.312048	681.180810	1.187620	3312.593169	4.440454
W931	1779.824248	0.879910	399.094969	0.026560	1380.729279	0.880310	2762.778969	8.937636	1168.546837	1.893542	5682.661946	6.682761
W932	1143.747145	0.653550	489.017390	0.026414	654.729755	0.654084	1310.085637	4.356279	554.114695	0.993908	2694.668622	3.786454
W933	1936.632678	1.069950	426.869088	0.025775	1509.763590	1.070260	3020.970990	9.817629	1277.751906	2.108023	6213.727943	7.556746
W934	1780.434861	1.021834	308.677836	0.025207	1471.757026	1.022144	2944.921514	9.561330	1245.585969	2.047320	6057.304478	7.316060
W935	1140.898732	0.703081	462.136660	0.022694	678.762072	0.703447	1358.173255	4.531681	574.453866	1.042494	2793.578334	4.000303
W936	1621.585827	0.820856	471.631704	0.028647	1149.954123	0.821356	2301.007963	7.480574	973.235864	1.607883	4732.861563	5.770629
W937	2062.122454	1.088370	471.108312	0.028345	1591.014142	1.088739	3183.549795	10.329190	1346.516346	2.207447	6548.130513	7.870663
W938	1674.957170	1.039456	482.374217	0.024852	1192.582953	1.039753	2386.306390	7.849084	1009.313743	1.742171	4908.308868	6.468143
W939	1299.764401	0.816219	362.083023	0.025127	937.681378	0.816606	1876.259474	6.170945	793.583959	1.369412	3859.211480	5.083168
W940	2051.497261	1.043106	513.099901	0.024002	1538.397360	1.043382	3078.265912	9.983662	1301.985405	2.131153	6331.575835	7.588527
W941	1726.455197	0.950042	407.855460	0.027021	1318.599737	0.950426	2638.460470	8.581435	1115.965001	1.846850	5426.955640	6.637748
W942	696.983312	0.550317	290.448886	0.023005	406.534426	0.550798	813.457628	2.805484	344.060581	0.692830	1673.172105	2.805801
W943	1683.926945	1.011285	302.675533	0.031006	1381.251411	1.011761	2763.823734	8.996401	1168.988731	1.940603	5684.810885	6.992573
W944	700.841203	0.292958	439.022664	0.023846	261.818539	0.293926	523.887459	1.762564	221.583789	0.413335	1077.565510	1.611589
W945	930.437410	0.497818	536.004364	0.026535	394.433046	0.498525	789.243294	2.694580	333.818870	0.652164	1623.366502	2.604433
W946	2065.131386	0.963297	482.962732	0.023403	1582.168654	0.963581	3165.850359	10.224153	1339.030181	2.155045	6511.725173	7.558576
W947	2416.544861	1.153561	548.059041	0.024342	1868.485821	1.153818	3738.758502	12.080393	1581.347791	2.550144	7690.119586	8.960841
W948	2195.924143	1.125306	445.691740	0.025929	1750.232403	1.125605	3502.138578	11.333322	1481.266870	2.403526	7203.424469	8.492898
W949	1909.843613	1.128751	422.482658	0.030238	1487.360955	1.129156	2976.144295	9.705687	1258.791977	2.104712	6121.525508	7.628110
W950	1802.809561	1.057884	370.746065	0.029680	1432.063496	1.058300	2865.496495	9.331565	1211.992310	2.015484	5893.937976	7.272717
W951	2383.036860	1.169283	515.448621	0.029643	1867.588239	1.169659	3736.962481	12.080903	1580.588145	2.554264	7686.425414	8.992477
W952	2150.209968	1.069500	582.086565	0.029997	1568.123403	1.069920	3137.746426	10.179249	1327.143322	2.174574	6453.919191	7.750040
W953	2127.100337	1.084095	503.662575	0.032111	1623.437762	1.084571	3248.428042	10.528694	1373.957293	2.243214	6681.576277	7.969804
W954	1491.042279	0.868189	392.627529	0.031325	1098.414750	0.868754	2197.879931	7.184206	929.616763	1.567950	4520.741176	5.721926
W955	1337.783312	0.811043	306.894523	0.031027	1030.888789	0.811636	2062.763432	6.740758	872.467798	1.470089	4242.824847	5.360636
W956	1567.360475	0.965655	407.199561	0.025373	1160.160913	0.965988	2321.431306	7.612071	981.874134	1.675688	4774.869611	6.170009
W957	2024.038624	1.134762	444.331761	0.025540	1579.706862	1.135049	3160.924422	10.279134	1336.946703	2.211243	6501.593188	7.943474
W958	2789.274911	1.287952	536.162793	0.023779	2253.112118	1.288172	4508.378921	14.529096	1906.866957	3.042726	9273.124494	10.586547
W959	1792.824455	0.939582	594.302679	0.024678	1198.521775	0.939906	2398.189715	7.835089	1014.339922	1.707675	4932.751257	6.222825
W960	1811.007028	0.975379	458.969284	0.028857	1352.037744	0.975806	2705.368461	8.799617	1144.264450	1.894155	5564.576311	6.809175
W961	2130.270675	1.088809	498.674992	0.024563	1631.595683	1.089086	3264.751685	10.581217	1380.861551	2.254162	6715.151798	8.007699
W962	1737.660978	1.040535	462.499748	0.033429	1275.161230	1.041072	2551.541916	8.356207	1079.201871	1.833319	5248.175952	6.727106
W963	1563.161107	0.824292	342.452799	0.038315	1220.708307	0.825182	2442.583996	7.920828	1033.116957	1.690098	5024.064277	6.015083
W964	1176.310257	0.647477	431.744133	0.026853	744.566123	0.648034	1489.844286	4.899832	630.145534	1.087214	3064.407803	4.035223
W965	1758.212730	0.949923	372.780851	0.035131	1385.431879	0.950572	2772.188668	8.995570	1172.526769	1.923102	5702.016420	6.859555
W966	1947.211326	0.907492	436.366062	0.029698	1510.845264	0.907978	3023.135371	9.758692	1278.667354	2.054023	6218.179782	7.191696
W967	2314.473633	1.024330	588.389129	0.029381	1726.084504	1.024751	3453.819687	11.144284	1460.829880	2.342683	7104.039058	8.189461
W968	1245.179381	0.698852	481.365693	0.025626	763.813688	0.699322	1528.357823	5.045225	646.435245	1.130346	3143.624929	4.234828
W969	2776.011692	1.666754	448.587987	0.037105	2327.423705	1.667167	4657.073159	15.142253	1969.758771	3.255998	9578.968391	11.690924
W970	1444.169323	0.797851	345.324237	0.026142	1098.845086	0.798280	2198.741015	7.154056	929.980967	1.541369	4522.512308	5.546713
W971	1533.487216	0.783577	430.911564	0.033517	1102.575652	0.784294	2206.205714	7.170958	933.138241	1.540461	4537.866184	5.525119
W972	1587.742595	0.900786	373.408756	0.027850	1214.333839	0.901216	2429.828964	7.914540	1027.722080	1.710491	4997.828905	6.176406
W973	1550.469190	0.973164	307.577194	0.023540	1242.891996	0.973448	2486.972589	8.124548	1051.891586	1.770400	5115.365597	6.449993
W974	994.024744	0.625181	378.407293	0.021296	615.617451	0.625544	1231.823627	4.102425	521.012943	0.939528	2533.694272	3.591210
W975	1161.216108	0.664585	489.826572	0.030792	671.389537	0.665298	1343.421133	4.463874	568.214299	1.016646	2763.235219	3.866946
W976	1449.987049	0.907377	264.467550	0.031608	1185.519499	0.907927	2372.172728	7.739742	1003.335760	1.680641	4879.237841	6.099991
W977	1911.388627	0.948559	423.607319	0.025486	1487.781308	0.948901	2976.985404	9.630731	1259.147733	2.040466	6123.255554	7.201648
W978	1093.743644	0.636897	398.929633	0.024521	694.814010	0.637368	1390.292482	4.590138	588.039036	1.028776	2859.643232	3.855687
W979	704.075774	0.316563	560.911559	0.026696	143.164215	0.317687	286.465340	1.108846	121.163572	0.323836	589.220385	1.431283
W980	1320.762803	0.787905	476.598277	0.024660	844.164527	0.788291	1689.136340	5.584593	714.438234	1.256129	3474.324551	4.723632
W981	1722.243000	0.896327	487.037345	0.022696	1235.205655	0.896615	2471.592556	8.041510	1045.386437	1.732375	5083.730954	6.233257
W982	2008.889981	1.098604	500.989402	0.028156	1507.900580	1.098964	3017.243187	9.818795	1276.175192	2.116465	6206.060358	7.620114
W983	1601.719871	0.885480	473.643010	0.024875	1128.076861	0.885829	2257.232519	7.375131	954.720573	1.607764	4642.821406	5.860057
W984	2581.741759	1.426874	481.291610	0.030579	2100.450148	1.427202	4202.908988	13.632286	1777.665191	2.910688	8644.814238	10.367099
W985	1818.919947	1.081894	342.107382	0.051653	1476.812564	1.083126	2955.037427	9.619428	1249.864602	2.075373	6078.111539	7.479704
W986	2424.061865	1.247541	510.098087	0.026281	1913.963778	1.247818	3829.757909	12.400307	1619.836961	2.634079	7877.293034	9.325551
W987	1293.944315	0.651003	470.363165	0.031007	823.581150	0.651741	1647.949902	5.386824	697.017990	1.175776	3389.609630	4.291167
W988	772.618737	0.363073	437.436786	0.036253	335.181951	0.364879	670.684441	2.248933	283.673139	0.523400	1379.507009	2.028161
W989	1475.815444	0.858550	370.784677	0.040702	1105.030767	0.859514	2211.118291	7.220526	935.216068	1.571687	4547.970688	5.719358
W990	1423.242484	0.788676	540.195621	0.027532	883.046863	0.789156	1766.938197	5.822187	747.345359	1.298303	3634.352427	4.842172
W991	1680.236464	0.855935	582.097404	0.023376	1098.139060	0.856254	2197.328286	7.176496	929.383438	1.562709	4519.606517	5.689038
W992	1806.880123	0.966478	432.747800	0.025525	1374.132323	0.966815	2749.578749	8.932478	1162.963663	1.916001	5655.510881	6.860414
W993	1392.177941	0.753635	371.275781	0.026620	1020.902160	0.754105	2042.780625	6.652212	864.015856	1.436686	4201.722920	5.183787
W994	1575.011942	0.818260	487.984166	0.024899	1087.027775	0.818639	2175.095091	7.090275	919.979671	1.535688	4473.875848	5.558452
W995	1607.908486	0.759770	519.901420	0.025904	1088.007065	0.760212	2177.054608	7.070250	920.808470	1.515140	4477.906308	5.419321
W996	2223.839625	1.036620	396.774741	0.025555	1827.064883	1.036935	3655.877016	11.779042	1546.292183	2.465056	7519.643602	8.568978
W997	1405.770945	0.778883	395.729573	0.029302	1010.041372	0.779434	2021.048661	6.596901	854.824091	1.434164	4157.023217	5.211984
W998	1645.649218	0.866568	362.412187	0.030504	1283.237031	0.867105	2567.701240	8.326415	1086.036630	1.776550	5281.413493	6.322394
W999	1656.631912	0.939711	359.763893	0.025427	1296.868019	0.940055	2594.976252	8.442359	1097.572887	1.818367	5337.514496	6.541212
W1000	2101.003659	1.119134	437.370458	0.034078	1663.633201	1.119653	3328.857358	10.792785	1407.975730	2.301613	6847.008481	8.186150
W1001	2423.182443	1.192454	429.127910	0.028523	1994.054532	1.192796	3990.016009	12.877713	1687.619834	2.709193	8206.922229	9.479885
W1002	2022.515136	1.116145	394.679767	0.038734	1627.835369	1.116817	3257.227461	10.569458	1377.679101	2.259553	6699.675490	8.059572
W1003	1456.138157	0.898855	460.976413	0.032680	995.161744	0.899449	1991.275176	6.566902	842.231078	1.467556	4095.783193	5.484918
W1004	2392.373052	1.239998	425.216919	0.035572	1967.156133	1.240508	3936.193486	12.728281	1664.855024	2.693234	8096.216594	9.490651
W1005	2317.845761	1.072582	598.002714	0.030504	1719.843047	1.073016	3441.330805	11.123590	1455.547574	2.350850	7078.351120	8.272035
W1006	1547.046215	0.896635	324.321776	0.021994	1222.724439	0.896905	2446.618188	7.964448	1034.823262	1.718351	5032.362063	6.193132
W1007	2138.997920	1.340406	290.475049	0.024570	1848.522870	1.340631	3698.813511	12.033837	1564.452631	2.592114	7607.958152	9.325384
W1008	1221.425118	0.698238	352.038390	0.030657	869.386728	0.698911	1739.604863	5.691756	735.784434	1.245533	3578.131464	4.558063
W1009	1496.368854	0.978449	257.241813	0.023635	1239.127042	0.978735	2479.439079	8.103903	1048.705207	1.768291	5099.870187	6.451562
W1010	1597.330087	0.871867	364.679647	0.027449	1232.650440	0.872299	2466.479682	8.014967	1043.223892	1.720550	5073.214465	6.166086
W1011	2480.119530	1.337629	380.601838	0.036165	2099.517692	1.338118	4201.043184	13.590260	1776.876029	2.879137	8640.976532	10.160665
W1012	2277.266999	1.087837	473.638301	0.024303	1803.628698	1.088108	3608.982233	11.651366	1526.457534	2.453392	7423.187388	8.594300
W1013	1725.235623	0.996652	449.026591	0.023351	1276.209032	0.996926	2553.638522	8.341081	1080.088654	1.816828	5252.488388	6.616207
W1014	1436.414718	0.800553	440.865073	0.022438	995.549645	0.800867	1992.051349	6.517989	842.559368	1.426495	4097.379674	5.220898
W1015	1652.001876	0.986325	309.781317	0.025648	1342.220559	0.986659	2685.724703	8.743757	1135.955913	1.887070	5524.171763	6.803539
W1016	1509.275133	0.785799	463.148916	0.024357	1046.126217	0.786176	2093.252859	6.822723	885.363626	1.477271	4305.537468	5.345167
W1017	1352.942490	0.750484	431.994618	0.024410	920.947872	0.750881	1842.776461	6.034526	779.421962	1.323653	3790.341458	4.855829
W1018	1530.009498	0.810702	452.057912	0.036801	1077.951587	0.811537	2156.934034	7.030951	912.298259	1.522764	4436.521015	5.511376
W1019	1960.569342	1.047607	414.655773	0.049565	1545.913568	1.048779	3093.305517	10.032564	1308.346566	2.141670	6362.510264	7.626299
W1020	1929.737879	0.991040	345.708517	0.038466	1584.029362	0.991786	3169.573555	10.246531	1340.604946	2.166354	6519.383284	7.626515
W1021	1959.567003	0.898424	530.742692	0.034936	1428.824311	0.899103	2859.015027	9.244309	1209.250904	1.955568	5880.606476	6.889175
W1022	1671.941096	0.860035	441.778409	0.036111	1230.162687	0.860793	2461.501796	7.994567	1041.118442	1.713554	5062.975628	6.130374
W1023	1766.185166	0.900820	331.072279	0.027889	1435.112887	0.901252	2871.598193	9.284292	1214.573088	1.963580	5906.488342	6.915501
W1024	1052.138118	0.459022	494.630250	0.021566	557.507868	0.459528	1115.548888	3.655569	471.833302	0.803320	2294.532891	2.952606
W1025	2190.541387	1.056880	377.520093	0.037966	1813.021294	1.057561	3627.776407	11.698718	1534.406730	2.454828	7461.844456	8.562338
W1026	2104.010184	1.082815	499.890927	0.025414	1604.119258	1.083113	3209.772558	10.408152	1357.607543	2.220502	6602.067185	7.901453
W1027	1958.778577	1.078324	374.802798	0.026499	1583.975779	1.078649	3169.466337	10.281275	1340.559597	2.195822	6519.162749	7.823510
W1028	1996.011122	1.157074	348.785569	0.026449	1647.225553	1.157376	3296.026372	10.707022	1394.089514	2.296213	6779.479591	8.220068
W1029	1858.242014	0.925658	491.096439	0.045824	1367.145575	0.926791	2735.598572	8.872112	1157.050598	1.893761	5626.755552	6.742752
W1030	978.494262	0.657865	284.299712	0.027945	694.194551	0.658458	1389.052971	4.598275	587.514771	1.037587	2857.093725	3.913439
W1031	1578.604076	0.752069	410.403011	0.027732	1168.201065	0.752580	2337.519298	7.564994	988.678722	1.604678	4807.960430	5.671524
W1032	1655.321159	0.877636	377.198711	0.047393	1278.122448	0.878915	2557.467183	8.299648	1081.708027	1.774845	5260.363424	6.332872
W1033	1298.880137	0.786142	273.152977	0.026877	1025.727160	0.786601	2052.435238	6.697021	868.099378	1.454520	4221.581151	5.280443
W1034	2086.464285	0.969077	598.594166	0.030805	1487.870119	0.969567	2977.163111	9.639520	1259.222896	2.047516	6123.621073	7.248426
W1035	1979.535005	0.821844	485.626429	0.025934	1493.908576	0.822253	2989.245799	9.622300	1264.333398	2.007953	6148.473526	6.954588
W1036	1899.760692	0.988189	412.828200	0.040371	1486.932492	0.989013	2975.286960	9.641603	1258.429358	2.053087	6119.762085	7.289630
W1037	1471.846422	0.997841	327.366724	0.029220	1144.479698	0.998269	2290.053879	7.532729	968.602717	1.672094	4710.330496	6.208486
W1038	1925.086560	0.941895	569.405251	0.037800	1355.681309	0.942653	2712.659076	8.807720	1147.348093	1.886253	5579.572118	6.741712
W1039	1551.278501	0.790403	404.531986	0.031684	1146.746515	0.791038	2294.589681	7.447588	970.521183	1.593287	4719.660026	5.687729
W1040	1410.962303	0.827823	292.671377	0.024012	1118.290926	0.828171	2237.651291	7.287766	946.438483	1.574540	4602.545474	5.683543
W1041	1968.202482	1.161683	314.743425	0.027239	1653.459056	1.162003	3308.499340	10.747646	1399.365089	2.304992	6805.134796	8.251763
W1042	1654.170409	0.903491	336.868858	0.023658	1317.301551	0.903800	2635.862857	8.553191	1114.866313	1.828521	5421.612701	6.522166
W1043	2128.677646	1.176438	281.759852	0.025675	1846.917793	1.176718	3695.601821	11.955010	1563.094213	2.532603	7601.352143	8.937294
W1044	1121.265302	0.702674	403.542069	0.027781	717.723233	0.703223	1436.132836	4.767191	607.427703	1.083077	2953.930627	4.110598
W1045	2171.680598	1.208950	304.574373	0.043355	1867.106224	1.209727	3735.997990	12.093693	1580.180203	2.567039	7684.441587	9.080187
W1046	1877.096879	0.915643	448.047124	0.024439	1429.049755	0.915969	2859.466132	9.252339	1209.441703	1.961428	5881.534337	6.927477
W1047	1784.609523	1.036565	474.382102	0.030727	1310.227420	1.037020	2621.707831	8.569930	1108.879294	1.870599	5392.497731	6.827217
W1048	2423.708097	1.265268	454.549202	0.025456	1969.158895	1.265524	3940.200925	12.750594	1666.550013	2.703876	8104.459353	9.553259
W1049	1736.953274	1.033106	356.363685	0.026006	1380.589588	1.033433	2762.499455	9.002171	1168.428613	1.948020	5682.087023	7.043910
W1050	1674.314361	0.944591	294.410520	0.023620	1379.903840	0.944886	2761.127303	8.958877	1167.848247	1.914758	5679.264692	6.827743
W1051	2556.891419	1.200848	446.999978	0.036345	2109.891441	1.201398	4221.800603	13.603811	1785.655600	2.847833	8683.671729	9.903541
W1052	1640.763505	0.846775	431.203533	0.034854	1209.559973	0.847492	2420.276665	7.861156	1023.681834	1.685257	4978.181120	6.030358
W1053	2743.823070	1.296415	409.272669	0.036368	2334.550401	1.296925	4671.333368	15.041010	1975.790279	3.141383	9608.299709	10.892103
W1054	2059.285945	1.141876	281.231189	0.029502	1778.054755	1.142257	3557.809891	11.512988	1504.813646	2.441318	7317.932815	8.625121
W1055	1636.191279	0.915550	309.067384	0.029855	1327.123895	0.916037	2655.516939	8.619299	1123.179217	1.844107	5462.038486	6.583728
W1056	1647.695438	0.865036	380.774480	0.028009	1266.920957	0.865490	2535.053490	8.224491	1072.227916	1.757266	5214.261495	6.263948
W1057	1649.229061	0.836838	363.957514	0.028615	1285.271546	0.837327	2571.772217	8.326850	1087.758493	1.768638	5289.786940	6.260940
W1058	2127.309532	1.101289	377.930521	0.030627	1749.379011	1.101714	3500.430979	11.318607	1480.544623	2.394594	7199.912167	8.436740
W1059	1406.867313	0.729088	476.404348	0.028183	930.462965	0.729632	1861.815745	6.082682	787.474830	1.325718	3829.502687	4.830897
W1060	1348.388126	0.829893	416.272859	0.035801	932.115267	0.830665	1865.121929	6.144439	788.873216	1.369428	3836.303059	5.104777
W1061	799.132547	0.585330	312.642534	0.029442	486.490013	0.586070	973.445263	3.302566	411.729058	0.788820	2002.244991	3.119741
W1062	1869.665489	0.927074	565.723715	0.036273	1303.941774	0.927783	2609.130526	8.480719	1103.559589	1.821891	5366.627920	6.534792
W1063	1788.951065	0.989432	543.697364	0.023656	1245.253702	0.989715	2491.698258	8.146950	1053.890358	1.779475	5125.085657	6.499271
W1064	1285.918278	0.796703	376.503100	0.029389	909.415178	0.797245	1819.700043	5.987716	769.661545	1.330381	3742.876394	4.944265
W1065	1756.284869	0.930765	473.563748	0.027439	1282.721120	0.931169	2566.668926	8.350876	1085.600002	1.799039	5279.290162	6.473193
W1066	1962.336691	0.993190	452.132961	0.027146	1510.203731	0.993561	3021.851692	9.788033	1278.124408	2.081465	6215.539428	7.378690
W1067	1446.266975	0.810498	328.954673	0.025543	1117.312302	0.810901	2235.693107	7.273932	945.610249	1.566979	4598.517755	5.637994
W1068	1443.848757	0.861676	312.506550	0.024390	1131.342207	0.862021	2263.766334	7.383974	957.484119	1.602132	4656.260578	5.810113
W1069	1905.289699	1.022025	268.674357	0.033570	1636.615342	1.022576	3274.795804	10.585865	1385.109819	2.237572	6735.811189	7.874997
W1070	1411.802071	0.788071	359.441239	0.026127	1052.360831	0.788504	2105.728050	6.862298	890.640142	1.485178	4331.197245	5.371155
W1071	1114.085892	0.710041	292.358991	0.030721	821.726901	0.710705	1644.239631	5.405243	695.448692	1.197973	3381.978104	4.441220
W1072	2165.290713	1.131761	368.130371	0.031095	1797.160341	1.132188	3596.039334	11.627905	1520.983197	2.460124	7396.565598	8.668020
W1073	2128.970112	1.056858	498.594886	0.025275	1630.375226	1.057160	3262.309605	10.560656	1379.828647	2.241839	6710.128770	7.930745
W1074	1745.842749	0.831041	394.997774	0.028224	1350.844975	0.831520	2702.981784	8.732659	1143.254979	1.842801	5559.667238	6.472583
W1075	1004.007195	0.594864	337.644298	0.025614	666.362897	0.595415	1333.363047	4.393473	563.960124	0.979681	2742.547098	3.653723
W1076	1714.390430	0.869067	429.825788	0.027780	1284.564642	0.869511	2570.357733	8.335659	1087.160222	1.778916	5286.877539	6.332443
W1077	1827.609319	1.059152	360.600920	0.023584	1467.008399	1.059414	2935.419721	9.548173	1241.567084	2.055457	6037.760577	7.389724
W1078	1682.247541	0.991196	395.953805	0.025378	1286.293736	0.991521	2573.817574	8.400676	1088.623599	1.825992	5293.993962	6.634725
W1079	2368.448294	1.235748	356.514678	0.023234	2011.933615	1.235966	4025.791273	13.005378	1702.751363	2.743844	8280.507099	9.634779
W1080	2239.806059	1.086966	524.530703	0.028551	1715.275356	1.087341	3432.191056	11.100731	1451.681819	2.350259	7059.551893	8.288018
W1081	2183.932037	1.090233	705.527172	0.029796	1478.404865	1.090640	2958.223551	9.632668	1251.212208	2.079988	6084.664966	7.503363
W1082	1987.159238	1.090246	545.356520	0.035377	1441.802718	1.090820	2884.984254	9.406656	1220.234865	2.038806	5934.021656	7.385067
W1083	1416.793152	0.904447	240.390168	0.025733	1176.402985	0.904813	2353.930981	7.682045	995.620219	1.669216	4841.717038	6.062847
W1084	2188.927992	1.150423	464.251665	0.034066	1724.676327	1.150927	3451.001988	11.184743	1459.638104	2.382660	7098.243431	8.463862
W1085	1667.415502	0.915922	300.130349	0.025634	1367.285153	0.916281	2735.877861	8.868606	1157.168726	1.890254	5627.330012	6.718846
W1086	2119.730680	1.174873	363.293376	0.032436	1756.437304	1.175321	3514.554315	11.392037	1486.518239	2.427646	7228.961957	8.627103
W1087	1989.354176	1.075304	301.694449	0.087567	1687.659727	1.078864	3376.933387	10.925567	1428.309999	2.315423	6945.894358	8.174708
W1088	2783.952065	1.536854	330.614936	0.027759	2453.337129	1.537104	4909.020421	15.870178	2076.322553	3.355576	10097.189767	11.814180
W1089	1745.706414	0.878977	534.072487	0.036961	1211.633927	0.879754	2424.426557	7.888163	1025.437075	1.699408	4986.716886	6.114915
W1090	2165.226187	1.086430	492.101399	0.037383	1673.124788	1.087073	3347.849610	10.838444	1416.008705	2.301363	6886.072968	8.143652
W1091	1409.092170	0.778893	470.343813	0.028741	938.748357	0.779423	1878.394454	6.158213	794.486972	1.354977	3863.602844	4.986629
W1092	1431.256083	0.926766	303.510796	0.028528	1127.745287	0.927205	2256.569053	7.393428	954.439953	1.624022	4641.456747	5.966454
W1093	1156.419752	0.690506	404.527930	0.033619	751.891822	0.691324	1504.502689	4.968099	636.345462	1.113998	3094.558151	4.176900
W1094	1646.400653	0.917524	400.993925	0.030477	1245.406728	0.918030	2492.004457	8.114222	1054.019868	1.751908	5125.715468	6.319044
W1095	1866.936333	0.960994	625.035578	0.038123	1241.900755	0.961749	2484.989158	8.112856	1051.052673	1.764706	5111.285949	6.417022
W1096	1734.907746	0.844663	581.215217	0.033718	1153.692529	0.845336	2308.488351	7.514376	976.399774	1.620989	4748.247707	5.841199
W1097	1418.806584	0.708611	416.024032	0.028370	1002.782552	0.709179	2006.524081	6.520118	848.680764	1.399533	4127.148123	5.015136
W1098	925.193521	0.554392	303.095547	0.026905	622.097974	0.555044	1244.790871	4.101181	526.497577	0.914247	2560.366135	3.408756
W1099	1454.629924	0.768292	417.556235	0.036387	1037.073689	0.769153	2075.139148	6.758997	877.702239	1.460613	4268.280018	5.273557
W1100	1574.044907	0.798737	384.238599	0.025391	1189.806309	0.799140	2380.750447	7.718171	1006.963798	1.645516	4896.881045	5.850866
W1101	1922.397038	1.247414	361.426149	0.027693	1560.970889	1.247722	3123.434557	10.215951	1321.089965	2.233463	6424.481617	8.165363
W1102	1796.499194	0.860833	551.603528	0.026717	1244.895666	0.861247	2490.981844	8.086088	1053.587343	1.730547	5123.612092	6.180444
W1103	1252.474074	0.745263	422.968531	0.035042	829.505544	0.746087	1659.804356	5.471774	702.031958	1.221670	3413.992634	4.561796
W1104	1291.633241	0.717262	467.006798	0.038610	824.626443	0.718301	1650.041488	5.427003	697.902649	1.204368	3393.911739	4.470710
W1105	1617.583851	0.799546	373.256569	0.027852	1244.327281	0.800031	2489.844531	8.057336	1053.106305	1.708714	5121.272793	6.037536
W1106	1602.803668	0.816801	521.915825	0.030504	1080.887843	0.817370	2162.809356	7.051781	914.783288	1.528297	4448.605755	5.535438
W1107	1981.152034	0.864538	584.914387	0.031387	1396.237647	0.865108	2793.810537	9.028263	1181.671969	1.906555	5746.489676	6.702399
W1108	1064.925479	0.574446	557.220742	0.027694	507.704737	0.575114	1015.895000	3.421321	429.683627	0.804146	2089.558348	3.141040
W1109	1131.397590	0.657935	334.609673	0.023025	796.787917	0.658338	1594.337814	5.225322	674.342186	1.148750	3279.336830	4.224027
W1110	1452.800935	0.897473	467.696747	0.025601	985.104188	0.897839	1971.150445	6.504652	833.719108	1.456018	4054.389348	5.450309
W1111	1791.464863	0.917861	330.278563	0.022645	1461.186300	0.918140	2923.769955	9.453171	1236.639691	1.999424	6013.798586	7.042279
W1112	1001.110489	0.529320	503.602678	0.025801	497.507811	0.529948	995.491396	3.330585	421.053705	0.771108	2047.590899	2.975090
W1113	2410.389534	1.201910	615.577679	0.026639	1794.811855	1.202205	3591.340115	11.641428	1518.995612	2.481103	7386.899941	8.818371
W1114	1206.794493	0.778137	339.278054	0.038676	867.516439	0.779097	1735.862497	5.721868	734.201560	1.277136	3570.433923	4.767572
W1115	1310.986441	0.795445	515.002169	0.031707	795.984272	0.796076	1592.729755	5.296651	673.662040	1.208752	3276.029270	4.605930
W1116	2828.780350	2.399148	462.863870	0.027274	2365.916481	2.399303	4734.095522	15.763373	2002.336201	3.608487	9737.392955	13.787554
W1117	2237.836742	1.026663	428.475545	0.033346	1809.361197	1.027205	3620.452713	11.665018	1531.309096	2.441266	7446.780611	8.486597
W1118	2034.378835	0.898271	573.472964	0.029841	1460.905871	0.898766	2923.208828	9.443966	1236.402357	1.992782	6012.644425	6.998848
W1119	2194.246869	1.503875	482.230908	0.027102	1712.015961	1.504120	3425.669148	11.273896	1448.923309	2.505908	7046.137213	9.316741
W1120	2246.889410	1.358663	378.922047	0.037555	1867.967363	1.359182	3737.721091	12.162408	1580.909007	2.621031	7687.985772	9.434324
W1121	1599.127138	0.829193	384.632672	0.036796	1214.494466	0.830009	2430.150371	7.884294	1027.858023	1.684666	4998.489996	6.005521
W1122	1486.769981	0.770390	381.548053	0.027569	1105.221928	0.770883	2211.500796	7.181535	935.377853	1.538626	4548.757450	5.501845
W1123	2137.207247	1.016675	498.714954	0.034088	1638.492294	1.017246	3278.551502	10.595498	1386.698331	2.238015	6743.536152	7.869759
W1124	1014.771440	0.638183	321.186749	0.029463	693.584690	0.638863	1387.832666	4.583478	586.998631	1.028121	2854.583724	3.856216
W1125	1162.636779	0.686065	312.650264	0.030533	849.986515	0.686744	1700.785884	5.566435	719.365533	1.219120	3498.286085	4.465272
W1126	1823.198887	1.062683	478.113979	0.036707	1345.084908	1.063317	2691.456141	8.797300	1138.380086	1.919851	5535.960554	7.005525
W1127	1994.335171	0.938423	490.992519	0.056501	1503.342653	0.940123	3008.122974	9.724153	1272.317701	2.055630	6187.301317	7.235518
W1128	1972.991211	1.105808	329.230509	0.027765	1643.760702	1.106156	3289.093357	10.663812	1391.157121	2.274077	6765.219319	8.088080
W1129	1986.723301	0.934108	609.948490	0.029656	1376.774811	0.934579	2754.866252	8.935128	1165.200068	1.907541	5666.386558	6.793179
W1130	1569.891849	0.870773	475.450373	0.026706	1094.441476	0.871183	2189.929582	7.160924	926.254078	1.564494	4504.388386	5.715583
W1131	1635.838984	0.781802	626.388987	0.030771	1009.449997	0.782408	2019.865346	6.594665	854.323595	1.434662	4154.589299	5.217633
W1132	1191.648457	0.760801	369.449067	0.029840	822.199391	0.761386	1645.185063	5.435683	695.848572	1.220579	3383.922730	4.582689
W1133	1288.526815	0.830869	384.121824	0.026622	904.404991	0.831295	1809.674878	5.975682	765.421294	1.339846	3722.255988	5.023420
W1134	1721.981927	0.913717	519.779003	0.025926	1202.202924	0.914085	2405.555532	7.845563	1017.455373	1.701738	4947.901743	6.169182
W1135	1158.702761	0.810704	339.990114	0.028798	818.712647	0.811215	1638.208241	5.443342	692.897651	1.239696	3369.572353	4.715271
W1136	1517.310262	0.928333	452.570592	0.048629	1064.739670	0.929606	2130.497566	7.008369	901.116672	1.555974	4382.144782	5.778343
W1137	1573.241965	0.883212	414.315117	0.046092	1158.926848	0.884414	2318.961994	7.564655	980.829713	1.641726	4769.790572	5.955234
W1138	1812.881995	1.371864	291.664382	0.028901	1521.217613	1.372168	3043.889990	10.036753	1287.445741	2.242123	6260.869221	8.376707
W1139	1153.723753	0.913699	319.224602	0.030600	834.499151	0.914212	1669.796347	5.602908	706.258177	1.305995	3434.544805	5.067121
W1140	1541.333125	0.975172	433.115616	0.028042	1108.217508	0.975575	2217.494821	7.298821	937.913089	1.622949	4561.086347	6.036174
W1141	1742.040351	0.873024	470.923243	0.025348	1271.117108	0.873392	2543.449804	8.253858	1075.779227	1.764867	5231.531575	6.296503
W1142	1561.636450	0.996883	277.203052	0.027799	1284.433398	0.997271	2570.095120	8.391933	1087.049147	1.826153	5286.337379	6.643355
W1143	1809.409621	1.059754	330.717110	0.025505	1478.692511	1.060061	2958.799118	9.620771	1251.455649	2.068960	6085.848828	7.429705
W1144	1734.614161	1.038148	490.184055	0.025555	1244.430106	1.038463	2490.050280	8.166154	1053.193328	1.798357	5121.695990	6.624300
W1145	1714.052942	1.000092	338.011900	0.026134	1376.041042	1.000433	2753.398013	8.959094	1164.579061	1.930486	5663.366590	6.947832
W1146	1744.170648	1.008893	335.239561	0.023075	1408.931087	1.009157	2819.209556	9.166491	1192.414755	1.971024	5798.732016	7.077031
W1147	1388.161086	0.653026	680.248046	0.040000	707.913039	0.654250	1416.503066	4.679389	599.125082	1.050336	2913.554851	3.942029
W1148	1670.450977	0.912883	419.878947	0.033446	1250.572030	0.913496	2502.340001	8.144113	1058.391397	1.756055	5146.974282	6.324783
W1149	1688.431710	0.896359	405.273136	0.025168	1283.158574	0.896712	2567.544252	8.338475	1085.970230	1.786956	5281.090589	6.391706
W1150	836.007078	0.440396	514.282154	0.028888	321.724923	0.441343	643.757517	2.224523	272.284109	0.551409	1324.121974	2.238629
W1151	1670.252492	0.949940	420.236206	0.031472	1250.016286	0.950461	2501.227981	8.157603	1057.921056	1.769427	5144.687007	6.414595
W1152	2279.422566	1.106332	303.192686	0.025975	1976.229881	1.106637	3954.349660	12.735467	1672.534371	2.661828	8133.561382	9.238063
W1153	1943.420673	1.019261	449.905530	0.030374	1493.515143	1.019713	2988.458556	9.695234	1264.000425	2.071358	6146.854274	7.382941
W1154	2552.070120	1.246429	447.782284	0.034984	2104.287836	1.246920	4210.588033	13.585244	1780.913125	2.855249	8660.608993	9.978850
W1155	1722.207771	1.029945	275.440798	0.025944	1446.766972	1.030272	2894.917510	9.410020	1224.436242	2.021765	5954.453017	7.252651
W1156	1997.380582	1.100968	274.146753	0.028151	1723.233830	1.101328	3448.115613	11.155757	1458.417281	2.364137	7092.306550	8.346402
