# Online RefPMT LMS + Module Gain Results (Run: 1308)
# Trigger Condition: 1200 LMS events per fit
# Fit Event Absolute Time Range:
#   Start Time (UTC): 2016-06-11 20:04:58.969213 UTC
#   End Time (UTC):   2016-06-11 20:05:08.445831 UTC
#   Start Time (EDT): 2016-06-11 16:04:58.969213 EDT
#   End Time (EDT):   2016-06-11 16:05:08.445831 EDT
#   Average Time (UTC): 2016-06-11 20:05:03.707521 (UTC)
#   Average Time (seconds since epoch, UTC): 1465675503.707522
#   Average Time (EDT): 2016-06-11 16:05:03.707521 (EDT)
#   Average Time (seconds since epoch, EDT): 1465661103.707522
# Formula: Module Gain = (Module LMS Mean - Module Pedestal Mean) × RefPMT Alpha Signal / RefPMT LMS Signal
# Reference PMT Params:
# RefPMT1: AlphaSignal=0.000000, AlphaError=0.000000, LMSSignal=0.000000, LMSError=0.000000, Valid=No
# RefPMT2: AlphaSignal=0.000000, AlphaError=0.000000, LMSSignal=0.000000, LMSError=0.000000, Valid=No
# RefPMT3: AlphaSignal=0.000000, AlphaError=0.000000, LMSSignal=0.000000, LMSError=0.000000, Valid=No
# Note: -1.0 = Fit failed / Invalid data

# G module
# module name	LMS_Mean	LMS_Err	Pedestal_Mean	Pedestal_Err	module signal(LMS-Pedestal)	signal error	gain1(RefPMT1)	gain1 error	gain2(RefPMT2)	gain2 error	gain3(RefPMT3)	gain3 error
G1	5725.265017	4.939395	-1.000000	-1.000000	-1.000000	-1.000000	0.000000	0.000000	0.000000	0.000000	0.000000	0.000000
G2	5493.102574	5.274443	-1.000000	-1.000000	-1.000000	-1.000000	0.000000	0.000000	0.000000	0.000000	0.000000	0.000000
G3	-1.000000	-1.000000	-1.000000	-1.000000	-1.000000	-1.000000	0.000000	0.000000	0.000000	0.000000	0.000000	0.000000
G4	6168.830407	5.104549	-1.000000	-1.000000	-1.000000	-1.000000	0.000000	0.000000	0.000000	0.000000	0.000000	0.000000
G5	6407.726921	7.951991	-1.000000	-1.000000	-1.000000	-1.000000	0.000000	0.000000	0.000000	0.000000	0.000000	0.000000
G6	5663.467073	5.855662	-1.000000	-1.000000	-1.000000	-1.000000	0.000000	0.000000	0.000000	0.000000	0.000000	0.000000
G7	4417.736227	5.092693	-1.000000	-1.000000	-1.000000	-1.000000	0.000000	0.000000	0.000000	0.000000	0.000000	0.000000
G8	-1.000000	-1.000000	-1.000000	-1.000000	-1.000000	-1.000000	0.000000	0.000000	0.000000	0.000000	0.000000	0.000000
G9	5909.762004	4.470250	-1.000000	-1.000000	-1.000000	-1.000000	0.000000	0.000000	0.000000	0.000000	0.000000	0.000000
G10	6542.006275	4.462666	-1.000000	-1.000000	-1.000000	-1.000000	0.000000	0.000000	0.000000	0.000000	0.000000	0.000000
G11	7043.807921	5.920539	-1.000000	-1.000000	-1.000000	-1.000000	0.000000	0.000000	0.000000	0.000000	0.000000	0.000000
G12	4972.525720	4.890726	-1.000000	-1.000000	-1.000000	-1.000000	0.000000	0.000000	0.000000	0.000000	0.000000	0.000000
G13	3767.828678	4.167213	-1.000000	-1.000000	-1.000000	-1.000000	0.000000	0.000000	0.000000	0.000000	0.000000	0.000000
G14	3502.620813	3.367803	-1.000000	-1.000000	-1.000000	-1.000000	0.000000	0.000000	0.000000	0.000000	0.000000	0.000000
G15	6962.099322	4.776307	-1.000000	-1.000000	-1.000000	-1.000000	0.000000	0.000000	0.000000	0.000000	0.000000	0.000000
G16	-1.000000	-1.000000	-1.000000	-1.000000	-1.000000	-1.000000	0.000000	0.000000	0.000000	0.000000	0.000000	0.000000
G17	7482.395319	8.491025	-1.000000	-1.000000	-1.000000	-1.000000	0.000000	0.000000	0.000000	0.000000	0.000000	0.000000
G18	6221.064088	9.781551	-1.000000	-1.000000	-1.000000	-1.000000	0.000000	0.000000	0.000000	0.000000	0.000000	0.000000
G19	5810.941500	5.640176	-1.000000	-1.000000	-1.000000	-1.000000	0.000000	0.000000	0.000000	0.000000	0.000000	0.000000
G20	4988.760212	4.954424	-1.000000	-1.000000	-1.000000	-1.000000	0.000000	0.000000	0.000000	0.000000	0.000000	0.000000
G21	5961.089485	4.725270	-1.000000	-1.000000	-1.000000	-1.000000	0.000000	0.000000	0.000000	0.000000	0.000000	0.000000
G22	-1.000000	-1.000000	-1.000000	-1.000000	-1.000000	-1.000000	0.000000	0.000000	0.000000	0.000000	0.000000	0.000000
G23	1193.190372	1.692177	-1.000000	-1.000000	-1.000000	-1.000000	0.000000	0.000000	0.000000	0.000000	0.000000	0.000000
G24	6193.965561	5.819629	-1.000000	-1.000000	-1.000000	-1.000000	0.000000	0.000000	0.000000	0.000000	0.000000	0.000000
G25	6207.113768	5.687965	-1.000000	-1.000000	-1.000000	-1.000000	0.000000	0.000000	0.000000	0.000000	0.000000	0.000000
G26	7651.165492	6.676998	-1.000000	-1.000000	-1.000000	-1.000000	0.000000	0.000000	0.000000	0.000000	0.000000	0.000000
G27	3960.753898	5.117355	-1.000000	-1.000000	-1.000000	-1.000000	0.000000	0.000000	0.000000	0.000000	0.000000	0.000000
G28	3297.575887	4.832992	-1.000000	-1.000000	-1.000000	-1.000000	0.000000	0.000000	0.000000	0.000000	0.000000	0.000000
G29	7448.690419	10.289054	-1.000000	-1.000000	-1.000000	-1.000000	0.000000	0.000000	0.000000	0.000000	0.000000	0.000000
G30	6672.632644	5.314521	-1.000000	-1.000000	-1.000000	-1.000000	0.000000	0.000000	0.000000	0.000000	0.000000	0.000000
G31	3896.205828	5.062447	-1.000000	-1.000000	-1.000000	-1.000000	0.000000	0.000000	0.000000	0.000000	0.000000	0.000000
G32	5980.736982	4.607045	-1.000000	-1.000000	-1.000000	-1.000000	0.000000	0.000000	0.000000	0.000000	0.000000	0.000000
G33	4012.341599	2.976735	-1.000000	-1.000000	-1.000000	-1.000000	0.000000	0.000000	0.000000	0.000000	0.000000	0.000000
G34	1535.661852	1.963223	-1.000000	-1.000000	-1.000000	-1.000000	0.000000	0.000000	0.000000	0.000000	0.000000	0.000000
G35	5899.408557	4.088098	-1.000000	-1.000000	-1.000000	-1.000000	0.000000	0.000000	0.000000	0.000000	0.000000	0.000000
G36	4038.680766	3.801921	-1.000000	-1.000000	-1.000000	-1.000000	0.000000	0.000000	0.000000	0.000000	0.000000	0.000000
G37	4721.117695	4.198479	-1.000000	-1.000000	-1.000000	-1.000000	0.000000	0.000000	0.000000	0.000000	0.000000	0.000000
G38	4766.431243	5.066738	-1.000000	-1.000000	-1.000000	-1.000000	0.000000	0.000000	0.000000	0.000000	0.000000	0.000000
G39	5505.905648	5.389660	-1.000000	-1.000000	-1.000000	-1.000000	0.000000	0.000000	0.000000	0.000000	0.000000	0.000000
G40	7532.122236	10.820535	-1.000000	-1.000000	-1.000000	-1.000000	0.000000	0.000000	0.000000	0.000000	0.000000	0.000000
G41	7019.349543	7.040543	-1.000000	-1.000000	-1.000000	-1.000000	0.000000	0.000000	0.000000	0.000000	0.000000	0.000000
G42	5130.250023	5.463112	-1.000000	-1.000000	-1.000000	-1.000000	0.000000	0.000000	0.000000	0.000000	0.000000	0.000000
G43	5298.037145	4.907993	-1.000000	-1.000000	-1.000000	-1.000000	0.000000	0.000000	0.000000	0.000000	0.000000	0.000000
G44	2014.868027	3.204586	-1.000000	-1.000000	-1.000000	-1.000000	0.000000	0.000000	0.000000	0.000000	0.000000	0.000000
G45	3877.406129	4.152492	-1.000000	-1.000000	-1.000000	-1.000000	0.000000	0.000000	0.000000	0.000000	0.000000	0.000000
G46	5174.156768	4.579153	-1.000000	-1.000000	-1.000000	-1.000000	0.000000	0.000000	0.000000	0.000000	0.000000	0.000000
G47	5045.152786	5.513422	-1.000000	-1.000000	-1.000000	-1.000000	0.000000	0.000000	0.000000	0.000000	0.000000	0.000000
G48	-1.000000	-1.000000	-1.000000	-1.000000	-1.000000	-1.000000	0.000000	0.000000	0.000000	0.000000	0.000000	0.000000
G49	4087.599444	4.102326	-1.000000	-1.000000	-1.000000	-1.000000	0.000000	0.000000	0.000000	0.000000	0.000000	0.000000
G50	6753.082953	5.001029	-1.000000	-1.000000	-1.000000	-1.000000	0.000000	0.000000	0.000000	0.000000	0.000000	0.000000
G51	4912.819286	4.780070	-1.000000	-1.000000	-1.000000	-1.000000	0.000000	0.000000	0.000000	0.000000	0.000000	0.000000
G52	3937.737644	4.685737	-1.000000	-1.000000	-1.000000	-1.000000	0.000000	0.000000	0.000000	0.000000	0.000000	0.000000
G53	5737.790905	6.887121	-1.000000	-1.000000	-1.000000	-1.000000	0.000000	0.000000	0.000000	0.000000	0.000000	0.000000
G54	2825.511857	2.654748	-1.000000	-1.000000	-1.000000	-1.000000	0.000000	0.000000	0.000000	0.000000	0.000000	0.000000
G55	3170.602123	3.931452	-1.000000	-1.000000	-1.000000	-1.000000	0.000000	0.000000	0.000000	0.000000	0.000000	0.000000
G56	4902.979794	5.501958	-1.000000	-1.000000	-1.000000	-1.000000	0.000000	0.000000	0.000000	0.000000	0.000000	0.000000
G57	1418.378758	1.874007	-1.000000	-1.000000	-1.000000	-1.000000	0.000000	0.000000	0.000000	0.000000	0.000000	0.000000
G58	3173.371763	4.319119	-1.000000	-1.000000	-1.000000	-1.000000	0.000000	0.000000	0.000000	0.000000	0.000000	0.000000
G59	6346.481478	6.277738	-1.000000	-1.000000	-1.000000	-1.000000	0.000000	0.000000	0.000000	0.000000	0.000000	0.000000
G60	5720.593798	7.248006	-1.000000	-1.000000	-1.000000	-1.000000	0.000000	0.000000	0.000000	0.000000	0.000000	0.000000
G61	4807.483202	4.900123	-1.000000	-1.000000	-1.000000	-1.000000	0.000000	0.000000	0.000000	0.000000	0.000000	0.000000
G62	8021.869640	24.389880	-1.000000	-1.000000	-1.000000	-1.000000	0.000000	0.000000	0.000000	0.000000	0.000000	0.000000
G63	5442.294503	4.759041	-1.000000	-1.000000	-1.000000	-1.000000	0.000000	0.000000	0.000000	0.000000	0.000000	0.000000
G64	7054.391137	6.382352	-1.000000	-1.000000	-1.000000	-1.000000	0.000000	0.000000	0.000000	0.000000	0.000000	0.000000
G65	7740.705663	7.943183	-1.000000	-1.000000	-1.000000	-1.000000	0.000000	0.000000	0.000000	0.000000	0.000000	0.000000
G66	7695.978024	6.511097	-1.000000	-1.000000	-1.000000	-1.000000	0.000000	0.000000	0.000000	0.000000	0.000000	0.000000
G67	4896.261100	4.437737	-1.000000	-1.000000	-1.000000	-1.000000	0.000000	0.000000	0.000000	0.000000	0.000000	0.000000
G68	4586.862214	3.453299	-1.000000	-1.000000	-1.000000	-1.000000	0.000000	0.000000	0.000000	0.000000	0.000000	0.000000
G69	-1.000000	-1.000000	-1.000000	-1.000000	-1.000000	-1.000000	0.000000	0.000000	0.000000	0.000000	0.000000	0.000000
G70	7083.308616	5.281619	-1.000000	-1.000000	-1.000000	-1.000000	0.000000	0.000000	0.000000	0.000000	0.000000	0.000000
G71	4823.955032	4.180587	-1.000000	-1.000000	-1.000000	-1.000000	0.000000	0.000000	0.000000	0.000000	0.000000	0.000000
G72	4874.680719	4.525124	-1.000000	-1.000000	-1.000000	-1.000000	0.000000	0.000000	0.000000	0.000000	0.000000	0.000000
G73	6467.039372	6.894290	-1.000000	-1.000000	-1.000000	-1.000000	0.000000	0.000000	0.000000	0.000000	0.000000	0.000000
G74	7012.482389	10.661022	-1.000000	-1.000000	-1.000000	-1.000000	0.000000	0.000000	0.000000	0.000000	0.000000	0.000000
G75	4754.913873	4.227636	-1.000000	-1.000000	-1.000000	-1.000000	0.000000	0.000000	0.000000	0.000000	0.000000	0.000000
G76	7661.534235	10.369055	-1.000000	-1.000000	-1.000000	-1.000000	0.000000	0.000000	0.000000	0.000000	0.000000	0.000000
G77	-1.000000	-1.000000	-1.000000	-1.000000	-1.000000	-1.000000	0.000000	0.000000	0.000000	0.000000	0.000000	0.000000
G78	5013.095269	5.816157	-1.000000	-1.000000	-1.000000	-1.000000	0.000000	0.000000	0.000000	0.000000	0.000000	0.000000
G79	4377.302860	4.943723	-1.000000	-1.000000	-1.000000	-1.000000	0.000000	0.000000	0.000000	0.000000	0.000000	0.000000
G80	4427.886975	4.207341	-1.000000	-1.000000	-1.000000	-1.000000	0.000000	0.000000	0.000000	0.000000	0.000000	0.000000
G81	4065.158200	3.175675	-1.000000	-1.000000	-1.000000	-1.000000	0.000000	0.000000	0.000000	0.000000	0.000000	0.000000
G82	-1.000000	-1.000000	-1.000000	-1.000000	-1.000000	-1.000000	0.000000	0.000000	0.000000	0.000000	0.000000	0.000000
G83	5722.403302	5.930065	-1.000000	-1.000000	-1.000000	-1.000000	0.000000	0.000000	0.000000	0.000000	0.000000	0.000000
G84	7864.891562	6.981603	-1.000000	-1.000000	-1.000000	-1.000000	0.000000	0.000000	0.000000	0.000000	0.000000	0.000000
G85	5208.663506	4.636271	-1.000000	-1.000000	-1.000000	-1.000000	0.000000	0.000000	0.000000	0.000000	0.000000	0.000000
G86	4400.524420	5.915043	-1.000000	-1.000000	-1.000000	-1.000000	0.000000	0.000000	0.000000	0.000000	0.000000	0.000000
G87	3846.241095	4.044112	-1.000000	-1.000000	-1.000000	-1.000000	0.000000	0.000000	0.000000	0.000000	0.000000	0.000000
G88	5271.223046	5.691318	-1.000000	-1.000000	-1.000000	-1.000000	0.000000	0.000000	0.000000	0.000000	0.000000	0.000000
G89	5917.053497	9.927831	-1.000000	-1.000000	-1.000000	-1.000000	0.000000	0.000000	0.000000	0.000000	0.000000	0.000000
G90	4202.502832	3.950270	-1.000000	-1.000000	-1.000000	-1.000000	0.000000	0.000000	0.000000	0.000000	0.000000	0.000000
G91	6320.961952	5.175423	-1.000000	-1.000000	-1.000000	-1.000000	0.000000	0.000000	0.000000	0.000000	0.000000	0.000000
G92	5374.041199	5.603012	-1.000000	-1.000000	-1.000000	-1.000000	0.000000	0.000000	0.000000	0.000000	0.000000	0.000000
G93	4217.740109	4.415127	-1.000000	-1.000000	-1.000000	-1.000000	0.000000	0.000000	0.000000	0.000000	0.000000	0.000000
G94	3949.486805	4.034837	-1.000000	-1.000000	-1.000000	-1.000000	0.000000	0.000000	0.000000	0.000000	0.000000	0.000000
G95	6049.599656	5.750061	-1.000000	-1.000000	-1.000000	-1.000000	0.000000	0.000000	0.000000	0.000000	0.000000	0.000000
G96	4978.382960	3.740532	-1.000000	-1.000000	-1.000000	-1.000000	0.000000	0.000000	0.000000	0.000000	0.000000	0.000000
G97	6708.379857	6.573314	-1.000000	-1.000000	-1.000000	-1.000000	0.000000	0.000000	0.000000	0.000000	0.000000	0.000000
G98	6904.717502	7.242346	-1.000000	-1.000000	-1.000000	-1.000000	0.000000	0.000000	0.000000	0.000000	0.000000	0.000000
G99	6733.948794	8.285978	-1.000000	-1.000000	-1.000000	-1.000000	0.000000	0.000000	0.000000	0.000000	0.000000	0.000000
G100	4563.689108	4.804452	-1.000000	-1.000000	-1.000000	-1.000000	0.000000	0.000000	0.000000	0.000000	0.000000	0.000000
G101	7498.164315	5.015157	-1.000000	-1.000000	-1.000000	-1.000000	0.000000	0.000000	0.000000	0.000000	0.000000	0.000000
G102	6213.143772	4.499199	-1.000000	-1.000000	-1.000000	-1.000000	0.000000	0.000000	0.000000	0.000000	0.000000	0.000000
G103	6745.395871	6.617204	-1.000000	-1.000000	-1.000000	-1.000000	0.000000	0.000000	0.000000	0.000000	0.000000	0.000000
G104	4228.310863	5.025759	-1.000000	-1.000000	-1.000000	-1.000000	0.000000	0.000000	0.000000	0.000000	0.000000	0.000000
G105	6626.940691	5.884580	-1.000000	-1.000000	-1.000000	-1.000000	0.000000	0.000000	0.000000	0.000000	0.000000	0.000000
G106	5139.657260	5.198606	-1.000000	-1.000000	-1.000000	-1.000000	0.000000	0.000000	0.000000	0.000000	0.000000	0.000000
G107	-1.000000	-1.000000	-1.000000	-1.000000	-1.000000	-1.000000	0.000000	0.000000	0.000000	0.000000	0.000000	0.000000
G108	4046.474611	3.942437	-1.000000	-1.000000	-1.000000	-1.000000	0.000000	0.000000	0.000000	0.000000	0.000000	0.000000
G109	7165.176787	7.172229	-1.000000	-1.000000	-1.000000	-1.000000	0.000000	0.000000	0.000000	0.000000	0.000000	0.000000
G110	7284.413832	8.981720	-1.000000	-1.000000	-1.000000	-1.000000	0.000000	0.000000	0.000000	0.000000	0.000000	0.000000
G111	4238.866313	4.366291	-1.000000	-1.000000	-1.000000	-1.000000	0.000000	0.000000	0.000000	0.000000	0.000000	0.000000
G112	3690.306122	3.219028	-1.000000	-1.000000	-1.000000	-1.000000	0.000000	0.000000	0.000000	0.000000	0.000000	0.000000
G113	5140.395274	5.246743	-1.000000	-1.000000	-1.000000	-1.000000	0.000000	0.000000	0.000000	0.000000	0.000000	0.000000
G114	6173.614475	5.877326	-1.000000	-1.000000	-1.000000	-1.000000	0.000000	0.000000	0.000000	0.000000	0.000000	0.000000
G115	4270.123312	4.479787	-1.000000	-1.000000	-1.000000	-1.000000	0.000000	0.000000	0.000000	0.000000	0.000000	0.000000
G116	4491.227368	4.607753	-1.000000	-1.000000	-1.000000	-1.000000	0.000000	0.000000	0.000000	0.000000	0.000000	0.000000
G117	4500.180010	3.670523	-1.000000	-1.000000	-1.000000	-1.000000	0.000000	0.000000	0.000000	0.000000	0.000000	0.000000
G118	3329.233587	2.924719	-1.000000	-1.000000	-1.000000	-1.000000	0.000000	0.000000	0.000000	0.000000	0.000000	0.000000
G119	2975.976064	3.003662	-1.000000	-1.000000	-1.000000	-1.000000	0.000000	0.000000	0.000000	0.000000	0.000000	0.000000
G120	4838.699695	3.737626	-1.000000	-1.000000	-1.000000	-1.000000	0.000000	0.000000	0.000000	0.000000	0.000000	0.000000
G121	5255.237589	3.699640	-1.000000	-1.000000	-1.000000	-1.000000	0.000000	0.000000	0.000000	0.000000	0.000000	0.000000
G122	3113.673447	2.588808	-1.000000	-1.000000	-1.000000	-1.000000	0.000000	0.000000	0.000000	0.000000	0.000000	0.000000
G123	4692.816260	3.434103	-1.000000	-1.000000	-1.000000	-1.000000	0.000000	0.000000	0.000000	0.000000	0.000000	0.000000
G124	3636.931207	3.005494	-1.000000	-1.000000	-1.000000	-1.000000	0.000000	0.000000	0.000000	0.000000	0.000000	0.000000
G125	3507.964595	2.943077	-1.000000	-1.000000	-1.000000	-1.000000	0.000000	0.000000	0.000000	0.000000	0.000000	0.000000
G126	6067.890083	5.773760	-1.000000	-1.000000	-1.000000	-1.000000	0.000000	0.000000	0.000000	0.000000	0.000000	0.000000
G127	4428.231208	3.041712	-1.000000	-1.000000	-1.000000	-1.000000	0.000000	0.000000	0.000000	0.000000	0.000000	0.000000
G128	4302.135537	3.566755	-1.000000	-1.000000	-1.000000	-1.000000	0.000000	0.000000	0.000000	0.000000	0.000000	0.000000
G129	3258.533932	2.674360	-1.000000	-1.000000	-1.000000	-1.000000	0.000000	0.000000	0.000000	0.000000	0.000000	0.000000
G130	4698.558504	4.011959	-1.000000	-1.000000	-1.000000	-1.000000	0.000000	0.000000	0.000000	0.000000	0.000000	0.000000
G131	5869.194100	3.908123	-1.000000	-1.000000	-1.000000	-1.000000	0.000000	0.000000	0.000000	0.000000	0.000000	0.000000
G132	5668.663445	5.240297	-1.000000	-1.000000	-1.000000	-1.000000	0.000000	0.000000	0.000000	0.000000	0.000000	0.000000
G133	3610.202842	3.403528	-1.000000	-1.000000	-1.000000	-1.000000	0.000000	0.000000	0.000000	0.000000	0.000000	0.000000
G134	3074.543509	3.460387	-1.000000	-1.000000	-1.000000	-1.000000	0.000000	0.000000	0.000000	0.000000	0.000000	0.000000
G135	4120.085016	3.860696	-1.000000	-1.000000	-1.000000	-1.000000	0.000000	0.000000	0.000000	0.000000	0.000000	0.000000
G136	4959.898303	3.985771	-1.000000	-1.000000	-1.000000	-1.000000	0.000000	0.000000	0.000000	0.000000	0.000000	0.000000
G137	4126.522260	3.872195	-1.000000	-1.000000	-1.000000	-1.000000	0.000000	0.000000	0.000000	0.000000	0.000000	0.000000
G138	6790.991990	5.554798	-1.000000	-1.000000	-1.000000	-1.000000	0.000000	0.000000	0.000000	0.000000	0.000000	0.000000
G139	3680.275834	3.991789	-1.000000	-1.000000	-1.000000	-1.000000	0.000000	0.000000	0.000000	0.000000	0.000000	0.000000
G140	4163.938740	3.401646	-1.000000	-1.000000	-1.000000	-1.000000	0.000000	0.000000	0.000000	0.000000	0.000000	0.000000
G141	5090.913947	5.371658	-1.000000	-1.000000	-1.000000	-1.000000	0.000000	0.000000	0.000000	0.000000	0.000000	0.000000
G142	6156.165032	6.074097	-1.000000	-1.000000	-1.000000	-1.000000	0.000000	0.000000	0.000000	0.000000	0.000000	0.000000
G143	5715.135277	4.963357	-1.000000	-1.000000	-1.000000	-1.000000	0.000000	0.000000	0.000000	0.000000	0.000000	0.000000
G144	3789.796318	3.193166	-1.000000	-1.000000	-1.000000	-1.000000	0.000000	0.000000	0.000000	0.000000	0.000000	0.000000
G145	5162.280182	5.189884	-1.000000	-1.000000	-1.000000	-1.000000	0.000000	0.000000	0.000000	0.000000	0.000000	0.000000
G146	7992.399579	22.886584	-1.000000	-1.000000	-1.000000	-1.000000	0.000000	0.000000	0.000000	0.000000	0.000000	0.000000
G147	4559.486509	5.400190	-1.000000	-1.000000	-1.000000	-1.000000	0.000000	0.000000	0.000000	0.000000	0.000000	0.000000
G148	4555.699439	4.890088	-1.000000	-1.000000	-1.000000	-1.000000	0.000000	0.000000	0.000000	0.000000	0.000000	0.000000
G149	6716.974425	6.480121	-1.000000	-1.000000	-1.000000	-1.000000	0.000000	0.000000	0.000000	0.000000	0.000000	0.000000
G150	5208.986169	4.373424	-1.000000	-1.000000	-1.000000	-1.000000	0.000000	0.000000	0.000000	0.000000	0.000000	0.000000
G151	6539.113049	6.709540	-1.000000	-1.000000	-1.000000	-1.000000	0.000000	0.000000	0.000000	0.000000	0.000000	0.000000
G152	3286.505437	3.026872	-1.000000	-1.000000	-1.000000	-1.000000	0.000000	0.000000	0.000000	0.000000	0.000000	0.000000
G153	3530.168430	3.903613	-1.000000	-1.000000	-1.000000	-1.000000	0.000000	0.000000	0.000000	0.000000	0.000000	0.000000
G154	6513.116188	5.946563	-1.000000	-1.000000	-1.000000	-1.000000	0.000000	0.000000	0.000000	0.000000	0.000000	0.000000
G155	5858.593572	5.567665	-1.000000	-1.000000	-1.000000	-1.000000	0.000000	0.000000	0.000000	0.000000	0.000000	0.000000
G156	3307.392396	2.884348	-1.000000	-1.000000	-1.000000	-1.000000	0.000000	0.000000	0.000000	0.000000	0.000000	0.000000
G157	6717.563051	6.821189	-1.000000	-1.000000	-1.000000	-1.000000	0.000000	0.000000	0.000000	0.000000	0.000000	0.000000
G158	6215.116207	5.774111	-1.000000	-1.000000	-1.000000	-1.000000	0.000000	0.000000	0.000000	0.000000	0.000000	0.000000
G159	4371.584694	3.635260	-1.000000	-1.000000	-1.000000	-1.000000	0.000000	0.000000	0.000000	0.000000	0.000000	0.000000
G160	4764.901257	4.103787	-1.000000	-1.000000	-1.000000	-1.000000	0.000000	0.000000	0.000000	0.000000	0.000000	0.000000
G161	5270.846314	4.738174	-1.000000	-1.000000	-1.000000	-1.000000	0.000000	0.000000	0.000000	0.000000	0.000000	0.000000
G162	3317.299602	3.900944	-1.000000	-1.000000	-1.000000	-1.000000	0.000000	0.000000	0.000000	0.000000	0.000000	0.000000
G163	4505.892921	4.129920	-1.000000	-1.000000	-1.000000	-1.000000	0.000000	0.000000	0.000000	0.000000	0.000000	0.000000
G164	3681.038989	3.241068	-1.000000	-1.000000	-1.000000	-1.000000	0.000000	0.000000	0.000000	0.000000	0.000000	0.000000
G165	4654.681279	4.886308	-1.000000	-1.000000	-1.000000	-1.000000	0.000000	0.000000	0.000000	0.000000	0.000000	0.000000
G166	4680.346075	4.161573	-1.000000	-1.000000	-1.000000	-1.000000	0.000000	0.000000	0.000000	0.000000	0.000000	0.000000
G167	5613.644705	5.018462	-1.000000	-1.000000	-1.000000	-1.000000	0.000000	0.000000	0.000000	0.000000	0.000000	0.000000
G168	5222.649837	4.450997	-1.000000	-1.000000	-1.000000	-1.000000	0.000000	0.000000	0.000000	0.000000	0.000000	0.000000
G169	5494.555379	4.325405	-1.000000	-1.000000	-1.000000	-1.000000	0.000000	0.000000	0.000000	0.000000	0.000000	0.000000
G170	3017.216310	2.966163	-1.000000	-1.000000	-1.000000	-1.000000	0.000000	0.000000	0.000000	0.000000	0.000000	0.000000
G171	5011.475603	4.097138	-1.000000	-1.000000	-1.000000	-1.000000	0.000000	0.000000	0.000000	0.000000	0.000000	0.000000
G172	4966.428988	4.458534	-1.000000	-1.000000	-1.000000	-1.000000	0.000000	0.000000	0.000000	0.000000	0.000000	0.000000
G173	4374.208105	4.103248	-1.000000	-1.000000	-1.000000	-1.000000	0.000000	0.000000	0.000000	0.000000	0.000000	0.000000
G174	4717.430620	4.622577	-1.000000	-1.000000	-1.000000	-1.000000	0.000000	0.000000	0.000000	0.000000	0.000000	0.000000
G175	4911.586182	4.417619	-1.000000	-1.000000	-1.000000	-1.000000	0.000000	0.000000	0.000000	0.000000	0.000000	0.000000
G176	4236.750335	4.375023	-1.000000	-1.000000	-1.000000	-1.000000	0.000000	0.000000	0.000000	0.000000	0.000000	0.000000
G177	3449.426299	5.249395	-1.000000	-1.000000	-1.000000	-1.000000	0.000000	0.000000	0.000000	0.000000	0.000000	0.000000
G178	6111.823008	5.538352	-1.000000	-1.000000	-1.000000	-1.000000	0.000000	0.000000	0.000000	0.000000	0.000000	0.000000
G179	4046.673969	4.448001	-1.000000	-1.000000	-1.000000	-1.000000	0.000000	0.000000	0.000000	0.000000	0.000000	0.000000
G180	4247.354916	3.643192	-1.000000	-1.000000	-1.000000	-1.000000	0.000000	0.000000	0.000000	0.000000	0.000000	0.000000
G181	4450.919202	3.875560	-1.000000	-1.000000	-1.000000	-1.000000	0.000000	0.000000	0.000000	0.000000	0.000000	0.000000
G182	3464.578509	2.773438	-1.000000	-1.000000	-1.000000	-1.000000	0.000000	0.000000	0.000000	0.000000	0.000000	0.000000
G183	3282.981461	3.212443	-1.000000	-1.000000	-1.000000	-1.000000	0.000000	0.000000	0.000000	0.000000	0.000000	0.000000
G184	5437.898468	4.265382	-1.000000	-1.000000	-1.000000	-1.000000	0.000000	0.000000	0.000000	0.000000	0.000000	0.000000
G185	3998.110555	4.026376	-1.000000	-1.000000	-1.000000	-1.000000	0.000000	0.000000	0.000000	0.000000	0.000000	0.000000
G186	2974.581357	3.036986	-1.000000	-1.000000	-1.000000	-1.000000	0.000000	0.000000	0.000000	0.000000	0.000000	0.000000
G205	6282.397553	5.290830	-1.000000	-1.000000	-1.000000	-1.000000	0.000000	0.000000	0.000000	0.000000	0.000000	0.000000
G206	5325.027364	4.319546	-1.000000	-1.000000	-1.000000	-1.000000	0.000000	0.000000	0.000000	0.000000	0.000000	0.000000
G207	6555.167064	7.417755	-1.000000	-1.000000	-1.000000	-1.000000	0.000000	0.000000	0.000000	0.000000	0.000000	0.000000
G208	4502.010631	4.494316	-1.000000	-1.000000	-1.000000	-1.000000	0.000000	0.000000	0.000000	0.000000	0.000000	0.000000
G209	4685.877521	4.852744	-1.000000	-1.000000	-1.000000	-1.000000	0.000000	0.000000	0.000000	0.000000	0.000000	0.000000
G210	4511.046425	4.789908	-1.000000	-1.000000	-1.000000	-1.000000	0.000000	0.000000	0.000000	0.000000	0.000000	0.000000
G211	2579.796691	1.765872	-1.000000	-1.000000	-1.000000	-1.000000	0.000000	0.000000	0.000000	0.000000	0.000000	0.000000
G212	5454.221488	5.966157	-1.000000	-1.000000	-1.000000	-1.000000	0.000000	0.000000	0.000000	0.000000	0.000000	0.000000
G213	5734.313479	4.473625	-1.000000	-1.000000	-1.000000	-1.000000	0.000000	0.000000	0.000000	0.000000	0.000000	0.000000
G214	4412.748820	4.017436	-1.000000	-1.000000	-1.000000	-1.000000	0.000000	0.000000	0.000000	0.000000	0.000000	0.000000
G215	5644.368583	5.798329	-1.000000	-1.000000	-1.000000	-1.000000	0.000000	0.000000	0.000000	0.000000	0.000000	0.000000
G216	2979.018725	3.240473	-1.000000	-1.000000	-1.000000	-1.000000	0.000000	0.000000	0.000000	0.000000	0.000000	0.000000
G235	5073.620550	5.306729	-1.000000	-1.000000	-1.000000	-1.000000	0.000000	0.000000	0.000000	0.000000	0.000000	0.000000
G236	3067.211731	3.679541	-1.000000	-1.000000	-1.000000	-1.000000	0.000000	0.000000	0.000000	0.000000	0.000000	0.000000
G237	2431.723367	3.133945	-1.000000	-1.000000	-1.000000	-1.000000	0.000000	0.000000	0.000000	0.000000	0.000000	0.000000
G238	5322.157289	5.776986	-1.000000	-1.000000	-1.000000	-1.000000	0.000000	0.000000	0.000000	0.000000	0.000000	0.000000
G239	4506.420896	4.194689	-1.000000	-1.000000	-1.000000	-1.000000	0.000000	0.000000	0.000000	0.000000	0.000000	0.000000
G240	4740.867796	6.486026	-1.000000	-1.000000	-1.000000	-1.000000	0.000000	0.000000	0.000000	0.000000	0.000000	0.000000
G241	4117.284372	3.076061	-1.000000	-1.000000	-1.000000	-1.000000	0.000000	0.000000	0.000000	0.000000	0.000000	0.000000
G242	4044.982124	4.043217	-1.000000	-1.000000	-1.000000	-1.000000	0.000000	0.000000	0.000000	0.000000	0.000000	0.000000
G243	5685.152847	4.802782	-1.000000	-1.000000	-1.000000	-1.000000	0.000000	0.000000	0.000000	0.000000	0.000000	0.000000
G244	3557.136818	2.916875	-1.000000	-1.000000	-1.000000	-1.000000	0.000000	0.000000	0.000000	0.000000	0.000000	0.000000
G245	4388.205887	3.424689	-1.000000	-1.000000	-1.000000	-1.000000	0.000000	0.000000	0.000000	0.000000	0.000000	0.000000
G246	5149.125758	6.972472	-1.000000	-1.000000	-1.000000	-1.000000	0.000000	0.000000	0.000000	0.000000	0.000000	0.000000
G265	4487.130151	3.720945	-1.000000	-1.000000	-1.000000	-1.000000	0.000000	0.000000	0.000000	0.000000	0.000000	0.000000
G266	1428.372395	1.942775	-1.000000	-1.000000	-1.000000	-1.000000	0.000000	0.000000	0.000000	0.000000	0.000000	0.000000
G267	3699.231367	4.118466	-1.000000	-1.000000	-1.000000	-1.000000	0.000000	0.000000	0.000000	0.000000	0.000000	0.000000
G268	1707.674822	2.316281	-1.000000	-1.000000	-1.000000	-1.000000	0.000000	0.000000	0.000000	0.000000	0.000000	0.000000
G269	4944.468577	6.984610	-1.000000	-1.000000	-1.000000	-1.000000	0.000000	0.000000	0.000000	0.000000	0.000000	0.000000
G270	6647.713380	6.201152	-1.000000	-1.000000	-1.000000	-1.000000	0.000000	0.000000	0.000000	0.000000	0.000000	0.000000
G271	4281.075032	2.895268	-1.000000	-1.000000	-1.000000	-1.000000	0.000000	0.000000	0.000000	0.000000	0.000000	0.000000
G272	3810.580850	3.364904	-1.000000	-1.000000	-1.000000	-1.000000	0.000000	0.000000	0.000000	0.000000	0.000000	0.000000
G273	3518.819971	2.664798	-1.000000	-1.000000	-1.000000	-1.000000	0.000000	0.000000	0.000000	0.000000	0.000000	0.000000
G274	3392.714343	2.679496	-1.000000	-1.000000	-1.000000	-1.000000	0.000000	0.000000	0.000000	0.000000	0.000000	0.000000
G275	3328.989672	3.543733	-1.000000	-1.000000	-1.000000	-1.000000	0.000000	0.000000	0.000000	0.000000	0.000000	0.000000
G276	4408.376455	3.909225	-1.000000	-1.000000	-1.000000	-1.000000	0.000000	0.000000	0.000000	0.000000	0.000000	0.000000
G295	5599.198780	4.133407	-1.000000	-1.000000	-1.000000	-1.000000	0.000000	0.000000	0.000000	0.000000	0.000000	0.000000
G296	5640.713767	4.857322	-1.000000	-1.000000	-1.000000	-1.000000	0.000000	0.000000	0.000000	0.000000	0.000000	0.000000
G297	7349.222264	7.066108	-1.000000	-1.000000	-1.000000	-1.000000	0.000000	0.000000	0.000000	0.000000	0.000000	0.000000
G298	5012.853063	7.057154	-1.000000	-1.000000	-1.000000	-1.000000	0.000000	0.000000	0.000000	0.000000	0.000000	0.000000
G299	4893.900637	3.889637	-1.000000	-1.000000	-1.000000	-1.000000	0.000000	0.000000	0.000000	0.000000	0.000000	0.000000
G300	4312.025038	4.065124	-1.000000	-1.000000	-1.000000	-1.000000	0.000000	0.000000	0.000000	0.000000	0.000000	0.000000
G301	5389.238956	3.525006	-1.000000	-1.000000	-1.000000	-1.000000	0.000000	0.000000	0.000000	0.000000	0.000000	0.000000
G302	3086.119351	3.865433	-1.000000	-1.000000	-1.000000	-1.000000	0.000000	0.000000	0.000000	0.000000	0.000000	0.000000
G303	3361.535759	3.193881	-1.000000	-1.000000	-1.000000	-1.000000	0.000000	0.000000	0.000000	0.000000	0.000000	0.000000
G304	2091.035390	2.296656	-1.000000	-1.000000	-1.000000	-1.000000	0.000000	0.000000	0.000000	0.000000	0.000000	0.000000
G305	3287.517161	2.969044	-1.000000	-1.000000	-1.000000	-1.000000	0.000000	0.000000	0.000000	0.000000	0.000000	0.000000
G306	2897.778901	2.899308	-1.000000	-1.000000	-1.000000	-1.000000	0.000000	0.000000	0.000000	0.000000	0.000000	0.000000
G325	6262.784439	6.330047	-1.000000	-1.000000	-1.000000	-1.000000	0.000000	0.000000	0.000000	0.000000	0.000000	0.000000
G326	4735.425016	4.694356	-1.000000	-1.000000	-1.000000	-1.000000	0.000000	0.000000	0.000000	0.000000	0.000000	0.000000
G327	4699.252784	3.772154	-1.000000	-1.000000	-1.000000	-1.000000	0.000000	0.000000	0.000000	0.000000	0.000000	0.000000
G328	4730.224380	5.090002	-1.000000	-1.000000	-1.000000	-1.000000	0.000000	0.000000	0.000000	0.000000	0.000000	0.000000
G329	5486.379654	4.741062	-1.000000	-1.000000	-1.000000	-1.000000	0.000000	0.000000	0.000000	0.000000	0.000000	0.000000
G330	7083.150906	6.257723	-1.000000	-1.000000	-1.000000	-1.000000	0.000000	0.000000	0.000000	0.000000	0.000000	0.000000
G331	5341.434895	4.032424	-1.000000	-1.000000	-1.000000	-1.000000	0.000000	0.000000	0.000000	0.000000	0.000000	0.000000
G332	3096.183619	3.307572	-1.000000	-1.000000	-1.000000	-1.000000	0.000000	0.000000	0.000000	0.000000	0.000000	0.000000
G333	3914.209269	2.834048	-1.000000	-1.000000	-1.000000	-1.000000	0.000000	0.000000	0.000000	0.000000	0.000000	0.000000
G334	3023.145137	2.417502	-1.000000	-1.000000	-1.000000	-1.000000	0.000000	0.000000	0.000000	0.000000	0.000000	0.000000
G335	3649.157499	3.110607	-1.000000	-1.000000	-1.000000	-1.000000	0.000000	0.000000	0.000000	0.000000	0.000000	0.000000
G336	2550.053996	3.397217	-1.000000	-1.000000	-1.000000	-1.000000	0.000000	0.000000	0.000000	0.000000	0.000000	0.000000
G355	5491.143129	4.332068	-1.000000	-1.000000	-1.000000	-1.000000	0.000000	0.000000	0.000000	0.000000	0.000000	0.000000
G356	8116.191478	35.679272	-1.000000	-1.000000	-1.000000	-1.000000	0.000000	0.000000	0.000000	0.000000	0.000000	0.000000
G357	6093.607601	6.276900	-1.000000	-1.000000	-1.000000	-1.000000	0.000000	0.000000	0.000000	0.000000	0.000000	0.000000
G358	4742.699170	7.668624	-1.000000	-1.000000	-1.000000	-1.000000	0.000000	0.000000	0.000000	0.000000	0.000000	0.000000
G359	3360.239136	4.733470	-1.000000	-1.000000	-1.000000	-1.000000	0.000000	0.000000	0.000000	0.000000	0.000000	0.000000
G360	4645.811286	4.376381	-1.000000	-1.000000	-1.000000	-1.000000	0.000000	0.000000	0.000000	0.000000	0.000000	0.000000
G361	4007.021906	3.574526	-1.000000	-1.000000	-1.000000	-1.000000	0.000000	0.000000	0.000000	0.000000	0.000000	0.000000
G362	3734.103124	3.248614	-1.000000	-1.000000	-1.000000	-1.000000	0.000000	0.000000	0.000000	0.000000	0.000000	0.000000
G363	2188.513376	2.244710	-1.000000	-1.000000	-1.000000	-1.000000	0.000000	0.000000	0.000000	0.000000	0.000000	0.000000
G364	2974.075625	4.149450	-1.000000	-1.000000	-1.000000	-1.000000	0.000000	0.000000	0.000000	0.000000	0.000000	0.000000
G365	3289.202764	3.261729	-1.000000	-1.000000	-1.000000	-1.000000	0.000000	0.000000	0.000000	0.000000	0.000000	0.000000
G366	3509.058016	2.945272	-1.000000	-1.000000	-1.000000	-1.000000	0.000000	0.000000	0.000000	0.000000	0.000000	0.000000
G385	4269.870708	4.747640	-1.000000	-1.000000	-1.000000	-1.000000	0.000000	0.000000	0.000000	0.000000	0.000000	0.000000
G386	744.039511	1.117358	-1.000000	-1.000000	-1.000000	-1.000000	0.000000	0.000000	0.000000	0.000000	0.000000	0.000000
G387	4111.191040	3.858747	-1.000000	-1.000000	-1.000000	-1.000000	0.000000	0.000000	0.000000	0.000000	0.000000	0.000000
G388	5846.999505	4.437729	-1.000000	-1.000000	-1.000000	-1.000000	0.000000	0.000000	0.000000	0.000000	0.000000	0.000000
G389	4918.230756	5.396659	-1.000000	-1.000000	-1.000000	-1.000000	0.000000	0.000000	0.000000	0.000000	0.000000	0.000000
G390	3371.457834	3.889945	-1.000000	-1.000000	-1.000000	-1.000000	0.000000	0.000000	0.000000	0.000000	0.000000	0.000000
G391	3533.122370	3.261680	-1.000000	-1.000000	-1.000000	-1.000000	0.000000	0.000000	0.000000	0.000000	0.000000	0.000000
G392	3550.508852	3.659799	-1.000000	-1.000000	-1.000000	-1.000000	0.000000	0.000000	0.000000	0.000000	0.000000	0.000000
G393	3924.727787	5.052853	-1.000000	-1.000000	-1.000000	-1.000000	0.000000	0.000000	0.000000	0.000000	0.000000	0.000000
G394	3667.273539	3.359342	-1.000000	-1.000000	-1.000000	-1.000000	0.000000	0.000000	0.000000	0.000000	0.000000	0.000000
G395	3487.235104	2.658884	-1.000000	-1.000000	-1.000000	-1.000000	0.000000	0.000000	0.000000	0.000000	0.000000	0.000000
G396	4636.298450	3.361725	-1.000000	-1.000000	-1.000000	-1.000000	0.000000	0.000000	0.000000	0.000000	0.000000	0.000000
G415	7392.565420	7.406074	-1.000000	-1.000000	-1.000000	-1.000000	0.000000	0.000000	0.000000	0.000000	0.000000	0.000000
G416	5528.454554	5.049128	-1.000000	-1.000000	-1.000000	-1.000000	0.000000	0.000000	0.000000	0.000000	0.000000	0.000000
G417	4352.456657	4.939231	-1.000000	-1.000000	-1.000000	-1.000000	0.000000	0.000000	0.000000	0.000000	0.000000	0.000000
G418	4541.411628	4.190589	-1.000000	-1.000000	-1.000000	-1.000000	0.000000	0.000000	0.000000	0.000000	0.000000	0.000000
G419	5048.888887	5.480736	-1.000000	-1.000000	-1.000000	-1.000000	0.000000	0.000000	0.000000	0.000000	0.000000	0.000000
G420	6442.810654	4.663538	-1.000000	-1.000000	-1.000000	-1.000000	0.000000	0.000000	0.000000	0.000000	0.000000	0.000000
G421	7017.832075	5.533344	-1.000000	-1.000000	-1.000000	-1.000000	0.000000	0.000000	0.000000	0.000000	0.000000	0.000000
G422	5022.521922	3.878018	-1.000000	-1.000000	-1.000000	-1.000000	0.000000	0.000000	0.000000	0.000000	0.000000	0.000000
G423	4254.093319	3.381502	-1.000000	-1.000000	-1.000000	-1.000000	0.000000	0.000000	0.000000	0.000000	0.000000	0.000000
G424	3590.542168	2.982541	-1.000000	-1.000000	-1.000000	-1.000000	0.000000	0.000000	0.000000	0.000000	0.000000	0.000000
G425	4059.831313	3.267208	-1.000000	-1.000000	-1.000000	-1.000000	0.000000	0.000000	0.000000	0.000000	0.000000	0.000000
G426	2566.271546	1.843616	-1.000000	-1.000000	-1.000000	-1.000000	0.000000	0.000000	0.000000	0.000000	0.000000	0.000000
G445	5832.671185	4.468220	-1.000000	-1.000000	-1.000000	-1.000000	0.000000	0.000000	0.000000	0.000000	0.000000	0.000000
G446	5943.706838	6.658388	-1.000000	-1.000000	-1.000000	-1.000000	0.000000	0.000000	0.000000	0.000000	0.000000	0.000000
G447	4977.191125	4.497593	-1.000000	-1.000000	-1.000000	-1.000000	0.000000	0.000000	0.000000	0.000000	0.000000	0.000000
G448	4156.366865	4.412215	-1.000000	-1.000000	-1.000000	-1.000000	0.000000	0.000000	0.000000	0.000000	0.000000	0.000000
G449	5122.342221	4.498669	-1.000000	-1.000000	-1.000000	-1.000000	0.000000	0.000000	0.000000	0.000000	0.000000	0.000000
G450	5183.951682	6.254800	-1.000000	-1.000000	-1.000000	-1.000000	0.000000	0.000000	0.000000	0.000000	0.000000	0.000000
G451	3580.439253	2.987827	-1.000000	-1.000000	-1.000000	-1.000000	0.000000	0.000000	0.000000	0.000000	0.000000	0.000000
G452	5151.544994	4.207370	-1.000000	-1.000000	-1.000000	-1.000000	0.000000	0.000000	0.000000	0.000000	0.000000	0.000000
G453	4083.971177	3.285281	-1.000000	-1.000000	-1.000000	-1.000000	0.000000	0.000000	0.000000	0.000000	0.000000	0.000000
G454	4962.725251	3.772430	-1.000000	-1.000000	-1.000000	-1.000000	0.000000	0.000000	0.000000	0.000000	0.000000	0.000000
G455	5927.124633	3.769943	-1.000000	-1.000000	-1.000000	-1.000000	0.000000	0.000000	0.000000	0.000000	0.000000	0.000000
G456	4331.766211	3.251415	-1.000000	-1.000000	-1.000000	-1.000000	0.000000	0.000000	0.000000	0.000000	0.000000	0.000000
G475	7154.537466	6.771091	-1.000000	-1.000000	-1.000000	-1.000000	0.000000	0.000000	0.000000	0.000000	0.000000	0.000000
G476	6651.404688	9.399305	-1.000000	-1.000000	-1.000000	-1.000000	0.000000	0.000000	0.000000	0.000000	0.000000	0.000000
G477	4259.316282	5.423844	-1.000000	-1.000000	-1.000000	-1.000000	0.000000	0.000000	0.000000	0.000000	0.000000	0.000000
G478	4346.323947	5.883232	-1.000000	-1.000000	-1.000000	-1.000000	0.000000	0.000000	0.000000	0.000000	0.000000	0.000000
G479	2259.411705	3.364630	-1.000000	-1.000000	-1.000000	-1.000000	0.000000	0.000000	0.000000	0.000000	0.000000	0.000000
G480	4677.649501	5.092973	-1.000000	-1.000000	-1.000000	-1.000000	0.000000	0.000000	0.000000	0.000000	0.000000	0.000000
G481	3673.186182	3.800327	-1.000000	-1.000000	-1.000000	-1.000000	0.000000	0.000000	0.000000	0.000000	0.000000	0.000000
G482	4720.793335	3.522404	-1.000000	-1.000000	-1.000000	-1.000000	0.000000	0.000000	0.000000	0.000000	0.000000	0.000000
G483	2467.869841	2.090594	-1.000000	-1.000000	-1.000000	-1.000000	0.000000	0.000000	0.000000	0.000000	0.000000	0.000000
G484	4095.377487	3.353171	-1.000000	-1.000000	-1.000000	-1.000000	0.000000	0.000000	0.000000	0.000000	0.000000	0.000000
G485	3398.057597	2.660963	-1.000000	-1.000000	-1.000000	-1.000000	0.000000	0.000000	0.000000	0.000000	0.000000	0.000000
G486	2339.825084	1.916718	-1.000000	-1.000000	-1.000000	-1.000000	0.000000	0.000000	0.000000	0.000000	0.000000	0.000000
G505	6495.211793	5.671167	-1.000000	-1.000000	-1.000000	-1.000000	0.000000	0.000000	0.000000	0.000000	0.000000	0.000000
G506	7379.674832	5.784089	-1.000000	-1.000000	-1.000000	-1.000000	0.000000	0.000000	0.000000	0.000000	0.000000	0.000000
G507	1802.878458	2.209818	-1.000000	-1.000000	-1.000000	-1.000000	0.000000	0.000000	0.000000	0.000000	0.000000	0.000000
G508	4071.025940	4.152240	-1.000000	-1.000000	-1.000000	-1.000000	0.000000	0.000000	0.000000	0.000000	0.000000	0.000000
G509	4923.672860	4.635976	-1.000000	-1.000000	-1.000000	-1.000000	0.000000	0.000000	0.000000	0.000000	0.000000	0.000000
G510	5158.815185	4.992650	-1.000000	-1.000000	-1.000000	-1.000000	0.000000	0.000000	0.000000	0.000000	0.000000	0.000000
G511	3788.481712	3.186242	-1.000000	-1.000000	-1.000000	-1.000000	0.000000	0.000000	0.000000	0.000000	0.000000	0.000000
G512	4221.893114	3.172706	-1.000000	-1.000000	-1.000000	-1.000000	0.000000	0.000000	0.000000	0.000000	0.000000	0.000000
G513	3048.381232	2.699649	-1.000000	-1.000000	-1.000000	-1.000000	0.000000	0.000000	0.000000	0.000000	0.000000	0.000000
G514	3768.349619	3.419098	-1.000000	-1.000000	-1.000000	-1.000000	0.000000	0.000000	0.000000	0.000000	0.000000	0.000000
G515	4405.718819	4.241730	-1.000000	-1.000000	-1.000000	-1.000000	0.000000	0.000000	0.000000	0.000000	0.000000	0.000000
G516	2889.626946	2.162843	-1.000000	-1.000000	-1.000000	-1.000000	0.000000	0.000000	0.000000	0.000000	0.000000	0.000000
G535	4943.455302	5.193989	-1.000000	-1.000000	-1.000000	-1.000000	0.000000	0.000000	0.000000	0.000000	0.000000	0.000000
G536	5210.126597	4.637851	-1.000000	-1.000000	-1.000000	-1.000000	0.000000	0.000000	0.000000	0.000000	0.000000	0.000000
G537	6519.789945	5.275355	-1.000000	-1.000000	-1.000000	-1.000000	0.000000	0.000000	0.000000	0.000000	0.000000	0.000000
G538	5323.343098	7.342575	-1.000000	-1.000000	-1.000000	-1.000000	0.000000	0.000000	0.000000	0.000000	0.000000	0.000000
G539	5481.422536	4.142370	-1.000000	-1.000000	-1.000000	-1.000000	0.000000	0.000000	0.000000	0.000000	0.000000	0.000000
G540	3439.081230	3.694037	-1.000000	-1.000000	-1.000000	-1.000000	0.000000	0.000000	0.000000	0.000000	0.000000	0.000000
G541	4613.126354	4.033613	-1.000000	-1.000000	-1.000000	-1.000000	0.000000	0.000000	0.000000	0.000000	0.000000	0.000000
G542	4046.255847	3.779259	-1.000000	-1.000000	-1.000000	-1.000000	0.000000	0.000000	0.000000	0.000000	0.000000	0.000000
G543	4651.699348	4.049121	-1.000000	-1.000000	-1.000000	-1.000000	0.000000	0.000000	0.000000	0.000000	0.000000	0.000000
G544	4192.486678	2.991161	-1.000000	-1.000000	-1.000000	-1.000000	0.000000	0.000000	0.000000	0.000000	0.000000	0.000000
G545	4974.168714	3.992193	-1.000000	-1.000000	-1.000000	-1.000000	0.000000	0.000000	0.000000	0.000000	0.000000	0.000000
G546	4511.552529	4.595728	-1.000000	-1.000000	-1.000000	-1.000000	0.000000	0.000000	0.000000	0.000000	0.000000	0.000000
G565	4379.774524	5.270791	-1.000000	-1.000000	-1.000000	-1.000000	0.000000	0.000000	0.000000	0.000000	0.000000	0.000000
G566	7274.051019	8.928133	-1.000000	-1.000000	-1.000000	-1.000000	0.000000	0.000000	0.000000	0.000000	0.000000	0.000000
G567	4697.735069	4.143857	-1.000000	-1.000000	-1.000000	-1.000000	0.000000	0.000000	0.000000	0.000000	0.000000	0.000000
G568	4146.340203	5.514774	-1.000000	-1.000000	-1.000000	-1.000000	0.000000	0.000000	0.000000	0.000000	0.000000	0.000000
G569	4215.130945	5.133455	-1.000000	-1.000000	-1.000000	-1.000000	0.000000	0.000000	0.000000	0.000000	0.000000	0.000000
G570	5346.627120	5.842590	-1.000000	-1.000000	-1.000000	-1.000000	0.000000	0.000000	0.000000	0.000000	0.000000	0.000000
G571	4340.620774	4.320564	-1.000000	-1.000000	-1.000000	-1.000000	0.000000	0.000000	0.000000	0.000000	0.000000	0.000000
G572	4051.502103	3.429745	-1.000000	-1.000000	-1.000000	-1.000000	0.000000	0.000000	0.000000	0.000000	0.000000	0.000000
G573	2915.312184	2.757663	-1.000000	-1.000000	-1.000000	-1.000000	0.000000	0.000000	0.000000	0.000000	0.000000	0.000000
G574	6221.201695	8.035161	-1.000000	-1.000000	-1.000000	-1.000000	0.000000	0.000000	0.000000	0.000000	0.000000	0.000000
G575	4006.250188	3.558755	-1.000000	-1.000000	-1.000000	-1.000000	0.000000	0.000000	0.000000	0.000000	0.000000	0.000000
G576	3192.930783	2.693955	-1.000000	-1.000000	-1.000000	-1.000000	0.000000	0.000000	0.000000	0.000000	0.000000	0.000000
G595	4400.777728	5.426230	-1.000000	-1.000000	-1.000000	-1.000000	0.000000	0.000000	0.000000	0.000000	0.000000	0.000000
G596	5850.244090	5.089882	-1.000000	-1.000000	-1.000000	-1.000000	0.000000	0.000000	0.000000	0.000000	0.000000	0.000000
G597	8049.404479	49.731118	-1.000000	-1.000000	-1.000000	-1.000000	0.000000	0.000000	0.000000	0.000000	0.000000	0.000000
G598	7354.343830	10.000695	-1.000000	-1.000000	-1.000000	-1.000000	0.000000	0.000000	0.000000	0.000000	0.000000	0.000000
G599	7097.129762	8.292668	-1.000000	-1.000000	-1.000000	-1.000000	0.000000	0.000000	0.000000	0.000000	0.000000	0.000000
G600	2970.280810	4.543765	-1.000000	-1.000000	-1.000000	-1.000000	0.000000	0.000000	0.000000	0.000000	0.000000	0.000000
G601	4593.168720	3.675027	-1.000000	-1.000000	-1.000000	-1.000000	0.000000	0.000000	0.000000	0.000000	0.000000	0.000000
G602	4739.263012	3.933162	-1.000000	-1.000000	-1.000000	-1.000000	0.000000	0.000000	0.000000	0.000000	0.000000	0.000000
G603	3510.908431	2.746506	-1.000000	-1.000000	-1.000000	-1.000000	0.000000	0.000000	0.000000	0.000000	0.000000	0.000000
G604	3754.111066	2.941394	-1.000000	-1.000000	-1.000000	-1.000000	0.000000	0.000000	0.000000	0.000000	0.000000	0.000000
G605	5624.507714	4.009659	-1.000000	-1.000000	-1.000000	-1.000000	0.000000	0.000000	0.000000	0.000000	0.000000	0.000000
G606	7694.055891	7.088039	-1.000000	-1.000000	-1.000000	-1.000000	0.000000	0.000000	0.000000	0.000000	0.000000	0.000000
G625	6958.373585	8.683234	-1.000000	-1.000000	-1.000000	-1.000000	0.000000	0.000000	0.000000	0.000000	0.000000	0.000000
G626	7899.112929	21.202351	-1.000000	-1.000000	-1.000000	-1.000000	0.000000	0.000000	0.000000	0.000000	0.000000	0.000000
G627	6099.324453	5.751812	-1.000000	-1.000000	-1.000000	-1.000000	0.000000	0.000000	0.000000	0.000000	0.000000	0.000000
G628	4862.554217	5.977824	-1.000000	-1.000000	-1.000000	-1.000000	0.000000	0.000000	0.000000	0.000000	0.000000	0.000000
G629	6673.300162	6.931375	-1.000000	-1.000000	-1.000000	-1.000000	0.000000	0.000000	0.000000	0.000000	0.000000	0.000000
G630	6212.260104	6.698960	-1.000000	-1.000000	-1.000000	-1.000000	0.000000	0.000000	0.000000	0.000000	0.000000	0.000000
G631	4155.056507	4.400651	-1.000000	-1.000000	-1.000000	-1.000000	0.000000	0.000000	0.000000	0.000000	0.000000	0.000000
G632	6402.894529	5.326907	-1.000000	-1.000000	-1.000000	-1.000000	0.000000	0.000000	0.000000	0.000000	0.000000	0.000000
G633	3475.143384	2.969177	-1.000000	-1.000000	-1.000000	-1.000000	0.000000	0.000000	0.000000	0.000000	0.000000	0.000000
G634	4849.383509	5.154708	-1.000000	-1.000000	-1.000000	-1.000000	0.000000	0.000000	0.000000	0.000000	0.000000	0.000000
G635	4372.418546	3.965113	-1.000000	-1.000000	-1.000000	-1.000000	0.000000	0.000000	0.000000	0.000000	0.000000	0.000000
G636	3852.503627	3.304113	-1.000000	-1.000000	-1.000000	-1.000000	0.000000	0.000000	0.000000	0.000000	0.000000	0.000000
G655	7079.192756	5.524456	-1.000000	-1.000000	-1.000000	-1.000000	0.000000	0.000000	0.000000	0.000000	0.000000	0.000000
G656	4172.744074	4.777892	-1.000000	-1.000000	-1.000000	-1.000000	0.000000	0.000000	0.000000	0.000000	0.000000	0.000000
G657	4490.402704	5.012599	-1.000000	-1.000000	-1.000000	-1.000000	0.000000	0.000000	0.000000	0.000000	0.000000	0.000000
G658	6517.701072	7.150981	-1.000000	-1.000000	-1.000000	-1.000000	0.000000	0.000000	0.000000	0.000000	0.000000	0.000000
G659	4591.866090	5.117607	-1.000000	-1.000000	-1.000000	-1.000000	0.000000	0.000000	0.000000	0.000000	0.000000	0.000000
G660	4915.223342	5.678200	-1.000000	-1.000000	-1.000000	-1.000000	0.000000	0.000000	0.000000	0.000000	0.000000	0.000000
G661	3987.690070	2.929256	-1.000000	-1.000000	-1.000000	-1.000000	0.000000	0.000000	0.000000	0.000000	0.000000	0.000000
G662	3744.200793	3.036962	-1.000000	-1.000000	-1.000000	-1.000000	0.000000	0.000000	0.000000	0.000000	0.000000	0.000000
G663	4736.149823	3.762704	-1.000000	-1.000000	-1.000000	-1.000000	0.000000	0.000000	0.000000	0.000000	0.000000	0.000000
G664	3019.173972	2.608024	-1.000000	-1.000000	-1.000000	-1.000000	0.000000	0.000000	0.000000	0.000000	0.000000	0.000000
G665	3845.328117	3.450578	-1.000000	-1.000000	-1.000000	-1.000000	0.000000	0.000000	0.000000	0.000000	0.000000	0.000000
G666	3638.235241	3.020307	-1.000000	-1.000000	-1.000000	-1.000000	0.000000	0.000000	0.000000	0.000000	0.000000	0.000000
G685	5927.638061	6.474330	-1.000000	-1.000000	-1.000000	-1.000000	0.000000	0.000000	0.000000	0.000000	0.000000	0.000000
G686	4561.678294	5.469563	-1.000000	-1.000000	-1.000000	-1.000000	0.000000	0.000000	0.000000	0.000000	0.000000	0.000000
G687	4446.401538	7.003216	-1.000000	-1.000000	-1.000000	-1.000000	0.000000	0.000000	0.000000	0.000000	0.000000	0.000000
G688	5873.529407	5.581028	-1.000000	-1.000000	-1.000000	-1.000000	0.000000	0.000000	0.000000	0.000000	0.000000	0.000000
G689	6768.819649	6.458148	-1.000000	-1.000000	-1.000000	-1.000000	0.000000	0.000000	0.000000	0.000000	0.000000	0.000000
G690	6926.982132	8.545709	-1.000000	-1.000000	-1.000000	-1.000000	0.000000	0.000000	0.000000	0.000000	0.000000	0.000000
G691	2827.699454	3.062412	-1.000000	-1.000000	-1.000000	-1.000000	0.000000	0.000000	0.000000	0.000000	0.000000	0.000000
G692	2714.475277	2.768592	-1.000000	-1.000000	-1.000000	-1.000000	0.000000	0.000000	0.000000	0.000000	0.000000	0.000000
G693	4415.497572	3.316523	-1.000000	-1.000000	-1.000000	-1.000000	0.000000	0.000000	0.000000	0.000000	0.000000	0.000000
G694	3923.042773	3.541905	-1.000000	-1.000000	-1.000000	-1.000000	0.000000	0.000000	0.000000	0.000000	0.000000	0.000000
G695	4993.890376	4.357358	-1.000000	-1.000000	-1.000000	-1.000000	0.000000	0.000000	0.000000	0.000000	0.000000	0.000000
G696	5916.159201	4.727327	-1.000000	-1.000000	-1.000000	-1.000000	0.000000	0.000000	0.000000	0.000000	0.000000	0.000000
G715	7551.418753	6.144683	-1.000000	-1.000000	-1.000000	-1.000000	0.000000	0.000000	0.000000	0.000000	0.000000	0.000000
G716	7831.147616	6.224134	-1.000000	-1.000000	-1.000000	-1.000000	0.000000	0.000000	0.000000	0.000000	0.000000	0.000000
G717	6620.873411	7.474898	-1.000000	-1.000000	-1.000000	-1.000000	0.000000	0.000000	0.000000	0.000000	0.000000	0.000000
G718	5746.135771	6.310146	-1.000000	-1.000000	-1.000000	-1.000000	0.000000	0.000000	0.000000	0.000000	0.000000	0.000000
G719	5090.846629	5.682435	-1.000000	-1.000000	-1.000000	-1.000000	0.000000	0.000000	0.000000	0.000000	0.000000	0.000000
G720	5198.176746	6.091807	-1.000000	-1.000000	-1.000000	-1.000000	0.000000	0.000000	0.000000	0.000000	0.000000	0.000000
G721	3368.761788	2.949112	-1.000000	-1.000000	-1.000000	-1.000000	0.000000	0.000000	0.000000	0.000000	0.000000	0.000000
G722	3964.001527	3.809941	-1.000000	-1.000000	-1.000000	-1.000000	0.000000	0.000000	0.000000	0.000000	0.000000	0.000000
G723	4307.173024	3.387813	-1.000000	-1.000000	-1.000000	-1.000000	0.000000	0.000000	0.000000	0.000000	0.000000	0.000000
G724	8120.886641	78.281301	-1.000000	-1.000000	-1.000000	-1.000000	0.000000	0.000000	0.000000	0.000000	0.000000	0.000000
G725	4802.140730	4.255432	-1.000000	-1.000000	-1.000000	-1.000000	0.000000	0.000000	0.000000	0.000000	0.000000	0.000000
G726	5178.327090	4.434723	-1.000000	-1.000000	-1.000000	-1.000000	0.000000	0.000000	0.000000	0.000000	0.000000	0.000000
G727	3145.162156	3.539123	-1.000000	-1.000000	-1.000000	-1.000000	0.000000	0.000000	0.000000	0.000000	0.000000	0.000000
G728	2406.091301	3.278332	-1.000000	-1.000000	-1.000000	-1.000000	0.000000	0.000000	0.000000	0.000000	0.000000	0.000000
G729	3281.565995	3.252906	-1.000000	-1.000000	-1.000000	-1.000000	0.000000	0.000000	0.000000	0.000000	0.000000	0.000000
G730	2440.426106	2.338138	-1.000000	-1.000000	-1.000000	-1.000000	0.000000	0.000000	0.000000	0.000000	0.000000	0.000000
G731	3055.591676	2.706255	-1.000000	-1.000000	-1.000000	-1.000000	0.000000	0.000000	0.000000	0.000000	0.000000	0.000000
G732	1846.326482	1.391094	-1.000000	-1.000000	-1.000000	-1.000000	0.000000	0.000000	0.000000	0.000000	0.000000	0.000000
G733	2936.210948	2.672423	-1.000000	-1.000000	-1.000000	-1.000000	0.000000	0.000000	0.000000	0.000000	0.000000	0.000000
G734	3630.923539	3.524051	-1.000000	-1.000000	-1.000000	-1.000000	0.000000	0.000000	0.000000	0.000000	0.000000	0.000000
G735	3194.450162	2.713755	-1.000000	-1.000000	-1.000000	-1.000000	0.000000	0.000000	0.000000	0.000000	0.000000	0.000000
G736	3299.697970	2.895490	-1.000000	-1.000000	-1.000000	-1.000000	0.000000	0.000000	0.000000	0.000000	0.000000	0.000000
G737	4131.073685	3.353671	-1.000000	-1.000000	-1.000000	-1.000000	0.000000	0.000000	0.000000	0.000000	0.000000	0.000000
G738	3457.772894	2.679849	-1.000000	-1.000000	-1.000000	-1.000000	0.000000	0.000000	0.000000	0.000000	0.000000	0.000000
G739	3128.545878	2.775898	-1.000000	-1.000000	-1.000000	-1.000000	0.000000	0.000000	0.000000	0.000000	0.000000	0.000000
G740	3308.462150	2.291718	-1.000000	-1.000000	-1.000000	-1.000000	0.000000	0.000000	0.000000	0.000000	0.000000	0.000000
G741	4347.122881	2.703468	-1.000000	-1.000000	-1.000000	-1.000000	0.000000	0.000000	0.000000	0.000000	0.000000	0.000000
G742	2980.847511	2.838093	-1.000000	-1.000000	-1.000000	-1.000000	0.000000	0.000000	0.000000	0.000000	0.000000	0.000000
G743	3264.714663	2.571171	-1.000000	-1.000000	-1.000000	-1.000000	0.000000	0.000000	0.000000	0.000000	0.000000	0.000000
G744	-1.000000	-1.000000	-1.000000	-1.000000	-1.000000	-1.000000	0.000000	0.000000	0.000000	0.000000	0.000000	0.000000
G745	1388.140450	1.499326	-1.000000	-1.000000	-1.000000	-1.000000	0.000000	0.000000	0.000000	0.000000	0.000000	0.000000
G746	3641.858858	3.464744	-1.000000	-1.000000	-1.000000	-1.000000	0.000000	0.000000	0.000000	0.000000	0.000000	0.000000
G747	4900.231416	4.388405	-1.000000	-1.000000	-1.000000	-1.000000	0.000000	0.000000	0.000000	0.000000	0.000000	0.000000
G748	3380.591739	2.917517	-1.000000	-1.000000	-1.000000	-1.000000	0.000000	0.000000	0.000000	0.000000	0.000000	0.000000
G749	3101.121145	3.173028	-1.000000	-1.000000	-1.000000	-1.000000	0.000000	0.000000	0.000000	0.000000	0.000000	0.000000
G750	4322.477793	5.715681	-1.000000	-1.000000	-1.000000	-1.000000	0.000000	0.000000	0.000000	0.000000	0.000000	0.000000
G751	3562.022762	2.834995	-1.000000	-1.000000	-1.000000	-1.000000	0.000000	0.000000	0.000000	0.000000	0.000000	0.000000
G752	3954.146755	2.837899	-1.000000	-1.000000	-1.000000	-1.000000	0.000000	0.000000	0.000000	0.000000	0.000000	0.000000
G753	2743.211915	2.848893	-1.000000	-1.000000	-1.000000	-1.000000	0.000000	0.000000	0.000000	0.000000	0.000000	0.000000
G754	4900.889873	5.244647	-1.000000	-1.000000	-1.000000	-1.000000	0.000000	0.000000	0.000000	0.000000	0.000000	0.000000
G755	4068.404979	3.758868	-1.000000	-1.000000	-1.000000	-1.000000	0.000000	0.000000	0.000000	0.000000	0.000000	0.000000
G756	4268.684825	3.301562	-1.000000	-1.000000	-1.000000	-1.000000	0.000000	0.000000	0.000000	0.000000	0.000000	0.000000
G757	4777.364577	4.124571	-1.000000	-1.000000	-1.000000	-1.000000	0.000000	0.000000	0.000000	0.000000	0.000000	0.000000
G758	4579.696292	4.044157	-1.000000	-1.000000	-1.000000	-1.000000	0.000000	0.000000	0.000000	0.000000	0.000000	0.000000
G759	2170.415092	2.466751	-1.000000	-1.000000	-1.000000	-1.000000	0.000000	0.000000	0.000000	0.000000	0.000000	0.000000
G760	2022.596797	2.028272	-1.000000	-1.000000	-1.000000	-1.000000	0.000000	0.000000	0.000000	0.000000	0.000000	0.000000
G761	4352.446082	4.078223	-1.000000	-1.000000	-1.000000	-1.000000	0.000000	0.000000	0.000000	0.000000	0.000000	0.000000
G762	3468.319196	4.418241	-1.000000	-1.000000	-1.000000	-1.000000	0.000000	0.000000	0.000000	0.000000	0.000000	0.000000
G763	4315.968181	4.329204	-1.000000	-1.000000	-1.000000	-1.000000	0.000000	0.000000	0.000000	0.000000	0.000000	0.000000
G764	2011.660041	2.083908	-1.000000	-1.000000	-1.000000	-1.000000	0.000000	0.000000	0.000000	0.000000	0.000000	0.000000
G765	3695.131977	4.038073	-1.000000	-1.000000	-1.000000	-1.000000	0.000000	0.000000	0.000000	0.000000	0.000000	0.000000
G766	5385.155378	3.741919	-1.000000	-1.000000	-1.000000	-1.000000	0.000000	0.000000	0.000000	0.000000	0.000000	0.000000
G767	4928.481137	3.875000	-1.000000	-1.000000	-1.000000	-1.000000	0.000000	0.000000	0.000000	0.000000	0.000000	0.000000
G768	2536.917358	2.354617	-1.000000	-1.000000	-1.000000	-1.000000	0.000000	0.000000	0.000000	0.000000	0.000000	0.000000
G769	3564.996583	2.669335	-1.000000	-1.000000	-1.000000	-1.000000	0.000000	0.000000	0.000000	0.000000	0.000000	0.000000
G770	3066.433794	2.590797	-1.000000	-1.000000	-1.000000	-1.000000	0.000000	0.000000	0.000000	0.000000	0.000000	0.000000
G771	3676.182623	2.828406	-1.000000	-1.000000	-1.000000	-1.000000	0.000000	0.000000	0.000000	0.000000	0.000000	0.000000
G772	3023.127973	3.102154	-1.000000	-1.000000	-1.000000	-1.000000	0.000000	0.000000	0.000000	0.000000	0.000000	0.000000
G773	3841.384704	3.187658	-1.000000	-1.000000	-1.000000	-1.000000	0.000000	0.000000	0.000000	0.000000	0.000000	0.000000
G774	3937.137507	3.775568	-1.000000	-1.000000	-1.000000	-1.000000	0.000000	0.000000	0.000000	0.000000	0.000000	0.000000
G775	652.072482	0.089989	-1.000000	-1.000000	-1.000000	-1.000000	0.000000	0.000000	0.000000	0.000000	0.000000	0.000000
G776	4188.445348	3.046933	-1.000000	-1.000000	-1.000000	-1.000000	0.000000	0.000000	0.000000	0.000000	0.000000	0.000000
G777	2238.827026	2.572057	-1.000000	-1.000000	-1.000000	-1.000000	0.000000	0.000000	0.000000	0.000000	0.000000	0.000000
G778	2878.775883	2.177890	-1.000000	-1.000000	-1.000000	-1.000000	0.000000	0.000000	0.000000	0.000000	0.000000	0.000000
G779	2776.855098	3.170098	-1.000000	-1.000000	-1.000000	-1.000000	0.000000	0.000000	0.000000	0.000000	0.000000	0.000000
G780	2452.173599	2.440139	-1.000000	-1.000000	-1.000000	-1.000000	0.000000	0.000000	0.000000	0.000000	0.000000	0.000000
G781	5106.988329	4.390841	-1.000000	-1.000000	-1.000000	-1.000000	0.000000	0.000000	0.000000	0.000000	0.000000	0.000000
G782	3383.266488	3.300479	-1.000000	-1.000000	-1.000000	-1.000000	0.000000	0.000000	0.000000	0.000000	0.000000	0.000000
G783	4391.962599	4.587899	-1.000000	-1.000000	-1.000000	-1.000000	0.000000	0.000000	0.000000	0.000000	0.000000	0.000000
G784	3091.245692	2.722586	-1.000000	-1.000000	-1.000000	-1.000000	0.000000	0.000000	0.000000	0.000000	0.000000	0.000000
G785	4082.316677	3.462122	-1.000000	-1.000000	-1.000000	-1.000000	0.000000	0.000000	0.000000	0.000000	0.000000	0.000000
G786	3948.544384	3.362717	-1.000000	-1.000000	-1.000000	-1.000000	0.000000	0.000000	0.000000	0.000000	0.000000	0.000000
G787	4967.489181	3.777279	-1.000000	-1.000000	-1.000000	-1.000000	0.000000	0.000000	0.000000	0.000000	0.000000	0.000000
G788	2775.263644	2.137605	-1.000000	-1.000000	-1.000000	-1.000000	0.000000	0.000000	0.000000	0.000000	0.000000	0.000000
G789	4372.202558	3.495493	-1.000000	-1.000000	-1.000000	-1.000000	0.000000	0.000000	0.000000	0.000000	0.000000	0.000000
G790	2325.255012	2.646544	-1.000000	-1.000000	-1.000000	-1.000000	0.000000	0.000000	0.000000	0.000000	0.000000	0.000000
G791	2775.438908	2.598549	-1.000000	-1.000000	-1.000000	-1.000000	0.000000	0.000000	0.000000	0.000000	0.000000	0.000000
G792	2831.484106	2.225150	-1.000000	-1.000000	-1.000000	-1.000000	0.000000	0.000000	0.000000	0.000000	0.000000	0.000000
G793	3784.474975	3.570169	-1.000000	-1.000000	-1.000000	-1.000000	0.000000	0.000000	0.000000	0.000000	0.000000	0.000000
G794	2782.619171	3.102992	-1.000000	-1.000000	-1.000000	-1.000000	0.000000	0.000000	0.000000	0.000000	0.000000	0.000000
G795	4466.951509	3.416822	-1.000000	-1.000000	-1.000000	-1.000000	0.000000	0.000000	0.000000	0.000000	0.000000	0.000000
G796	4261.811615	3.438353	-1.000000	-1.000000	-1.000000	-1.000000	0.000000	0.000000	0.000000	0.000000	0.000000	0.000000
G797	3133.969401	2.659666	-1.000000	-1.000000	-1.000000	-1.000000	0.000000	0.000000	0.000000	0.000000	0.000000	0.000000
G798	3403.122973	3.036785	-1.000000	-1.000000	-1.000000	-1.000000	0.000000	0.000000	0.000000	0.000000	0.000000	0.000000
G799	3528.157932	3.081560	-1.000000	-1.000000	-1.000000	-1.000000	0.000000	0.000000	0.000000	0.000000	0.000000	0.000000
G800	3145.964403	2.738389	-1.000000	-1.000000	-1.000000	-1.000000	0.000000	0.000000	0.000000	0.000000	0.000000	0.000000
G801	4600.870767	4.511917	-1.000000	-1.000000	-1.000000	-1.000000	0.000000	0.000000	0.000000	0.000000	0.000000	0.000000
G802	3393.242217	3.728203	-1.000000	-1.000000	-1.000000	-1.000000	0.000000	0.000000	0.000000	0.000000	0.000000	0.000000
G803	4265.640792	4.321772	-1.000000	-1.000000	-1.000000	-1.000000	0.000000	0.000000	0.000000	0.000000	0.000000	0.000000
G804	4569.904814	4.088011	-1.000000	-1.000000	-1.000000	-1.000000	0.000000	0.000000	0.000000	0.000000	0.000000	0.000000
G805	5355.536995	5.035792	-1.000000	-1.000000	-1.000000	-1.000000	0.000000	0.000000	0.000000	0.000000	0.000000	0.000000
G806	2840.795682	2.794968	-1.000000	-1.000000	-1.000000	-1.000000	0.000000	0.000000	0.000000	0.000000	0.000000	0.000000
G807	3885.792787	3.670322	-1.000000	-1.000000	-1.000000	-1.000000	0.000000	0.000000	0.000000	0.000000	0.000000	0.000000
G808	3623.219841	3.150482	-1.000000	-1.000000	-1.000000	-1.000000	0.000000	0.000000	0.000000	0.000000	0.000000	0.000000
G809	2013.242631	3.113719	-1.000000	-1.000000	-1.000000	-1.000000	0.000000	0.000000	0.000000	0.000000	0.000000	0.000000
G810	2962.350672	3.369601	-1.000000	-1.000000	-1.000000	-1.000000	0.000000	0.000000	0.000000	0.000000	0.000000	0.000000
G811	2766.042427	3.066397	-1.000000	-1.000000	-1.000000	-1.000000	0.000000	0.000000	0.000000	0.000000	0.000000	0.000000
G812	5688.913343	3.937998	-1.000000	-1.000000	-1.000000	-1.000000	0.000000	0.000000	0.000000	0.000000	0.000000	0.000000
G813	3013.031973	3.026161	-1.000000	-1.000000	-1.000000	-1.000000	0.000000	0.000000	0.000000	0.000000	0.000000	0.000000
G814	2260.923625	2.163385	-1.000000	-1.000000	-1.000000	-1.000000	0.000000	0.000000	0.000000	0.000000	0.000000	0.000000
G815	3718.894502	2.787671	-1.000000	-1.000000	-1.000000	-1.000000	0.000000	0.000000	0.000000	0.000000	0.000000	0.000000
G816	1956.073109	2.037970	-1.000000	-1.000000	-1.000000	-1.000000	0.000000	0.000000	0.000000	0.000000	0.000000	0.000000
G817	5568.402985	4.173852	-1.000000	-1.000000	-1.000000	-1.000000	0.000000	0.000000	0.000000	0.000000	0.000000	0.000000
G818	3134.046025	3.257937	-1.000000	-1.000000	-1.000000	-1.000000	0.000000	0.000000	0.000000	0.000000	0.000000	0.000000
G819	2898.031031	2.600667	-1.000000	-1.000000	-1.000000	-1.000000	0.000000	0.000000	0.000000	0.000000	0.000000	0.000000
G820	4189.260786	4.235306	-1.000000	-1.000000	-1.000000	-1.000000	0.000000	0.000000	0.000000	0.000000	0.000000	0.000000
G821	2702.214245	2.956161	-1.000000	-1.000000	-1.000000	-1.000000	0.000000	0.000000	0.000000	0.000000	0.000000	0.000000
G822	3303.444543	4.212232	-1.000000	-1.000000	-1.000000	-1.000000	0.000000	0.000000	0.000000	0.000000	0.000000	0.000000
G823	2871.384498	3.289972	-1.000000	-1.000000	-1.000000	-1.000000	0.000000	0.000000	0.000000	0.000000	0.000000	0.000000
G824	2488.404116	3.861773	-1.000000	-1.000000	-1.000000	-1.000000	0.000000	0.000000	0.000000	0.000000	0.000000	0.000000
G825	1289.019553	1.531338	-1.000000	-1.000000	-1.000000	-1.000000	0.000000	0.000000	0.000000	0.000000	0.000000	0.000000
G826	3608.935396	3.861616	-1.000000	-1.000000	-1.000000	-1.000000	0.000000	0.000000	0.000000	0.000000	0.000000	0.000000
G827	3920.157670	3.144642	-1.000000	-1.000000	-1.000000	-1.000000	0.000000	0.000000	0.000000	0.000000	0.000000	0.000000
G828	2322.854563	2.472237	-1.000000	-1.000000	-1.000000	-1.000000	0.000000	0.000000	0.000000	0.000000	0.000000	0.000000
G829	5145.781139	5.352192	-1.000000	-1.000000	-1.000000	-1.000000	0.000000	0.000000	0.000000	0.000000	0.000000	0.000000
G830	5245.333901	3.962206	-1.000000	-1.000000	-1.000000	-1.000000	0.000000	0.000000	0.000000	0.000000	0.000000	0.000000
G831	2772.653453	2.913650	-1.000000	-1.000000	-1.000000	-1.000000	0.000000	0.000000	0.000000	0.000000	0.000000	0.000000
G832	2336.872060	2.426434	-1.000000	-1.000000	-1.000000	-1.000000	0.000000	0.000000	0.000000	0.000000	0.000000	0.000000
G833	3107.708951	3.814893	-1.000000	-1.000000	-1.000000	-1.000000	0.000000	0.000000	0.000000	0.000000	0.000000	0.000000
G834	4431.895393	3.914224	-1.000000	-1.000000	-1.000000	-1.000000	0.000000	0.000000	0.000000	0.000000	0.000000	0.000000
G835	2596.979085	2.166075	-1.000000	-1.000000	-1.000000	-1.000000	0.000000	0.000000	0.000000	0.000000	0.000000	0.000000
G836	3445.068095	3.315621	-1.000000	-1.000000	-1.000000	-1.000000	0.000000	0.000000	0.000000	0.000000	0.000000	0.000000
G837	4802.164444	3.570866	-1.000000	-1.000000	-1.000000	-1.000000	0.000000	0.000000	0.000000	0.000000	0.000000	0.000000
G838	2779.708962	3.160708	-1.000000	-1.000000	-1.000000	-1.000000	0.000000	0.000000	0.000000	0.000000	0.000000	0.000000
G839	2177.835889	2.446688	-1.000000	-1.000000	-1.000000	-1.000000	0.000000	0.000000	0.000000	0.000000	0.000000	0.000000
G840	2842.409222	2.779167	-1.000000	-1.000000	-1.000000	-1.000000	0.000000	0.000000	0.000000	0.000000	0.000000	0.000000
G841	2724.024228	2.547527	-1.000000	-1.000000	-1.000000	-1.000000	0.000000	0.000000	0.000000	0.000000	0.000000	0.000000
G842	4239.420874	4.237412	-1.000000	-1.000000	-1.000000	-1.000000	0.000000	0.000000	0.000000	0.000000	0.000000	0.000000
G843	3071.706012	2.792142	-1.000000	-1.000000	-1.000000	-1.000000	0.000000	0.000000	0.000000	0.000000	0.000000	0.000000
G844	3269.757000	3.124562	-1.000000	-1.000000	-1.000000	-1.000000	0.000000	0.000000	0.000000	0.000000	0.000000	0.000000
G845	2979.676088	2.716049	-1.000000	-1.000000	-1.000000	-1.000000	0.000000	0.000000	0.000000	0.000000	0.000000	0.000000
G846	3891.971236	2.829547	-1.000000	-1.000000	-1.000000	-1.000000	0.000000	0.000000	0.000000	0.000000	0.000000	0.000000
G847	1684.697985	1.940564	-1.000000	-1.000000	-1.000000	-1.000000	0.000000	0.000000	0.000000	0.000000	0.000000	0.000000
G848	1760.013630	1.441636	-1.000000	-1.000000	-1.000000	-1.000000	0.000000	0.000000	0.000000	0.000000	0.000000	0.000000
G849	4978.322523	6.566140	-1.000000	-1.000000	-1.000000	-1.000000	0.000000	0.000000	0.000000	0.000000	0.000000	0.000000
G850	3525.494151	3.863087	-1.000000	-1.000000	-1.000000	-1.000000	0.000000	0.000000	0.000000	0.000000	0.000000	0.000000
G851	3313.715447	3.499817	-1.000000	-1.000000	-1.000000	-1.000000	0.000000	0.000000	0.000000	0.000000	0.000000	0.000000
G852	3141.243239	3.280376	-1.000000	-1.000000	-1.000000	-1.000000	0.000000	0.000000	0.000000	0.000000	0.000000	0.000000
G853	3233.869153	3.537528	-1.000000	-1.000000	-1.000000	-1.000000	0.000000	0.000000	0.000000	0.000000	0.000000	0.000000
G854	4188.192809	3.976416	-1.000000	-1.000000	-1.000000	-1.000000	0.000000	0.000000	0.000000	0.000000	0.000000	0.000000
G855	3848.262493	3.017683	-1.000000	-1.000000	-1.000000	-1.000000	0.000000	0.000000	0.000000	0.000000	0.000000	0.000000
G856	3540.613493	3.480381	-1.000000	-1.000000	-1.000000	-1.000000	0.000000	0.000000	0.000000	0.000000	0.000000	0.000000
G857	4586.951025	3.618123	-1.000000	-1.000000	-1.000000	-1.000000	0.000000	0.000000	0.000000	0.000000	0.000000	0.000000
G858	5788.019189	4.491725	-1.000000	-1.000000	-1.000000	-1.000000	0.000000	0.000000	0.000000	0.000000	0.000000	0.000000
G859	4463.111275	5.132246	-1.000000	-1.000000	-1.000000	-1.000000	0.000000	0.000000	0.000000	0.000000	0.000000	0.000000
G860	3899.617790	3.812874	-1.000000	-1.000000	-1.000000	-1.000000	0.000000	0.000000	0.000000	0.000000	0.000000	0.000000
G861	4344.012056	4.418033	-1.000000	-1.000000	-1.000000	-1.000000	0.000000	0.000000	0.000000	0.000000	0.000000	0.000000
G862	4555.689564	3.448829	-1.000000	-1.000000	-1.000000	-1.000000	0.000000	0.000000	0.000000	0.000000	0.000000	0.000000
G863	4750.024197	4.004903	-1.000000	-1.000000	-1.000000	-1.000000	0.000000	0.000000	0.000000	0.000000	0.000000	0.000000
G864	5777.872031	5.584309	-1.000000	-1.000000	-1.000000	-1.000000	0.000000	0.000000	0.000000	0.000000	0.000000	0.000000
G865	2053.034948	2.922842	-1.000000	-1.000000	-1.000000	-1.000000	0.000000	0.000000	0.000000	0.000000	0.000000	0.000000
G866	3162.030522	3.673948	-1.000000	-1.000000	-1.000000	-1.000000	0.000000	0.000000	0.000000	0.000000	0.000000	0.000000
G867	3910.227878	3.729401	-1.000000	-1.000000	-1.000000	-1.000000	0.000000	0.000000	0.000000	0.000000	0.000000	0.000000
G868	2823.561476	3.049858	-1.000000	-1.000000	-1.000000	-1.000000	0.000000	0.000000	0.000000	0.000000	0.000000	0.000000
G869	4801.363917	4.100107	-1.000000	-1.000000	-1.000000	-1.000000	0.000000	0.000000	0.000000	0.000000	0.000000	0.000000
G870	2184.270294	3.586679	-1.000000	-1.000000	-1.000000	-1.000000	0.000000	0.000000	0.000000	0.000000	0.000000	0.000000
G871	5701.175796	4.795087	-1.000000	-1.000000	-1.000000	-1.000000	0.000000	0.000000	0.000000	0.000000	0.000000	0.000000
G872	4771.360051	5.571856	-1.000000	-1.000000	-1.000000	-1.000000	0.000000	0.000000	0.000000	0.000000	0.000000	0.000000
G873	3613.443285	3.363481	-1.000000	-1.000000	-1.000000	-1.000000	0.000000	0.000000	0.000000	0.000000	0.000000	0.000000
G874	4195.751985	4.035803	-1.000000	-1.000000	-1.000000	-1.000000	0.000000	0.000000	0.000000	0.000000	0.000000	0.000000
G875	3836.728095	3.263029	-1.000000	-1.000000	-1.000000	-1.000000	0.000000	0.000000	0.000000	0.000000	0.000000	0.000000
G876	2108.492845	2.232433	-1.000000	-1.000000	-1.000000	-1.000000	0.000000	0.000000	0.000000	0.000000	0.000000	0.000000
G877	2701.267535	2.882718	-1.000000	-1.000000	-1.000000	-1.000000	0.000000	0.000000	0.000000	0.000000	0.000000	0.000000
G878	3261.749086	3.344720	-1.000000	-1.000000	-1.000000	-1.000000	0.000000	0.000000	0.000000	0.000000	0.000000	0.000000
G879	4016.264288	3.763048	-1.000000	-1.000000	-1.000000	-1.000000	0.000000	0.000000	0.000000	0.000000	0.000000	0.000000
G880	3617.113680	3.394057	-1.000000	-1.000000	-1.000000	-1.000000	0.000000	0.000000	0.000000	0.000000	0.000000	0.000000
G881	3951.708698	3.200991	-1.000000	-1.000000	-1.000000	-1.000000	0.000000	0.000000	0.000000	0.000000	0.000000	0.000000
G882	3864.025526	3.039575	-1.000000	-1.000000	-1.000000	-1.000000	0.000000	0.000000	0.000000	0.000000	0.000000	0.000000
G883	2387.470769	2.457497	-1.000000	-1.000000	-1.000000	-1.000000	0.000000	0.000000	0.000000	0.000000	0.000000	0.000000
G884	4018.263731	4.129531	-1.000000	-1.000000	-1.000000	-1.000000	0.000000	0.000000	0.000000	0.000000	0.000000	0.000000
G885	4956.208519	3.818805	-1.000000	-1.000000	-1.000000	-1.000000	0.000000	0.000000	0.000000	0.000000	0.000000	0.000000
G886	2757.068432	3.346544	-1.000000	-1.000000	-1.000000	-1.000000	0.000000	0.000000	0.000000	0.000000	0.000000	0.000000
G887	4100.091010	4.049868	-1.000000	-1.000000	-1.000000	-1.000000	0.000000	0.000000	0.000000	0.000000	0.000000	0.000000
G888	4558.586882	3.927217	-1.000000	-1.000000	-1.000000	-1.000000	0.000000	0.000000	0.000000	0.000000	0.000000	0.000000
G889	4458.059030	4.004116	-1.000000	-1.000000	-1.000000	-1.000000	0.000000	0.000000	0.000000	0.000000	0.000000	0.000000
G890	3796.968218	3.709538	-1.000000	-1.000000	-1.000000	-1.000000	0.000000	0.000000	0.000000	0.000000	0.000000	0.000000
G891	3416.273415	3.210075	-1.000000	-1.000000	-1.000000	-1.000000	0.000000	0.000000	0.000000	0.000000	0.000000	0.000000
G892	5783.513140	5.144629	-1.000000	-1.000000	-1.000000	-1.000000	0.000000	0.000000	0.000000	0.000000	0.000000	0.000000
G893	4596.262821	3.589494	-1.000000	-1.000000	-1.000000	-1.000000	0.000000	0.000000	0.000000	0.000000	0.000000	0.000000
G894	3794.719843	3.880033	-1.000000	-1.000000	-1.000000	-1.000000	0.000000	0.000000	0.000000	0.000000	0.000000	0.000000
G895	4553.402097	3.891206	-1.000000	-1.000000	-1.000000	-1.000000	0.000000	0.000000	0.000000	0.000000	0.000000	0.000000
G896	1512.222192	1.977995	-1.000000	-1.000000	-1.000000	-1.000000	0.000000	0.000000	0.000000	0.000000	0.000000	0.000000
G897	3994.460702	4.138258	-1.000000	-1.000000	-1.000000	-1.000000	0.000000	0.000000	0.000000	0.000000	0.000000	0.000000
G898	2786.351949	4.111160	-1.000000	-1.000000	-1.000000	-1.000000	0.000000	0.000000	0.000000	0.000000	0.000000	0.000000
G899	3453.222251	3.150050	-1.000000	-1.000000	-1.000000	-1.000000	0.000000	0.000000	0.000000	0.000000	0.000000	0.000000
G900	-1.000000	-1.000000	-1.000000	-1.000000	-1.000000	-1.000000	0.000000	0.000000	0.000000	0.000000	0.000000	0.000000

# W module
# module name	LMS_Mean	LMS_Err	Pedestal_Mean	Pedestal_Err	module signal(LMS-Pedestal)	signal error	gain1(RefPMT1)	gain1 error	gain2(RefPMT2)	gain2 error	gain3(RefPMT3)	gain3 error
W1	4488.848801	2.829942	-1.000000	-1.000000	-1.000000	-1.000000	0.000000	0.000000	0.000000	0.000000	0.000000	0.000000
W2	2242.722090	1.368200	-1.000000	-1.000000	-1.000000	-1.000000	0.000000	0.000000	0.000000	0.000000	0.000000	0.000000
W3	2201.135933	1.066651	-1.000000	-1.000000	-1.000000	-1.000000	0.000000	0.000000	0.000000	0.000000	0.000000	0.000000
W4	2341.743446	1.083274	-1.000000	-1.000000	-1.000000	-1.000000	0.000000	0.000000	0.000000	0.000000	0.000000	0.000000
W5	2773.665024	1.503531	-1.000000	-1.000000	-1.000000	-1.000000	0.000000	0.000000	0.000000	0.000000	0.000000	0.000000
W6	921.864177	0.960028	-1.000000	-1.000000	-1.000000	-1.000000	0.000000	0.000000	0.000000	0.000000	0.000000	0.000000
W7	3258.883411	1.807928	-1.000000	-1.000000	-1.000000	-1.000000	0.000000	0.000000	0.000000	0.000000	0.000000	0.000000
W8	1647.400775	1.080215	-1.000000	-1.000000	-1.000000	-1.000000	0.000000	0.000000	0.000000	0.000000	0.000000	0.000000
W9	1181.662406	0.828770	-1.000000	-1.000000	-1.000000	-1.000000	0.000000	0.000000	0.000000	0.000000	0.000000	0.000000
W10	1482.684991	1.035917	-1.000000	-1.000000	-1.000000	-1.000000	0.000000	0.000000	0.000000	0.000000	0.000000	0.000000
W11	2805.083241	1.549079	-1.000000	-1.000000	-1.000000	-1.000000	0.000000	0.000000	0.000000	0.000000	0.000000	0.000000
W12	1539.337265	0.957827	-1.000000	-1.000000	-1.000000	-1.000000	0.000000	0.000000	0.000000	0.000000	0.000000	0.000000
W13	2346.215903	1.347736	-1.000000	-1.000000	-1.000000	-1.000000	0.000000	0.000000	0.000000	0.000000	0.000000	0.000000
W14	2481.394947	1.379293	-1.000000	-1.000000	-1.000000	-1.000000	0.000000	0.000000	0.000000	0.000000	0.000000	0.000000
W15	3635.526935	2.507170	-1.000000	-1.000000	-1.000000	-1.000000	0.000000	0.000000	0.000000	0.000000	0.000000	0.000000
W16	3335.639969	2.084971	-1.000000	-1.000000	-1.000000	-1.000000	0.000000	0.000000	0.000000	0.000000	0.000000	0.000000
W17	3711.872170	2.073145	-1.000000	-1.000000	-1.000000	-1.000000	0.000000	0.000000	0.000000	0.000000	0.000000	0.000000
W18	639.797947	0.532713	-1.000000	-1.000000	-1.000000	-1.000000	0.000000	0.000000	0.000000	0.000000	0.000000	0.000000
W19	2353.758859	1.541374	-1.000000	-1.000000	-1.000000	-1.000000	0.000000	0.000000	0.000000	0.000000	0.000000	0.000000
W20	2257.335274	1.539420	-1.000000	-1.000000	-1.000000	-1.000000	0.000000	0.000000	0.000000	0.000000	0.000000	0.000000
W21	2246.628317	1.596441	-1.000000	-1.000000	-1.000000	-1.000000	0.000000	0.000000	0.000000	0.000000	0.000000	0.000000
W22	3254.605798	2.080803	-1.000000	-1.000000	-1.000000	-1.000000	0.000000	0.000000	0.000000	0.000000	0.000000	0.000000
W23	2348.759152	1.514892	-1.000000	-1.000000	-1.000000	-1.000000	0.000000	0.000000	0.000000	0.000000	0.000000	0.000000
W24	1848.465129	1.190686	-1.000000	-1.000000	-1.000000	-1.000000	0.000000	0.000000	0.000000	0.000000	0.000000	0.000000
W25	2363.211650	1.414335	-1.000000	-1.000000	-1.000000	-1.000000	0.000000	0.000000	0.000000	0.000000	0.000000	0.000000
W26	3053.746509	1.901596	-1.000000	-1.000000	-1.000000	-1.000000	0.000000	0.000000	0.000000	0.000000	0.000000	0.000000
W27	1955.969221	1.120710	-1.000000	-1.000000	-1.000000	-1.000000	0.000000	0.000000	0.000000	0.000000	0.000000	0.000000
W28	2150.398734	1.347983	-1.000000	-1.000000	-1.000000	-1.000000	0.000000	0.000000	0.000000	0.000000	0.000000	0.000000
W29	2514.291481	1.567616	-1.000000	-1.000000	-1.000000	-1.000000	0.000000	0.000000	0.000000	0.000000	0.000000	0.000000
W30	3095.552394	1.680037	-1.000000	-1.000000	-1.000000	-1.000000	0.000000	0.000000	0.000000	0.000000	0.000000	0.000000
W31	2715.461396	1.608161	-1.000000	-1.000000	-1.000000	-1.000000	0.000000	0.000000	0.000000	0.000000	0.000000	0.000000
W32	3914.207626	2.122161	-1.000000	-1.000000	-1.000000	-1.000000	0.000000	0.000000	0.000000	0.000000	0.000000	0.000000
W33	2649.086505	1.532814	-1.000000	-1.000000	-1.000000	-1.000000	0.000000	0.000000	0.000000	0.000000	0.000000	0.000000
W34	3665.099069	2.115883	-1.000000	-1.000000	-1.000000	-1.000000	0.000000	0.000000	0.000000	0.000000	0.000000	0.000000
W35	3070.335701	1.896053	-1.000000	-1.000000	-1.000000	-1.000000	0.000000	0.000000	0.000000	0.000000	0.000000	0.000000
W36	2300.975555	1.529145	-1.000000	-1.000000	-1.000000	-1.000000	0.000000	0.000000	0.000000	0.000000	0.000000	0.000000
W37	2769.868599	1.750383	-1.000000	-1.000000	-1.000000	-1.000000	0.000000	0.000000	0.000000	0.000000	0.000000	0.000000
W38	1586.950498	0.853594	-1.000000	-1.000000	-1.000000	-1.000000	0.000000	0.000000	0.000000	0.000000	0.000000	0.000000
W39	2445.733969	1.301923	-1.000000	-1.000000	-1.000000	-1.000000	0.000000	0.000000	0.000000	0.000000	0.000000	0.000000
W40	2739.105230	1.337839	-1.000000	-1.000000	-1.000000	-1.000000	0.000000	0.000000	0.000000	0.000000	0.000000	0.000000
W41	1794.505106	1.159613	-1.000000	-1.000000	-1.000000	-1.000000	0.000000	0.000000	0.000000	0.000000	0.000000	0.000000
W42	1809.134693	1.131656	-1.000000	-1.000000	-1.000000	-1.000000	0.000000	0.000000	0.000000	0.000000	0.000000	0.000000
W43	3582.832779	1.795895	-1.000000	-1.000000	-1.000000	-1.000000	0.000000	0.000000	0.000000	0.000000	0.000000	0.000000
W44	2789.584310	1.818503	-1.000000	-1.000000	-1.000000	-1.000000	0.000000	0.000000	0.000000	0.000000	0.000000	0.000000
W45	2366.699238	1.276508	-1.000000	-1.000000	-1.000000	-1.000000	0.000000	0.000000	0.000000	0.000000	0.000000	0.000000
W46	2946.623683	1.621646	-1.000000	-1.000000	-1.000000	-1.000000	0.000000	0.000000	0.000000	0.000000	0.000000	0.000000
W47	2317.210406	1.198374	-1.000000	-1.000000	-1.000000	-1.000000	0.000000	0.000000	0.000000	0.000000	0.000000	0.000000
W48	1198.461977	0.778793	-1.000000	-1.000000	-1.000000	-1.000000	0.000000	0.000000	0.000000	0.000000	0.000000	0.000000
W49	1804.292993	1.336960	-1.000000	-1.000000	-1.000000	-1.000000	0.000000	0.000000	0.000000	0.000000	0.000000	0.000000
W50	3995.748662	2.310931	-1.000000	-1.000000	-1.000000	-1.000000	0.000000	0.000000	0.000000	0.000000	0.000000	0.000000
W51	2650.183020	1.459526	-1.000000	-1.000000	-1.000000	-1.000000	0.000000	0.000000	0.000000	0.000000	0.000000	0.000000
W52	3731.393979	2.365327	-1.000000	-1.000000	-1.000000	-1.000000	0.000000	0.000000	0.000000	0.000000	0.000000	0.000000
W53	911.283213	0.669086	-1.000000	-1.000000	-1.000000	-1.000000	0.000000	0.000000	0.000000	0.000000	0.000000	0.000000
W54	2230.784902	1.413817	-1.000000	-1.000000	-1.000000	-1.000000	0.000000	0.000000	0.000000	0.000000	0.000000	0.000000
W55	1376.191727	0.913553	-1.000000	-1.000000	-1.000000	-1.000000	0.000000	0.000000	0.000000	0.000000	0.000000	0.000000
W56	2716.260110	1.531013	-1.000000	-1.000000	-1.000000	-1.000000	0.000000	0.000000	0.000000	0.000000	0.000000	0.000000
W57	2351.360627	1.317104	-1.000000	-1.000000	-1.000000	-1.000000	0.000000	0.000000	0.000000	0.000000	0.000000	0.000000
W58	3131.538307	1.682131	-1.000000	-1.000000	-1.000000	-1.000000	0.000000	0.000000	0.000000	0.000000	0.000000	0.000000
W59	1891.592700	1.117873	-1.000000	-1.000000	-1.000000	-1.000000	0.000000	0.000000	0.000000	0.000000	0.000000	0.000000
W60	4156.192581	2.186754	-1.000000	-1.000000	-1.000000	-1.000000	0.000000	0.000000	0.000000	0.000000	0.000000	0.000000
W61	1974.063687	1.205470	-1.000000	-1.000000	-1.000000	-1.000000	0.000000	0.000000	0.000000	0.000000	0.000000	0.000000
W62	3505.032601	2.066221	-1.000000	-1.000000	-1.000000	-1.000000	0.000000	0.000000	0.000000	0.000000	0.000000	0.000000
W63	2669.151708	1.420433	-1.000000	-1.000000	-1.000000	-1.000000	0.000000	0.000000	0.000000	0.000000	0.000000	0.000000
W64	2120.012915	1.161232	-1.000000	-1.000000	-1.000000	-1.000000	0.000000	0.000000	0.000000	0.000000	0.000000	0.000000
W65	3114.842206	1.601789	-1.000000	-1.000000	-1.000000	-1.000000	0.000000	0.000000	0.000000	0.000000	0.000000	0.000000
W66	3082.396970	1.991917	-1.000000	-1.000000	-1.000000	-1.000000	0.000000	0.000000	0.000000	0.000000	0.000000	0.000000
W67	3286.716468	1.996819	-1.000000	-1.000000	-1.000000	-1.000000	0.000000	0.000000	0.000000	0.000000	0.000000	0.000000
W68	2778.680777	1.581253	-1.000000	-1.000000	-1.000000	-1.000000	0.000000	0.000000	0.000000	0.000000	0.000000	0.000000
W69	2536.692345	1.610271	-1.000000	-1.000000	-1.000000	-1.000000	0.000000	0.000000	0.000000	0.000000	0.000000	0.000000
W70	2247.120195	1.408090	-1.000000	-1.000000	-1.000000	-1.000000	0.000000	0.000000	0.000000	0.000000	0.000000	0.000000
W71	2376.909103	1.265305	-1.000000	-1.000000	-1.000000	-1.000000	0.000000	0.000000	0.000000	0.000000	0.000000	0.000000
W72	1443.143220	0.940120	-1.000000	-1.000000	-1.000000	-1.000000	0.000000	0.000000	0.000000	0.000000	0.000000	0.000000
W73	2187.129170	1.448517	-1.000000	-1.000000	-1.000000	-1.000000	0.000000	0.000000	0.000000	0.000000	0.000000	0.000000
W74	2408.581965	1.426408	-1.000000	-1.000000	-1.000000	-1.000000	0.000000	0.000000	0.000000	0.000000	0.000000	0.000000
W75	3024.381653	1.545055	-1.000000	-1.000000	-1.000000	-1.000000	0.000000	0.000000	0.000000	0.000000	0.000000	0.000000
W76	2809.958646	1.499055	-1.000000	-1.000000	-1.000000	-1.000000	0.000000	0.000000	0.000000	0.000000	0.000000	0.000000
W77	2047.730555	1.122481	-1.000000	-1.000000	-1.000000	-1.000000	0.000000	0.000000	0.000000	0.000000	0.000000	0.000000
W78	2719.710654	1.570681	-1.000000	-1.000000	-1.000000	-1.000000	0.000000	0.000000	0.000000	0.000000	0.000000	0.000000
W79	2568.998869	1.337572	-1.000000	-1.000000	-1.000000	-1.000000	0.000000	0.000000	0.000000	0.000000	0.000000	0.000000
W80	2604.891581	1.462881	-1.000000	-1.000000	-1.000000	-1.000000	0.000000	0.000000	0.000000	0.000000	0.000000	0.000000
W81	1858.546890	1.116337	-1.000000	-1.000000	-1.000000	-1.000000	0.000000	0.000000	0.000000	0.000000	0.000000	0.000000
W82	643.422853	0.473557	-1.000000	-1.000000	-1.000000	-1.000000	0.000000	0.000000	0.000000	0.000000	0.000000	0.000000
W83	1816.880814	1.031348	-1.000000	-1.000000	-1.000000	-1.000000	0.000000	0.000000	0.000000	0.000000	0.000000	0.000000
W84	1249.106792	0.785353	-1.000000	-1.000000	-1.000000	-1.000000	0.000000	0.000000	0.000000	0.000000	0.000000	0.000000
W85	1429.259122	0.911146	-1.000000	-1.000000	-1.000000	-1.000000	0.000000	0.000000	0.000000	0.000000	0.000000	0.000000
W86	791.168308	0.586924	-1.000000	-1.000000	-1.000000	-1.000000	0.000000	0.000000	0.000000	0.000000	0.000000	0.000000
W87	1895.628876	1.303364	-1.000000	-1.000000	-1.000000	-1.000000	0.000000	0.000000	0.000000	0.000000	0.000000	0.000000
W88	1838.901345	1.170118	-1.000000	-1.000000	-1.000000	-1.000000	0.000000	0.000000	0.000000	0.000000	0.000000	0.000000
W89	2240.729749	1.273534	-1.000000	-1.000000	-1.000000	-1.000000	0.000000	0.000000	0.000000	0.000000	0.000000	0.000000
W90	1497.306314	1.038131	-1.000000	-1.000000	-1.000000	-1.000000	0.000000	0.000000	0.000000	0.000000	0.000000	0.000000
W91	1188.465345	0.817452	-1.000000	-1.000000	-1.000000	-1.000000	0.000000	0.000000	0.000000	0.000000	0.000000	0.000000
W92	1526.925120	0.968522	-1.000000	-1.000000	-1.000000	-1.000000	0.000000	0.000000	0.000000	0.000000	0.000000	0.000000
W93	1446.233457	0.893566	-1.000000	-1.000000	-1.000000	-1.000000	0.000000	0.000000	0.000000	0.000000	0.000000	0.000000
W94	3493.760036	1.837543	-1.000000	-1.000000	-1.000000	-1.000000	0.000000	0.000000	0.000000	0.000000	0.000000	0.000000
W95	2097.961654	1.386544	-1.000000	-1.000000	-1.000000	-1.000000	0.000000	0.000000	0.000000	0.000000	0.000000	0.000000
W96	2042.534221	1.312384	-1.000000	-1.000000	-1.000000	-1.000000	0.000000	0.000000	0.000000	0.000000	0.000000	0.000000
W97	2613.523942	1.353499	-1.000000	-1.000000	-1.000000	-1.000000	0.000000	0.000000	0.000000	0.000000	0.000000	0.000000
W98	3014.517138	1.553249	-1.000000	-1.000000	-1.000000	-1.000000	0.000000	0.000000	0.000000	0.000000	0.000000	0.000000
W99	2736.976973	1.454499	-1.000000	-1.000000	-1.000000	-1.000000	0.000000	0.000000	0.000000	0.000000	0.000000	0.000000
W100	2664.704357	1.477396	-1.000000	-1.000000	-1.000000	-1.000000	0.000000	0.000000	0.000000	0.000000	0.000000	0.000000
W101	2808.570799	1.712699	-1.000000	-1.000000	-1.000000	-1.000000	0.000000	0.000000	0.000000	0.000000	0.000000	0.000000
W102	3121.618931	1.864071	-1.000000	-1.000000	-1.000000	-1.000000	0.000000	0.000000	0.000000	0.000000	0.000000	0.000000
W103	2988.269594	1.603034	-1.000000	-1.000000	-1.000000	-1.000000	0.000000	0.000000	0.000000	0.000000	0.000000	0.000000
W104	2453.075863	1.435212	-1.000000	-1.000000	-1.000000	-1.000000	0.000000	0.000000	0.000000	0.000000	0.000000	0.000000
W105	2807.161625	1.806236	-1.000000	-1.000000	-1.000000	-1.000000	0.000000	0.000000	0.000000	0.000000	0.000000	0.000000
W106	2143.050796	1.341398	-1.000000	-1.000000	-1.000000	-1.000000	0.000000	0.000000	0.000000	0.000000	0.000000	0.000000
W107	3252.432671	1.933204	-1.000000	-1.000000	-1.000000	-1.000000	0.000000	0.000000	0.000000	0.000000	0.000000	0.000000
W108	3262.883927	1.815825	-1.000000	-1.000000	-1.000000	-1.000000	0.000000	0.000000	0.000000	0.000000	0.000000	0.000000
W109	2721.324401	1.651823	-1.000000	-1.000000	-1.000000	-1.000000	0.000000	0.000000	0.000000	0.000000	0.000000	0.000000
W110	2360.948877	1.569037	-1.000000	-1.000000	-1.000000	-1.000000	0.000000	0.000000	0.000000	0.000000	0.000000	0.000000
W111	2300.125875	1.517876	-1.000000	-1.000000	-1.000000	-1.000000	0.000000	0.000000	0.000000	0.000000	0.000000	0.000000
W112	2509.804019	1.497536	-1.000000	-1.000000	-1.000000	-1.000000	0.000000	0.000000	0.000000	0.000000	0.000000	0.000000
W113	1812.903737	1.268606	-1.000000	-1.000000	-1.000000	-1.000000	0.000000	0.000000	0.000000	0.000000	0.000000	0.000000
W114	2027.894846	1.227699	-1.000000	-1.000000	-1.000000	-1.000000	0.000000	0.000000	0.000000	0.000000	0.000000	0.000000
W115	2234.913694	1.684778	-1.000000	-1.000000	-1.000000	-1.000000	0.000000	0.000000	0.000000	0.000000	0.000000	0.000000
W116	1272.973876	0.889019	-1.000000	-1.000000	-1.000000	-1.000000	0.000000	0.000000	0.000000	0.000000	0.000000	0.000000
W117	1503.502260	0.980036	-1.000000	-1.000000	-1.000000	-1.000000	0.000000	0.000000	0.000000	0.000000	0.000000	0.000000
W118	3043.517392	1.915311	-1.000000	-1.000000	-1.000000	-1.000000	0.000000	0.000000	0.000000	0.000000	0.000000	0.000000
W119	1578.303477	0.942787	-1.000000	-1.000000	-1.000000	-1.000000	0.000000	0.000000	0.000000	0.000000	0.000000	0.000000
W120	1388.969525	0.957433	-1.000000	-1.000000	-1.000000	-1.000000	0.000000	0.000000	0.000000	0.000000	0.000000	0.000000
W121	2761.276495	1.826606	-1.000000	-1.000000	-1.000000	-1.000000	0.000000	0.000000	0.000000	0.000000	0.000000	0.000000
W122	3152.272775	1.601728	-1.000000	-1.000000	-1.000000	-1.000000	0.000000	0.000000	0.000000	0.000000	0.000000	0.000000
W123	3166.775885	1.781785	-1.000000	-1.000000	-1.000000	-1.000000	0.000000	0.000000	0.000000	0.000000	0.000000	0.000000
W124	2241.547415	1.481002	-1.000000	-1.000000	-1.000000	-1.000000	0.000000	0.000000	0.000000	0.000000	0.000000	0.000000
W125	2325.588809	1.565090	-1.000000	-1.000000	-1.000000	-1.000000	0.000000	0.000000	0.000000	0.000000	0.000000	0.000000
W126	1695.323679	1.036162	-1.000000	-1.000000	-1.000000	-1.000000	0.000000	0.000000	0.000000	0.000000	0.000000	0.000000
W127	1529.575450	1.072946	-1.000000	-1.000000	-1.000000	-1.000000	0.000000	0.000000	0.000000	0.000000	0.000000	0.000000
W128	2177.104869	1.245571	-1.000000	-1.000000	-1.000000	-1.000000	0.000000	0.000000	0.000000	0.000000	0.000000	0.000000
W129	3285.478690	1.651103	-1.000000	-1.000000	-1.000000	-1.000000	0.000000	0.000000	0.000000	0.000000	0.000000	0.000000
W130	1336.943212	0.972620	-1.000000	-1.000000	-1.000000	-1.000000	0.000000	0.000000	0.000000	0.000000	0.000000	0.000000
W131	2442.313960	1.361728	-1.000000	-1.000000	-1.000000	-1.000000	0.000000	0.000000	0.000000	0.000000	0.000000	0.000000
W132	2217.228407	1.201978	-1.000000	-1.000000	-1.000000	-1.000000	0.000000	0.000000	0.000000	0.000000	0.000000	0.000000
W133	3298.248223	1.769573	-1.000000	-1.000000	-1.000000	-1.000000	0.000000	0.000000	0.000000	0.000000	0.000000	0.000000
W134	2084.547474	1.357583	-1.000000	-1.000000	-1.000000	-1.000000	0.000000	0.000000	0.000000	0.000000	0.000000	0.000000
W135	2816.120599	1.467834	-1.000000	-1.000000	-1.000000	-1.000000	0.000000	0.000000	0.000000	0.000000	0.000000	0.000000
W136	3121.237866	1.968187	-1.000000	-1.000000	-1.000000	-1.000000	0.000000	0.000000	0.000000	0.000000	0.000000	0.000000
W137	2804.012780	1.570329	-1.000000	-1.000000	-1.000000	-1.000000	0.000000	0.000000	0.000000	0.000000	0.000000	0.000000
W138	4103.831313	2.539737	-1.000000	-1.000000	-1.000000	-1.000000	0.000000	0.000000	0.000000	0.000000	0.000000	0.000000
W139	1844.722530	1.222522	-1.000000	-1.000000	-1.000000	-1.000000	0.000000	0.000000	0.000000	0.000000	0.000000	0.000000
W140	2144.834777	1.186943	-1.000000	-1.000000	-1.000000	-1.000000	0.000000	0.000000	0.000000	0.000000	0.000000	0.000000
W141	2407.779145	1.472696	-1.000000	-1.000000	-1.000000	-1.000000	0.000000	0.000000	0.000000	0.000000	0.000000	0.000000
W142	2839.259868	1.671471	-1.000000	-1.000000	-1.000000	-1.000000	0.000000	0.000000	0.000000	0.000000	0.000000	0.000000
W143	3228.387215	1.719838	-1.000000	-1.000000	-1.000000	-1.000000	0.000000	0.000000	0.000000	0.000000	0.000000	0.000000
W144	2333.667202	1.271503	-1.000000	-1.000000	-1.000000	-1.000000	0.000000	0.000000	0.000000	0.000000	0.000000	0.000000
W145	1663.549157	1.110159	-1.000000	-1.000000	-1.000000	-1.000000	0.000000	0.000000	0.000000	0.000000	0.000000	0.000000
W146	1700.243186	1.029535	-1.000000	-1.000000	-1.000000	-1.000000	0.000000	0.000000	0.000000	0.000000	0.000000	0.000000
W147	1459.541965	1.093227	-1.000000	-1.000000	-1.000000	-1.000000	0.000000	0.000000	0.000000	0.000000	0.000000	0.000000
W148	3898.377384	1.995615	-1.000000	-1.000000	-1.000000	-1.000000	0.000000	0.000000	0.000000	0.000000	0.000000	0.000000
W149	1572.663271	0.845694	-1.000000	-1.000000	-1.000000	-1.000000	0.000000	0.000000	0.000000	0.000000	0.000000	0.000000
W150	1298.660488	0.744136	-1.000000	-1.000000	-1.000000	-1.000000	0.000000	0.000000	0.000000	0.000000	0.000000	0.000000
W151	1433.840373	0.989465	-1.000000	-1.000000	-1.000000	-1.000000	0.000000	0.000000	0.000000	0.000000	0.000000	0.000000
W152	2778.388896	1.584855	-1.000000	-1.000000	-1.000000	-1.000000	0.000000	0.000000	0.000000	0.000000	0.000000	0.000000
W153	1939.326616	1.152854	-1.000000	-1.000000	-1.000000	-1.000000	0.000000	0.000000	0.000000	0.000000	0.000000	0.000000
W154	1735.747398	1.110371	-1.000000	-1.000000	-1.000000	-1.000000	0.000000	0.000000	0.000000	0.000000	0.000000	0.000000
W155	2402.613383	1.432923	-1.000000	-1.000000	-1.000000	-1.000000	0.000000	0.000000	0.000000	0.000000	0.000000	0.000000
W156	1278.426639	1.003896	-1.000000	-1.000000	-1.000000	-1.000000	0.000000	0.000000	0.000000	0.000000	0.000000	0.000000
W157	2007.436789	1.292510	-1.000000	-1.000000	-1.000000	-1.000000	0.000000	0.000000	0.000000	0.000000	0.000000	0.000000
W158	2065.266293	1.273641	-1.000000	-1.000000	-1.000000	-1.000000	0.000000	0.000000	0.000000	0.000000	0.000000	0.000000
W159	2042.637568	1.214571	-1.000000	-1.000000	-1.000000	-1.000000	0.000000	0.000000	0.000000	0.000000	0.000000	0.000000
W160	1179.614308	0.832970	-1.000000	-1.000000	-1.000000	-1.000000	0.000000	0.000000	0.000000	0.000000	0.000000	0.000000
W161	2039.317761	1.225033	-1.000000	-1.000000	-1.000000	-1.000000	0.000000	0.000000	0.000000	0.000000	0.000000	0.000000
W162	1310.916177	0.768525	-1.000000	-1.000000	-1.000000	-1.000000	0.000000	0.000000	0.000000	0.000000	0.000000	0.000000
W163	2059.408676	1.227029	-1.000000	-1.000000	-1.000000	-1.000000	0.000000	0.000000	0.000000	0.000000	0.000000	0.000000
W164	2008.476249	0.863545	-1.000000	-1.000000	-1.000000	-1.000000	0.000000	0.000000	0.000000	0.000000	0.000000	0.000000
W165	2724.037100	1.343378	-1.000000	-1.000000	-1.000000	-1.000000	0.000000	0.000000	0.000000	0.000000	0.000000	0.000000
W166	1522.912896	1.087845	-1.000000	-1.000000	-1.000000	-1.000000	0.000000	0.000000	0.000000	0.000000	0.000000	0.000000
W167	1431.568511	1.167290	-1.000000	-1.000000	-1.000000	-1.000000	0.000000	0.000000	0.000000	0.000000	0.000000	0.000000
W168	1663.456759	1.279091	-1.000000	-1.000000	-1.000000	-1.000000	0.000000	0.000000	0.000000	0.000000	0.000000	0.000000
W169	2317.243930	1.432268	-1.000000	-1.000000	-1.000000	-1.000000	0.000000	0.000000	0.000000	0.000000	0.000000	0.000000
W170	1823.171268	1.024367	-1.000000	-1.000000	-1.000000	-1.000000	0.000000	0.000000	0.000000	0.000000	0.000000	0.000000
W171	4228.695320	3.145247	-1.000000	-1.000000	-1.000000	-1.000000	0.000000	0.000000	0.000000	0.000000	0.000000	0.000000
W172	1617.258928	1.460192	-1.000000	-1.000000	-1.000000	-1.000000	0.000000	0.000000	0.000000	0.000000	0.000000	0.000000
W173	2656.664388	1.409576	-1.000000	-1.000000	-1.000000	-1.000000	0.000000	0.000000	0.000000	0.000000	0.000000	0.000000
W174	1945.428742	1.250133	-1.000000	-1.000000	-1.000000	-1.000000	0.000000	0.000000	0.000000	0.000000	0.000000	0.000000
W175	3341.558048	2.036416	-1.000000	-1.000000	-1.000000	-1.000000	0.000000	0.000000	0.000000	0.000000	0.000000	0.000000
W176	3101.776575	1.885452	-1.000000	-1.000000	-1.000000	-1.000000	0.000000	0.000000	0.000000	0.000000	0.000000	0.000000
W177	3468.701900	1.883089	-1.000000	-1.000000	-1.000000	-1.000000	0.000000	0.000000	0.000000	0.000000	0.000000	0.000000
W178	3158.947954	2.180092	-1.000000	-1.000000	-1.000000	-1.000000	0.000000	0.000000	0.000000	0.000000	0.000000	0.000000
W179	2355.128231	1.390725	-1.000000	-1.000000	-1.000000	-1.000000	0.000000	0.000000	0.000000	0.000000	0.000000	0.000000
W180	2464.847690	1.414886	-1.000000	-1.000000	-1.000000	-1.000000	0.000000	0.000000	0.000000	0.000000	0.000000	0.000000
W181	2167.823881	1.341111	-1.000000	-1.000000	-1.000000	-1.000000	0.000000	0.000000	0.000000	0.000000	0.000000	0.000000
W182	2112.709768	1.390220	-1.000000	-1.000000	-1.000000	-1.000000	0.000000	0.000000	0.000000	0.000000	0.000000	0.000000
W183	1484.884622	1.141982	-1.000000	-1.000000	-1.000000	-1.000000	0.000000	0.000000	0.000000	0.000000	0.000000	0.000000
W184	2141.193204	1.413809	-1.000000	-1.000000	-1.000000	-1.000000	0.000000	0.000000	0.000000	0.000000	0.000000	0.000000
W185	2998.560240	1.495190	-1.000000	-1.000000	-1.000000	-1.000000	0.000000	0.000000	0.000000	0.000000	0.000000	0.000000
W186	2109.147848	1.406921	-1.000000	-1.000000	-1.000000	-1.000000	0.000000	0.000000	0.000000	0.000000	0.000000	0.000000
W187	1672.785056	1.202994	-1.000000	-1.000000	-1.000000	-1.000000	0.000000	0.000000	0.000000	0.000000	0.000000	0.000000
W188	1804.867996	1.383904	-1.000000	-1.000000	-1.000000	-1.000000	0.000000	0.000000	0.000000	0.000000	0.000000	0.000000
W189	2403.657719	1.387754	-1.000000	-1.000000	-1.000000	-1.000000	0.000000	0.000000	0.000000	0.000000	0.000000	0.000000
W190	2334.849277	1.539335	-1.000000	-1.000000	-1.000000	-1.000000	0.000000	0.000000	0.000000	0.000000	0.000000	0.000000
W191	2469.893300	1.399593	-1.000000	-1.000000	-1.000000	-1.000000	0.000000	0.000000	0.000000	0.000000	0.000000	0.000000
W192	2062.121448	1.218916	-1.000000	-1.000000	-1.000000	-1.000000	0.000000	0.000000	0.000000	0.000000	0.000000	0.000000
W193	1589.444935	1.107005	-1.000000	-1.000000	-1.000000	-1.000000	0.000000	0.000000	0.000000	0.000000	0.000000	0.000000
W194	2664.153319	2.113510	-1.000000	-1.000000	-1.000000	-1.000000	0.000000	0.000000	0.000000	0.000000	0.000000	0.000000
W195	2860.554802	1.806768	-1.000000	-1.000000	-1.000000	-1.000000	0.000000	0.000000	0.000000	0.000000	0.000000	0.000000
W196	1545.392308	0.932840	-1.000000	-1.000000	-1.000000	-1.000000	0.000000	0.000000	0.000000	0.000000	0.000000	0.000000
W197	3123.294212	1.864498	-1.000000	-1.000000	-1.000000	-1.000000	0.000000	0.000000	0.000000	0.000000	0.000000	0.000000
W198	3328.137438	1.991284	-1.000000	-1.000000	-1.000000	-1.000000	0.000000	0.000000	0.000000	0.000000	0.000000	0.000000
W199	1428.848103	0.722795	-1.000000	-1.000000	-1.000000	-1.000000	0.000000	0.000000	0.000000	0.000000	0.000000	0.000000
W200	1366.760592	0.877263	-1.000000	-1.000000	-1.000000	-1.000000	0.000000	0.000000	0.000000	0.000000	0.000000	0.000000
W201	3134.665136	2.113443	-1.000000	-1.000000	-1.000000	-1.000000	0.000000	0.000000	0.000000	0.000000	0.000000	0.000000
W202	1863.663432	1.152940	-1.000000	-1.000000	-1.000000	-1.000000	0.000000	0.000000	0.000000	0.000000	0.000000	0.000000
W203	2878.157750	1.712794	-1.000000	-1.000000	-1.000000	-1.000000	0.000000	0.000000	0.000000	0.000000	0.000000	0.000000
W204	2542.719569	1.567180	-1.000000	-1.000000	-1.000000	-1.000000	0.000000	0.000000	0.000000	0.000000	0.000000	0.000000
W205	3739.980908	2.636292	-1.000000	-1.000000	-1.000000	-1.000000	0.000000	0.000000	0.000000	0.000000	0.000000	0.000000
W206	2450.112766	1.593726	-1.000000	-1.000000	-1.000000	-1.000000	0.000000	0.000000	0.000000	0.000000	0.000000	0.000000
W207	3152.984844	1.727591	-1.000000	-1.000000	-1.000000	-1.000000	0.000000	0.000000	0.000000	0.000000	0.000000	0.000000
W208	3128.408602	1.780395	-1.000000	-1.000000	-1.000000	-1.000000	0.000000	0.000000	0.000000	0.000000	0.000000	0.000000
W209	2270.804538	1.462540	-1.000000	-1.000000	-1.000000	-1.000000	0.000000	0.000000	0.000000	0.000000	0.000000	0.000000
W210	2220.728789	1.490914	-1.000000	-1.000000	-1.000000	-1.000000	0.000000	0.000000	0.000000	0.000000	0.000000	0.000000
W211	3342.277818	1.861009	-1.000000	-1.000000	-1.000000	-1.000000	0.000000	0.000000	0.000000	0.000000	0.000000	0.000000
W212	2692.700391	1.664913	-1.000000	-1.000000	-1.000000	-1.000000	0.000000	0.000000	0.000000	0.000000	0.000000	0.000000
W213	3543.477887	1.837093	-1.000000	-1.000000	-1.000000	-1.000000	0.000000	0.000000	0.000000	0.000000	0.000000	0.000000
W214	3070.983925	1.580377	-1.000000	-1.000000	-1.000000	-1.000000	0.000000	0.000000	0.000000	0.000000	0.000000	0.000000
W215	3907.292950	2.159360	-1.000000	-1.000000	-1.000000	-1.000000	0.000000	0.000000	0.000000	0.000000	0.000000	0.000000
W216	2981.724617	1.616453	-1.000000	-1.000000	-1.000000	-1.000000	0.000000	0.000000	0.000000	0.000000	0.000000	0.000000
W217	2176.050140	1.411188	-1.000000	-1.000000	-1.000000	-1.000000	0.000000	0.000000	0.000000	0.000000	0.000000	0.000000
W218	1545.735957	1.199567	-1.000000	-1.000000	-1.000000	-1.000000	0.000000	0.000000	0.000000	0.000000	0.000000	0.000000
W219	2964.917783	1.641303	-1.000000	-1.000000	-1.000000	-1.000000	0.000000	0.000000	0.000000	0.000000	0.000000	0.000000
W220	3422.843999	1.796567	-1.000000	-1.000000	-1.000000	-1.000000	0.000000	0.000000	0.000000	0.000000	0.000000	0.000000
W221	3128.144676	1.566787	-1.000000	-1.000000	-1.000000	-1.000000	0.000000	0.000000	0.000000	0.000000	0.000000	0.000000
W222	1921.323154	1.128666	-1.000000	-1.000000	-1.000000	-1.000000	0.000000	0.000000	0.000000	0.000000	0.000000	0.000000
W223	1934.101211	1.217736	-1.000000	-1.000000	-1.000000	-1.000000	0.000000	0.000000	0.000000	0.000000	0.000000	0.000000
W224	2831.990589	1.613523	-1.000000	-1.000000	-1.000000	-1.000000	0.000000	0.000000	0.000000	0.000000	0.000000	0.000000
W225	2321.252831	1.597041	-1.000000	-1.000000	-1.000000	-1.000000	0.000000	0.000000	0.000000	0.000000	0.000000	0.000000
W226	1924.953915	1.457124	-1.000000	-1.000000	-1.000000	-1.000000	0.000000	0.000000	0.000000	0.000000	0.000000	0.000000
W227	3155.358943	1.919609	-1.000000	-1.000000	-1.000000	-1.000000	0.000000	0.000000	0.000000	0.000000	0.000000	0.000000
W228	1504.163201	1.119443	-1.000000	-1.000000	-1.000000	-1.000000	0.000000	0.000000	0.000000	0.000000	0.000000	0.000000
W229	2910.178596	1.832295	-1.000000	-1.000000	-1.000000	-1.000000	0.000000	0.000000	0.000000	0.000000	0.000000	0.000000
W230	4532.448472	2.925516	-1.000000	-1.000000	-1.000000	-1.000000	0.000000	0.000000	0.000000	0.000000	0.000000	0.000000
W231	1742.722234	1.225415	-1.000000	-1.000000	-1.000000	-1.000000	0.000000	0.000000	0.000000	0.000000	0.000000	0.000000
W232	2797.508819	1.546827	-1.000000	-1.000000	-1.000000	-1.000000	0.000000	0.000000	0.000000	0.000000	0.000000	0.000000
W233	2801.809099	1.661083	-1.000000	-1.000000	-1.000000	-1.000000	0.000000	0.000000	0.000000	0.000000	0.000000	0.000000
W234	1906.004520	1.227834	-1.000000	-1.000000	-1.000000	-1.000000	0.000000	0.000000	0.000000	0.000000	0.000000	0.000000
W235	2645.217473	1.510917	-1.000000	-1.000000	-1.000000	-1.000000	0.000000	0.000000	0.000000	0.000000	0.000000	0.000000
W236	4197.934873	2.393517	-1.000000	-1.000000	-1.000000	-1.000000	0.000000	0.000000	0.000000	0.000000	0.000000	0.000000
W237	1938.364161	1.245756	-1.000000	-1.000000	-1.000000	-1.000000	0.000000	0.000000	0.000000	0.000000	0.000000	0.000000
W238	3931.761439	2.045104	-1.000000	-1.000000	-1.000000	-1.000000	0.000000	0.000000	0.000000	0.000000	0.000000	0.000000
W239	2517.876848	1.575481	-1.000000	-1.000000	-1.000000	-1.000000	0.000000	0.000000	0.000000	0.000000	0.000000	0.000000
W240	3499.974991	1.581898	-1.000000	-1.000000	-1.000000	-1.000000	0.000000	0.000000	0.000000	0.000000	0.000000	0.000000
W241	1655.692315	1.183211	-1.000000	-1.000000	-1.000000	-1.000000	0.000000	0.000000	0.000000	0.000000	0.000000	0.000000
W242	2898.213351	1.832502	-1.000000	-1.000000	-1.000000	-1.000000	0.000000	0.000000	0.000000	0.000000	0.000000	0.000000
W243	1708.464884	1.134651	-1.000000	-1.000000	-1.000000	-1.000000	0.000000	0.000000	0.000000	0.000000	0.000000	0.000000
W244	1854.068037	1.313098	-1.000000	-1.000000	-1.000000	-1.000000	0.000000	0.000000	0.000000	0.000000	0.000000	0.000000
W245	3221.710006	1.837261	-1.000000	-1.000000	-1.000000	-1.000000	0.000000	0.000000	0.000000	0.000000	0.000000	0.000000
W246	3289.196874	1.769104	-1.000000	-1.000000	-1.000000	-1.000000	0.000000	0.000000	0.000000	0.000000	0.000000	0.000000
W247	1602.241074	1.094762	-1.000000	-1.000000	-1.000000	-1.000000	0.000000	0.000000	0.000000	0.000000	0.000000	0.000000
W248	3513.318380	1.898876	-1.000000	-1.000000	-1.000000	-1.000000	0.000000	0.000000	0.000000	0.000000	0.000000	0.000000
W249	4044.559293	2.204218	-1.000000	-1.000000	-1.000000	-1.000000	0.000000	0.000000	0.000000	0.000000	0.000000	0.000000
W250	3066.312544	1.856860	-1.000000	-1.000000	-1.000000	-1.000000	0.000000	0.000000	0.000000	0.000000	0.000000	0.000000
W251	2037.919564	1.568561	-1.000000	-1.000000	-1.000000	-1.000000	0.000000	0.000000	0.000000	0.000000	0.000000	0.000000
W252	2196.119406	1.422208	-1.000000	-1.000000	-1.000000	-1.000000	0.000000	0.000000	0.000000	0.000000	0.000000	0.000000
W253	3577.637469	2.311435	-1.000000	-1.000000	-1.000000	-1.000000	0.000000	0.000000	0.000000	0.000000	0.000000	0.000000
W254	4462.354167	2.276790	-1.000000	-1.000000	-1.000000	-1.000000	0.000000	0.000000	0.000000	0.000000	0.000000	0.000000
W255	2823.444639	1.685184	-1.000000	-1.000000	-1.000000	-1.000000	0.000000	0.000000	0.000000	0.000000	0.000000	0.000000
W256	2658.972401	1.852846	-1.000000	-1.000000	-1.000000	-1.000000	0.000000	0.000000	0.000000	0.000000	0.000000	0.000000
W257	3108.672944	1.800954	-1.000000	-1.000000	-1.000000	-1.000000	0.000000	0.000000	0.000000	0.000000	0.000000	0.000000
W258	3649.526103	2.072984	-1.000000	-1.000000	-1.000000	-1.000000	0.000000	0.000000	0.000000	0.000000	0.000000	0.000000
W259	2637.794019	1.762733	-1.000000	-1.000000	-1.000000	-1.000000	0.000000	0.000000	0.000000	0.000000	0.000000	0.000000
W260	2270.124396	1.609224	-1.000000	-1.000000	-1.000000	-1.000000	0.000000	0.000000	0.000000	0.000000	0.000000	0.000000
W261	2061.085663	1.222786	-1.000000	-1.000000	-1.000000	-1.000000	0.000000	0.000000	0.000000	0.000000	0.000000	0.000000
W262	2345.916786	1.351688	-1.000000	-1.000000	-1.000000	-1.000000	0.000000	0.000000	0.000000	0.000000	0.000000	0.000000
W263	3511.357627	2.333664	-1.000000	-1.000000	-1.000000	-1.000000	0.000000	0.000000	0.000000	0.000000	0.000000	0.000000
W264	2638.795573	1.623989	-1.000000	-1.000000	-1.000000	-1.000000	0.000000	0.000000	0.000000	0.000000	0.000000	0.000000
W265	3192.990753	1.857870	-1.000000	-1.000000	-1.000000	-1.000000	0.000000	0.000000	0.000000	0.000000	0.000000	0.000000
W266	2616.324933	1.453201	-1.000000	-1.000000	-1.000000	-1.000000	0.000000	0.000000	0.000000	0.000000	0.000000	0.000000
W267	2736.302119	1.767231	-1.000000	-1.000000	-1.000000	-1.000000	0.000000	0.000000	0.000000	0.000000	0.000000	0.000000
W268	1968.327872	1.206975	-1.000000	-1.000000	-1.000000	-1.000000	0.000000	0.000000	0.000000	0.000000	0.000000	0.000000
W269	2192.423070	1.457237	-1.000000	-1.000000	-1.000000	-1.000000	0.000000	0.000000	0.000000	0.000000	0.000000	0.000000
W270	2296.398232	1.689688	-1.000000	-1.000000	-1.000000	-1.000000	0.000000	0.000000	0.000000	0.000000	0.000000	0.000000
W271	3055.876039	1.645283	-1.000000	-1.000000	-1.000000	-1.000000	0.000000	0.000000	0.000000	0.000000	0.000000	0.000000
W272	2887.705160	1.732574	-1.000000	-1.000000	-1.000000	-1.000000	0.000000	0.000000	0.000000	0.000000	0.000000	0.000000
W273	4322.164677	2.308731	-1.000000	-1.000000	-1.000000	-1.000000	0.000000	0.000000	0.000000	0.000000	0.000000	0.000000
W274	2779.662003	1.466552	-1.000000	-1.000000	-1.000000	-1.000000	0.000000	0.000000	0.000000	0.000000	0.000000	0.000000
W275	3197.094640	1.813912	-1.000000	-1.000000	-1.000000	-1.000000	0.000000	0.000000	0.000000	0.000000	0.000000	0.000000
W276	2805.772321	1.460629	-1.000000	-1.000000	-1.000000	-1.000000	0.000000	0.000000	0.000000	0.000000	0.000000	0.000000
W277	1864.773902	1.194446	-1.000000	-1.000000	-1.000000	-1.000000	0.000000	0.000000	0.000000	0.000000	0.000000	0.000000
W278	2684.163651	1.712244	-1.000000	-1.000000	-1.000000	-1.000000	0.000000	0.000000	0.000000	0.000000	0.000000	0.000000
W279	2027.655957	1.197577	-1.000000	-1.000000	-1.000000	-1.000000	0.000000	0.000000	0.000000	0.000000	0.000000	0.000000
W280	2189.559911	1.345068	-1.000000	-1.000000	-1.000000	-1.000000	0.000000	0.000000	0.000000	0.000000	0.000000	0.000000
W281	2118.444598	1.422916	-1.000000	-1.000000	-1.000000	-1.000000	0.000000	0.000000	0.000000	0.000000	0.000000	0.000000
W282	2724.639508	1.676111	-1.000000	-1.000000	-1.000000	-1.000000	0.000000	0.000000	0.000000	0.000000	0.000000	0.000000
W283	2207.305954	1.461179	-1.000000	-1.000000	-1.000000	-1.000000	0.000000	0.000000	0.000000	0.000000	0.000000	0.000000
W284	1604.401052	1.193457	-1.000000	-1.000000	-1.000000	-1.000000	0.000000	0.000000	0.000000	0.000000	0.000000	0.000000
W285	2153.771353	1.405767	-1.000000	-1.000000	-1.000000	-1.000000	0.000000	0.000000	0.000000	0.000000	0.000000	0.000000
W286	3992.412341	1.983917	-1.000000	-1.000000	-1.000000	-1.000000	0.000000	0.000000	0.000000	0.000000	0.000000	0.000000
W287	2023.297609	1.192113	-1.000000	-1.000000	-1.000000	-1.000000	0.000000	0.000000	0.000000	0.000000	0.000000	0.000000
W288	4578.778674	2.632165	-1.000000	-1.000000	-1.000000	-1.000000	0.000000	0.000000	0.000000	0.000000	0.000000	0.000000
W289	3860.412514	2.268032	-1.000000	-1.000000	-1.000000	-1.000000	0.000000	0.000000	0.000000	0.000000	0.000000	0.000000
W290	3060.421072	1.621008	-1.000000	-1.000000	-1.000000	-1.000000	0.000000	0.000000	0.000000	0.000000	0.000000	0.000000
W291	3066.760552	2.194428	-1.000000	-1.000000	-1.000000	-1.000000	0.000000	0.000000	0.000000	0.000000	0.000000	0.000000
W292	2307.902682	1.437177	-1.000000	-1.000000	-1.000000	-1.000000	0.000000	0.000000	0.000000	0.000000	0.000000	0.000000
W293	2459.891227	1.612779	-1.000000	-1.000000	-1.000000	-1.000000	0.000000	0.000000	0.000000	0.000000	0.000000	0.000000
W294	1697.593115	1.378978	-1.000000	-1.000000	-1.000000	-1.000000	0.000000	0.000000	0.000000	0.000000	0.000000	0.000000
W295	4261.680273	2.307624	-1.000000	-1.000000	-1.000000	-1.000000	0.000000	0.000000	0.000000	0.000000	0.000000	0.000000
W296	3031.057501	1.806797	-1.000000	-1.000000	-1.000000	-1.000000	0.000000	0.000000	0.000000	0.000000	0.000000	0.000000
W297	3614.287698	1.870292	-1.000000	-1.000000	-1.000000	-1.000000	0.000000	0.000000	0.000000	0.000000	0.000000	0.000000
W298	3059.440561	1.671517	-1.000000	-1.000000	-1.000000	-1.000000	0.000000	0.000000	0.000000	0.000000	0.000000	0.000000
W299	3499.186286	1.806501	-1.000000	-1.000000	-1.000000	-1.000000	0.000000	0.000000	0.000000	0.000000	0.000000	0.000000
W300	2670.938772	1.771569	-1.000000	-1.000000	-1.000000	-1.000000	0.000000	0.000000	0.000000	0.000000	0.000000	0.000000
W301	2008.187985	1.381206	-1.000000	-1.000000	-1.000000	-1.000000	0.000000	0.000000	0.000000	0.000000	0.000000	0.000000
W302	1907.807705	1.337041	-1.000000	-1.000000	-1.000000	-1.000000	0.000000	0.000000	0.000000	0.000000	0.000000	0.000000
W303	2982.849026	1.936894	-1.000000	-1.000000	-1.000000	-1.000000	0.000000	0.000000	0.000000	0.000000	0.000000	0.000000
W304	2819.983876	1.631086	-1.000000	-1.000000	-1.000000	-1.000000	0.000000	0.000000	0.000000	0.000000	0.000000	0.000000
W305	2927.388966	2.269146	-1.000000	-1.000000	-1.000000	-1.000000	0.000000	0.000000	0.000000	0.000000	0.000000	0.000000
W306	1172.293572	1.100429	-1.000000	-1.000000	-1.000000	-1.000000	0.000000	0.000000	0.000000	0.000000	0.000000	0.000000
W307	2958.967642	1.614074	-1.000000	-1.000000	-1.000000	-1.000000	0.000000	0.000000	0.000000	0.000000	0.000000	0.000000
W308	4064.119874	2.125723	-1.000000	-1.000000	-1.000000	-1.000000	0.000000	0.000000	0.000000	0.000000	0.000000	0.000000
W309	2585.422771	1.653814	-1.000000	-1.000000	-1.000000	-1.000000	0.000000	0.000000	0.000000	0.000000	0.000000	0.000000
W310	1719.193230	1.034656	-1.000000	-1.000000	-1.000000	-1.000000	0.000000	0.000000	0.000000	0.000000	0.000000	0.000000
W311	2018.433063	1.439043	-1.000000	-1.000000	-1.000000	-1.000000	0.000000	0.000000	0.000000	0.000000	0.000000	0.000000
W312	2215.702163	1.722891	-1.000000	-1.000000	-1.000000	-1.000000	0.000000	0.000000	0.000000	0.000000	0.000000	0.000000
W313	1996.263533	1.339948	-1.000000	-1.000000	-1.000000	-1.000000	0.000000	0.000000	0.000000	0.000000	0.000000	0.000000
W314	2326.145028	1.579407	-1.000000	-1.000000	-1.000000	-1.000000	0.000000	0.000000	0.000000	0.000000	0.000000	0.000000
W315	3884.729406	2.251980	-1.000000	-1.000000	-1.000000	-1.000000	0.000000	0.000000	0.000000	0.000000	0.000000	0.000000
W316	2283.322328	1.441996	-1.000000	-1.000000	-1.000000	-1.000000	0.000000	0.000000	0.000000	0.000000	0.000000	0.000000
W317	2280.932675	1.301186	-1.000000	-1.000000	-1.000000	-1.000000	0.000000	0.000000	0.000000	0.000000	0.000000	0.000000
W318	2134.308620	1.202599	-1.000000	-1.000000	-1.000000	-1.000000	0.000000	0.000000	0.000000	0.000000	0.000000	0.000000
W319	3005.267389	1.485631	-1.000000	-1.000000	-1.000000	-1.000000	0.000000	0.000000	0.000000	0.000000	0.000000	0.000000
W320	2754.199089	1.660278	-1.000000	-1.000000	-1.000000	-1.000000	0.000000	0.000000	0.000000	0.000000	0.000000	0.000000
W321	1591.074201	1.102452	-1.000000	-1.000000	-1.000000	-1.000000	0.000000	0.000000	0.000000	0.000000	0.000000	0.000000
W322	2265.095382	1.436082	-1.000000	-1.000000	-1.000000	-1.000000	0.000000	0.000000	0.000000	0.000000	0.000000	0.000000
W323	2122.109771	1.263268	-1.000000	-1.000000	-1.000000	-1.000000	0.000000	0.000000	0.000000	0.000000	0.000000	0.000000
W324	1654.614417	1.007663	-1.000000	-1.000000	-1.000000	-1.000000	0.000000	0.000000	0.000000	0.000000	0.000000	0.000000
W325	2938.725952	1.490862	-1.000000	-1.000000	-1.000000	-1.000000	0.000000	0.000000	0.000000	0.000000	0.000000	0.000000
W326	2377.919640	1.354053	-1.000000	-1.000000	-1.000000	-1.000000	0.000000	0.000000	0.000000	0.000000	0.000000	0.000000
W327	2917.101043	1.471709	-1.000000	-1.000000	-1.000000	-1.000000	0.000000	0.000000	0.000000	0.000000	0.000000	0.000000
W328	2892.846943	1.770718	-1.000000	-1.000000	-1.000000	-1.000000	0.000000	0.000000	0.000000	0.000000	0.000000	0.000000
W329	1488.075267	1.078844	-1.000000	-1.000000	-1.000000	-1.000000	0.000000	0.000000	0.000000	0.000000	0.000000	0.000000
W330	3171.883379	1.787753	-1.000000	-1.000000	-1.000000	-1.000000	0.000000	0.000000	0.000000	0.000000	0.000000	0.000000
W331	3322.722078	1.951718	-1.000000	-1.000000	-1.000000	-1.000000	0.000000	0.000000	0.000000	0.000000	0.000000	0.000000
W332	3413.750520	1.945151	-1.000000	-1.000000	-1.000000	-1.000000	0.000000	0.000000	0.000000	0.000000	0.000000	0.000000
W333	2099.119814	1.516183	-1.000000	-1.000000	-1.000000	-1.000000	0.000000	0.000000	0.000000	0.000000	0.000000	0.000000
W334	2542.389283	1.558131	-1.000000	-1.000000	-1.000000	-1.000000	0.000000	0.000000	0.000000	0.000000	0.000000	0.000000
W335	1748.750189	1.697138	-1.000000	-1.000000	-1.000000	-1.000000	0.000000	0.000000	0.000000	0.000000	0.000000	0.000000
W336	3476.716127	1.712721	-1.000000	-1.000000	-1.000000	-1.000000	0.000000	0.000000	0.000000	0.000000	0.000000	0.000000
W337	2481.796731	1.772261	-1.000000	-1.000000	-1.000000	-1.000000	0.000000	0.000000	0.000000	0.000000	0.000000	0.000000
W338	2079.067371	1.467465	-1.000000	-1.000000	-1.000000	-1.000000	0.000000	0.000000	0.000000	0.000000	0.000000	0.000000
W339	1082.087780	0.890528	-1.000000	-1.000000	-1.000000	-1.000000	0.000000	0.000000	0.000000	0.000000	0.000000	0.000000
W340	2701.054041	1.803012	-1.000000	-1.000000	-1.000000	-1.000000	0.000000	0.000000	0.000000	0.000000	0.000000	0.000000
W341	2530.176229	1.799110	-1.000000	-1.000000	-1.000000	-1.000000	0.000000	0.000000	0.000000	0.000000	0.000000	0.000000
W342	1118.038482	0.854293	-1.000000	-1.000000	-1.000000	-1.000000	0.000000	0.000000	0.000000	0.000000	0.000000	0.000000
W343	2320.177535	1.323384	-1.000000	-1.000000	-1.000000	-1.000000	0.000000	0.000000	0.000000	0.000000	0.000000	0.000000
W344	2405.918568	1.364256	-1.000000	-1.000000	-1.000000	-1.000000	0.000000	0.000000	0.000000	0.000000	0.000000	0.000000
W345	2343.094566	1.380904	-1.000000	-1.000000	-1.000000	-1.000000	0.000000	0.000000	0.000000	0.000000	0.000000	0.000000
W346	3209.523810	1.762674	-1.000000	-1.000000	-1.000000	-1.000000	0.000000	0.000000	0.000000	0.000000	0.000000	0.000000
W347	2940.884752	1.471815	-1.000000	-1.000000	-1.000000	-1.000000	0.000000	0.000000	0.000000	0.000000	0.000000	0.000000
W348	2636.445992	1.541948	-1.000000	-1.000000	-1.000000	-1.000000	0.000000	0.000000	0.000000	0.000000	0.000000	0.000000
W349	1730.119390	1.197244	-1.000000	-1.000000	-1.000000	-1.000000	0.000000	0.000000	0.000000	0.000000	0.000000	0.000000
W350	2604.054857	1.510445	-1.000000	-1.000000	-1.000000	-1.000000	0.000000	0.000000	0.000000	0.000000	0.000000	0.000000
W351	1746.000618	1.191027	-1.000000	-1.000000	-1.000000	-1.000000	0.000000	0.000000	0.000000	0.000000	0.000000	0.000000
W352	2862.666176	1.641670	-1.000000	-1.000000	-1.000000	-1.000000	0.000000	0.000000	0.000000	0.000000	0.000000	0.000000
W353	2143.305505	1.397063	-1.000000	-1.000000	-1.000000	-1.000000	0.000000	0.000000	0.000000	0.000000	0.000000	0.000000
W354	2554.109885	1.724557	-1.000000	-1.000000	-1.000000	-1.000000	0.000000	0.000000	0.000000	0.000000	0.000000	0.000000
W355	2085.158580	1.219116	-1.000000	-1.000000	-1.000000	-1.000000	0.000000	0.000000	0.000000	0.000000	0.000000	0.000000
W356	3299.924095	1.851359	-1.000000	-1.000000	-1.000000	-1.000000	0.000000	0.000000	0.000000	0.000000	0.000000	0.000000
W357	2707.970504	1.638445	-1.000000	-1.000000	-1.000000	-1.000000	0.000000	0.000000	0.000000	0.000000	0.000000	0.000000
W358	2243.742058	1.498463	-1.000000	-1.000000	-1.000000	-1.000000	0.000000	0.000000	0.000000	0.000000	0.000000	0.000000
W359	3488.137371	1.959172	-1.000000	-1.000000	-1.000000	-1.000000	0.000000	0.000000	0.000000	0.000000	0.000000	0.000000
W360	2504.427580	1.519057	-1.000000	-1.000000	-1.000000	-1.000000	0.000000	0.000000	0.000000	0.000000	0.000000	0.000000
W361	2507.948201	1.445804	-1.000000	-1.000000	-1.000000	-1.000000	0.000000	0.000000	0.000000	0.000000	0.000000	0.000000
W362	3108.496363	2.046272	-1.000000	-1.000000	-1.000000	-1.000000	0.000000	0.000000	0.000000	0.000000	0.000000	0.000000
W363	2158.046601	1.219712	-1.000000	-1.000000	-1.000000	-1.000000	0.000000	0.000000	0.000000	0.000000	0.000000	0.000000
W364	2086.652038	1.097246	-1.000000	-1.000000	-1.000000	-1.000000	0.000000	0.000000	0.000000	0.000000	0.000000	0.000000
W365	1612.253462	1.145445	-1.000000	-1.000000	-1.000000	-1.000000	0.000000	0.000000	0.000000	0.000000	0.000000	0.000000
W366	3630.483266	1.849613	-1.000000	-1.000000	-1.000000	-1.000000	0.000000	0.000000	0.000000	0.000000	0.000000	0.000000
W367	3072.142000	2.198814	-1.000000	-1.000000	-1.000000	-1.000000	0.000000	0.000000	0.000000	0.000000	0.000000	0.000000
W368	3512.007874	2.044805	-1.000000	-1.000000	-1.000000	-1.000000	0.000000	0.000000	0.000000	0.000000	0.000000	0.000000
W369	2963.325241	1.684513	-1.000000	-1.000000	-1.000000	-1.000000	0.000000	0.000000	0.000000	0.000000	0.000000	0.000000
W370	3323.463575	1.812715	-1.000000	-1.000000	-1.000000	-1.000000	0.000000	0.000000	0.000000	0.000000	0.000000	0.000000
W371	2328.811851	1.413136	-1.000000	-1.000000	-1.000000	-1.000000	0.000000	0.000000	0.000000	0.000000	0.000000	0.000000
W372	1700.346111	1.041598	-1.000000	-1.000000	-1.000000	-1.000000	0.000000	0.000000	0.000000	0.000000	0.000000	0.000000
W373	2519.705052	1.531096	-1.000000	-1.000000	-1.000000	-1.000000	0.000000	0.000000	0.000000	0.000000	0.000000	0.000000
W374	3973.587809	2.180740	-1.000000	-1.000000	-1.000000	-1.000000	0.000000	0.000000	0.000000	0.000000	0.000000	0.000000
W375	2737.423936	1.749926	-1.000000	-1.000000	-1.000000	-1.000000	0.000000	0.000000	0.000000	0.000000	0.000000	0.000000
W376	1402.875074	1.089847	-1.000000	-1.000000	-1.000000	-1.000000	0.000000	0.000000	0.000000	0.000000	0.000000	0.000000
W377	2735.235918	1.653336	-1.000000	-1.000000	-1.000000	-1.000000	0.000000	0.000000	0.000000	0.000000	0.000000	0.000000
W378	2110.685565	1.357615	-1.000000	-1.000000	-1.000000	-1.000000	0.000000	0.000000	0.000000	0.000000	0.000000	0.000000
W379	1735.289066	1.118317	-1.000000	-1.000000	-1.000000	-1.000000	0.000000	0.000000	0.000000	0.000000	0.000000	0.000000
W380	3047.735073	1.893848	-1.000000	-1.000000	-1.000000	-1.000000	0.000000	0.000000	0.000000	0.000000	0.000000	0.000000
W381	2949.688863	1.637063	-1.000000	-1.000000	-1.000000	-1.000000	0.000000	0.000000	0.000000	0.000000	0.000000	0.000000
W382	2209.516966	1.429279	-1.000000	-1.000000	-1.000000	-1.000000	0.000000	0.000000	0.000000	0.000000	0.000000	0.000000
W383	2217.422396	1.486617	-1.000000	-1.000000	-1.000000	-1.000000	0.000000	0.000000	0.000000	0.000000	0.000000	0.000000
W384	2726.208474	1.624575	-1.000000	-1.000000	-1.000000	-1.000000	0.000000	0.000000	0.000000	0.000000	0.000000	0.000000
W385	2076.354093	1.311871	-1.000000	-1.000000	-1.000000	-1.000000	0.000000	0.000000	0.000000	0.000000	0.000000	0.000000
W386	1786.207689	1.261286	-1.000000	-1.000000	-1.000000	-1.000000	0.000000	0.000000	0.000000	0.000000	0.000000	0.000000
W387	2345.807216	1.678990	-1.000000	-1.000000	-1.000000	-1.000000	0.000000	0.000000	0.000000	0.000000	0.000000	0.000000
W388	2097.886804	1.339097	-1.000000	-1.000000	-1.000000	-1.000000	0.000000	0.000000	0.000000	0.000000	0.000000	0.000000
W389	2333.127604	1.590323	-1.000000	-1.000000	-1.000000	-1.000000	0.000000	0.000000	0.000000	0.000000	0.000000	0.000000
W390	1870.763044	1.210892	-1.000000	-1.000000	-1.000000	-1.000000	0.000000	0.000000	0.000000	0.000000	0.000000	0.000000
W391	2751.634362	1.690968	-1.000000	-1.000000	-1.000000	-1.000000	0.000000	0.000000	0.000000	0.000000	0.000000	0.000000
W392	1039.924490	0.854460	-1.000000	-1.000000	-1.000000	-1.000000	0.000000	0.000000	0.000000	0.000000	0.000000	0.000000
W393	2427.748402	1.432953	-1.000000	-1.000000	-1.000000	-1.000000	0.000000	0.000000	0.000000	0.000000	0.000000	0.000000
W394	2577.310807	1.397273	-1.000000	-1.000000	-1.000000	-1.000000	0.000000	0.000000	0.000000	0.000000	0.000000	0.000000
W395	1599.386395	1.153339	-1.000000	-1.000000	-1.000000	-1.000000	0.000000	0.000000	0.000000	0.000000	0.000000	0.000000
W396	2440.126652	1.430117	-1.000000	-1.000000	-1.000000	-1.000000	0.000000	0.000000	0.000000	0.000000	0.000000	0.000000
W397	2009.554816	1.208988	-1.000000	-1.000000	-1.000000	-1.000000	0.000000	0.000000	0.000000	0.000000	0.000000	0.000000
W398	2826.512456	1.809053	-1.000000	-1.000000	-1.000000	-1.000000	0.000000	0.000000	0.000000	0.000000	0.000000	0.000000
W399	1731.854295	1.370557	-1.000000	-1.000000	-1.000000	-1.000000	0.000000	0.000000	0.000000	0.000000	0.000000	0.000000
W400	2632.853753	1.624124	-1.000000	-1.000000	-1.000000	-1.000000	0.000000	0.000000	0.000000	0.000000	0.000000	0.000000
W401	2739.299205	1.531665	-1.000000	-1.000000	-1.000000	-1.000000	0.000000	0.000000	0.000000	0.000000	0.000000	0.000000
W402	4129.244007	2.320964	-1.000000	-1.000000	-1.000000	-1.000000	0.000000	0.000000	0.000000	0.000000	0.000000	0.000000
W403	3471.712598	2.095983	-1.000000	-1.000000	-1.000000	-1.000000	0.000000	0.000000	0.000000	0.000000	0.000000	0.000000
W404	2194.117478	1.403446	-1.000000	-1.000000	-1.000000	-1.000000	0.000000	0.000000	0.000000	0.000000	0.000000	0.000000
W405	2252.706507	1.359834	-1.000000	-1.000000	-1.000000	-1.000000	0.000000	0.000000	0.000000	0.000000	0.000000	0.000000
W406	2514.386074	1.448479	-1.000000	-1.000000	-1.000000	-1.000000	0.000000	0.000000	0.000000	0.000000	0.000000	0.000000
W407	2383.670883	1.374432	-1.000000	-1.000000	-1.000000	-1.000000	0.000000	0.000000	0.000000	0.000000	0.000000	0.000000
W408	4439.643600	2.342895	-1.000000	-1.000000	-1.000000	-1.000000	0.000000	0.000000	0.000000	0.000000	0.000000	0.000000
W409	3061.457251	1.665581	-1.000000	-1.000000	-1.000000	-1.000000	0.000000	0.000000	0.000000	0.000000	0.000000	0.000000
W410	2820.382689	1.590609	-1.000000	-1.000000	-1.000000	-1.000000	0.000000	0.000000	0.000000	0.000000	0.000000	0.000000
W411	1939.732477	1.075922	-1.000000	-1.000000	-1.000000	-1.000000	0.000000	0.000000	0.000000	0.000000	0.000000	0.000000
W412	2188.371680	1.295501	-1.000000	-1.000000	-1.000000	-1.000000	0.000000	0.000000	0.000000	0.000000	0.000000	0.000000
W413	3498.091037	1.807160	-1.000000	-1.000000	-1.000000	-1.000000	0.000000	0.000000	0.000000	0.000000	0.000000	0.000000
W414	3119.302545	1.543418	-1.000000	-1.000000	-1.000000	-1.000000	0.000000	0.000000	0.000000	0.000000	0.000000	0.000000
W415	2945.620697	1.510819	-1.000000	-1.000000	-1.000000	-1.000000	0.000000	0.000000	0.000000	0.000000	0.000000	0.000000
W416	2490.199372	1.461910	-1.000000	-1.000000	-1.000000	-1.000000	0.000000	0.000000	0.000000	0.000000	0.000000	0.000000
W417	2462.290974	1.591007	-1.000000	-1.000000	-1.000000	-1.000000	0.000000	0.000000	0.000000	0.000000	0.000000	0.000000
W418	3030.900977	1.496437	-1.000000	-1.000000	-1.000000	-1.000000	0.000000	0.000000	0.000000	0.000000	0.000000	0.000000
W419	2219.889984	1.292934	-1.000000	-1.000000	-1.000000	-1.000000	0.000000	0.000000	0.000000	0.000000	0.000000	0.000000
W420	2192.239714	1.242945	-1.000000	-1.000000	-1.000000	-1.000000	0.000000	0.000000	0.000000	0.000000	0.000000	0.000000
W421	2463.692674	1.436257	-1.000000	-1.000000	-1.000000	-1.000000	0.000000	0.000000	0.000000	0.000000	0.000000	0.000000
W422	2411.211955	1.563252	-1.000000	-1.000000	-1.000000	-1.000000	0.000000	0.000000	0.000000	0.000000	0.000000	0.000000
W423	1766.166223	0.998266	-1.000000	-1.000000	-1.000000	-1.000000	0.000000	0.000000	0.000000	0.000000	0.000000	0.000000
W424	1701.232351	1.014578	-1.000000	-1.000000	-1.000000	-1.000000	0.000000	0.000000	0.000000	0.000000	0.000000	0.000000
W425	1266.705524	1.095441	-1.000000	-1.000000	-1.000000	-1.000000	0.000000	0.000000	0.000000	0.000000	0.000000	0.000000
W426	3375.465817	1.854048	-1.000000	-1.000000	-1.000000	-1.000000	0.000000	0.000000	0.000000	0.000000	0.000000	0.000000
W427	1845.579059	1.340459	-1.000000	-1.000000	-1.000000	-1.000000	0.000000	0.000000	0.000000	0.000000	0.000000	0.000000
W428	2568.743961	1.493120	-1.000000	-1.000000	-1.000000	-1.000000	0.000000	0.000000	0.000000	0.000000	0.000000	0.000000
W429	2309.227618	1.310716	-1.000000	-1.000000	-1.000000	-1.000000	0.000000	0.000000	0.000000	0.000000	0.000000	0.000000
W430	3696.279933	1.911786	-1.000000	-1.000000	-1.000000	-1.000000	0.000000	0.000000	0.000000	0.000000	0.000000	0.000000
W431	4142.243950	2.327212	-1.000000	-1.000000	-1.000000	-1.000000	0.000000	0.000000	0.000000	0.000000	0.000000	0.000000
W432	2625.458414	1.714305	-1.000000	-1.000000	-1.000000	-1.000000	0.000000	0.000000	0.000000	0.000000	0.000000	0.000000
W433	2751.318410	1.565868	-1.000000	-1.000000	-1.000000	-1.000000	0.000000	0.000000	0.000000	0.000000	0.000000	0.000000
W434	2399.028704	1.292462	-1.000000	-1.000000	-1.000000	-1.000000	0.000000	0.000000	0.000000	0.000000	0.000000	0.000000
W435	3284.498662	1.956360	-1.000000	-1.000000	-1.000000	-1.000000	0.000000	0.000000	0.000000	0.000000	0.000000	0.000000
W436	2531.607368	1.737567	-1.000000	-1.000000	-1.000000	-1.000000	0.000000	0.000000	0.000000	0.000000	0.000000	0.000000
W437	2110.294437	1.167918	-1.000000	-1.000000	-1.000000	-1.000000	0.000000	0.000000	0.000000	0.000000	0.000000	0.000000
W438	3267.980563	1.689306	-1.000000	-1.000000	-1.000000	-1.000000	0.000000	0.000000	0.000000	0.000000	0.000000	0.000000
W439	2765.889269	1.680050	-1.000000	-1.000000	-1.000000	-1.000000	0.000000	0.000000	0.000000	0.000000	0.000000	0.000000
W440	2501.022811	1.342095	-1.000000	-1.000000	-1.000000	-1.000000	0.000000	0.000000	0.000000	0.000000	0.000000	0.000000
W441	3569.325824	2.072716	-1.000000	-1.000000	-1.000000	-1.000000	0.000000	0.000000	0.000000	0.000000	0.000000	0.000000
W442	1974.666550	1.350699	-1.000000	-1.000000	-1.000000	-1.000000	0.000000	0.000000	0.000000	0.000000	0.000000	0.000000
W443	2064.704969	1.302000	-1.000000	-1.000000	-1.000000	-1.000000	0.000000	0.000000	0.000000	0.000000	0.000000	0.000000
W444	2609.450838	1.291851	-1.000000	-1.000000	-1.000000	-1.000000	0.000000	0.000000	0.000000	0.000000	0.000000	0.000000
W445	2685.193928	1.549868	-1.000000	-1.000000	-1.000000	-1.000000	0.000000	0.000000	0.000000	0.000000	0.000000	0.000000
W446	3195.817865	2.098697	-1.000000	-1.000000	-1.000000	-1.000000	0.000000	0.000000	0.000000	0.000000	0.000000	0.000000
W447	3171.428475	1.958461	-1.000000	-1.000000	-1.000000	-1.000000	0.000000	0.000000	0.000000	0.000000	0.000000	0.000000
W448	2995.605904	1.457075	-1.000000	-1.000000	-1.000000	-1.000000	0.000000	0.000000	0.000000	0.000000	0.000000	0.000000
W449	2521.697031	1.322296	-1.000000	-1.000000	-1.000000	-1.000000	0.000000	0.000000	0.000000	0.000000	0.000000	0.000000
W450	2208.848085	1.101777	-1.000000	-1.000000	-1.000000	-1.000000	0.000000	0.000000	0.000000	0.000000	0.000000	0.000000
W451	2915.092166	1.673535	-1.000000	-1.000000	-1.000000	-1.000000	0.000000	0.000000	0.000000	0.000000	0.000000	0.000000
W452	3336.538716	2.153956	-1.000000	-1.000000	-1.000000	-1.000000	0.000000	0.000000	0.000000	0.000000	0.000000	0.000000
W453	2098.340007	1.356467	-1.000000	-1.000000	-1.000000	-1.000000	0.000000	0.000000	0.000000	0.000000	0.000000	0.000000
W454	965.394813	0.732734	-1.000000	-1.000000	-1.000000	-1.000000	0.000000	0.000000	0.000000	0.000000	0.000000	0.000000
W455	1422.478688	0.963472	-1.000000	-1.000000	-1.000000	-1.000000	0.000000	0.000000	0.000000	0.000000	0.000000	0.000000
W456	2121.080229	1.710403	-1.000000	-1.000000	-1.000000	-1.000000	0.000000	0.000000	0.000000	0.000000	0.000000	0.000000
W457	2246.576036	1.381177	-1.000000	-1.000000	-1.000000	-1.000000	0.000000	0.000000	0.000000	0.000000	0.000000	0.000000
W458	2667.309533	1.546090	-1.000000	-1.000000	-1.000000	-1.000000	0.000000	0.000000	0.000000	0.000000	0.000000	0.000000
W459	1849.539252	1.232681	-1.000000	-1.000000	-1.000000	-1.000000	0.000000	0.000000	0.000000	0.000000	0.000000	0.000000
W460	2449.311210	1.377505	-1.000000	-1.000000	-1.000000	-1.000000	0.000000	0.000000	0.000000	0.000000	0.000000	0.000000
W461	1901.964078	1.364049	-1.000000	-1.000000	-1.000000	-1.000000	0.000000	0.000000	0.000000	0.000000	0.000000	0.000000
W462	1645.836168	1.068958	-1.000000	-1.000000	-1.000000	-1.000000	0.000000	0.000000	0.000000	0.000000	0.000000	0.000000
W463	2210.710951	1.313980	-1.000000	-1.000000	-1.000000	-1.000000	0.000000	0.000000	0.000000	0.000000	0.000000	0.000000
W464	1790.214134	1.080071	-1.000000	-1.000000	-1.000000	-1.000000	0.000000	0.000000	0.000000	0.000000	0.000000	0.000000
W465	3001.280774	1.776573	-1.000000	-1.000000	-1.000000	-1.000000	0.000000	0.000000	0.000000	0.000000	0.000000	0.000000
W466	1916.597431	1.086453	-1.000000	-1.000000	-1.000000	-1.000000	0.000000	0.000000	0.000000	0.000000	0.000000	0.000000
W467	1929.527008	1.436906	-1.000000	-1.000000	-1.000000	-1.000000	0.000000	0.000000	0.000000	0.000000	0.000000	0.000000
W468	2720.360815	1.856977	-1.000000	-1.000000	-1.000000	-1.000000	0.000000	0.000000	0.000000	0.000000	0.000000	0.000000
W469	2893.596488	1.902253	-1.000000	-1.000000	-1.000000	-1.000000	0.000000	0.000000	0.000000	0.000000	0.000000	0.000000
W470	3259.693016	2.015322	-1.000000	-1.000000	-1.000000	-1.000000	0.000000	0.000000	0.000000	0.000000	0.000000	0.000000
W471	2232.057508	1.251089	-1.000000	-1.000000	-1.000000	-1.000000	0.000000	0.000000	0.000000	0.000000	0.000000	0.000000
W472	2932.878993	1.428184	-1.000000	-1.000000	-1.000000	-1.000000	0.000000	0.000000	0.000000	0.000000	0.000000	0.000000
W473	1975.488635	1.231186	-1.000000	-1.000000	-1.000000	-1.000000	0.000000	0.000000	0.000000	0.000000	0.000000	0.000000
W474	2522.214539	1.428408	-1.000000	-1.000000	-1.000000	-1.000000	0.000000	0.000000	0.000000	0.000000	0.000000	0.000000
W475	2688.904869	1.651259	-1.000000	-1.000000	-1.000000	-1.000000	0.000000	0.000000	0.000000	0.000000	0.000000	0.000000
W476	2941.609542	1.890404	-1.000000	-1.000000	-1.000000	-1.000000	0.000000	0.000000	0.000000	0.000000	0.000000	0.000000
W477	3252.204568	2.134974	-1.000000	-1.000000	-1.000000	-1.000000	0.000000	0.000000	0.000000	0.000000	0.000000	0.000000
W478	2456.425465	1.442574	-1.000000	-1.000000	-1.000000	-1.000000	0.000000	0.000000	0.000000	0.000000	0.000000	0.000000
W479	2391.833506	1.327600	-1.000000	-1.000000	-1.000000	-1.000000	0.000000	0.000000	0.000000	0.000000	0.000000	0.000000
W480	2222.414030	1.301382	-1.000000	-1.000000	-1.000000	-1.000000	0.000000	0.000000	0.000000	0.000000	0.000000	0.000000
W481	2440.977061	1.382276	-1.000000	-1.000000	-1.000000	-1.000000	0.000000	0.000000	0.000000	0.000000	0.000000	0.000000
W482	2625.210789	1.474906	-1.000000	-1.000000	-1.000000	-1.000000	0.000000	0.000000	0.000000	0.000000	0.000000	0.000000
W483	3540.600407	1.990319	-1.000000	-1.000000	-1.000000	-1.000000	0.000000	0.000000	0.000000	0.000000	0.000000	0.000000
W484	1928.290272	1.191036	-1.000000	-1.000000	-1.000000	-1.000000	0.000000	0.000000	0.000000	0.000000	0.000000	0.000000
W485	2191.751259	1.383593	-1.000000	-1.000000	-1.000000	-1.000000	0.000000	0.000000	0.000000	0.000000	0.000000	0.000000
W486	2337.078435	1.305119	-1.000000	-1.000000	-1.000000	-1.000000	0.000000	0.000000	0.000000	0.000000	0.000000	0.000000
W487	2297.865762	1.411174	-1.000000	-1.000000	-1.000000	-1.000000	0.000000	0.000000	0.000000	0.000000	0.000000	0.000000
W488	2299.544309	1.343615	-1.000000	-1.000000	-1.000000	-1.000000	0.000000	0.000000	0.000000	0.000000	0.000000	0.000000
W489	1816.845782	1.209260	-1.000000	-1.000000	-1.000000	-1.000000	0.000000	0.000000	0.000000	0.000000	0.000000	0.000000
W490	1353.065723	1.024217	-1.000000	-1.000000	-1.000000	-1.000000	0.000000	0.000000	0.000000	0.000000	0.000000	0.000000
W491	1908.094111	1.303676	-1.000000	-1.000000	-1.000000	-1.000000	0.000000	0.000000	0.000000	0.000000	0.000000	0.000000
W492	2151.595029	1.412159	-1.000000	-1.000000	-1.000000	-1.000000	0.000000	0.000000	0.000000	0.000000	0.000000	0.000000
W493	1826.572870	1.111754	-1.000000	-1.000000	-1.000000	-1.000000	0.000000	0.000000	0.000000	0.000000	0.000000	0.000000
W494	768.782083	0.569994	-1.000000	-1.000000	-1.000000	-1.000000	0.000000	0.000000	0.000000	0.000000	0.000000	0.000000
W495	3142.504696	1.949025	-1.000000	-1.000000	-1.000000	-1.000000	0.000000	0.000000	0.000000	0.000000	0.000000	0.000000
W496	1713.753566	1.058850	-1.000000	-1.000000	-1.000000	-1.000000	0.000000	0.000000	0.000000	0.000000	0.000000	0.000000
W497	1728.112410	1.147445	-1.000000	-1.000000	-1.000000	-1.000000	0.000000	0.000000	0.000000	0.000000	0.000000	0.000000
W498	2673.610815	1.519892	-1.000000	-1.000000	-1.000000	-1.000000	0.000000	0.000000	0.000000	0.000000	0.000000	0.000000
W499	2728.702883	1.723838	-1.000000	-1.000000	-1.000000	-1.000000	0.000000	0.000000	0.000000	0.000000	0.000000	0.000000
W500	2083.687678	1.374810	-1.000000	-1.000000	-1.000000	-1.000000	0.000000	0.000000	0.000000	0.000000	0.000000	0.000000
W501	3269.296157	1.630804	-1.000000	-1.000000	-1.000000	-1.000000	0.000000	0.000000	0.000000	0.000000	0.000000	0.000000
W502	1035.321166	0.652064	-1.000000	-1.000000	-1.000000	-1.000000	0.000000	0.000000	0.000000	0.000000	0.000000	0.000000
W503	3084.348376	1.922738	-1.000000	-1.000000	-1.000000	-1.000000	0.000000	0.000000	0.000000	0.000000	0.000000	0.000000
W504	2726.346125	1.603701	-1.000000	-1.000000	-1.000000	-1.000000	0.000000	0.000000	0.000000	0.000000	0.000000	0.000000
W505	2804.518486	1.746849	-1.000000	-1.000000	-1.000000	-1.000000	0.000000	0.000000	0.000000	0.000000	0.000000	0.000000
W506	3472.474674	1.898574	-1.000000	-1.000000	-1.000000	-1.000000	0.000000	0.000000	0.000000	0.000000	0.000000	0.000000
W507	2805.318984	1.756341	-1.000000	-1.000000	-1.000000	-1.000000	0.000000	0.000000	0.000000	0.000000	0.000000	0.000000
W508	2082.207335	1.357392	-1.000000	-1.000000	-1.000000	-1.000000	0.000000	0.000000	0.000000	0.000000	0.000000	0.000000
W509	3036.338657	1.754648	-1.000000	-1.000000	-1.000000	-1.000000	0.000000	0.000000	0.000000	0.000000	0.000000	0.000000
W510	2931.337675	1.709727	-1.000000	-1.000000	-1.000000	-1.000000	0.000000	0.000000	0.000000	0.000000	0.000000	0.000000
W511	2661.248977	1.613709	-1.000000	-1.000000	-1.000000	-1.000000	0.000000	0.000000	0.000000	0.000000	0.000000	0.000000
W512	2266.359770	1.530782	-1.000000	-1.000000	-1.000000	-1.000000	0.000000	0.000000	0.000000	0.000000	0.000000	0.000000
W513	1234.505314	0.842963	-1.000000	-1.000000	-1.000000	-1.000000	0.000000	0.000000	0.000000	0.000000	0.000000	0.000000
W514	3329.840112	1.856550	-1.000000	-1.000000	-1.000000	-1.000000	0.000000	0.000000	0.000000	0.000000	0.000000	0.000000
W515	3178.886582	1.817057	-1.000000	-1.000000	-1.000000	-1.000000	0.000000	0.000000	0.000000	0.000000	0.000000	0.000000
W516	1707.524901	1.165879	-1.000000	-1.000000	-1.000000	-1.000000	0.000000	0.000000	0.000000	0.000000	0.000000	0.000000
W517	3867.267687	2.155423	-1.000000	-1.000000	-1.000000	-1.000000	0.000000	0.000000	0.000000	0.000000	0.000000	0.000000
W518	1965.987771	1.291671	-1.000000	-1.000000	-1.000000	-1.000000	0.000000	0.000000	0.000000	0.000000	0.000000	0.000000
W519	2134.209544	1.333211	-1.000000	-1.000000	-1.000000	-1.000000	0.000000	0.000000	0.000000	0.000000	0.000000	0.000000
W520	2745.121620	1.575748	-1.000000	-1.000000	-1.000000	-1.000000	0.000000	0.000000	0.000000	0.000000	0.000000	0.000000
W521	2822.520118	1.571604	-1.000000	-1.000000	-1.000000	-1.000000	0.000000	0.000000	0.000000	0.000000	0.000000	0.000000
W522	2353.836364	1.328093	-1.000000	-1.000000	-1.000000	-1.000000	0.000000	0.000000	0.000000	0.000000	0.000000	0.000000
W523	1467.813697	1.055741	-1.000000	-1.000000	-1.000000	-1.000000	0.000000	0.000000	0.000000	0.000000	0.000000	0.000000
W524	2559.229757	1.435548	-1.000000	-1.000000	-1.000000	-1.000000	0.000000	0.000000	0.000000	0.000000	0.000000	0.000000
W525	1647.995316	1.154453	-1.000000	-1.000000	-1.000000	-1.000000	0.000000	0.000000	0.000000	0.000000	0.000000	0.000000
W526	2813.517410	2.166900	-1.000000	-1.000000	-1.000000	-1.000000	0.000000	0.000000	0.000000	0.000000	0.000000	0.000000
W527	4364.612139	2.912228	-1.000000	-1.000000	-1.000000	-1.000000	0.000000	0.000000	0.000000	0.000000	0.000000	0.000000
W528	3844.096930	2.138821	-1.000000	-1.000000	-1.000000	-1.000000	0.000000	0.000000	0.000000	0.000000	0.000000	0.000000
W529	1432.492075	1.118830	-1.000000	-1.000000	-1.000000	-1.000000	0.000000	0.000000	0.000000	0.000000	0.000000	0.000000
W530	1666.478101	0.929401	-1.000000	-1.000000	-1.000000	-1.000000	0.000000	0.000000	0.000000	0.000000	0.000000	0.000000
W531	3085.076377	1.931948	-1.000000	-1.000000	-1.000000	-1.000000	0.000000	0.000000	0.000000	0.000000	0.000000	0.000000
W532	2101.164408	1.294747	-1.000000	-1.000000	-1.000000	-1.000000	0.000000	0.000000	0.000000	0.000000	0.000000	0.000000
W533	2004.878972	1.244303	-1.000000	-1.000000	-1.000000	-1.000000	0.000000	0.000000	0.000000	0.000000	0.000000	0.000000
W534	3129.753056	1.917343	-1.000000	-1.000000	-1.000000	-1.000000	0.000000	0.000000	0.000000	0.000000	0.000000	0.000000
W535	1916.063672	1.132261	-1.000000	-1.000000	-1.000000	-1.000000	0.000000	0.000000	0.000000	0.000000	0.000000	0.000000
W536	2157.533579	1.261520	-1.000000	-1.000000	-1.000000	-1.000000	0.000000	0.000000	0.000000	0.000000	0.000000	0.000000
W537	2656.892648	1.392995	-1.000000	-1.000000	-1.000000	-1.000000	0.000000	0.000000	0.000000	0.000000	0.000000	0.000000
W538	2196.448072	1.316835	-1.000000	-1.000000	-1.000000	-1.000000	0.000000	0.000000	0.000000	0.000000	0.000000	0.000000
W539	3777.899687	2.216920	-1.000000	-1.000000	-1.000000	-1.000000	0.000000	0.000000	0.000000	0.000000	0.000000	0.000000
W540	1426.939798	1.081361	-1.000000	-1.000000	-1.000000	-1.000000	0.000000	0.000000	0.000000	0.000000	0.000000	0.000000
W541	3779.253210	2.146748	-1.000000	-1.000000	-1.000000	-1.000000	0.000000	0.000000	0.000000	0.000000	0.000000	0.000000
W542	3707.602763	2.004349	-1.000000	-1.000000	-1.000000	-1.000000	0.000000	0.000000	0.000000	0.000000	0.000000	0.000000
W543	3270.477675	1.997795	-1.000000	-1.000000	-1.000000	-1.000000	0.000000	0.000000	0.000000	0.000000	0.000000	0.000000
W544	2698.914221	1.597078	-1.000000	-1.000000	-1.000000	-1.000000	0.000000	0.000000	0.000000	0.000000	0.000000	0.000000
W545	1817.397989	1.382001	-1.000000	-1.000000	-1.000000	-1.000000	0.000000	0.000000	0.000000	0.000000	0.000000	0.000000
W546	2547.572584	1.552183	-1.000000	-1.000000	-1.000000	-1.000000	0.000000	0.000000	0.000000	0.000000	0.000000	0.000000
W547	3128.972686	1.703212	-1.000000	-1.000000	-1.000000	-1.000000	0.000000	0.000000	0.000000	0.000000	0.000000	0.000000
W548	2768.793755	1.736047	-1.000000	-1.000000	-1.000000	-1.000000	0.000000	0.000000	0.000000	0.000000	0.000000	0.000000
W549	2553.581919	1.584983	-1.000000	-1.000000	-1.000000	-1.000000	0.000000	0.000000	0.000000	0.000000	0.000000	0.000000
W550	2949.261714	1.559808	-1.000000	-1.000000	-1.000000	-1.000000	0.000000	0.000000	0.000000	0.000000	0.000000	0.000000
W551	2510.553821	1.475899	-1.000000	-1.000000	-1.000000	-1.000000	0.000000	0.000000	0.000000	0.000000	0.000000	0.000000
W552	2215.117976	1.344474	-1.000000	-1.000000	-1.000000	-1.000000	0.000000	0.000000	0.000000	0.000000	0.000000	0.000000
W553	3418.897915	1.965556	-1.000000	-1.000000	-1.000000	-1.000000	0.000000	0.000000	0.000000	0.000000	0.000000	0.000000
W554	1975.634629	1.175654	-1.000000	-1.000000	-1.000000	-1.000000	0.000000	0.000000	0.000000	0.000000	0.000000	0.000000
W555	2886.850408	1.783303	-1.000000	-1.000000	-1.000000	-1.000000	0.000000	0.000000	0.000000	0.000000	0.000000	0.000000
W556	1298.017796	0.716052	-1.000000	-1.000000	-1.000000	-1.000000	0.000000	0.000000	0.000000	0.000000	0.000000	0.000000
W557	1177.904435	0.864945	-1.000000	-1.000000	-1.000000	-1.000000	0.000000	0.000000	0.000000	0.000000	0.000000	0.000000
W558	1870.933259	1.022792	-1.000000	-1.000000	-1.000000	-1.000000	0.000000	0.000000	0.000000	0.000000	0.000000	0.000000
W559	2027.474223	1.409488	-1.000000	-1.000000	-1.000000	-1.000000	0.000000	0.000000	0.000000	0.000000	0.000000	0.000000
W560	2056.337726	0.975439	-1.000000	-1.000000	-1.000000	-1.000000	0.000000	0.000000	0.000000	0.000000	0.000000	0.000000
W563	477.771028	0.176373	-1.000000	-1.000000	-1.000000	-1.000000	0.000000	0.000000	0.000000	0.000000	0.000000	0.000000
W564	2513.229222	1.461235	-1.000000	-1.000000	-1.000000	-1.000000	0.000000	0.000000	0.000000	0.000000	0.000000	0.000000
W565	2105.820011	1.369583	-1.000000	-1.000000	-1.000000	-1.000000	0.000000	0.000000	0.000000	0.000000	0.000000	0.000000
W566	1388.185447	0.978329	-1.000000	-1.000000	-1.000000	-1.000000	0.000000	0.000000	0.000000	0.000000	0.000000	0.000000
W567	2823.161998	1.635136	-1.000000	-1.000000	-1.000000	-1.000000	0.000000	0.000000	0.000000	0.000000	0.000000	0.000000
W568	1743.627134	1.031862	-1.000000	-1.000000	-1.000000	-1.000000	0.000000	0.000000	0.000000	0.000000	0.000000	0.000000
W569	2643.381488	1.693249	-1.000000	-1.000000	-1.000000	-1.000000	0.000000	0.000000	0.000000	0.000000	0.000000	0.000000
W570	1661.343119	1.380051	-1.000000	-1.000000	-1.000000	-1.000000	0.000000	0.000000	0.000000	0.000000	0.000000	0.000000
W571	3171.864706	1.891520	-1.000000	-1.000000	-1.000000	-1.000000	0.000000	0.000000	0.000000	0.000000	0.000000	0.000000
W572	2585.408452	1.681881	-1.000000	-1.000000	-1.000000	-1.000000	0.000000	0.000000	0.000000	0.000000	0.000000	0.000000
W573	2542.352144	1.338594	-1.000000	-1.000000	-1.000000	-1.000000	0.000000	0.000000	0.000000	0.000000	0.000000	0.000000
W574	1951.479376	1.025718	-1.000000	-1.000000	-1.000000	-1.000000	0.000000	0.000000	0.000000	0.000000	0.000000	0.000000
W575	1836.750108	1.482048	-1.000000	-1.000000	-1.000000	-1.000000	0.000000	0.000000	0.000000	0.000000	0.000000	0.000000
W576	2736.271860	1.594123	-1.000000	-1.000000	-1.000000	-1.000000	0.000000	0.000000	0.000000	0.000000	0.000000	0.000000
W577	3954.467074	2.582775	-1.000000	-1.000000	-1.000000	-1.000000	0.000000	0.000000	0.000000	0.000000	0.000000	0.000000
W578	1960.418125	1.390883	-1.000000	-1.000000	-1.000000	-1.000000	0.000000	0.000000	0.000000	0.000000	0.000000	0.000000
W579	2089.837411	1.362033	-1.000000	-1.000000	-1.000000	-1.000000	0.000000	0.000000	0.000000	0.000000	0.000000	0.000000
W580	2431.064721	1.360509	-1.000000	-1.000000	-1.000000	-1.000000	0.000000	0.000000	0.000000	0.000000	0.000000	0.000000
W581	1605.803810	0.890365	-1.000000	-1.000000	-1.000000	-1.000000	0.000000	0.000000	0.000000	0.000000	0.000000	0.000000
W582	3341.421791	2.076625	-1.000000	-1.000000	-1.000000	-1.000000	0.000000	0.000000	0.000000	0.000000	0.000000	0.000000
W583	3497.985742	2.075422	-1.000000	-1.000000	-1.000000	-1.000000	0.000000	0.000000	0.000000	0.000000	0.000000	0.000000
W584	1628.886747	1.130216	-1.000000	-1.000000	-1.000000	-1.000000	0.000000	0.000000	0.000000	0.000000	0.000000	0.000000
W585	2361.945536	1.326877	-1.000000	-1.000000	-1.000000	-1.000000	0.000000	0.000000	0.000000	0.000000	0.000000	0.000000
W586	2888.990149	1.739088	-1.000000	-1.000000	-1.000000	-1.000000	0.000000	0.000000	0.000000	0.000000	0.000000	0.000000
W587	2055.470145	1.353558	-1.000000	-1.000000	-1.000000	-1.000000	0.000000	0.000000	0.000000	0.000000	0.000000	0.000000
W588	1776.733671	1.302553	-1.000000	-1.000000	-1.000000	-1.000000	0.000000	0.000000	0.000000	0.000000	0.000000	0.000000
W589	2724.120318	1.566477	-1.000000	-1.000000	-1.000000	-1.000000	0.000000	0.000000	0.000000	0.000000	0.000000	0.000000
W590	2024.457415	1.219508	-1.000000	-1.000000	-1.000000	-1.000000	0.000000	0.000000	0.000000	0.000000	0.000000	0.000000
W591	3450.674101	1.725586	-1.000000	-1.000000	-1.000000	-1.000000	0.000000	0.000000	0.000000	0.000000	0.000000	0.000000
W592	1971.120070	1.164936	-1.000000	-1.000000	-1.000000	-1.000000	0.000000	0.000000	0.000000	0.000000	0.000000	0.000000
W593	1912.816849	1.130865	-1.000000	-1.000000	-1.000000	-1.000000	0.000000	0.000000	0.000000	0.000000	0.000000	0.000000
W594	3532.585269	2.244004	-1.000000	-1.000000	-1.000000	-1.000000	0.000000	0.000000	0.000000	0.000000	0.000000	0.000000
W597	2740.076455	1.748127	-1.000000	-1.000000	-1.000000	-1.000000	0.000000	0.000000	0.000000	0.000000	0.000000	0.000000
W598	1960.364243	1.129086	-1.000000	-1.000000	-1.000000	-1.000000	0.000000	0.000000	0.000000	0.000000	0.000000	0.000000
W599	2740.448454	1.411484	-1.000000	-1.000000	-1.000000	-1.000000	0.000000	0.000000	0.000000	0.000000	0.000000	0.000000
W600	1932.003011	1.253730	-1.000000	-1.000000	-1.000000	-1.000000	0.000000	0.000000	0.000000	0.000000	0.000000	0.000000
W601	2513.026259	1.449117	-1.000000	-1.000000	-1.000000	-1.000000	0.000000	0.000000	0.000000	0.000000	0.000000	0.000000
W602	1723.230936	1.371952	-1.000000	-1.000000	-1.000000	-1.000000	0.000000	0.000000	0.000000	0.000000	0.000000	0.000000
W603	3343.294368	1.928556	-1.000000	-1.000000	-1.000000	-1.000000	0.000000	0.000000	0.000000	0.000000	0.000000	0.000000
W604	2049.794976	1.444795	-1.000000	-1.000000	-1.000000	-1.000000	0.000000	0.000000	0.000000	0.000000	0.000000	0.000000
W605	2527.753024	1.705759	-1.000000	-1.000000	-1.000000	-1.000000	0.000000	0.000000	0.000000	0.000000	0.000000	0.000000
W606	2379.510743	1.554030	-1.000000	-1.000000	-1.000000	-1.000000	0.000000	0.000000	0.000000	0.000000	0.000000	0.000000
W607	3172.259865	1.517828	-1.000000	-1.000000	-1.000000	-1.000000	0.000000	0.000000	0.000000	0.000000	0.000000	0.000000
W608	3631.923334	1.832211	-1.000000	-1.000000	-1.000000	-1.000000	0.000000	0.000000	0.000000	0.000000	0.000000	0.000000
W609	3004.396967	1.641874	-1.000000	-1.000000	-1.000000	-1.000000	0.000000	0.000000	0.000000	0.000000	0.000000	0.000000
W610	2787.378953	1.608154	-1.000000	-1.000000	-1.000000	-1.000000	0.000000	0.000000	0.000000	0.000000	0.000000	0.000000
W611	3716.564398	1.824518	-1.000000	-1.000000	-1.000000	-1.000000	0.000000	0.000000	0.000000	0.000000	0.000000	0.000000
W612	3268.002887	1.891239	-1.000000	-1.000000	-1.000000	-1.000000	0.000000	0.000000	0.000000	0.000000	0.000000	0.000000
W613	3049.728485	2.067861	-1.000000	-1.000000	-1.000000	-1.000000	0.000000	0.000000	0.000000	0.000000	0.000000	0.000000
W614	2505.772553	1.600774	-1.000000	-1.000000	-1.000000	-1.000000	0.000000	0.000000	0.000000	0.000000	0.000000	0.000000
W615	1159.213164	0.916661	-1.000000	-1.000000	-1.000000	-1.000000	0.000000	0.000000	0.000000	0.000000	0.000000	0.000000
W616	2638.177259	1.558414	-1.000000	-1.000000	-1.000000	-1.000000	0.000000	0.000000	0.000000	0.000000	0.000000	0.000000
W617	2956.834054	1.890407	-1.000000	-1.000000	-1.000000	-1.000000	0.000000	0.000000	0.000000	0.000000	0.000000	0.000000
W618	2942.726808	1.685910	-1.000000	-1.000000	-1.000000	-1.000000	0.000000	0.000000	0.000000	0.000000	0.000000	0.000000
W619	2326.421342	1.316240	-1.000000	-1.000000	-1.000000	-1.000000	0.000000	0.000000	0.000000	0.000000	0.000000	0.000000
W620	2712.899104	1.714924	-1.000000	-1.000000	-1.000000	-1.000000	0.000000	0.000000	0.000000	0.000000	0.000000	0.000000
W621	2137.232296	1.385493	-1.000000	-1.000000	-1.000000	-1.000000	0.000000	0.000000	0.000000	0.000000	0.000000	0.000000
W622	3421.660721	2.098391	-1.000000	-1.000000	-1.000000	-1.000000	0.000000	0.000000	0.000000	0.000000	0.000000	0.000000
W623	2711.640966	1.630106	-1.000000	-1.000000	-1.000000	-1.000000	0.000000	0.000000	0.000000	0.000000	0.000000	0.000000
W624	3453.968249	1.918648	-1.000000	-1.000000	-1.000000	-1.000000	0.000000	0.000000	0.000000	0.000000	0.000000	0.000000
W625	1504.168897	1.299193	-1.000000	-1.000000	-1.000000	-1.000000	0.000000	0.000000	0.000000	0.000000	0.000000	0.000000
W626	1833.960524	1.046389	-1.000000	-1.000000	-1.000000	-1.000000	0.000000	0.000000	0.000000	0.000000	0.000000	0.000000
W627	2801.882708	1.631254	-1.000000	-1.000000	-1.000000	-1.000000	0.000000	0.000000	0.000000	0.000000	0.000000	0.000000
W628	556.501186	0.082283	-1.000000	-1.000000	-1.000000	-1.000000	0.000000	0.000000	0.000000	0.000000	0.000000	0.000000
W629	3394.567792	1.943239	-1.000000	-1.000000	-1.000000	-1.000000	0.000000	0.000000	0.000000	0.000000	0.000000	0.000000
W630	2170.913133	1.488094	-1.000000	-1.000000	-1.000000	-1.000000	0.000000	0.000000	0.000000	0.000000	0.000000	0.000000
W631	1749.717808	1.236619	-1.000000	-1.000000	-1.000000	-1.000000	0.000000	0.000000	0.000000	0.000000	0.000000	0.000000
W632	2168.526026	1.506633	-1.000000	-1.000000	-1.000000	-1.000000	0.000000	0.000000	0.000000	0.000000	0.000000	0.000000
W633	2583.858757	1.817104	-1.000000	-1.000000	-1.000000	-1.000000	0.000000	0.000000	0.000000	0.000000	0.000000	0.000000
W634	2084.121092	1.156832	-1.000000	-1.000000	-1.000000	-1.000000	0.000000	0.000000	0.000000	0.000000	0.000000	0.000000
W635	1698.900082	1.043021	-1.000000	-1.000000	-1.000000	-1.000000	0.000000	0.000000	0.000000	0.000000	0.000000	0.000000
W636	1339.830069	0.799059	-1.000000	-1.000000	-1.000000	-1.000000	0.000000	0.000000	0.000000	0.000000	0.000000	0.000000
W637	2767.707059	1.664283	-1.000000	-1.000000	-1.000000	-1.000000	0.000000	0.000000	0.000000	0.000000	0.000000	0.000000
W638	2346.112071	1.348966	-1.000000	-1.000000	-1.000000	-1.000000	0.000000	0.000000	0.000000	0.000000	0.000000	0.000000
W639	3642.021469	1.969820	-1.000000	-1.000000	-1.000000	-1.000000	0.000000	0.000000	0.000000	0.000000	0.000000	0.000000
W640	3520.192826	2.148294	-1.000000	-1.000000	-1.000000	-1.000000	0.000000	0.000000	0.000000	0.000000	0.000000	0.000000
W641	4870.564174	2.404203	-1.000000	-1.000000	-1.000000	-1.000000	0.000000	0.000000	0.000000	0.000000	0.000000	0.000000
W642	2789.753569	1.981624	-1.000000	-1.000000	-1.000000	-1.000000	0.000000	0.000000	0.000000	0.000000	0.000000	0.000000
W643	4263.443409	2.136255	-1.000000	-1.000000	-1.000000	-1.000000	0.000000	0.000000	0.000000	0.000000	0.000000	0.000000
W644	2676.370563	1.660080	-1.000000	-1.000000	-1.000000	-1.000000	0.000000	0.000000	0.000000	0.000000	0.000000	0.000000
W645	4613.625382	2.727729	-1.000000	-1.000000	-1.000000	-1.000000	0.000000	0.000000	0.000000	0.000000	0.000000	0.000000
W646	4792.120719	3.048446	-1.000000	-1.000000	-1.000000	-1.000000	0.000000	0.000000	0.000000	0.000000	0.000000	0.000000
W647	4481.144136	2.641608	-1.000000	-1.000000	-1.000000	-1.000000	0.000000	0.000000	0.000000	0.000000	0.000000	0.000000
W648	3232.138559	1.937957	-1.000000	-1.000000	-1.000000	-1.000000	0.000000	0.000000	0.000000	0.000000	0.000000	0.000000
W649	4107.502063	2.219653	-1.000000	-1.000000	-1.000000	-1.000000	0.000000	0.000000	0.000000	0.000000	0.000000	0.000000
W650	3356.002482	1.928439	-1.000000	-1.000000	-1.000000	-1.000000	0.000000	0.000000	0.000000	0.000000	0.000000	0.000000
W651	2963.695854	1.479317	-1.000000	-1.000000	-1.000000	-1.000000	0.000000	0.000000	0.000000	0.000000	0.000000	0.000000
W652	2042.315476	1.374698	-1.000000	-1.000000	-1.000000	-1.000000	0.000000	0.000000	0.000000	0.000000	0.000000	0.000000
W653	2043.477416	1.345268	-1.000000	-1.000000	-1.000000	-1.000000	0.000000	0.000000	0.000000	0.000000	0.000000	0.000000
W654	3900.055115	2.043476	-1.000000	-1.000000	-1.000000	-1.000000	0.000000	0.000000	0.000000	0.000000	0.000000	0.000000
W655	3948.331044	2.381678	-1.000000	-1.000000	-1.000000	-1.000000	0.000000	0.000000	0.000000	0.000000	0.000000	0.000000
W656	2009.709657	1.439518	-1.000000	-1.000000	-1.000000	-1.000000	0.000000	0.000000	0.000000	0.000000	0.000000	0.000000
W657	1999.417758	1.165347	-1.000000	-1.000000	-1.000000	-1.000000	0.000000	0.000000	0.000000	0.000000	0.000000	0.000000
W658	1991.984001	1.317980	-1.000000	-1.000000	-1.000000	-1.000000	0.000000	0.000000	0.000000	0.000000	0.000000	0.000000
W659	2112.556090	1.296895	-1.000000	-1.000000	-1.000000	-1.000000	0.000000	0.000000	0.000000	0.000000	0.000000	0.000000
W660	2544.327359	1.327297	-1.000000	-1.000000	-1.000000	-1.000000	0.000000	0.000000	0.000000	0.000000	0.000000	0.000000
W661	1478.818373	0.922876	-1.000000	-1.000000	-1.000000	-1.000000	0.000000	0.000000	0.000000	0.000000	0.000000	0.000000
W662	3036.818138	1.921960	-1.000000	-1.000000	-1.000000	-1.000000	0.000000	0.000000	0.000000	0.000000	0.000000	0.000000
W663	784.139780	0.618024	-1.000000	-1.000000	-1.000000	-1.000000	0.000000	0.000000	0.000000	0.000000	0.000000	0.000000
W664	1558.499804	1.025250	-1.000000	-1.000000	-1.000000	-1.000000	0.000000	0.000000	0.000000	0.000000	0.000000	0.000000
W665	3930.398322	2.580937	-1.000000	-1.000000	-1.000000	-1.000000	0.000000	0.000000	0.000000	0.000000	0.000000	0.000000
W666	2576.580014	1.695158	-1.000000	-1.000000	-1.000000	-1.000000	0.000000	0.000000	0.000000	0.000000	0.000000	0.000000
W667	2572.091938	2.006909	-1.000000	-1.000000	-1.000000	-1.000000	0.000000	0.000000	0.000000	0.000000	0.000000	0.000000
W668	2096.163133	1.375769	-1.000000	-1.000000	-1.000000	-1.000000	0.000000	0.000000	0.000000	0.000000	0.000000	0.000000
W669	3566.767357	1.852468	-1.000000	-1.000000	-1.000000	-1.000000	0.000000	0.000000	0.000000	0.000000	0.000000	0.000000
W670	2467.624343	1.498219	-1.000000	-1.000000	-1.000000	-1.000000	0.000000	0.000000	0.000000	0.000000	0.000000	0.000000
W671	2528.998889	1.554887	-1.000000	-1.000000	-1.000000	-1.000000	0.000000	0.000000	0.000000	0.000000	0.000000	0.000000
W672	1781.106669	1.048118	-1.000000	-1.000000	-1.000000	-1.000000	0.000000	0.000000	0.000000	0.000000	0.000000	0.000000
W673	2359.615145	1.360844	-1.000000	-1.000000	-1.000000	-1.000000	0.000000	0.000000	0.000000	0.000000	0.000000	0.000000
W674	3178.134948	1.975297	-1.000000	-1.000000	-1.000000	-1.000000	0.000000	0.000000	0.000000	0.000000	0.000000	0.000000
W675	3420.249232	1.936818	-1.000000	-1.000000	-1.000000	-1.000000	0.000000	0.000000	0.000000	0.000000	0.000000	0.000000
W676	2757.905818	1.584179	-1.000000	-1.000000	-1.000000	-1.000000	0.000000	0.000000	0.000000	0.000000	0.000000	0.000000
W677	3360.460285	2.054903	-1.000000	-1.000000	-1.000000	-1.000000	0.000000	0.000000	0.000000	0.000000	0.000000	0.000000
W678	2559.817626	1.719807	-1.000000	-1.000000	-1.000000	-1.000000	0.000000	0.000000	0.000000	0.000000	0.000000	0.000000
W679	4085.364123	2.423195	-1.000000	-1.000000	-1.000000	-1.000000	0.000000	0.000000	0.000000	0.000000	0.000000	0.000000
W680	3549.670413	2.472866	-1.000000	-1.000000	-1.000000	-1.000000	0.000000	0.000000	0.000000	0.000000	0.000000	0.000000
W681	3945.344403	2.425805	-1.000000	-1.000000	-1.000000	-1.000000	0.000000	0.000000	0.000000	0.000000	0.000000	0.000000
W682	2863.356578	1.689492	-1.000000	-1.000000	-1.000000	-1.000000	0.000000	0.000000	0.000000	0.000000	0.000000	0.000000
W683	3032.752904	1.837893	-1.000000	-1.000000	-1.000000	-1.000000	0.000000	0.000000	0.000000	0.000000	0.000000	0.000000
W684	3511.599173	2.006068	-1.000000	-1.000000	-1.000000	-1.000000	0.000000	0.000000	0.000000	0.000000	0.000000	0.000000
W685	1843.804342	1.084451	-1.000000	-1.000000	-1.000000	-1.000000	0.000000	0.000000	0.000000	0.000000	0.000000	0.000000
W686	2280.641600	1.436445	-1.000000	-1.000000	-1.000000	-1.000000	0.000000	0.000000	0.000000	0.000000	0.000000	0.000000
W687	2442.138511	1.474756	-1.000000	-1.000000	-1.000000	-1.000000	0.000000	0.000000	0.000000	0.000000	0.000000	0.000000
W688	2740.008976	1.572134	-1.000000	-1.000000	-1.000000	-1.000000	0.000000	0.000000	0.000000	0.000000	0.000000	0.000000
W689	2709.016622	1.574043	-1.000000	-1.000000	-1.000000	-1.000000	0.000000	0.000000	0.000000	0.000000	0.000000	0.000000
W690	1944.583981	1.282676	-1.000000	-1.000000	-1.000000	-1.000000	0.000000	0.000000	0.000000	0.000000	0.000000	0.000000
W691	2809.110989	1.746177	-1.000000	-1.000000	-1.000000	-1.000000	0.000000	0.000000	0.000000	0.000000	0.000000	0.000000
W692	3333.518216	1.856425	-1.000000	-1.000000	-1.000000	-1.000000	0.000000	0.000000	0.000000	0.000000	0.000000	0.000000
W693	1624.366252	1.356566	-1.000000	-1.000000	-1.000000	-1.000000	0.000000	0.000000	0.000000	0.000000	0.000000	0.000000
W694	1916.325693	1.166010	-1.000000	-1.000000	-1.000000	-1.000000	0.000000	0.000000	0.000000	0.000000	0.000000	0.000000
W695	3296.128233	1.899377	-1.000000	-1.000000	-1.000000	-1.000000	0.000000	0.000000	0.000000	0.000000	0.000000	0.000000
W696	1355.195969	1.060830	-1.000000	-1.000000	-1.000000	-1.000000	0.000000	0.000000	0.000000	0.000000	0.000000	0.000000
W697	1851.586583	1.573924	-1.000000	-1.000000	-1.000000	-1.000000	0.000000	0.000000	0.000000	0.000000	0.000000	0.000000
W698	2024.832244	1.390467	-1.000000	-1.000000	-1.000000	-1.000000	0.000000	0.000000	0.000000	0.000000	0.000000	0.000000
W699	1919.262347	1.399773	-1.000000	-1.000000	-1.000000	-1.000000	0.000000	0.000000	0.000000	0.000000	0.000000	0.000000
W700	1572.439014	1.260443	-1.000000	-1.000000	-1.000000	-1.000000	0.000000	0.000000	0.000000	0.000000	0.000000	0.000000
W701	4373.827824	2.783494	-1.000000	-1.000000	-1.000000	-1.000000	0.000000	0.000000	0.000000	0.000000	0.000000	0.000000
W702	2927.031132	1.870702	-1.000000	-1.000000	-1.000000	-1.000000	0.000000	0.000000	0.000000	0.000000	0.000000	0.000000
W703	2479.251287	1.475692	-1.000000	-1.000000	-1.000000	-1.000000	0.000000	0.000000	0.000000	0.000000	0.000000	0.000000
W704	1396.879741	1.066361	-1.000000	-1.000000	-1.000000	-1.000000	0.000000	0.000000	0.000000	0.000000	0.000000	0.000000
W705	3926.381964	1.803829	-1.000000	-1.000000	-1.000000	-1.000000	0.000000	0.000000	0.000000	0.000000	0.000000	0.000000
W706	1619.124583	1.152590	-1.000000	-1.000000	-1.000000	-1.000000	0.000000	0.000000	0.000000	0.000000	0.000000	0.000000
W707	3442.285955	1.986119	-1.000000	-1.000000	-1.000000	-1.000000	0.000000	0.000000	0.000000	0.000000	0.000000	0.000000
W708	2741.849717	1.714963	-1.000000	-1.000000	-1.000000	-1.000000	0.000000	0.000000	0.000000	0.000000	0.000000	0.000000
W709	3341.255108	1.915754	-1.000000	-1.000000	-1.000000	-1.000000	0.000000	0.000000	0.000000	0.000000	0.000000	0.000000
W710	3948.619497	2.206101	-1.000000	-1.000000	-1.000000	-1.000000	0.000000	0.000000	0.000000	0.000000	0.000000	0.000000
W711	2864.285673	1.611317	-1.000000	-1.000000	-1.000000	-1.000000	0.000000	0.000000	0.000000	0.000000	0.000000	0.000000
W712	3515.158968	2.064210	-1.000000	-1.000000	-1.000000	-1.000000	0.000000	0.000000	0.000000	0.000000	0.000000	0.000000
W713	3351.940660	2.009060	-1.000000	-1.000000	-1.000000	-1.000000	0.000000	0.000000	0.000000	0.000000	0.000000	0.000000
W714	3744.108123	2.342963	-1.000000	-1.000000	-1.000000	-1.000000	0.000000	0.000000	0.000000	0.000000	0.000000	0.000000
W715	2259.167965	1.609154	-1.000000	-1.000000	-1.000000	-1.000000	0.000000	0.000000	0.000000	0.000000	0.000000	0.000000
W716	3429.074953	1.843986	-1.000000	-1.000000	-1.000000	-1.000000	0.000000	0.000000	0.000000	0.000000	0.000000	0.000000
W717	4871.080118	2.936251	-1.000000	-1.000000	-1.000000	-1.000000	0.000000	0.000000	0.000000	0.000000	0.000000	0.000000
W718	3102.843485	1.809476	-1.000000	-1.000000	-1.000000	-1.000000	0.000000	0.000000	0.000000	0.000000	0.000000	0.000000
W719	3325.509409	2.248096	-1.000000	-1.000000	-1.000000	-1.000000	0.000000	0.000000	0.000000	0.000000	0.000000	0.000000
W720	1908.321836	1.139364	-1.000000	-1.000000	-1.000000	-1.000000	0.000000	0.000000	0.000000	0.000000	0.000000	0.000000
W721	2462.138900	1.674230	-1.000000	-1.000000	-1.000000	-1.000000	0.000000	0.000000	0.000000	0.000000	0.000000	0.000000
W722	3372.561449	2.042389	-1.000000	-1.000000	-1.000000	-1.000000	0.000000	0.000000	0.000000	0.000000	0.000000	0.000000
W723	2416.487412	1.565567	-1.000000	-1.000000	-1.000000	-1.000000	0.000000	0.000000	0.000000	0.000000	0.000000	0.000000
W724	2976.379003	1.650304	-1.000000	-1.000000	-1.000000	-1.000000	0.000000	0.000000	0.000000	0.000000	0.000000	0.000000
W725	2460.832943	1.499403	-1.000000	-1.000000	-1.000000	-1.000000	0.000000	0.000000	0.000000	0.000000	0.000000	0.000000
W726	2664.495113	1.782737	-1.000000	-1.000000	-1.000000	-1.000000	0.000000	0.000000	0.000000	0.000000	0.000000	0.000000
W727	2784.146711	1.997089	-1.000000	-1.000000	-1.000000	-1.000000	0.000000	0.000000	0.000000	0.000000	0.000000	0.000000
W728	3531.104550	2.678547	-1.000000	-1.000000	-1.000000	-1.000000	0.000000	0.000000	0.000000	0.000000	0.000000	0.000000
W729	1845.138030	1.391083	-1.000000	-1.000000	-1.000000	-1.000000	0.000000	0.000000	0.000000	0.000000	0.000000	0.000000
W730	2652.336314	1.593449	-1.000000	-1.000000	-1.000000	-1.000000	0.000000	0.000000	0.000000	0.000000	0.000000	0.000000
W731	2311.726791	1.362313	-1.000000	-1.000000	-1.000000	-1.000000	0.000000	0.000000	0.000000	0.000000	0.000000	0.000000
W732	2040.817459	1.293532	-1.000000	-1.000000	-1.000000	-1.000000	0.000000	0.000000	0.000000	0.000000	0.000000	0.000000
W733	3102.776646	2.055617	-1.000000	-1.000000	-1.000000	-1.000000	0.000000	0.000000	0.000000	0.000000	0.000000	0.000000
W734	2262.293982	1.338459	-1.000000	-1.000000	-1.000000	-1.000000	0.000000	0.000000	0.000000	0.000000	0.000000	0.000000
W735	1943.794713	1.393946	-1.000000	-1.000000	-1.000000	-1.000000	0.000000	0.000000	0.000000	0.000000	0.000000	0.000000
W736	2960.501918	1.810762	-1.000000	-1.000000	-1.000000	-1.000000	0.000000	0.000000	0.000000	0.000000	0.000000	0.000000
W737	3017.310289	1.972259	-1.000000	-1.000000	-1.000000	-1.000000	0.000000	0.000000	0.000000	0.000000	0.000000	0.000000
W738	2821.140081	1.761362	-1.000000	-1.000000	-1.000000	-1.000000	0.000000	0.000000	0.000000	0.000000	0.000000	0.000000
W739	2291.617814	1.356532	-1.000000	-1.000000	-1.000000	-1.000000	0.000000	0.000000	0.000000	0.000000	0.000000	0.000000
W740	3367.118180	1.881337	-1.000000	-1.000000	-1.000000	-1.000000	0.000000	0.000000	0.000000	0.000000	0.000000	0.000000
W741	2200.826483	1.535892	-1.000000	-1.000000	-1.000000	-1.000000	0.000000	0.000000	0.000000	0.000000	0.000000	0.000000
W742	3383.221999	1.973692	-1.000000	-1.000000	-1.000000	-1.000000	0.000000	0.000000	0.000000	0.000000	0.000000	0.000000
W743	1894.279258	1.226482	-1.000000	-1.000000	-1.000000	-1.000000	0.000000	0.000000	0.000000	0.000000	0.000000	0.000000
W744	2776.956629	1.670720	-1.000000	-1.000000	-1.000000	-1.000000	0.000000	0.000000	0.000000	0.000000	0.000000	0.000000
W745	2751.033871	1.800550	-1.000000	-1.000000	-1.000000	-1.000000	0.000000	0.000000	0.000000	0.000000	0.000000	0.000000
W746	3119.587794	1.754821	-1.000000	-1.000000	-1.000000	-1.000000	0.000000	0.000000	0.000000	0.000000	0.000000	0.000000
W747	3167.508059	1.841774	-1.000000	-1.000000	-1.000000	-1.000000	0.000000	0.000000	0.000000	0.000000	0.000000	0.000000
W748	3168.805297	2.087401	-1.000000	-1.000000	-1.000000	-1.000000	0.000000	0.000000	0.000000	0.000000	0.000000	0.000000
W749	3069.070283	1.726913	-1.000000	-1.000000	-1.000000	-1.000000	0.000000	0.000000	0.000000	0.000000	0.000000	0.000000
W750	2806.637199	1.517508	-1.000000	-1.000000	-1.000000	-1.000000	0.000000	0.000000	0.000000	0.000000	0.000000	0.000000
W751	2762.683543	1.731445	-1.000000	-1.000000	-1.000000	-1.000000	0.000000	0.000000	0.000000	0.000000	0.000000	0.000000
W752	2443.138409	1.670573	-1.000000	-1.000000	-1.000000	-1.000000	0.000000	0.000000	0.000000	0.000000	0.000000	0.000000
W753	2270.663508	1.490120	-1.000000	-1.000000	-1.000000	-1.000000	0.000000	0.000000	0.000000	0.000000	0.000000	0.000000
W754	1916.300669	1.253267	-1.000000	-1.000000	-1.000000	-1.000000	0.000000	0.000000	0.000000	0.000000	0.000000	0.000000
W755	2145.435099	1.565109	-1.000000	-1.000000	-1.000000	-1.000000	0.000000	0.000000	0.000000	0.000000	0.000000	0.000000
W756	3637.404423	2.010608	-1.000000	-1.000000	-1.000000	-1.000000	0.000000	0.000000	0.000000	0.000000	0.000000	0.000000
W757	2237.882136	1.393022	-1.000000	-1.000000	-1.000000	-1.000000	0.000000	0.000000	0.000000	0.000000	0.000000	0.000000
W758	2324.546056	1.551167	-1.000000	-1.000000	-1.000000	-1.000000	0.000000	0.000000	0.000000	0.000000	0.000000	0.000000
W759	2106.614382	1.383251	-1.000000	-1.000000	-1.000000	-1.000000	0.000000	0.000000	0.000000	0.000000	0.000000	0.000000
W760	1671.600655	1.285830	-1.000000	-1.000000	-1.000000	-1.000000	0.000000	0.000000	0.000000	0.000000	0.000000	0.000000
W761	1243.426641	0.858034	-1.000000	-1.000000	-1.000000	-1.000000	0.000000	0.000000	0.000000	0.000000	0.000000	0.000000
W762	2802.937270	1.898115	-1.000000	-1.000000	-1.000000	-1.000000	0.000000	0.000000	0.000000	0.000000	0.000000	0.000000
W763	2011.876692	1.336239	-1.000000	-1.000000	-1.000000	-1.000000	0.000000	0.000000	0.000000	0.000000	0.000000	0.000000
W764	2066.688375	1.305930	-1.000000	-1.000000	-1.000000	-1.000000	0.000000	0.000000	0.000000	0.000000	0.000000	0.000000
W765	2068.568496	1.256042	-1.000000	-1.000000	-1.000000	-1.000000	0.000000	0.000000	0.000000	0.000000	0.000000	0.000000
W766	4183.061292	2.382407	-1.000000	-1.000000	-1.000000	-1.000000	0.000000	0.000000	0.000000	0.000000	0.000000	0.000000
W767	2609.561390	1.474050	-1.000000	-1.000000	-1.000000	-1.000000	0.000000	0.000000	0.000000	0.000000	0.000000	0.000000
W768	2962.945618	1.731992	-1.000000	-1.000000	-1.000000	-1.000000	0.000000	0.000000	0.000000	0.000000	0.000000	0.000000
W769	2801.137122	1.589303	-1.000000	-1.000000	-1.000000	-1.000000	0.000000	0.000000	0.000000	0.000000	0.000000	0.000000
W770	1620.972628	1.294419	-1.000000	-1.000000	-1.000000	-1.000000	0.000000	0.000000	0.000000	0.000000	0.000000	0.000000
W771	1978.825496	1.206553	-1.000000	-1.000000	-1.000000	-1.000000	0.000000	0.000000	0.000000	0.000000	0.000000	0.000000
W772	2734.331965	1.708439	-1.000000	-1.000000	-1.000000	-1.000000	0.000000	0.000000	0.000000	0.000000	0.000000	0.000000
W773	2394.706932	1.511769	-1.000000	-1.000000	-1.000000	-1.000000	0.000000	0.000000	0.000000	0.000000	0.000000	0.000000
W774	4037.198068	2.152717	-1.000000	-1.000000	-1.000000	-1.000000	0.000000	0.000000	0.000000	0.000000	0.000000	0.000000
W775	3794.863199	2.065163	-1.000000	-1.000000	-1.000000	-1.000000	0.000000	0.000000	0.000000	0.000000	0.000000	0.000000
W776	3429.383224	1.857306	-1.000000	-1.000000	-1.000000	-1.000000	0.000000	0.000000	0.000000	0.000000	0.000000	0.000000
W777	3538.794952	2.219281	-1.000000	-1.000000	-1.000000	-1.000000	0.000000	0.000000	0.000000	0.000000	0.000000	0.000000
W778	3911.685182	2.045917	-1.000000	-1.000000	-1.000000	-1.000000	0.000000	0.000000	0.000000	0.000000	0.000000	0.000000
W779	3214.589933	1.961999	-1.000000	-1.000000	-1.000000	-1.000000	0.000000	0.000000	0.000000	0.000000	0.000000	0.000000
W780	3445.774406	1.955721	-1.000000	-1.000000	-1.000000	-1.000000	0.000000	0.000000	0.000000	0.000000	0.000000	0.000000
W781	3045.746532	1.904878	-1.000000	-1.000000	-1.000000	-1.000000	0.000000	0.000000	0.000000	0.000000	0.000000	0.000000
W782	4674.676860	2.720439	-1.000000	-1.000000	-1.000000	-1.000000	0.000000	0.000000	0.000000	0.000000	0.000000	0.000000
W783	3692.693124	2.058730	-1.000000	-1.000000	-1.000000	-1.000000	0.000000	0.000000	0.000000	0.000000	0.000000	0.000000
W784	1881.009585	1.558474	-1.000000	-1.000000	-1.000000	-1.000000	0.000000	0.000000	0.000000	0.000000	0.000000	0.000000
W785	3812.307256	2.093614	-1.000000	-1.000000	-1.000000	-1.000000	0.000000	0.000000	0.000000	0.000000	0.000000	0.000000
W786	4176.262341	2.727683	-1.000000	-1.000000	-1.000000	-1.000000	0.000000	0.000000	0.000000	0.000000	0.000000	0.000000
W787	3545.085166	2.084466	-1.000000	-1.000000	-1.000000	-1.000000	0.000000	0.000000	0.000000	0.000000	0.000000	0.000000
W788	4216.943143	2.284188	-1.000000	-1.000000	-1.000000	-1.000000	0.000000	0.000000	0.000000	0.000000	0.000000	0.000000
W789	4390.007629	2.336655	-1.000000	-1.000000	-1.000000	-1.000000	0.000000	0.000000	0.000000	0.000000	0.000000	0.000000
W790	3303.860234	1.867347	-1.000000	-1.000000	-1.000000	-1.000000	0.000000	0.000000	0.000000	0.000000	0.000000	0.000000
W791	3006.103093	1.991744	-1.000000	-1.000000	-1.000000	-1.000000	0.000000	0.000000	0.000000	0.000000	0.000000	0.000000
W792	2169.714342	1.342372	-1.000000	-1.000000	-1.000000	-1.000000	0.000000	0.000000	0.000000	0.000000	0.000000	0.000000
W793	2281.802677	1.575164	-1.000000	-1.000000	-1.000000	-1.000000	0.000000	0.000000	0.000000	0.000000	0.000000	0.000000
W794	3507.451477	2.117928	-1.000000	-1.000000	-1.000000	-1.000000	0.000000	0.000000	0.000000	0.000000	0.000000	0.000000
W795	3752.970501	2.098254	-1.000000	-1.000000	-1.000000	-1.000000	0.000000	0.000000	0.000000	0.000000	0.000000	0.000000
W796	4226.708935	2.513302	-1.000000	-1.000000	-1.000000	-1.000000	0.000000	0.000000	0.000000	0.000000	0.000000	0.000000
W797	2353.821698	1.647010	-1.000000	-1.000000	-1.000000	-1.000000	0.000000	0.000000	0.000000	0.000000	0.000000	0.000000
W798	1979.174376	1.179355	-1.000000	-1.000000	-1.000000	-1.000000	0.000000	0.000000	0.000000	0.000000	0.000000	0.000000
W799	1965.725405	1.366878	-1.000000	-1.000000	-1.000000	-1.000000	0.000000	0.000000	0.000000	0.000000	0.000000	0.000000
W800	1486.015120	0.903918	-1.000000	-1.000000	-1.000000	-1.000000	0.000000	0.000000	0.000000	0.000000	0.000000	0.000000
W801	1947.569937	1.364091	-1.000000	-1.000000	-1.000000	-1.000000	0.000000	0.000000	0.000000	0.000000	0.000000	0.000000
W802	1532.772216	1.122819	-1.000000	-1.000000	-1.000000	-1.000000	0.000000	0.000000	0.000000	0.000000	0.000000	0.000000
W803	2363.152226	1.471039	-1.000000	-1.000000	-1.000000	-1.000000	0.000000	0.000000	0.000000	0.000000	0.000000	0.000000
W804	2505.036104	1.623246	-1.000000	-1.000000	-1.000000	-1.000000	0.000000	0.000000	0.000000	0.000000	0.000000	0.000000
W805	2447.024142	1.444221	-1.000000	-1.000000	-1.000000	-1.000000	0.000000	0.000000	0.000000	0.000000	0.000000	0.000000
W806	3173.663063	1.842478	-1.000000	-1.000000	-1.000000	-1.000000	0.000000	0.000000	0.000000	0.000000	0.000000	0.000000
W807	2072.312647	1.250962	-1.000000	-1.000000	-1.000000	-1.000000	0.000000	0.000000	0.000000	0.000000	0.000000	0.000000
W808	1669.126483	0.976717	-1.000000	-1.000000	-1.000000	-1.000000	0.000000	0.000000	0.000000	0.000000	0.000000	0.000000
W809	2615.977996	1.798201	-1.000000	-1.000000	-1.000000	-1.000000	0.000000	0.000000	0.000000	0.000000	0.000000	0.000000
W810	3184.767387	1.908842	-1.000000	-1.000000	-1.000000	-1.000000	0.000000	0.000000	0.000000	0.000000	0.000000	0.000000
W811	2725.717420	1.686215	-1.000000	-1.000000	-1.000000	-1.000000	0.000000	0.000000	0.000000	0.000000	0.000000	0.000000
W812	3840.614515	2.318559	-1.000000	-1.000000	-1.000000	-1.000000	0.000000	0.000000	0.000000	0.000000	0.000000	0.000000
W813	4261.200346	3.004758	-1.000000	-1.000000	-1.000000	-1.000000	0.000000	0.000000	0.000000	0.000000	0.000000	0.000000
W814	3124.830479	1.752607	-1.000000	-1.000000	-1.000000	-1.000000	0.000000	0.000000	0.000000	0.000000	0.000000	0.000000
W815	3392.775104	1.697415	-1.000000	-1.000000	-1.000000	-1.000000	0.000000	0.000000	0.000000	0.000000	0.000000	0.000000
W816	3102.274240	1.823731	-1.000000	-1.000000	-1.000000	-1.000000	0.000000	0.000000	0.000000	0.000000	0.000000	0.000000
W817	3730.737426	2.277647	-1.000000	-1.000000	-1.000000	-1.000000	0.000000	0.000000	0.000000	0.000000	0.000000	0.000000
W818	2289.047859	1.642559	-1.000000	-1.000000	-1.000000	-1.000000	0.000000	0.000000	0.000000	0.000000	0.000000	0.000000
W819	4235.912889	2.603432	-1.000000	-1.000000	-1.000000	-1.000000	0.000000	0.000000	0.000000	0.000000	0.000000	0.000000
W820	4175.484782	2.533717	-1.000000	-1.000000	-1.000000	-1.000000	0.000000	0.000000	0.000000	0.000000	0.000000	0.000000
W821	3647.737517	1.974564	-1.000000	-1.000000	-1.000000	-1.000000	0.000000	0.000000	0.000000	0.000000	0.000000	0.000000
W822	3629.775390	2.047837	-1.000000	-1.000000	-1.000000	-1.000000	0.000000	0.000000	0.000000	0.000000	0.000000	0.000000
W823	1983.957189	1.445368	-1.000000	-1.000000	-1.000000	-1.000000	0.000000	0.000000	0.000000	0.000000	0.000000	0.000000
W824	2532.295788	1.631401	-1.000000	-1.000000	-1.000000	-1.000000	0.000000	0.000000	0.000000	0.000000	0.000000	0.000000
W825	2921.531044	1.902049	-1.000000	-1.000000	-1.000000	-1.000000	0.000000	0.000000	0.000000	0.000000	0.000000	0.000000
W826	2335.108808	1.579984	-1.000000	-1.000000	-1.000000	-1.000000	0.000000	0.000000	0.000000	0.000000	0.000000	0.000000
W827	2188.670586	1.482577	-1.000000	-1.000000	-1.000000	-1.000000	0.000000	0.000000	0.000000	0.000000	0.000000	0.000000
W828	3122.728834	2.126219	-1.000000	-1.000000	-1.000000	-1.000000	0.000000	0.000000	0.000000	0.000000	0.000000	0.000000
W829	3086.288475	1.914552	-1.000000	-1.000000	-1.000000	-1.000000	0.000000	0.000000	0.000000	0.000000	0.000000	0.000000
W830	2723.036865	1.721664	-1.000000	-1.000000	-1.000000	-1.000000	0.000000	0.000000	0.000000	0.000000	0.000000	0.000000
W831	2167.852618	1.565654	-1.000000	-1.000000	-1.000000	-1.000000	0.000000	0.000000	0.000000	0.000000	0.000000	0.000000
W832	2468.557977	1.400617	-1.000000	-1.000000	-1.000000	-1.000000	0.000000	0.000000	0.000000	0.000000	0.000000	0.000000
W833	3226.496045	1.651695	-1.000000	-1.000000	-1.000000	-1.000000	0.000000	0.000000	0.000000	0.000000	0.000000	0.000000
W834	1890.535686	1.359157	-1.000000	-1.000000	-1.000000	-1.000000	0.000000	0.000000	0.000000	0.000000	0.000000	0.000000
W835	-1.000000	-1.000000	-1.000000	-1.000000	-1.000000	-1.000000	0.000000	0.000000	0.000000	0.000000	0.000000	0.000000
W836	2166.064421	1.314633	-1.000000	-1.000000	-1.000000	-1.000000	0.000000	0.000000	0.000000	0.000000	0.000000	0.000000
W837	3001.571171	1.793608	-1.000000	-1.000000	-1.000000	-1.000000	0.000000	0.000000	0.000000	0.000000	0.000000	0.000000
W838	3595.986889	2.088866	-1.000000	-1.000000	-1.000000	-1.000000	0.000000	0.000000	0.000000	0.000000	0.000000	0.000000
W839	3254.063304	1.788670	-1.000000	-1.000000	-1.000000	-1.000000	0.000000	0.000000	0.000000	0.000000	0.000000	0.000000
W840	2057.285540	1.473611	-1.000000	-1.000000	-1.000000	-1.000000	0.000000	0.000000	0.000000	0.000000	0.000000	0.000000
W841	1982.069061	1.390465	-1.000000	-1.000000	-1.000000	-1.000000	0.000000	0.000000	0.000000	0.000000	0.000000	0.000000
W842	4298.551756	2.607587	-1.000000	-1.000000	-1.000000	-1.000000	0.000000	0.000000	0.000000	0.000000	0.000000	0.000000
W843	4249.302798	2.672679	-1.000000	-1.000000	-1.000000	-1.000000	0.000000	0.000000	0.000000	0.000000	0.000000	0.000000
W844	4547.730563	2.423360	-1.000000	-1.000000	-1.000000	-1.000000	0.000000	0.000000	0.000000	0.000000	0.000000	0.000000
W845	3397.781054	2.092513	-1.000000	-1.000000	-1.000000	-1.000000	0.000000	0.000000	0.000000	0.000000	0.000000	0.000000
W846	3714.574545	2.245320	-1.000000	-1.000000	-1.000000	-1.000000	0.000000	0.000000	0.000000	0.000000	0.000000	0.000000
W847	3323.926616	2.042700	-1.000000	-1.000000	-1.000000	-1.000000	0.000000	0.000000	0.000000	0.000000	0.000000	0.000000
W848	2653.058177	1.613683	-1.000000	-1.000000	-1.000000	-1.000000	0.000000	0.000000	0.000000	0.000000	0.000000	0.000000
W849	3255.817507	1.893637	-1.000000	-1.000000	-1.000000	-1.000000	0.000000	0.000000	0.000000	0.000000	0.000000	0.000000
W850	3072.957587	1.980000	-1.000000	-1.000000	-1.000000	-1.000000	0.000000	0.000000	0.000000	0.000000	0.000000	0.000000
W851	3464.201591	2.231081	-1.000000	-1.000000	-1.000000	-1.000000	0.000000	0.000000	0.000000	0.000000	0.000000	0.000000
W852	3778.520275	2.520304	-1.000000	-1.000000	-1.000000	-1.000000	0.000000	0.000000	0.000000	0.000000	0.000000	0.000000
W853	2003.417909	1.490536	-1.000000	-1.000000	-1.000000	-1.000000	0.000000	0.000000	0.000000	0.000000	0.000000	0.000000
W854	4491.855033	2.423820	-1.000000	-1.000000	-1.000000	-1.000000	0.000000	0.000000	0.000000	0.000000	0.000000	0.000000
W855	2517.408254	1.584171	-1.000000	-1.000000	-1.000000	-1.000000	0.000000	0.000000	0.000000	0.000000	0.000000	0.000000
W856	3411.249695	2.086724	-1.000000	-1.000000	-1.000000	-1.000000	0.000000	0.000000	0.000000	0.000000	0.000000	0.000000
W857	3669.513979	2.730592	-1.000000	-1.000000	-1.000000	-1.000000	0.000000	0.000000	0.000000	0.000000	0.000000	0.000000
W858	3749.762689	2.340266	-1.000000	-1.000000	-1.000000	-1.000000	0.000000	0.000000	0.000000	0.000000	0.000000	0.000000
W859	3198.149673	2.021483	-1.000000	-1.000000	-1.000000	-1.000000	0.000000	0.000000	0.000000	0.000000	0.000000	0.000000
W860	3262.374880	1.985774	-1.000000	-1.000000	-1.000000	-1.000000	0.000000	0.000000	0.000000	0.000000	0.000000	0.000000
W861	2977.535734	2.080904	-1.000000	-1.000000	-1.000000	-1.000000	0.000000	0.000000	0.000000	0.000000	0.000000	0.000000
W862	2493.985419	1.637704	-1.000000	-1.000000	-1.000000	-1.000000	0.000000	0.000000	0.000000	0.000000	0.000000	0.000000
W863	2406.960045	1.565859	-1.000000	-1.000000	-1.000000	-1.000000	0.000000	0.000000	0.000000	0.000000	0.000000	0.000000
W864	4189.470116	2.360451	-1.000000	-1.000000	-1.000000	-1.000000	0.000000	0.000000	0.000000	0.000000	0.000000	0.000000
W865	3201.149904	2.429058	-1.000000	-1.000000	-1.000000	-1.000000	0.000000	0.000000	0.000000	0.000000	0.000000	0.000000
W866	2774.184507	1.587940	-1.000000	-1.000000	-1.000000	-1.000000	0.000000	0.000000	0.000000	0.000000	0.000000	0.000000
W867	1968.572674	1.404179	-1.000000	-1.000000	-1.000000	-1.000000	0.000000	0.000000	0.000000	0.000000	0.000000	0.000000
W868	2377.894362	1.642739	-1.000000	-1.000000	-1.000000	-1.000000	0.000000	0.000000	0.000000	0.000000	0.000000	0.000000
W869	2807.745243	1.749342	-1.000000	-1.000000	-1.000000	-1.000000	0.000000	0.000000	0.000000	0.000000	0.000000	0.000000
W870	3447.707807	2.026829	-1.000000	-1.000000	-1.000000	-1.000000	0.000000	0.000000	0.000000	0.000000	0.000000	0.000000
W871	1657.411027	1.315757	-1.000000	-1.000000	-1.000000	-1.000000	0.000000	0.000000	0.000000	0.000000	0.000000	0.000000
W872	2474.700692	1.689911	-1.000000	-1.000000	-1.000000	-1.000000	0.000000	0.000000	0.000000	0.000000	0.000000	0.000000
W873	3544.366839	2.030984	-1.000000	-1.000000	-1.000000	-1.000000	0.000000	0.000000	0.000000	0.000000	0.000000	0.000000
W874	3689.184665	1.988231	-1.000000	-1.000000	-1.000000	-1.000000	0.000000	0.000000	0.000000	0.000000	0.000000	0.000000
W875	3132.107348	1.734447	-1.000000	-1.000000	-1.000000	-1.000000	0.000000	0.000000	0.000000	0.000000	0.000000	0.000000
W876	4109.344770	1.963230	-1.000000	-1.000000	-1.000000	-1.000000	0.000000	0.000000	0.000000	0.000000	0.000000	0.000000
W877	3673.594740	2.409429	-1.000000	-1.000000	-1.000000	-1.000000	0.000000	0.000000	0.000000	0.000000	0.000000	0.000000
W878	2152.228852	1.589282	-1.000000	-1.000000	-1.000000	-1.000000	0.000000	0.000000	0.000000	0.000000	0.000000	0.000000
W879	4937.901907	2.731810	-1.000000	-1.000000	-1.000000	-1.000000	0.000000	0.000000	0.000000	0.000000	0.000000	0.000000
W880	2816.152614	1.949508	-1.000000	-1.000000	-1.000000	-1.000000	0.000000	0.000000	0.000000	0.000000	0.000000	0.000000
W881	4056.408571	2.331928	-1.000000	-1.000000	-1.000000	-1.000000	0.000000	0.000000	0.000000	0.000000	0.000000	0.000000
W882	4273.603947	2.406652	-1.000000	-1.000000	-1.000000	-1.000000	0.000000	0.000000	0.000000	0.000000	0.000000	0.000000
W883	2929.314143	1.734231	-1.000000	-1.000000	-1.000000	-1.000000	0.000000	0.000000	0.000000	0.000000	0.000000	0.000000
W884	3060.588877	2.055266	-1.000000	-1.000000	-1.000000	-1.000000	0.000000	0.000000	0.000000	0.000000	0.000000	0.000000
W885	3074.706470	2.341648	-1.000000	-1.000000	-1.000000	-1.000000	0.000000	0.000000	0.000000	0.000000	0.000000	0.000000
W886	3076.920091	1.836951	-1.000000	-1.000000	-1.000000	-1.000000	0.000000	0.000000	0.000000	0.000000	0.000000	0.000000
W887	3261.011462	1.926997	-1.000000	-1.000000	-1.000000	-1.000000	0.000000	0.000000	0.000000	0.000000	0.000000	0.000000
W888	3129.095977	1.837682	-1.000000	-1.000000	-1.000000	-1.000000	0.000000	0.000000	0.000000	0.000000	0.000000	0.000000
W889	2943.168947	1.782191	-1.000000	-1.000000	-1.000000	-1.000000	0.000000	0.000000	0.000000	0.000000	0.000000	0.000000
W890	3750.491980	2.492627	-1.000000	-1.000000	-1.000000	-1.000000	0.000000	0.000000	0.000000	0.000000	0.000000	0.000000
W891	2849.935062	1.699373	-1.000000	-1.000000	-1.000000	-1.000000	0.000000	0.000000	0.000000	0.000000	0.000000	0.000000
W892	2283.869765	1.567819	-1.000000	-1.000000	-1.000000	-1.000000	0.000000	0.000000	0.000000	0.000000	0.000000	0.000000
W893	3181.052928	1.858256	-1.000000	-1.000000	-1.000000	-1.000000	0.000000	0.000000	0.000000	0.000000	0.000000	0.000000
W894	2158.023057	1.393081	-1.000000	-1.000000	-1.000000	-1.000000	0.000000	0.000000	0.000000	0.000000	0.000000	0.000000
W895	3990.583226	2.146727	-1.000000	-1.000000	-1.000000	-1.000000	0.000000	0.000000	0.000000	0.000000	0.000000	0.000000
W896	3783.853808	2.233696	-1.000000	-1.000000	-1.000000	-1.000000	0.000000	0.000000	0.000000	0.000000	0.000000	0.000000
W897	3557.350295	2.026524	-1.000000	-1.000000	-1.000000	-1.000000	0.000000	0.000000	0.000000	0.000000	0.000000	0.000000
W898	2136.437686	1.262298	-1.000000	-1.000000	-1.000000	-1.000000	0.000000	0.000000	0.000000	0.000000	0.000000	0.000000
W899	3008.107708	2.150878	-1.000000	-1.000000	-1.000000	-1.000000	0.000000	0.000000	0.000000	0.000000	0.000000	0.000000
W900	3275.949868	2.620304	-1.000000	-1.000000	-1.000000	-1.000000	0.000000	0.000000	0.000000	0.000000	0.000000	0.000000
W901	2727.670544	1.873289	-1.000000	-1.000000	-1.000000	-1.000000	0.000000	0.000000	0.000000	0.000000	0.000000	0.000000
W902	4561.749363	2.984742	-1.000000	-1.000000	-1.000000	-1.000000	0.000000	0.000000	0.000000	0.000000	0.000000	0.000000
W903	3572.670567	2.004403	-1.000000	-1.000000	-1.000000	-1.000000	0.000000	0.000000	0.000000	0.000000	0.000000	0.000000
W904	2127.613850	1.299198	-1.000000	-1.000000	-1.000000	-1.000000	0.000000	0.000000	0.000000	0.000000	0.000000	0.000000
W905	1988.058237	1.372715	-1.000000	-1.000000	-1.000000	-1.000000	0.000000	0.000000	0.000000	0.000000	0.000000	0.000000
W906	2019.410649	1.651410	-1.000000	-1.000000	-1.000000	-1.000000	0.000000	0.000000	0.000000	0.000000	0.000000	0.000000
W907	3747.050175	2.147832	-1.000000	-1.000000	-1.000000	-1.000000	0.000000	0.000000	0.000000	0.000000	0.000000	0.000000
W908	2781.048627	2.071119	-1.000000	-1.000000	-1.000000	-1.000000	0.000000	0.000000	0.000000	0.000000	0.000000	0.000000
W909	3007.497699	2.092018	-1.000000	-1.000000	-1.000000	-1.000000	0.000000	0.000000	0.000000	0.000000	0.000000	0.000000
W910	2520.511022	1.783343	-1.000000	-1.000000	-1.000000	-1.000000	0.000000	0.000000	0.000000	0.000000	0.000000	0.000000
W911	3429.680398	2.353392	-1.000000	-1.000000	-1.000000	-1.000000	0.000000	0.000000	0.000000	0.000000	0.000000	0.000000
W912	2729.241003	1.839228	-1.000000	-1.000000	-1.000000	-1.000000	0.000000	0.000000	0.000000	0.000000	0.000000	0.000000
W913	2031.551003	1.570769	-1.000000	-1.000000	-1.000000	-1.000000	0.000000	0.000000	0.000000	0.000000	0.000000	0.000000
W914	4668.401966	2.590283	-1.000000	-1.000000	-1.000000	-1.000000	0.000000	0.000000	0.000000	0.000000	0.000000	0.000000
W915	3842.667287	2.160901	-1.000000	-1.000000	-1.000000	-1.000000	0.000000	0.000000	0.000000	0.000000	0.000000	0.000000
W916	2807.551133	1.690833	-1.000000	-1.000000	-1.000000	-1.000000	0.000000	0.000000	0.000000	0.000000	0.000000	0.000000
W917	3780.100724	2.447238	-1.000000	-1.000000	-1.000000	-1.000000	0.000000	0.000000	0.000000	0.000000	0.000000	0.000000
W918	4938.937919	3.128126	-1.000000	-1.000000	-1.000000	-1.000000	0.000000	0.000000	0.000000	0.000000	0.000000	0.000000
W919	4290.903085	2.515194	-1.000000	-1.000000	-1.000000	-1.000000	0.000000	0.000000	0.000000	0.000000	0.000000	0.000000
W920	2448.557214	1.581852	-1.000000	-1.000000	-1.000000	-1.000000	0.000000	0.000000	0.000000	0.000000	0.000000	0.000000
W921	2510.769523	1.726629	-1.000000	-1.000000	-1.000000	-1.000000	0.000000	0.000000	0.000000	0.000000	0.000000	0.000000
W922	3144.910385	2.111473	-1.000000	-1.000000	-1.000000	-1.000000	0.000000	0.000000	0.000000	0.000000	0.000000	0.000000
W923	3164.106587	1.956664	-1.000000	-1.000000	-1.000000	-1.000000	0.000000	0.000000	0.000000	0.000000	0.000000	0.000000
W924	3061.899936	1.850518	-1.000000	-1.000000	-1.000000	-1.000000	0.000000	0.000000	0.000000	0.000000	0.000000	0.000000
W925	1566.202360	1.320486	-1.000000	-1.000000	-1.000000	-1.000000	0.000000	0.000000	0.000000	0.000000	0.000000	0.000000
W926	3986.297671	2.247961	-1.000000	-1.000000	-1.000000	-1.000000	0.000000	0.000000	0.000000	0.000000	0.000000	0.000000
W927	3675.250747	2.801433	-1.000000	-1.000000	-1.000000	-1.000000	0.000000	0.000000	0.000000	0.000000	0.000000	0.000000
W928	2735.462498	1.677770	-1.000000	-1.000000	-1.000000	-1.000000	0.000000	0.000000	0.000000	0.000000	0.000000	0.000000
W929	3420.290311	2.242555	-1.000000	-1.000000	-1.000000	-1.000000	0.000000	0.000000	0.000000	0.000000	0.000000	0.000000
W930	1999.437469	1.510999	-1.000000	-1.000000	-1.000000	-1.000000	0.000000	0.000000	0.000000	0.000000	0.000000	0.000000
W931	3156.962894	1.770425	-1.000000	-1.000000	-1.000000	-1.000000	0.000000	0.000000	0.000000	0.000000	0.000000	0.000000
W932	1779.330015	1.248596	-1.000000	-1.000000	-1.000000	-1.000000	0.000000	0.000000	0.000000	0.000000	0.000000	0.000000
W933	3322.963247	2.009590	-1.000000	-1.000000	-1.000000	-1.000000	0.000000	0.000000	0.000000	0.000000	0.000000	0.000000
W934	3208.040741	2.042630	-1.000000	-1.000000	-1.000000	-1.000000	0.000000	0.000000	0.000000	0.000000	0.000000	0.000000
W935	1752.716305	1.316346	-1.000000	-1.000000	-1.000000	-1.000000	0.000000	0.000000	0.000000	0.000000	0.000000	0.000000
W936	2680.714307	1.605838	-1.000000	-1.000000	-1.000000	-1.000000	0.000000	0.000000	0.000000	0.000000	0.000000	0.000000
W937	3696.054700	2.164756	-1.000000	-1.000000	-1.000000	-1.000000	0.000000	0.000000	0.000000	0.000000	0.000000	0.000000
W938	2771.496461	1.862531	-1.000000	-1.000000	-1.000000	-1.000000	0.000000	0.000000	0.000000	0.000000	0.000000	0.000000
W939	2200.580329	1.666203	-1.000000	-1.000000	-1.000000	-1.000000	0.000000	0.000000	0.000000	0.000000	0.000000	0.000000
W940	3566.212391	2.042110	-1.000000	-1.000000	-1.000000	-1.000000	0.000000	0.000000	0.000000	0.000000	0.000000	0.000000
W941	3041.363512	1.907291	-1.000000	-1.000000	-1.000000	-1.000000	0.000000	0.000000	0.000000	0.000000	0.000000	0.000000
W942	1078.394996	1.053897	-1.000000	-1.000000	-1.000000	-1.000000	0.000000	0.000000	0.000000	0.000000	0.000000	0.000000
W943	3075.309095	2.043159	-1.000000	-1.000000	-1.000000	-1.000000	0.000000	0.000000	0.000000	0.000000	0.000000	0.000000
W944	949.380637	0.535277	-1.000000	-1.000000	-1.000000	-1.000000	0.000000	0.000000	0.000000	0.000000	0.000000	0.000000
W945	1310.878421	0.958218	-1.000000	-1.000000	-1.000000	-1.000000	0.000000	0.000000	0.000000	0.000000	0.000000	0.000000
W946	3589.830044	1.870243	-1.000000	-1.000000	-1.000000	-1.000000	0.000000	0.000000	0.000000	0.000000	0.000000	0.000000
W947	4234.205867	2.302188	-1.000000	-1.000000	-1.000000	-1.000000	0.000000	0.000000	0.000000	0.000000	0.000000	0.000000
W948	3994.436548	2.247340	-1.000000	-1.000000	-1.000000	-1.000000	0.000000	0.000000	0.000000	0.000000	0.000000	0.000000
W949	3277.121001	2.313700	-1.000000	-1.000000	-1.000000	-1.000000	0.000000	0.000000	0.000000	0.000000	0.000000	0.000000
W950	3195.607855	2.104423	-1.000000	-1.000000	-1.000000	-1.000000	0.000000	0.000000	0.000000	0.000000	0.000000	0.000000
W951	4188.993102	2.114140	-1.000000	-1.000000	-1.000000	-1.000000	0.000000	0.000000	0.000000	0.000000	0.000000	0.000000
W952	3742.365510	2.089214	-1.000000	-1.000000	-1.000000	-1.000000	0.000000	0.000000	0.000000	0.000000	0.000000	0.000000
W953	3708.035156	2.186842	-1.000000	-1.000000	-1.000000	-1.000000	0.000000	0.000000	0.000000	0.000000	0.000000	0.000000
W954	2585.182231	1.621655	-1.000000	-1.000000	-1.000000	-1.000000	0.000000	0.000000	0.000000	0.000000	0.000000	0.000000
W955	2334.362965	1.658612	-1.000000	-1.000000	-1.000000	-1.000000	0.000000	0.000000	0.000000	0.000000	0.000000	0.000000
W956	2724.814230	1.849894	-1.000000	-1.000000	-1.000000	-1.000000	0.000000	0.000000	0.000000	0.000000	0.000000	0.000000
W957	3548.813449	2.251857	-1.000000	-1.000000	-1.000000	-1.000000	0.000000	0.000000	0.000000	0.000000	0.000000	0.000000
W958	5003.104741	2.605889	-1.000000	-1.000000	-1.000000	-1.000000	0.000000	0.000000	0.000000	0.000000	0.000000	0.000000
W959	2953.637797	1.830903	-1.000000	-1.000000	-1.000000	-1.000000	0.000000	0.000000	0.000000	0.000000	0.000000	0.000000
W960	3172.172098	1.978128	-1.000000	-1.000000	-1.000000	-1.000000	0.000000	0.000000	0.000000	0.000000	0.000000	0.000000
W961	3727.426290	2.274393	-1.000000	-1.000000	-1.000000	-1.000000	0.000000	0.000000	0.000000	0.000000	0.000000	0.000000
W962	2979.340996	1.938328	-1.000000	-1.000000	-1.000000	-1.000000	0.000000	0.000000	0.000000	0.000000	0.000000	0.000000
W963	2817.641123	1.688868	-1.000000	-1.000000	-1.000000	-1.000000	0.000000	0.000000	0.000000	0.000000	0.000000	0.000000
W964	1908.321245	1.255921	-1.000000	-1.000000	-1.000000	-1.000000	0.000000	0.000000	0.000000	0.000000	0.000000	0.000000
W965	3130.121444	1.964798	-1.000000	-1.000000	-1.000000	-1.000000	0.000000	0.000000	0.000000	0.000000	0.000000	0.000000
W966	3502.381311	1.913251	-1.000000	-1.000000	-1.000000	-1.000000	0.000000	0.000000	0.000000	0.000000	0.000000	0.000000
W967	4104.536318	2.155141	-1.000000	-1.000000	-1.000000	-1.000000	0.000000	0.000000	0.000000	0.000000	0.000000	0.000000
W968	1993.944069	1.430396	-1.000000	-1.000000	-1.000000	-1.000000	0.000000	0.000000	0.000000	0.000000	0.000000	0.000000
W969	5069.251232	3.607572	-1.000000	-1.000000	-1.000000	-1.000000	0.000000	0.000000	0.000000	0.000000	0.000000	0.000000
W970	2475.150424	1.574108	-1.000000	-1.000000	-1.000000	-1.000000	0.000000	0.000000	0.000000	0.000000	0.000000	0.000000
W971	2661.008563	1.545432	-1.000000	-1.000000	-1.000000	-1.000000	0.000000	0.000000	0.000000	0.000000	0.000000	0.000000
W972	2799.288008	1.832496	-1.000000	-1.000000	-1.000000	-1.000000	0.000000	0.000000	0.000000	0.000000	0.000000	0.000000
W973	2726.636101	1.855650	-1.000000	-1.000000	-1.000000	-1.000000	0.000000	0.000000	0.000000	0.000000	0.000000	0.000000
W974	1584.298407	1.216184	-1.000000	-1.000000	-1.000000	-1.000000	0.000000	0.000000	0.000000	0.000000	0.000000	0.000000
W975	1827.326804	1.281357	-1.000000	-1.000000	-1.000000	-1.000000	0.000000	0.000000	0.000000	0.000000	0.000000	0.000000
W976	2674.519596	2.017081	-1.000000	-1.000000	-1.000000	-1.000000	0.000000	0.000000	0.000000	0.000000	0.000000	0.000000
W977	3417.142244	1.910336	-1.000000	-1.000000	-1.000000	-1.000000	0.000000	0.000000	0.000000	0.000000	0.000000	0.000000
W978	1743.194646	1.346555	-1.000000	-1.000000	-1.000000	-1.000000	0.000000	0.000000	0.000000	0.000000	0.000000	0.000000
W979	844.441765	0.613769	-1.000000	-1.000000	-1.000000	-1.000000	0.000000	0.000000	0.000000	0.000000	0.000000	0.000000
W980	2113.950464	1.524126	-1.000000	-1.000000	-1.000000	-1.000000	0.000000	0.000000	0.000000	0.000000	0.000000	0.000000
W981	2943.089154	1.855136	-1.000000	-1.000000	-1.000000	-1.000000	0.000000	0.000000	0.000000	0.000000	0.000000	0.000000
W982	3494.528226	2.260324	-1.000000	-1.000000	-1.000000	-1.000000	0.000000	0.000000	0.000000	0.000000	0.000000	0.000000
W983	2727.238797	1.771331	-1.000000	-1.000000	-1.000000	-1.000000	0.000000	0.000000	0.000000	0.000000	0.000000	0.000000
W984	4659.675673	2.811391	-1.000000	-1.000000	-1.000000	-1.000000	0.000000	0.000000	0.000000	0.000000	0.000000	0.000000
W985	3239.247694	2.234103	-1.000000	-1.000000	-1.000000	-1.000000	0.000000	0.000000	0.000000	0.000000	0.000000	0.000000
W986	4321.800758	2.645842	-1.000000	-1.000000	-1.000000	-1.000000	0.000000	0.000000	0.000000	0.000000	0.000000	0.000000
W987	2071.696157	1.363749	-1.000000	-1.000000	-1.000000	-1.000000	0.000000	0.000000	0.000000	0.000000	0.000000	0.000000
W988	1100.442877	0.698550	-1.000000	-1.000000	-1.000000	-1.000000	0.000000	0.000000	0.000000	0.000000	0.000000	0.000000
W989	2578.989057	1.771989	-1.000000	-1.000000	-1.000000	-1.000000	0.000000	0.000000	0.000000	0.000000	0.000000	0.000000
W990	2228.165824	1.512367	-1.000000	-1.000000	-1.000000	-1.000000	0.000000	0.000000	0.000000	0.000000	0.000000	0.000000
W991	2822.132974	1.812229	-1.000000	-1.000000	-1.000000	-1.000000	0.000000	0.000000	0.000000	0.000000	0.000000	0.000000
W992	3246.186203	1.851554	-1.000000	-1.000000	-1.000000	-1.000000	0.000000	0.000000	0.000000	0.000000	0.000000	0.000000
W993	2313.110354	1.532491	-1.000000	-1.000000	-1.000000	-1.000000	0.000000	0.000000	0.000000	0.000000	0.000000	0.000000
W994	2597.267001	1.554140	-1.000000	-1.000000	-1.000000	-1.000000	0.000000	0.000000	0.000000	0.000000	0.000000	0.000000
W995	2664.943020	1.504024	-1.000000	-1.000000	-1.000000	-1.000000	0.000000	0.000000	0.000000	0.000000	0.000000	0.000000
W996	4011.321600	2.197262	-1.000000	-1.000000	-1.000000	-1.000000	0.000000	0.000000	0.000000	0.000000	0.000000	0.000000
W997	2412.420461	1.457402	-1.000000	-1.000000	-1.000000	-1.000000	0.000000	0.000000	0.000000	0.000000	0.000000	0.000000
W998	2913.418951	1.833400	-1.000000	-1.000000	-1.000000	-1.000000	0.000000	0.000000	0.000000	0.000000	0.000000	0.000000
W999	2951.001959	1.728347	-1.000000	-1.000000	-1.000000	-1.000000	0.000000	0.000000	0.000000	0.000000	0.000000	0.000000
W1000	3732.093356	2.248538	-1.000000	-1.000000	-1.000000	-1.000000	0.000000	0.000000	0.000000	0.000000	0.000000	0.000000
W1001	4470.557439	2.457878	-1.000000	-1.000000	-1.000000	-1.000000	0.000000	0.000000	0.000000	0.000000	0.000000	0.000000
W1002	3655.866415	2.184469	-1.000000	-1.000000	-1.000000	-1.000000	0.000000	0.000000	0.000000	0.000000	0.000000	0.000000
W1003	2424.007601	1.663517	-1.000000	-1.000000	-1.000000	-1.000000	0.000000	0.000000	0.000000	0.000000	0.000000	0.000000
W1004	4329.735643	2.484388	-1.000000	-1.000000	-1.000000	-1.000000	0.000000	0.000000	0.000000	0.000000	0.000000	0.000000
W1005	4064.318678	2.091647	-1.000000	-1.000000	-1.000000	-1.000000	0.000000	0.000000	0.000000	0.000000	0.000000	0.000000
W1006	2813.558165	1.780158	-1.000000	-1.000000	-1.000000	-1.000000	0.000000	0.000000	0.000000	0.000000	0.000000	0.000000
W1007	3908.663618	2.551833	-1.000000	-1.000000	-1.000000	-1.000000	0.000000	0.000000	0.000000	0.000000	0.000000	0.000000
W1008	2075.929908	1.426109	-1.000000	-1.000000	-1.000000	-1.000000	0.000000	0.000000	0.000000	0.000000	0.000000	0.000000
W1009	2630.316304	1.844366	-1.000000	-1.000000	-1.000000	-1.000000	0.000000	0.000000	0.000000	0.000000	0.000000	0.000000
W1010	2696.966878	1.686282	-1.000000	-1.000000	-1.000000	-1.000000	0.000000	0.000000	0.000000	0.000000	0.000000	0.000000
W1011	4552.716870	2.984537	-1.000000	-1.000000	-1.000000	-1.000000	0.000000	0.000000	0.000000	0.000000	0.000000	0.000000
W1012	4092.998328	2.159547	-1.000000	-1.000000	-1.000000	-1.000000	0.000000	0.000000	0.000000	0.000000	0.000000	0.000000
W1013	2959.231050	1.859304	-1.000000	-1.000000	-1.000000	-1.000000	0.000000	0.000000	0.000000	0.000000	0.000000	0.000000
W1014	2399.560352	1.575950	-1.000000	-1.000000	-1.000000	-1.000000	0.000000	0.000000	0.000000	0.000000	0.000000	0.000000
W1015	2984.579850	1.813312	-1.000000	-1.000000	-1.000000	-1.000000	0.000000	0.000000	0.000000	0.000000	0.000000	0.000000
W1016	2501.637591	1.483656	-1.000000	-1.000000	-1.000000	-1.000000	0.000000	0.000000	0.000000	0.000000	0.000000	0.000000
W1017	2270.892423	1.376593	-1.000000	-1.000000	-1.000000	-1.000000	0.000000	0.000000	0.000000	0.000000	0.000000	0.000000
W1018	2607.542811	1.629109	-1.000000	-1.000000	-1.000000	-1.000000	0.000000	0.000000	0.000000	0.000000	0.000000	0.000000
W1019	3497.725321	2.188999	-1.000000	-1.000000	-1.000000	-1.000000	0.000000	0.000000	0.000000	0.000000	0.000000	0.000000
W1020	3502.639577	1.970752	-1.000000	-1.000000	-1.000000	-1.000000	0.000000	0.000000	0.000000	0.000000	0.000000	0.000000
W1021	3330.125313	1.789193	-1.000000	-1.000000	-1.000000	-1.000000	0.000000	0.000000	0.000000	0.000000	0.000000	0.000000
W1022	2853.373882	1.721646	-1.000000	-1.000000	-1.000000	-1.000000	0.000000	0.000000	0.000000	0.000000	0.000000	0.000000
W1023	3236.259936	1.827195	-1.000000	-1.000000	-1.000000	-1.000000	0.000000	0.000000	0.000000	0.000000	0.000000	0.000000
W1024	1591.146028	0.895110	-1.000000	-1.000000	-1.000000	-1.000000	0.000000	0.000000	0.000000	0.000000	0.000000	0.000000
W1025	3964.347998	2.212067	-1.000000	-1.000000	-1.000000	-1.000000	0.000000	0.000000	0.000000	0.000000	0.000000	0.000000
W1026	3689.826422	2.247496	-1.000000	-1.000000	-1.000000	-1.000000	0.000000	0.000000	0.000000	0.000000	0.000000	0.000000
W1027	3466.270654	2.065348	-1.000000	-1.000000	-1.000000	-1.000000	0.000000	0.000000	0.000000	0.000000	0.000000	0.000000
W1028	3524.973330	2.137997	-1.000000	-1.000000	-1.000000	-1.000000	0.000000	0.000000	0.000000	0.000000	0.000000	0.000000
W1029	3203.996825	2.014732	-1.000000	-1.000000	-1.000000	-1.000000	0.000000	0.000000	0.000000	0.000000	0.000000	0.000000
W1030	1609.365555	1.270945	-1.000000	-1.000000	-1.000000	-1.000000	0.000000	0.000000	0.000000	0.000000	0.000000	0.000000
W1031	2652.836601	1.465908	-1.000000	-1.000000	-1.000000	-1.000000	0.000000	0.000000	0.000000	0.000000	0.000000	0.000000
W1032	2996.720765	1.837492	-1.000000	-1.000000	-1.000000	-1.000000	0.000000	0.000000	0.000000	0.000000	0.000000	0.000000
W1033	2313.176331	1.558015	-1.000000	-1.000000	-1.000000	-1.000000	0.000000	0.000000	0.000000	0.000000	0.000000	0.000000
W1034	3595.642441	1.933653	-1.000000	-1.000000	-1.000000	-1.000000	0.000000	0.000000	0.000000	0.000000	0.000000	0.000000
W1035	3337.749853	1.641174	-1.000000	-1.000000	-1.000000	-1.000000	0.000000	0.000000	0.000000	0.000000	0.000000	0.000000
W1036	3346.954016	1.959579	-1.000000	-1.000000	-1.000000	-1.000000	0.000000	0.000000	0.000000	0.000000	0.000000	0.000000
W1037	2557.664154	1.825548	-1.000000	-1.000000	-1.000000	-1.000000	0.000000	0.000000	0.000000	0.000000	0.000000	0.000000
W1038	3249.925797	1.988166	-1.000000	-1.000000	-1.000000	-1.000000	0.000000	0.000000	0.000000	0.000000	0.000000	0.000000
W1039	2730.739219	1.626261	-1.000000	-1.000000	-1.000000	-1.000000	0.000000	0.000000	0.000000	0.000000	0.000000	0.000000
W1040	2496.614347	1.667264	-1.000000	-1.000000	-1.000000	-1.000000	0.000000	0.000000	0.000000	0.000000	0.000000	0.000000
W1041	3523.315587	2.146622	-1.000000	-1.000000	-1.000000	-1.000000	0.000000	0.000000	0.000000	0.000000	0.000000	0.000000
W1042	2867.808527	1.772888	-1.000000	-1.000000	-1.000000	-1.000000	0.000000	0.000000	0.000000	0.000000	0.000000	0.000000
W1043	3827.671290	2.229494	-1.000000	-1.000000	-1.000000	-1.000000	0.000000	0.000000	0.000000	0.000000	0.000000	0.000000
W1044	1766.618018	1.380751	-1.000000	-1.000000	-1.000000	-1.000000	0.000000	0.000000	0.000000	0.000000	0.000000	0.000000
W1045	4009.755781	2.371620	-1.000000	-1.000000	-1.000000	-1.000000	0.000000	0.000000	0.000000	0.000000	0.000000	0.000000
W1046	3232.199735	1.760665	-1.000000	-1.000000	-1.000000	-1.000000	0.000000	0.000000	0.000000	0.000000	0.000000	0.000000
W1047	3122.435633	2.228582	-1.000000	-1.000000	-1.000000	-1.000000	0.000000	0.000000	0.000000	0.000000	0.000000	0.000000
W1048	4368.622376	2.346253	-1.000000	-1.000000	-1.000000	-1.000000	0.000000	0.000000	0.000000	0.000000	0.000000	0.000000
W1049	3018.880020	1.884756	-1.000000	-1.000000	-1.000000	-1.000000	0.000000	0.000000	0.000000	0.000000	0.000000	0.000000
W1050	3050.553389	1.864881	-1.000000	-1.000000	-1.000000	-1.000000	0.000000	0.000000	0.000000	0.000000	0.000000	0.000000
W1051	4710.853806	2.526033	-1.000000	-1.000000	-1.000000	-1.000000	0.000000	0.000000	0.000000	0.000000	0.000000	0.000000
W1052	2830.795795	1.730627	-1.000000	-1.000000	-1.000000	-1.000000	0.000000	0.000000	0.000000	0.000000	0.000000	0.000000
W1053	5114.770935	2.858022	-1.000000	-1.000000	-1.000000	-1.000000	0.000000	0.000000	0.000000	0.000000	0.000000	0.000000
W1054	3869.551600	2.345770	-1.000000	-1.000000	-1.000000	-1.000000	0.000000	0.000000	0.000000	0.000000	0.000000	0.000000
W1055	2990.702365	1.912892	-1.000000	-1.000000	-1.000000	-1.000000	0.000000	0.000000	0.000000	0.000000	0.000000	0.000000
W1056	2885.796758	1.730833	-1.000000	-1.000000	-1.000000	-1.000000	0.000000	0.000000	0.000000	0.000000	0.000000	0.000000
W1057	2875.852298	1.691627	-1.000000	-1.000000	-1.000000	-1.000000	0.000000	0.000000	0.000000	0.000000	0.000000	0.000000
W1058	3781.865585	2.132794	-1.000000	-1.000000	-1.000000	-1.000000	0.000000	0.000000	0.000000	0.000000	0.000000	0.000000
W1059	2317.214009	1.488302	-1.000000	-1.000000	-1.000000	-1.000000	0.000000	0.000000	0.000000	0.000000	0.000000	0.000000
W1060	2249.267524	1.589975	-1.000000	-1.000000	-1.000000	-1.000000	0.000000	0.000000	0.000000	0.000000	0.000000	0.000000
W1061	1266.429693	1.158738	-1.000000	-1.000000	-1.000000	-1.000000	0.000000	0.000000	0.000000	0.000000	0.000000	0.000000
W1062	3069.172934	1.748048	-1.000000	-1.000000	-1.000000	-1.000000	0.000000	0.000000	0.000000	0.000000	0.000000	0.000000
W1063	2987.145717	1.978451	-1.000000	-1.000000	-1.000000	-1.000000	0.000000	0.000000	0.000000	0.000000	0.000000	0.000000
W1064	2159.984022	1.550908	-1.000000	-1.000000	-1.000000	-1.000000	0.000000	0.000000	0.000000	0.000000	0.000000	0.000000
W1065	3047.245881	1.732193	-1.000000	-1.000000	-1.000000	-1.000000	0.000000	0.000000	0.000000	0.000000	0.000000	0.000000
W1066	3450.660098	1.942714	-1.000000	-1.000000	-1.000000	-1.000000	0.000000	0.000000	0.000000	0.000000	0.000000	0.000000
W1067	2596.854199	1.665294	-1.000000	-1.000000	-1.000000	-1.000000	0.000000	0.000000	0.000000	0.000000	0.000000	0.000000
W1068	2598.549663	1.694510	-1.000000	-1.000000	-1.000000	-1.000000	0.000000	0.000000	0.000000	0.000000	0.000000	0.000000
W1069	3602.505643	2.005200	-1.000000	-1.000000	-1.000000	-1.000000	0.000000	0.000000	0.000000	0.000000	0.000000	0.000000
W1070	2444.260814	1.567303	-1.000000	-1.000000	-1.000000	-1.000000	0.000000	0.000000	0.000000	0.000000	0.000000	0.000000
W1071	1890.477530	1.382366	-1.000000	-1.000000	-1.000000	-1.000000	0.000000	0.000000	0.000000	0.000000	0.000000	0.000000
W1072	3947.851221	2.509739	-1.000000	-1.000000	-1.000000	-1.000000	0.000000	0.000000	0.000000	0.000000	0.000000	0.000000
W1073	3737.145662	2.152312	-1.000000	-1.000000	-1.000000	-1.000000	0.000000	0.000000	0.000000	0.000000	0.000000	0.000000
W1074	2974.780791	1.663757	-1.000000	-1.000000	-1.000000	-1.000000	0.000000	0.000000	0.000000	0.000000	0.000000	0.000000
W1075	1667.709867	1.208290	-1.000000	-1.000000	-1.000000	-1.000000	0.000000	0.000000	0.000000	0.000000	0.000000	0.000000
W1076	3047.979446	1.741822	-1.000000	-1.000000	-1.000000	-1.000000	0.000000	0.000000	0.000000	0.000000	0.000000	0.000000
W1077	3260.269217	2.108094	-1.000000	-1.000000	-1.000000	-1.000000	0.000000	0.000000	0.000000	0.000000	0.000000	0.000000
W1078	2995.226495	2.017283	-1.000000	-1.000000	-1.000000	-1.000000	0.000000	0.000000	0.000000	0.000000	0.000000	0.000000
W1079	4381.527769	2.459385	-1.000000	-1.000000	-1.000000	-1.000000	0.000000	0.000000	0.000000	0.000000	0.000000	0.000000
W1080	4009.338194	2.215302	-1.000000	-1.000000	-1.000000	-1.000000	0.000000	0.000000	0.000000	0.000000	0.000000	0.000000
W1081	3535.723771	2.028296	-1.000000	-1.000000	-1.000000	-1.000000	0.000000	0.000000	0.000000	0.000000	0.000000	0.000000
W1082	3465.212536	2.290283	-1.000000	-1.000000	-1.000000	-1.000000	0.000000	0.000000	0.000000	0.000000	0.000000	0.000000
W1083	2516.117942	1.775420	-1.000000	-1.000000	-1.000000	-1.000000	0.000000	0.000000	0.000000	0.000000	0.000000	0.000000
W1084	3921.234905	2.176067	-1.000000	-1.000000	-1.000000	-1.000000	0.000000	0.000000	0.000000	0.000000	0.000000	0.000000
W1085	3030.535422	1.996002	-1.000000	-1.000000	-1.000000	-1.000000	0.000000	0.000000	0.000000	0.000000	0.000000	0.000000
W1086	3914.828617	2.347329	-1.000000	-1.000000	-1.000000	-1.000000	0.000000	0.000000	0.000000	0.000000	0.000000	0.000000
W1087	3699.600064	2.107439	-1.000000	-1.000000	-1.000000	-1.000000	0.000000	0.000000	0.000000	0.000000	0.000000	0.000000
W1088	5282.326418	2.960610	-1.000000	-1.000000	-1.000000	-1.000000	0.000000	0.000000	0.000000	0.000000	0.000000	0.000000
W1089	2946.875284	1.682790	-1.000000	-1.000000	-1.000000	-1.000000	0.000000	0.000000	0.000000	0.000000	0.000000	0.000000
W1090	3830.660197	2.054975	-1.000000	-1.000000	-1.000000	-1.000000	0.000000	0.000000	0.000000	0.000000	0.000000	0.000000
W1091	2350.461847	1.546531	-1.000000	-1.000000	-1.000000	-1.000000	0.000000	0.000000	0.000000	0.000000	0.000000	0.000000
W1092	2519.057032	1.962389	-1.000000	-1.000000	-1.000000	-1.000000	0.000000	0.000000	0.000000	0.000000	0.000000	0.000000
W1093	1889.381879	1.394239	-1.000000	-1.000000	-1.000000	-1.000000	0.000000	0.000000	0.000000	0.000000	0.000000	0.000000
W1094	2941.861358	1.953867	-1.000000	-1.000000	-1.000000	-1.000000	0.000000	0.000000	0.000000	0.000000	0.000000	0.000000
W1095	2987.476366	1.868025	-1.000000	-1.000000	-1.000000	-1.000000	0.000000	0.000000	0.000000	0.000000	0.000000	0.000000
W1096	2791.054689	1.617663	-1.000000	-1.000000	-1.000000	-1.000000	0.000000	0.000000	0.000000	0.000000	0.000000	0.000000
W1097	2384.725493	1.426857	-1.000000	-1.000000	-1.000000	-1.000000	0.000000	0.000000	0.000000	0.000000	0.000000	0.000000
W1098	1570.161309	1.132562	-1.000000	-1.000000	-1.000000	-1.000000	0.000000	0.000000	0.000000	0.000000	0.000000	0.000000
W1099	2442.228213	1.472978	-1.000000	-1.000000	-1.000000	-1.000000	0.000000	0.000000	0.000000	0.000000	0.000000	0.000000
W1100	2760.140453	1.697652	-1.000000	-1.000000	-1.000000	-1.000000	0.000000	0.000000	0.000000	0.000000	0.000000	0.000000
W1101	3419.287760	2.526729	-1.000000	-1.000000	-1.000000	-1.000000	0.000000	0.000000	0.000000	0.000000	0.000000	0.000000
W1102	3001.474606	1.729644	-1.000000	-1.000000	-1.000000	-1.000000	0.000000	0.000000	0.000000	0.000000	0.000000	0.000000
W1103	2027.575183	1.446031	-1.000000	-1.000000	-1.000000	-1.000000	0.000000	0.000000	0.000000	0.000000	0.000000	0.000000
W1104	2026.063991	1.341606	-1.000000	-1.000000	-1.000000	-1.000000	0.000000	0.000000	0.000000	0.000000	0.000000	0.000000
W1105	2886.909138	1.606593	-1.000000	-1.000000	-1.000000	-1.000000	0.000000	0.000000	0.000000	0.000000	0.000000	0.000000
W1106	2657.957146	1.622835	-1.000000	-1.000000	-1.000000	-1.000000	0.000000	0.000000	0.000000	0.000000	0.000000	0.000000
W1107	3387.544227	1.737274	-1.000000	-1.000000	-1.000000	-1.000000	0.000000	0.000000	0.000000	0.000000	0.000000	0.000000
W1108	1553.426301	1.146641	-1.000000	-1.000000	-1.000000	-1.000000	0.000000	0.000000	0.000000	0.000000	0.000000	0.000000
W1109	1892.264702	1.360914	-1.000000	-1.000000	-1.000000	-1.000000	0.000000	0.000000	0.000000	0.000000	0.000000	0.000000
W1110	2401.135034	1.800411	-1.000000	-1.000000	-1.000000	-1.000000	0.000000	0.000000	0.000000	0.000000	0.000000	0.000000
W1111	3242.822481	1.863667	-1.000000	-1.000000	-1.000000	-1.000000	0.000000	0.000000	0.000000	0.000000	0.000000	0.000000
W1112	1459.411646	1.045382	-1.000000	-1.000000	-1.000000	-1.000000	0.000000	0.000000	0.000000	0.000000	0.000000	0.000000
W1113	4109.904429	2.392758	-1.000000	-1.000000	-1.000000	-1.000000	0.000000	0.000000	0.000000	0.000000	0.000000	0.000000
W1114	2046.979157	1.577073	-1.000000	-1.000000	-1.000000	-1.000000	0.000000	0.000000	0.000000	0.000000	0.000000	0.000000
W1115	2082.250929	1.525302	-1.000000	-1.000000	-1.000000	-1.000000	0.000000	0.000000	0.000000	0.000000	0.000000	0.000000
W1116	4852.856150	2.692349	-1.000000	-1.000000	-1.000000	-1.000000	0.000000	0.000000	0.000000	0.000000	0.000000	0.000000
W1117	4066.231331	2.158878	-1.000000	-1.000000	-1.000000	-1.000000	0.000000	0.000000	0.000000	0.000000	0.000000	0.000000
W1118	3473.699161	1.785505	-1.000000	-1.000000	-1.000000	-1.000000	0.000000	0.000000	0.000000	0.000000	0.000000	0.000000
W1119	3813.641147	2.816277	-1.000000	-1.000000	-1.000000	-1.000000	0.000000	0.000000	0.000000	0.000000	0.000000	0.000000
W1120	4062.922291	2.648972	-1.000000	-1.000000	-1.000000	-1.000000	0.000000	0.000000	0.000000	0.000000	0.000000	0.000000
W1121	2766.895471	1.569004	-1.000000	-1.000000	-1.000000	-1.000000	0.000000	0.000000	0.000000	0.000000	0.000000	0.000000
W1122	2522.038914	1.489573	-1.000000	-1.000000	-1.000000	-1.000000	0.000000	0.000000	0.000000	0.000000	0.000000	0.000000
W1123	3689.429497	1.925732	-1.000000	-1.000000	-1.000000	-1.000000	0.000000	0.000000	0.000000	0.000000	0.000000	0.000000
W1124	1665.661473	1.163241	-1.000000	-1.000000	-1.000000	-1.000000	0.000000	0.000000	0.000000	0.000000	0.000000	0.000000
W1125	1996.712532	1.437457	-1.000000	-1.000000	-1.000000	-1.000000	0.000000	0.000000	0.000000	0.000000	0.000000	0.000000
W1126	3111.288120	1.910690	-1.000000	-1.000000	-1.000000	-1.000000	0.000000	0.000000	0.000000	0.000000	0.000000	0.000000
W1127	3494.267975	2.051881	-1.000000	-1.000000	-1.000000	-1.000000	0.000000	0.000000	0.000000	0.000000	0.000000	0.000000
W1128	3636.887644	2.155829	-1.000000	-1.000000	-1.000000	-1.000000	0.000000	0.000000	0.000000	0.000000	0.000000	0.000000
W1129	3347.544796	1.891495	-1.000000	-1.000000	-1.000000	-1.000000	0.000000	0.000000	0.000000	0.000000	0.000000	0.000000
W1130	2616.247487	1.638803	-1.000000	-1.000000	-1.000000	-1.000000	0.000000	0.000000	0.000000	0.000000	0.000000	0.000000
W1131	2605.359759	1.500702	-1.000000	-1.000000	-1.000000	-1.000000	0.000000	0.000000	0.000000	0.000000	0.000000	0.000000
W1132	1991.432409	1.516708	-1.000000	-1.000000	-1.000000	-1.000000	0.000000	0.000000	0.000000	0.000000	0.000000	0.000000
W1133	2175.515707	1.744414	-1.000000	-1.000000	-1.000000	-1.000000	0.000000	0.000000	0.000000	0.000000	0.000000	0.000000
W1134	2942.064970	1.919302	-1.000000	-1.000000	-1.000000	-1.000000	0.000000	0.000000	0.000000	0.000000	0.000000	0.000000
W1135	1935.326585	1.509351	-1.000000	-1.000000	-1.000000	-1.000000	0.000000	0.000000	0.000000	0.000000	0.000000	0.000000
W1136	2570.958063	2.038378	-1.000000	-1.000000	-1.000000	-1.000000	0.000000	0.000000	0.000000	0.000000	0.000000	0.000000
W1137	2693.210005	1.734104	-1.000000	-1.000000	-1.000000	-1.000000	0.000000	0.000000	0.000000	0.000000	0.000000	0.000000
W1138	3280.124765	2.689924	-1.000000	-1.000000	-1.000000	-1.000000	0.000000	0.000000	0.000000	0.000000	0.000000	0.000000
W1139	1971.734514	1.821908	-1.000000	-1.000000	-1.000000	-1.000000	0.000000	0.000000	0.000000	0.000000	0.000000	0.000000
W1140	2582.769697	1.938806	-1.000000	-1.000000	-1.000000	-1.000000	0.000000	0.000000	0.000000	0.000000	0.000000	0.000000
W1141	3079.798753	1.936460	-1.000000	-1.000000	-1.000000	-1.000000	0.000000	0.000000	0.000000	0.000000	0.000000	0.000000
W1142	2821.589106	1.974052	-1.000000	-1.000000	-1.000000	-1.000000	0.000000	0.000000	0.000000	0.000000	0.000000	0.000000
W1143	3302.673182	2.128312	-1.000000	-1.000000	-1.000000	-1.000000	0.000000	0.000000	0.000000	0.000000	0.000000	0.000000
W1144	2924.314741	2.172248	-1.000000	-1.000000	-1.000000	-1.000000	0.000000	0.000000	0.000000	0.000000	0.000000	0.000000
W1145	3034.065526	2.070738	-1.000000	-1.000000	-1.000000	-1.000000	0.000000	0.000000	0.000000	0.000000	0.000000	0.000000
W1146	3025.053233	2.049794	-1.000000	-1.000000	-1.000000	-1.000000	0.000000	0.000000	0.000000	0.000000	0.000000	0.000000
W1147	2095.489393	1.331375	-1.000000	-1.000000	-1.000000	-1.000000	0.000000	0.000000	0.000000	0.000000	0.000000	0.000000
W1148	2865.630931	1.781386	-1.000000	-1.000000	-1.000000	-1.000000	0.000000	0.000000	0.000000	0.000000	0.000000	0.000000
W1149	2964.447372	1.782154	-1.000000	-1.000000	-1.000000	-1.000000	0.000000	0.000000	0.000000	0.000000	0.000000	0.000000
W1150	1146.873514	0.905985	-1.000000	-1.000000	-1.000000	-1.000000	0.000000	0.000000	0.000000	0.000000	0.000000	0.000000
W1151	2888.509883	1.918630	-1.000000	-1.000000	-1.000000	-1.000000	0.000000	0.000000	0.000000	0.000000	0.000000	0.000000
W1152	4220.789186	2.221687	-1.000000	-1.000000	-1.000000	-1.000000	0.000000	0.000000	0.000000	0.000000	0.000000	0.000000
W1153	3430.082391	2.100928	-1.000000	-1.000000	-1.000000	-1.000000	0.000000	0.000000	0.000000	0.000000	0.000000	0.000000
W1154	4613.643161	2.455035	-1.000000	-1.000000	-1.000000	-1.000000	0.000000	0.000000	0.000000	0.000000	0.000000	0.000000
W1155	3150.015735	2.022059	-1.000000	-1.000000	-1.000000	-1.000000	0.000000	0.000000	0.000000	0.000000	0.000000	0.000000
W1156	3684.782979	2.219653	-1.000000	-1.000000	-1.000000	-1.000000	0.000000	0.000000	0.000000	0.000000	0.000000	0.000000
